! m= 0 ; q= ( 0 0 0  ) 
[ 
energy=  -5.14439 
energy=  -5.04852 
energy=  -4.71102 
energy=  -4.57969 
energy=  -4.47446 
energy=  -4.39979 
energy=   -4.3355 
energy=  -4.23721 
energy=  -4.12321 
energy=  -4.01089 
energy=  -3.88918 
energy=  -3.71649 
energy=  -3.57154 
energy=  -3.40798 
energy=   -3.2313 
energy=  -3.04968 
energy=  -2.85583 
energy=  -2.65869 
energy=  -2.46178 
energy=  -2.25004 
energy=  -2.03454 
energy=  -1.81168 
energy=  -1.59514 
energy=  -1.37271 
energy=  -1.14996 
energy= -0.918419 
energy= -0.696193 
energy= -0.467547 
energy= -0.238457 
energy= -0.0131436 
energy=  0.210581 
energy=  0.437475 
energy=  0.655026 
energy=  0.868264 
energy=   1.08021 
energy=   1.28953 
energy=   1.48518 
energy=   1.67682 
energy=   1.87043 
energy=   2.04583 
energy=   2.22906 
energy=   2.39231 
energy=   2.54756 
energy=   2.68607 
energy=   2.83411 
energy=   2.92957 
energy=   3.06694 
energy=   3.16588 
energy=   3.24587 
energy=   3.31198 
energy=   3.36028 
energy=   3.41672 
energy=   3.57291 
energy=    3.7455 
] 
! m= 0 ; q= ( 0 0 1  ) 
[ 
energy=  -4.92569 
energy=  -4.83992 
energy=  -4.58892 
energy=  -4.53162 
energy=  -4.49736 
energy=  -4.38714 
energy=  -4.27871 
energy=  -4.23024 
energy=  -4.16159 
energy=  -4.07176 
energy=  -3.97443 
energy=  -3.83648 
energy=  -3.71951 
energy=   -3.6036 
energy=  -3.46074 
energy=  -3.31184 
energy=  -3.17222 
energy=  -3.01593 
energy=  -2.84103 
energy=  -2.68422 
energy=  -2.50088 
energy=  -2.32738 
energy=  -2.14045 
energy=  -1.95589 
energy=  -1.76393 
energy=   -1.5832 
energy=   -1.3848 
energy=  -1.19483 
energy= -0.993988 
energy= -0.798228 
energy= -0.597877 
energy= -0.398981 
energy= -0.196652 
energy= 0.000366752 
energy=  0.196788 
energy=  0.392858 
energy=  0.587062 
energy=  0.776804 
energy=   0.96549 
energy=   1.15081 
energy=   1.33219 
energy=   1.50466 
energy=   1.68033 
energy=    1.8415 
energy=    1.9952 
energy=   2.14988 
energy=   2.28439 
energy=   2.41227 
energy=   2.55259 
energy=   2.69139 
energy=   2.76471 
energy=   2.88134 
energy=   3.01375 
energy=   3.07025 
energy=   3.16904 
energy=     3.232 
energy=   3.28603 
energy=   3.37285 
energy=   3.40238 
energy=    3.4463 
energy=   3.48755 
energy=   3.66677 
] 
! m= 0 ; q= ( 0 0 2  ) 
[ 
energy=  -4.98897 
energy=  -4.72729 
energy=  -4.59091 
energy=  -4.56645 
energy=   -4.4896 
energy=  -4.38922 
energy=  -4.25684 
energy=   -4.1988 
energy=  -4.08305 
energy=  -3.98815 
energy=   -3.8412 
energy=  -3.72311 
energy=  -3.58022 
energy=  -3.40487 
energy=  -3.24874 
energy=     -3.07 
energy=   -2.8888 
energy=  -2.70653 
energy=   -2.5192 
energy=  -2.31624 
energy=  -2.10699 
energy=  -1.90556 
energy=  -1.68547 
energy=  -1.47454 
energy=  -1.25461 
energy=  -1.03832 
energy= -0.818347 
energy= -0.598569 
energy= -0.372348 
energy= -0.152606 
energy= 0.0646664 
energy=  0.285826 
energy=  0.500863 
energy=  0.715809 
energy=  0.934472 
energy=   1.13066 
energy=   1.33501 
energy=   1.52775 
energy=   1.74278 
energy=   1.90191 
energy=   2.07038 
energy=   2.24234 
energy=   2.39152 
energy=   2.54895 
energy=   2.70467 
energy=   2.82553 
energy=   2.91837 
energy=   3.03594 
energy=   3.12364 
energy=    3.2421 
energy=   3.28116 
energy=   3.33138 
energy=   3.40536 
energy=   3.48604 
energy=   3.49927 
energy=   3.59703 
] 
! m= 0 ; q= ( 0 0 3  ) 
[ 
energy=  -5.27503 
energy=   -4.8227 
energy=  -4.65406 
energy=  -4.59878 
energy=  -4.53485 
energy=  -4.46113 
energy=  -4.37068 
energy=  -4.24115 
energy=  -4.07321 
energy=  -3.93935 
energy=  -3.77268 
energy=  -3.60518 
energy=  -3.40204 
energy=  -3.22078 
energy=  -3.01894 
energy=  -2.79996 
energy=  -2.58647 
energy=  -2.35659 
energy=  -2.12018 
energy=  -1.88365 
energy=  -1.64868 
energy=  -1.40403 
energy=  -1.15184 
energy= -0.905238 
energy=  -0.65406 
energy= -0.403475 
energy= -0.150056 
energy= 0.0950663 
energy=  0.347335 
energy=  0.587196 
energy=  0.826625 
energy=   1.05689 
energy=   1.29673 
energy=   1.51735 
energy=   1.75639 
energy=   1.93316 
energy=   2.12067 
energy=   2.32613 
energy=   2.49742 
energy=   2.67597 
energy=   2.82356 
energy=   2.92704 
energy=   3.04403 
energy=   3.14766 
energy=   3.27543 
energy=   3.40012 
energy=   3.41828 
energy=   3.44685 
energy=   3.49437 
energy=   3.53672 
] 
! m= 0 ; q= ( 0 0 4  ) 
[ 
energy=  -4.98897 
energy=  -4.72729 
energy=  -4.59091 
energy=  -4.56645 
energy=  -4.48971 
energy=  -4.38934 
energy=  -4.26302 
energy=  -4.19918 
energy=  -4.08442 
energy=  -3.98301 
energy=  -3.86466 
energy=  -3.75078 
energy=  -3.60637 
energy=  -3.45067 
energy=  -3.31133 
energy=  -3.14338 
energy=  -2.99486 
energy=  -2.80639 
energy=  -2.62185 
energy=  -2.43816 
energy=  -2.25271 
energy=  -2.04536 
energy=  -1.84443 
energy=  -1.64296 
energy=   -1.4319 
energy=  -1.22468 
energy=  -1.01384 
energy= -0.798628 
energy= -0.590743 
energy= -0.379778 
energy=  -0.16088 
energy= 0.0497984 
energy=  0.265555 
energy=  0.469368 
energy=  0.679726 
energy=  0.879758 
energy=   1.07459 
energy=   1.28086 
energy=    1.4589 
energy=   1.66375 
energy=   1.82739 
energy=   1.99814 
energy=   2.16701 
energy=   2.32698 
energy=   2.45763 
energy=   2.60921 
energy=   2.75003 
energy=   2.84697 
energy=   2.96707 
energy=   3.05721 
energy=   3.15487 
energy=   3.26167 
energy=    3.3263 
energy=   3.33679 
energy=   3.40552 
energy=   3.48621 
energy=   3.49927 
energy=   3.59703 
] 
! m= 0 ; q= ( 0 0 5  ) 
[ 
energy=  -4.92569 
energy=  -4.83992 
energy=  -4.58892 
energy=  -4.53162 
energy=  -4.49734 
energy=  -4.38706 
energy=  -4.29792 
energy=  -4.23953 
energy=  -4.16741 
energy=  -4.07726 
energy=  -3.97131 
energy=  -3.86317 
energy=  -3.71745 
energy=  -3.58623 
energy=  -3.46119 
energy=  -3.31614 
energy=  -3.17262 
energy=  -3.02206 
energy=  -2.84985 
energy=  -2.68016 
energy=  -2.51062 
energy=  -2.33365 
energy=  -2.14041 
energy=   -1.9538 
energy=  -1.76979 
energy=  -1.58494 
energy=  -1.38942 
energy=  -1.19379 
energy= -0.993024 
energy= -0.792988 
energy= -0.594731 
energy= -0.400119 
energy= -0.199191 
energy= 0.00363939 
energy=  0.200928 
energy=  0.390305 
energy=  0.586692 
energy=  0.781632 
energy=  0.968187 
energy=   1.14492 
energy=   1.33524 
energy=   1.50593 
energy=   1.68844 
energy=   1.84209 
energy=   2.00211 
energy=   2.15419 
energy=   2.28994 
energy=   2.41601 
energy=   2.55635 
energy=   2.70462 
energy=   2.77002 
energy=   2.88493 
energy=   3.01555 
energy=   3.07713 
energy=   3.16923 
energy=   3.23309 
energy=   3.28598 
energy=   3.37113 
energy=   3.40237 
energy=   3.44623 
energy=   3.48755 
energy=   3.66677 
] 
q-vector: ( 0, 0, 0, 3)
Groundstate 
1.21476e-11,-1.42052e-12,511
-1.99748e-10,-2.30472e-12,767
3.46632e-10,-8.34526e-13,895
-4.98424e-10,-2.92081e-12,959
2.12534e-09,2.79246e-12,991
-2.12352e-09,-4.49326e-12,1007
5.02191e-10,-2.44009e-13,1015
-3.43816e-10,-2.21266e-12,1019
2.05329e-10,-2.79943e-12,1021
-7.03123e-12,-3.95383e-12,1022
2.87158e-09,3.23145e-12,1279
-4.97923e-09,-1.04405e-11,1407
7.67562e-09,1.06921e-11,1471
-3.5425e-08,-5.50807e-11,1503
3.57547e-08,5.56724e-11,1519
-8.64013e-09,-1.3784e-11,1527
6.23781e-09,9.17432e-12,1531
-3.69948e-09,-7.82059e-12,1533
2.05349e-10,-1.65429e-12,1534
5.38387e-09,8.32471e-12,1663
-8.27437e-08,-1.28974e-10,1727
4.90594e-07,7.65602e-10,1759
-5.01017e-07,-7.82199e-10,1775
1.23274e-07,1.9213e-10,1783
-8.5005e-08,-1.33745e-10,1787
4.97189e-08,7.66076e-11,1789
-2.86586e-09,-6.89894e-12,1790
8.65522e-08,1.35226e-10,1855
-6.56509e-07,-1.02452e-09,1887
6.96425e-07,1.08673e-09,1903
-1.87693e-07,-2.93383e-10,1911
1.35751e-07,2.10732e-10,1915
-7.98812e-08,-1.25189e-10,1917
4.61218e-09,4.27488e-12,1918
2.40374e-07,3.7617e-10,1951
-3.44097e-07,-5.37187e-10,1967
1.56122e-07,2.43793e-10,1975
-1.51434e-07,-2.37779e-10,1979
9.31246e-08,1.44929e-10,1981
-5.06914e-09,-1.06774e-11,1982
6.81177e-08,1.07084e-10,1999
-2.58845e-07,-4.04592e-10,2007
4.02581e-07,6.28761e-10,2011
-2.66246e-07,-4.15694e-10,2013
1.32334e-08,1.90148e-11,2014
1.67842e-07,2.61552e-10,2023
-3.46983e-07,-5.43155e-10,2027
2.37361e-07,3.69148e-10,2029
-1.12746e-08,-1.98661e-11,2030
3.86852e-08,6.0024e-11,2035
-3.28466e-08,-5.20667e-11,2037
1.60551e-09,1.09713e-12,2038
1.6052e-09,2.01507e-12,2041
-1.08649e-09,-2.47639e-12,2042
6.68235e-10,-2.52668e-13,2044
-4.60825e-09,-8.65447e-12,2303
7.86043e-09,1.13342e-11,2431
-1.23341e-08,-2.01286e-11,2495
5.92992e-08,9.2094e-11,2527
-6.02909e-08,-9.37221e-11,2543
1.47129e-08,2.20951e-11,2551
-1.05374e-08,-1.7485e-11,2555
6.23661e-09,9.54234e-12,2557
-3.40493e-10,-2.92477e-12,2558
-9.60899e-09,-1.58866e-11,2687
1.49126e-07,2.32713e-10,2751
-8.79711e-07,-1.37265e-09,2783
8.95124e-07,1.39533e-09,2799
-2.16536e-07,-3.38227e-10,2807
1.47677e-07,2.2951e-10,2811
-8.62391e-08,-1.35218e-10,2813
4.9845e-09,5.40143e-12,2814
-1.54541e-07,-2.41168e-10,2879
1.15994e-06,1.81032e-09,2911
-1.22424e-06,-1.91131e-09,2927
3.23643e-07,5.04161e-10,2935
-2.31787e-07,-3.62707e-10,2939
1.36253e-07,2.11148e-10,2941
-7.85571e-09,-1.62227e-11,2942
-4.08135e-07,-6.37806e-10,2975
5.80793e-07,9.06245e-10,2991
-2.58968e-07,-4.04153e-10,2999
2.49663e-07,3.87491e-10,3003
-1.53452e-07,-2.39966e-10,3005
8.35454e-09,1.10638e-11,3006
-1.12352e-07,-1.76055e-10,3023
4.21952e-07,6.58224e-10,3031
-6.54469e-07,-1.02161e-09,3035
4.32874e-07,6.75826e-10,3037
-2.15191e-08,-3.52439e-11,3038
-2.73205e-07,-4.26235e-10,3047
5.63597e-07,8.7919e-10,3051
-3.85633e-07,-6.02215e-10,3053
1.83339e-08,2.55781e-11,3054
-6.29491e-08,-9.91062e-11,3059
5.34654e-08,8.33881e-11,3061
-2.61406e-09,-6.07252e-12,3062
-2.61528e-09,-3.90237e-12,3065
1.77203e-09,2.26981e-12,3066
-1.08653e-09,-2.11729e-12,3068
5.59951e-09,9.77806e-12,3199
-1.09986e-07,-1.71292e-10,3263
7.72648e-07,1.20672e-09,3295
-8.15018e-07,-1.27157e-09,3311
2.18825e-07,3.40789e-10,3319
-1.57818e-07,-2.47251e-10,3323
9.28734e-08,1.44045e-10,3325
-5.38207e-09,-1.04427e-11,3326
1.42341e-07,2.22351e-10,3391
-1.23505e-06,-1.92841e-09,3423
1.33997e-06,2.09046e-09,3439
-3.80806e-07,-5.94737e-10,3447
2.81803e-07,4.38244e-10,3451
-1.66337e-07,-2.6027e-10,3453
9.61297e-09,1.22804e-11,3454
5.42349e-07,8.46223e-10,3487
-7.8477e-07,-1.22572e-09,3503
3.61155e-07,5.62953e-10,3511
-3.49486e-07,-5.46208e-10,3515
2.14727e-07,3.34662e-10,3517
-1.16637e-08,-1.93614e-11,3518
1.67024e-07,2.59703e-10,3535
-6.36539e-07,-9.93109e-10,3543
9.80259e-07,1.52898e-09,3547
-6.46609e-07,-1.00873e-09,3549
3.20473e-08,4.882e-11,3550
4.13214e-07,6.44207e-10,3559
-8.4496e-07,-1.32028e-09,3563
5.76378e-07,8.99525e-10,3565
-2.72952e-08,-4.40586e-11,3566
9.32666e-08,1.4522e-10,3571
-7.90284e-08,-1.24172e-10,3573
3.84283e-09,4.81826e-12,3574
3.85914e-09,5.90247e-12,3577
-2.61297e-09,-6.05144e-12,3578
1.60651e-09,9.13469e-13,3580
-3.32264e-08,-5.03996e-11,3647
4.07814e-07,6.36433e-10,3679
-4.95284e-07,-7.73215e-10,3695
1.8946e-07,2.95711e-10,3703
-1.63403e-07,-2.56129e-10,3707
9.88635e-08,1.5467e-10,3709
-5.59995e-09,-1.01468e-11,3710
-1.44654e-06,-2.25775e-09,3743
2.29031e-06,3.57474e-09,3759
-1.39803e-06,-2.1823e-09,3767
1.57029e-06,2.45108e-09,3771
-9.92544e-07,-1.54951e-09,3773
5.3344e-08,8.31852e-11,3774
-7.75336e-07,-1.21011e-09,3791
3.7425e-06,5.84039e-09,3799
-6.39126e-06,-9.97726e-09,3803
4.29291e-06,6.7008e-09,3805
-2.13607e-07,-3.34408e-10,3806
-2.54585e-06,-3.9739e-09,3815
5.71791e-06,8.92506e-09,3819
-3.96022e-06,-6.18118e-09,3821
1.8938e-07,2.94157e-10,3822
-6.29488e-07,-9.82966e-10,3827
5.43141e-07,8.46676e-10,3829
-2.72953e-08,-4.38845e-11,3830
-2.72219e-08,-4.23667e-11,3833
1.83336e-08,2.64211e-11,3834
-1.12749e-08,-1.98017e-11,3836
1.00561e-06,1.57071e-09,3871
-1.63102e-06,-2.54491e-09,3887
1.10239e-06,1.72085e-09,3895
-1.31401e-06,-2.05158e-09,3899
8.40858e-07,1.31354e-09,3901
-4.49585e-08,-7.14129e-11,3902
7.33296e-07,1.14365e-09,3919
-3.88654e-06,-6.06741e-09,3927
6.93533e-06,1.08253e-08,3931
-4.69793e-06,-7.33323e-09,3933
2.34048e-07,3.64855e-10,3934
2.7168e-06,4.23971e-09,3943
-6.36879e-06,-9.94163e-09,3947
4.44646e-06,6.93976e-09,3949
-2.13606e-07,-3.34573e-10,3950
7.14426e-07,1.11389e-09,3955
-6.23722e-07,-9.7402e-10,3957
3.20473e-08,4.84492e-11,3958
3.22112e-08,4.94304e-11,3961
-2.15181e-08,-3.48966e-11,3962
1.32348e-08,1.85543e-11,3964
-7.60182e-08,-1.18953e-10,3983
5.69229e-07,8.8881e-10,3991
-1.28911e-06,-2.01282e-09,3995
9.07205e-07,1.4174e-09,3997
-4.49588e-08,-7.01367e-11,3998
-5.0283e-07,-7.84023e-10,4007
1.51082e-06,2.35762e-09,4011
-1.09653e-06,-1.71199e-09,4013
5.33432e-08,8.3252e-11,4014
-2.22082e-07,-3.47672e-10,4019
2.04675e-07,3.18872e-10,4021
-1.16648e-08,-1.84743e-11,4022
-1.29874e-08,-2.12828e-11,4025
8.35427e-09,1.00594e-11,4026
-5.06883e-09,-1.09177e-11,4028
3.32239e-08,5.2362e-11,4039
-1.42341e-07,-2.22898e-10,4043
1.09985e-07,1.72433e-10,4045
-5.60085e-09,-9.65508e-12,4046
1.54541e-07,2.40635e-10,4051
-1.49128e-07,-2.33137e-10,4053
9.61054e-09,1.41308e-11,4054
1.23344e-08,1.99729e-11,4057
-7.85792e-09,-1.41082e-11,4058
4.60971e-09,6.74918e-12,4060
-8.65528e-08,-1.35115e-10,4067
8.27434e-08,1.29472e-10,4069
-5.38427e-09,-9.52347e-12,4070
-7.67489e-09,-1.19226e-11,4073
4.98284e-09,6.34819e-12,4074
-2.87016e-09,-4.69999e-12,4076
5.00407e-10,1.32527e-12,4081
-3.43098e-10,-1.30191e-12,4082
2.02306e-10,-7.52394e-13,4084
5.07125e-09,8.01804e-12,4351
-8.35023e-09,-1.47009e-11,4479
1.29892e-08,1.86285e-11,4543
-7.19513e-08,-1.13219e-10,4575
7.60592e-08,1.18361e-10,4591
-2.03981e-08,-3.15105e-11,4599
1.4714e-08,2.1919e-11,4603
-8.63856e-09,-1.53694e-11,4605
5.04247e-10,-2.14325e-12,4606
1.16659e-08,1.82765e-11,4735
-2.04674e-07,-3.19171e-10,4799
1.28336e-06,2.00364e-09,4831
-1.32568e-06,-2.06895e-09,4847
3.31563e-07,5.17211e-10,4855
-2.20836e-07,-3.45399e-10,4859
1.27417e-07,1.98271e-10,4861
-7.6733e-09,-1.2946e-11,4862
2.22083e-07,3.46287e-10,4927
-1.74625e-06,-2.72582e-09,4959
1.86573e-06,2.9125e-09,4975
-5.06131e-07,-7.90052e-10,4983
3.55808e-07,5.54698e-10,4987
-2.07232e-07,-3.24608e-10,4989
1.23373e-08,1.78874e-11,4990
6.33015e-07,9.88036e-10,5023
-9.04815e-07,-1.41231e-09,5039
4.04334e-07,6.31301e-10,5047
-3.85306e-07,-6.0044e-10,5051
2.35866e-07,3.67471e-10,5053
-1.2987e-08,-2.12122e-11,5054
1.73037e-07,2.70699e-10,5071
-6.38245e-07,-9.95856e-10,5079
9.77785e-07,1.52708e-09,5083
-6.45083e-07,-1.00707e-09,5085
3.22105e-08,4.92693e-11,5086
4.10283e-07,6.39504e-10,5095
-8.36312e-07,-1.30568e-09,5099
5.71053e-07,8.91225e-10,5101
-2.72213e-08,-4.37917e-11,5102
9.3266e-08,1.45048e-10,5107
-7.90286e-08,-1.23815e-10,5109
3.85922e-09,5.89679e-12,5110
3.84238e-09,6.08754e-12,5113
-2.61361e-09,-4.65898e-12,5114
1.60451e-09,2.19341e-12,5116
-5.33446e-08,-8.17249e-11,5247
1.09653e-06,1.71197e-09,5311
-8.50698e-06,-1.3278e-08,5343
9.41086e-06,1.46899e-08,5359
-2.99249e-06,-4.67145e-09,5367
2.3657e-06,3.69173e-09,5371
-1.41096e-06,-2.20368e-09,5373
8.27432e-08,1.28015e-10,5374
-1.51082e-06,-2.35787e-09,5439
1.42654e-05,2.22691e-08,5471
-1.61542e-05,-2.52145e-08,5487
5.33741e-06,8.33082e-09,5495
-4.27239e-06,-6.66947e-09,5499
2.55037e-06,3.98169e-09,5501
-1.49126e-07,-2.34214e-10,5502
-7.5365e-06,-1.17638e-08,5535
1.12901e-05,1.76237e-08,5551
-5.8489e-06,-9.12971e-09,5559
6.02163e-06,9.39773e-09,5563
-3.7374e-06,-5.83468e-09,5565
2.04674e-07,3.20007e-10,5566
-2.72363e-06,-4.25099e-09,5583
1.14906e-05,1.79367e-08,5591
-1.87607e-05,-2.92851e-08,5595
1.25028e-05,1.95157e-08,5597
-6.23722e-07,-9.73846e-10,5598
-7.61318e-06,-1.18834e-08,5607
1.65056e-05,2.57644e-08,5611
-1.13705e-05,-1.77479e-08,5613
5.43141e-07,8.47409e-10,5614
-1.85525e-06,-2.89559e-09,5619
1.58989e-06,2.48192e-09,5621
-7.90281e-08,-1.23978e-10,5622
-7.90279e-08,-1.22577e-10,5625
5.34661e-08,8.11194e-11,5626
-3.28461e-08,-5.24392e-11,5628
5.0283e-07,7.85707e-10,5695
-6.58766e-06,-1.0282e-08,5727
8.27457e-06,1.29179e-08,5743
-3.4999e-06,-5.463e-09,5751
3.16144e-06,4.93382e-09,5755
-1.92498e-06,-3.00524e-09,5757
1.09987e-07,1.70928e-10,5758
2.63256e-05,4.10924e-08,5791
-4.24382e-05,-6.62421e-08,5807
2.75333e-05,4.29767e-08,5815
-3.18994e-05,-4.97927e-08,5819
2.02633e-05,3.16288e-08,5821
-1.09653e-06,-1.71171e-09,5822
1.50522e-05,2.34955e-08,5839
-7.53938e-05,-1.17683e-07,5847
0.000131754,2.05657e-07,5851
-8.88636e-05,-1.38709e-07,5853
4.44646e-06,6.94033e-09,5854
5.15598e-05,8.04797e-08,5863
-0.000118393,-1.84803e-07,5867
8.23212e-05,1.28495e-07,5869
-3.96022e-06,-6.18201e-09,5870
1.31324e-05,2.04975e-08,5875
-1.13705e-05,-1.77477e-08,5877
5.7638e-07,8.98811e-10,5878
5.71054e-07,8.90241e-10,5881
-3.85633e-07,-6.02616e-10,5882
2.37362e-07,3.69592e-10,5884
-1.84424e-05,-2.87857e-08,5919
3.03624e-05,4.73935e-08,5935
-2.15198e-05,-3.35897e-08,5943
2.62469e-05,4.0968e-08,5947
-1.68549e-05,-2.63095e-08,5949
9.07207e-07,1.41645e-09,5950
-1.40456e-05,-2.19238e-08,5967
7.62e-05,1.18942e-07,5975
-0.000138078,-2.15526e-07,5979
9.37888e-05,1.46396e-07,5981
-4.69793e-06,-7.33291e-09,5982
-5.33856e-05,-8.33301e-08,5991
0.000126957,1.98167e-07,5995
-8.88636e-05,-1.38707e-07,5997
4.29291e-06,6.70149e-09,5998
-1.42945e-05,-2.2313e-08,6003
1.25028e-05,1.95147e-08,6005
-6.4661e-07,-1.00901e-09,6006
-6.45083e-07,-1.00671e-09,6009
4.32875e-07,6.7509e-10,6010
-2.66247e-07,-4.15985e-10,6012
1.39477e-06,2.178e-09,6031
-1.05386e-05,-1.64488e-08,6039
2.39377e-05,3.73659e-08,6043
-1.68549e-05,-2.63082e-08,6045
8.40857e-07,1.31333e-09,6046
9.27891e-06,1.44839e-08,6055
-2.79098e-05,-4.35643e-08,6059
2.02633e-05,3.16303e-08,6061
-9.92545e-07,-1.54852e-09,6062
4.05731e-06,6.33384e-09,6067
-3.7374e-06,-5.8337e-09,6069
2.14726e-07,3.36182e-10,6070
2.35866e-07,3.68241e-10,6073
-1.53452e-07,-2.39787e-10,6074
9.31241e-08,1.4444e-10,6076
-5.87766e-07,-9.16696e-10,6087
2.49497e-06,3.89544e-09,6091
-1.92498e-06,-3.00432e-09,6093
9.88625e-08,1.54567e-10,6094
-2.65735e-06,-4.14623e-09,6099
2.55037e-06,3.9815e-09,6101
-1.66339e-07,-2.59171e-10,6102
-2.07232e-07,-3.23737e-10,6105
1.36252e-07,2.13774e-10,6106
-7.98826e-08,-1.24184e-10,6108
1.4878e-06,2.32234e-09,6115
-1.41096e-06,-2.20341e-09,6117
9.28733e-08,1.45394e-10,6118
1.27417e-07,1.98925e-10,6121
-8.62402e-08,-1.35395e-10,6122
4.97167e-08,7.82762e-11,6124
-8.64106e-09,-1.35108e-11,6129
6.23433e-09,1.07411e-11,6130
-3.70136e-09,-4.61104e-12,6132
4.49579e-08,7.14545e-11,6271
-9.07207e-07,-1.41514e-09,6335
7.42164e-06,1.15856e-08,6367
-8.43251e-06,-1.31624e-08,6383
2.93703e-06,4.58427e-09,6391
-2.46563e-06,-3.84972e-09,6395
1.4878e-06,2.32183e-09,6397
-8.65514e-08,-1.36358e-10,6398
1.28911e-06,2.01247e-09,6463
-1.2703e-05,-1.98288e-08,6495
1.47072e-05,2.2957e-08,6511
-5.24382e-06,-8.18477e-09,6519
4.40886e-06,6.88022e-09,6523
-2.65735e-06,-4.14786e-09,6525
1.54542e-07,2.40322e-10,6526
7.37853e-06,1.15176e-08,6559
-1.1222e-05,-1.75159e-08,6575
6.12412e-06,9.55939e-09,6583
-6.49842e-06,-1.01436e-08,6587
4.05731e-06,6.33212e-09,6589
-2.22082e-07,-3.47432e-10,6590
2.87919e-06,4.49448e-09,6607
-1.27225e-05,-1.98591e-08,6615
2.13389e-05,3.33088e-08,6619
-1.42945e-05,-2.23126e-08,6621
7.14425e-07,1.11421e-09,6622
8.52022e-06,1.33007e-08,6631
-1.89708e-05,-2.96113e-08,6635
1.31324e-05,2.0499e-08,6637
-6.29487e-07,-9.83055e-10,6638
2.15262e-06,3.36036e-09,6643
-1.85525e-06,-2.8959e-09,6645
9.32662e-08,1.44502e-10,6646
9.3265e-08,1.44589e-10,6649
-6.2947e-08,-1.00108e-10,6650
3.86855e-08,5.94734e-11,6652
-5.6923e-07,-8.87823e-10,6719
7.70918e-06,1.20345e-08,6751
-9.84428e-06,-1.53664e-08,6767
4.37823e-06,6.83436e-09,6775
-4.07355e-06,-6.35925e-09,6779
2.49497e-06,3.89367e-09,6781
-1.4234e-07,-2.23319e-10,6782
-3.33941e-05,-5.21247e-08,6815
5.43593e-05,8.48509e-08,6831
-3.67214e-05,-5.73187e-08,6839
4.36871e-05,6.81925e-08,6843
-2.79098e-05,-4.35646e-08,6845
1.51082e-06,2.35707e-09,6846
-2.02375e-05,-3.15897e-08,6863
0.000104857,1.63673e-07,6871
-0.000187348,-2.92435e-07,6875
0.000126957,1.9817e-07,6877
-6.36879e-06,-9.94133e-09,6878
-7.22559e-05,-1.12786e-07,6887
0.000169517,2.64601e-07,6891
-0.000118393,-1.84802e-07,6893
5.71791e-06,8.92621e-09,6894
-1.89708e-05,-2.96117e-08,6899
1.65056e-05,2.57629e-08,6901
-8.4496e-07,-1.31988e-09,6902
-8.36312e-07,-1.30583e-09,6905
5.63597e-07,8.78076e-10,6906
-3.46983e-07,-5.42832e-10,6908
2.40899e-05,3.76027e-08,6943
-4.00284e-05,-6.24798e-08,6959
2.95554e-05,4.61337e-08,6967
-3.7053e-05,-5.7836e-08,6971
2.39377e-05,3.7365e-08,6973
-1.28911e-06,-2.0115e-09,6974
1.94642e-05,3.03819e-08,6991
-0.000109111,-1.70313e-07,6999
0.00020228,3.15741e-07,7003
-0.000138078,-2.15529e-07,7005
6.93533e-06,1.08252e-08,7006
7.70455e-05,1.20263e-07,7015
-0.000187348,-2.92434e-07,7019
0.000131754,2.05657e-07,7021
-6.39126e-06,-9.97697e-09,7022
2.13389e-05,3.3307e-08,7027
-1.87607e-05,-2.92827e-08,7029
9.80258e-07,1.52999e-09,7030
9.77786e-07,1.52622e-09,7033
-6.5447e-07,-1.02224e-09,7034
4.02583e-07,6.28021e-10,7036
-2.0224e-06,-3.15651e-09,7055
1.58433e-05,2.4731e-08,7063
-3.7053e-05,-5.78357e-08,7067
2.62469e-05,4.09699e-08,7069
-1.31401e-06,-2.05053e-09,7070
-1.41205e-05,-2.20413e-08,7079
4.36871e-05,6.81916e-08,7083
-3.18994e-05,-4.97911e-08,7085
1.57029e-06,2.45219e-09,7086
-6.49842e-06,-1.01435e-08,7091
6.02162e-06,9.40084e-09,7093
-3.49488e-07,-5.45103e-10,7094
-3.85307e-07,-6.01652e-10,7097
2.49661e-07,3.88907e-10,7098
-1.51434e-07,-2.36708e-10,7100
9.31367e-07,1.4554e-09,7111
-4.07355e-06,-6.35806e-09,7115
3.16144e-06,4.93559e-09,7117
-1.63405e-07,-2.54622e-10,7118
4.40885e-06,6.88313e-09,7123
-4.27239e-06,-6.66795e-09,7125
2.818e-07,4.40073e-10,7126
3.55806e-07,5.56422e-10,7129
-2.31789e-07,-3.62191e-10,7130
1.35749e-07,2.1257e-10,7132
-2.46563e-06,-3.84792e-09,7139
2.3657e-06,3.69318e-09,7141
-1.57819e-07,-2.45678e-10,7142
-2.20837e-07,-3.44837e-10,7145
1.47676e-07,2.30724e-10,7146
-8.50071e-08,-1.32153e-10,7148
1.47116e-08,2.41307e-11,7153
-1.05387e-08,-1.5476e-11,7154
6.23401e-09,1.09968e-11,7156
7.6016e-08,1.20248e-10,7231
-1.20015e-06,-1.87233e-09,7263
1.62772e-06,2.54189e-09,7279
-8.77639e-07,-1.3691e-09,7287
9.31368e-07,1.45429e-09,7291
-5.87767e-07,-9.15959e-10,7293
3.32239e-08,5.19443e-11,7294
7.71647e-06,1.20453e-08,7327
-1.30263e-05,-2.03317e-08,7343
1.04989e-05,1.63888e-08,7351
-1.41205e-05,-2.20413e-08,7355
9.27892e-06,1.44836e-08,7357
-5.02831e-07,-7.83895e-10,7358
6.50088e-06,1.01475e-08,7375
-3.90812e-05,-6.10019e-08,7383
7.70455e-05,1.20262e-07,7387
-5.33856e-05,-8.33303e-08,7389
2.71679e-06,4.24139e-09,7390
2.79763e-05,4.36694e-08,7399
-7.22559e-05,-1.12786e-07,7403
5.15598e-05,8.04826e-08,7405
-2.54585e-06,-3.9745e-09,7406
8.52022e-06,1.32988e-08,7411
-7.61318e-06,-1.18837e-08,7413
4.13215e-07,6.45461e-10,7414
4.10281e-07,6.4036e-10,7417
-2.73204e-07,-4.27688e-10,7418
1.67842e-07,2.61518e-10,7420
-7.33456e-06,-1.14469e-08,7455
1.25992e-05,1.96667e-08,7471
-1.11353e-05,-1.7381e-08,7479
1.58433e-05,2.47305e-08,7483
-1.05386e-05,-1.64484e-08,7485
5.69228e-07,8.89547e-10,7486
-8.2446e-06,-1.28692e-08,7503
5.32499e-05,8.31205e-08,7511
-0.000109111,-1.70313e-07,7515
7.62e-05,1.18942e-07,7517
-3.88654e-06,-6.06564e-09,7518
-3.90812e-05,-6.10024e-08,7527
0.000104857,1.63674e-07,7531
-7.53938e-05,-1.17683e-07,7533
3.74249e-06,5.84189e-09,7534
-1.27225e-05,-1.98582e-08,7539
1.14906e-05,1.7936e-08,7541
-6.3654e-07,-9.93633e-10,7542
-6.38247e-07,-9.9595e-10,7545
4.21952e-07,6.57878e-10,7546
-2.58845e-07,-4.03777e-10,7548
1.23098e-06,1.92229e-09,7567
-1.11353e-05,-1.7381e-08,7575
2.95554e-05,4.61335e-08,7579
-2.15198e-05,-3.35898e-08,7581
1.10239e-06,1.72189e-09,7582
1.04989e-05,1.6389e-08,7591
-3.67214e-05,-5.73185e-08,7595
2.75333e-05,4.29787e-08,7597
-1.39803e-06,-2.18111e-09,7598
6.12412e-06,9.55991e-09,7603
-5.8489e-06,-9.12917e-09,7605
3.61154e-07,5.64388e-10,7606
4.04333e-07,6.31658e-10,7609
-2.58968e-07,-4.05096e-10,7610
1.56122e-07,2.4383e-10,7612
-8.77639e-07,-1.36845e-09,7623
4.37823e-06,6.83488e-09,7627
-3.4999e-06,-5.4624e-09,7629
1.89458e-07,2.97988e-10,7630
-5.24382e-06,-8.18478e-09,7635
5.33741e-06,8.33324e-09,7637
-3.80807e-07,-5.93309e-10,7638
-5.06133e-07,-7.89885e-10,7641
3.23643e-07,5.05341e-10,7642
-1.87694e-07,-2.92372e-10,7644
2.93703e-06,4.58494e-09,7651
-2.99249e-06,-4.67086e-09,7653
2.18823e-07,3.41827e-10,7654
3.31562e-07,5.18761e-10,7657
-2.16536e-07,-3.38031e-10,7658
1.23272e-07,1.9379e-10,7660
-2.03994e-08,-3.08715e-11,7665
1.47126e-08,2.33543e-11,7666
-8.64172e-09,-1.34385e-11,7668
6.81382e-07,1.0648e-09,7711
-1.18511e-06,-1.84941e-09,7727
1.23098e-06,1.92232e-09,7735
-2.0224e-06,-3.15686e-09,7739
1.39477e-06,2.17745e-09,7741
-7.60183e-08,-1.18129e-10,7742
1.08213e-06,1.69034e-09,7759
-8.2446e-06,-1.28684e-08,7767
1.94642e-05,3.03822e-08,7771
-1.40456e-05,-2.19233e-08,7773
7.33294e-07,1.14524e-09,7774
6.50088e-06,1.01475e-08,7783
-2.02375e-05,-3.15891e-08,7787
1.50522e-05,2.34966e-08,7789
-7.75337e-07,-1.20916e-09,7790
2.87919e-06,4.49416e-09,7795
-2.72363e-06,-4.25151e-09,7797
1.67024e-07,2.61447e-10,7798
1.73036e-07,2.70622e-10,7801
-1.1235e-07,-1.77439e-10,7802
6.81192e-08,1.05034e-10,7804
-1.18511e-06,-1.84898e-09,7823
1.25992e-05,1.9667e-08,7831
-4.00284e-05,-6.24809e-08,7835
3.03624e-05,4.73955e-08,7837
-1.63102e-06,-2.54374e-09,7838
-1.30263e-05,-2.03329e-08,7847
5.43593e-05,8.48507e-08,7851
-4.24382e-05,-6.62419e-08,7853
2.29031e-06,3.57577e-09,7854
-1.1222e-05,-1.75162e-08,7859
1.12901e-05,1.76236e-08,7861
-7.84772e-07,-1.22377e-09,7862
-9.04815e-07,-1.41148e-09,7865
5.80793e-07,9.07128e-10,7866
-3.44097e-07,-5.3729e-10,7868
1.62773e-06,2.5421e-09,7879
-9.84428e-06,-1.53651e-08,7883
8.27457e-06,1.29171e-08,7885
-4.95286e-07,-7.71535e-10,7886
1.47072e-05,2.29572e-08,7891
-1.61542e-05,-2.52146e-08,7893
1.33996e-06,2.09331e-09,7894
1.86573e-06,2.91267e-09,7897
-1.22424e-06,-1.90982e-09,7898
6.96424e-07,1.08782e-09,7900
-8.43251e-06,-1.31617e-08,7907
9.41086e-06,1.46895e-08,7909
-8.15019e-07,-1.2714e-09,7910
-1.32568e-06,-2.06932e-09,7913
8.95123e-07,1.39733e-09,7914
-5.01019e-07,-7.80741e-10,7916
7.60597e-08,1.18537e-10,7921
-6.02926e-08,-9.36832e-11,7922
3.57553e-08,5.68316e-11,7924
6.81384e-07,1.06361e-09,7951
-7.33456e-06,-1.1448e-08,7959
2.40899e-05,3.76033e-08,7963
-1.84424e-05,-2.87866e-08,7965
1.00561e-06,1.57115e-09,7966
7.71647e-06,1.20454e-08,7975
-3.33941e-05,-5.21242e-08,7979
2.63256e-05,4.10935e-08,7981
-1.44654e-06,-2.25672e-09,7982
7.37853e-06,1.15167e-08,7987
-7.5365e-06,-1.17638e-08,7989
5.42347e-07,8.47701e-10,7990
6.33015e-07,9.88676e-10,7993
-4.08135e-07,-6.36858e-10,7994
2.40374e-07,3.74829e-10,7996
-1.20015e-06,-1.87265e-09,8007
7.70918e-06,1.20334e-08,8011
-6.58766e-06,-1.0282e-08,8013
4.07814e-07,6.37526e-10,8014
-1.2703e-05,-1.98279e-08,8019
1.42654e-05,2.22681e-08,8021
-1.23506e-06,-1.9262e-09,8022
-1.74624e-06,-2.72529e-09,8025
1.15994e-06,1.81102e-09,8026
-6.56509e-07,-1.02309e-09,8028
7.42164e-06,1.15856e-08,8035
-8.50697e-06,-1.32771e-08,8037
7.72649e-07,1.20733e-09,8038
1.28335e-06,2.00364e-09,8041
-8.79711e-07,-1.37264e-09,8042
4.90592e-07,7.67298e-10,8044
-7.19536e-08,-1.11869e-10,8049
5.92993e-08,9.45824e-11,8050
-3.54268e-08,-5.40465e-11,8052
7.60168e-08,1.20187e-10,8071
-5.6923e-07,-8.87373e-10,8075
5.02828e-07,7.87343e-10,8077
-3.32273e-08,-4.93052e-11,8078
1.28911e-06,2.01385e-09,8083
-1.51082e-06,-2.35607e-09,8085
1.42339e-07,2.24386e-10,8086
2.22081e-07,3.4751e-10,8089
-1.54542e-07,-2.40467e-10,8090
8.65508e-08,1.36476e-10,8092
-9.07207e-07,-1.41471e-09,8099
1.09653e-06,1.71307e-09,8101
-1.09988e-07,-1.69642e-10,8102
-2.04675e-07,-3.18492e-10,8105
1.49124e-07,2.34e-10,8106
-8.27447e-08,-1.26997e-10,8108
1.29872e-08,2.14294e-11,8113
-1.23362e-08,-1.86478e-11,8114
7.67271e-09,1.42722e-11,8116
4.49569e-08,7.1725e-11,8131
-5.33457e-08,-8.07317e-11,8133
5.59808e-09,1.20044e-11,8134
1.16626e-08,2.09263e-11,8137
-9.61221e-09,-1.34563e-11,8138
5.38042e-09,1.1155e-11,8140
-8.35328e-09,-1.14395e-11,8145
7.85778e-09,1.34909e-11,8146
-4.98461e-09,-5.49977e-12,8148
5.07029e-09,9.00503e-12,8161
-4.60913e-09,-7.93309e-12,8162
2.86841e-09,6.15585e-12,8164
-1.32325e-08,-2.1189e-11,8447
2.15213e-08,3.27769e-11,8575
-3.22098e-08,-5.15242e-11,8639
2.07272e-07,3.23168e-10,8671
-2.32757e-07,-3.63426e-10,8687
7.60605e-08,1.17736e-10,8695
-6.02896e-08,-9.56327e-11,8699
3.57576e-08,5.46938e-11,8701
-2.12236e-09,-5.85935e-12,8702
-3.20474e-08,-4.88031e-11,8831
6.23724e-07,9.7383e-10,8895
-4.26218e-06,-6.65162e-09,8927
4.59849e-06,7.17665e-09,8943
-1.36145e-06,-2.12477e-09,8951
9.8369e-07,1.53503e-09,8955
-5.72219e-07,-8.95056e-10,8957
3.54264e-08,5.43687e-11,8958
-7.14426e-07,-1.11479e-09,9023
6.08525e-06,9.49926e-09,9055
-6.79251e-06,-1.06018e-08,9071
2.17491e-06,3.39381e-09,9079
-1.65958e-06,-2.58999e-09,9083
9.75839e-07,1.5233e-09,9085
-5.92983e-08,-9.36429e-11,9086
-2.61041e-06,-4.07458e-09,9119
3.88816e-06,6.06908e-09,9135
-2.02055e-06,-3.15304e-09,9143
2.09265e-06,3.26619e-09,9147
-1.29839e-06,-2.02689e-09,9149
7.19529e-08,1.12106e-10,9150
-8.68104e-07,-1.35595e-09,9167
3.69255e-06,5.76334e-09,9175
-6.18227e-06,-9.64996e-09,9179
4.14305e-06,6.46591e-09,9181
-2.07271e-07,-3.2291e-10,9182
-2.44845e-06,-3.82205e-09,9191
5.4646e-06,8.52906e-09,9195
-3.7888e-06,-5.91361e-09,9197
1.81497e-07,2.82587e-10,9198
-6.29487e-07,-9.83726e-10,9203
5.43142e-07,8.46794e-10,9205
-2.72214e-08,-4.2445e-11,9206
-2.72944e-08,-4.42947e-11,9209
1.8332e-08,2.75642e-11,9210
-1.12764e-08,-1.8196e-11,9212
2.13605e-07,3.35141e-10,9343
-4.44646e-06,-6.93946e-09,9407
3.73905e-05,5.83623e-08,9439
-4.32652e-05,-6.75322e-08,9455
1.60833e-05,2.51038e-08,9463
-1.38171e-05,-2.15682e-08,9467
8.34239e-06,1.30225e-08,9469
-4.90592e-07,-7.67326e-10,9470
6.36879e-06,9.94304e-09,9535
-6.42943e-05,-1.00357e-07,9567
7.5788e-05,1.18298e-07,9583
-2.8823e-05,-4.49886e-08,9591
2.48305e-05,3.8758e-08,9595
-1.49798e-05,-2.3382e-08,9597
8.79711e-07,1.37257e-09,9598
3.8625e-05,6.029e-08,9631
-5.95624e-05,-9.29712e-08,9647
3.42921e-05,5.3526e-08,9655
-3.736e-05,-5.8316e-08,9659
2.33908e-05,3.65096e-08,9661
-1.28335e-06,-2.00369e-09,9662
1.5987e-05,2.4954e-08,9679
-7.38133e-05,-1.15217e-07,9687
0.000127243,1.98617e-07,9691
-8.55718e-05,-1.33571e-07,9693
4.26218e-06,6.65138e-09,9694
4.98605e-05,7.78286e-08,9703
-0.000114165,-1.78203e-07,9707
7.93431e-05,1.23849e-07,9709
-3.7888e-06,-5.9144e-09,9710
1.31324e-05,2.04978e-08,9715
-1.13705e-05,-1.77478e-08,9717
5.71055e-07,8.89442e-10,9718
5.76379e-07,8.99113e-10,9721
-3.85632e-07,-6.03353e-10,9722
2.3736e-07,3.69513e-10,9724
-2.7168e-06,-4.23919e-09,9791
3.73926e-05,5.83673e-08,9823
-4.85251e-05,-7.57427e-08,9839
2.28947e-05,3.57368e-08,9847
-2.1973e-05,-3.42978e-08,9851
1.35132e-05,2.10933e-08,9853
-7.72649e-07,-1.20597e-09,9854
-0.000168593,-2.63158e-07,9887
0.000277759,4.33558e-07,9903
-0.000198486,-3.09821e-07,9911
0.000244921,3.82302e-07,9915
-0.000157485,-2.4582e-07,9917
8.50697e-06,1.32779e-08,9918
-0.000109149,-1.70372e-07,9935
0.000592785,9.25287e-07,9943
-0.00109658,-1.71166e-06,9947
0.000747912,1.16743e-06,9949
-3.73905e-05,-5.83632e-08,9950
-0.000412766,-6.44294e-07,9959
0.0010026,1.56498e-06,9963
-0.000704706,-1.09999e-06,9965
3.39524e-05,5.29965e-08,9966
-0.000114336,-1.78466e-07,9971
0.000100219,1.56432e-07,9973
-5.1556e-06,-8.04729e-09,9974
-5.1556e-06,-8.04865e-09,9977
3.43482e-06,5.36133e-09,9978
-2.11747e-06,-3.30584e-09,9980
0.000123534,1.92828e-07,10015
-0.000207617,-3.24072e-07,10031
0.000162535,2.53705e-07,10039
-0.000212288,-3.31364e-07,10043
0.000138233,2.1577e-07,10045
-7.42165e-06,-1.15847e-08,10046
0.000107051,1.67098e-07,10063
-0.000629928,-9.83267e-07,10071
0.00121423,1.89531e-06,10075
-0.000835225,-1.30372e-06,10077
4.18115e-05,6.52665e-08,10078
0.000450125,7.02608e-07,10087
-0.00113834,-1.77685e-06,10091
0.00080667,1.25914e-06,10093
-3.90581e-05,-6.09675e-08,10094
0.000132929,2.0749e-07,10099
-0.000117926,-1.84071e-07,10101
6.20604e-06,9.68668e-09,10102
6.27076e-06,9.78699e-09,10105
-4.13856e-06,-6.46214e-09,10106
2.54837e-06,3.97783e-09,10108
-1.19008e-05,-1.85767e-08,10127
9.8663e-05,1.54003e-07,10135
-0.000244289,-3.81312e-07,10139
0.000175078,2.73283e-07,10141
-8.74797e-06,-1.36544e-08,10142
-8.98064e-05,-1.40179e-07,10151
0.000294214,4.59243e-07,10155
-0.000217336,-3.39243e-07,10157
1.07049e-05,1.671e-08,10158
-4.60872e-05,-7.1939e-08,10163
4.3296e-05,6.75827e-08,10165
-2.54165e-06,-3.96713e-09,10166
-2.87023e-06,-4.47959e-09,10169
1.81727e-06,2.83683e-09,10170
-1.10145e-06,-1.72001e-09,10172
6.36766e-06,9.93908e-09,10183
-2.98006e-05,-4.65166e-08,10187
2.34661e-05,3.66292e-08,10189
-1.22133e-06,-1.90638e-09,10190
3.3857e-05,5.28487e-08,10195
-3.36291e-05,-5.24926e-08,10197
2.26476e-06,3.53624e-09,10198
2.99644e-06,4.67792e-09,10201
-1.88167e-06,-2.9357e-09,10202
1.09702e-06,1.71186e-09,10204
-1.89432e-05,-2.95675e-08,10211
1.87268e-05,2.9232e-08,10213
-1.2837e-06,-2.00391e-09,10214
-1.91246e-06,-2.98528e-09,10217
1.22441e-06,1.91141e-09,10218
-7.00079e-07,-1.09118e-09,10220
1.23272e-07,1.92626e-10,10225
-8.50065e-08,-1.31733e-10,10226
4.97159e-08,7.98699e-11,10228
-2.34048e-07,-3.64631e-10,10367
4.69793e-06,7.3331e-09,10431
-4.18115e-05,-6.52626e-08,10463
4.97707e-05,7.76877e-08,10479
-2.02468e-05,-3.16029e-08,10487
1.85028e-05,2.88798e-08,10491
-1.13178e-05,-1.76677e-08,10493
6.5651e-07,1.02361e-09,10494
-6.93533e-06,-1.08243e-08,10559
7.308e-05,1.1407e-07,10591
-8.81042e-05,-1.37522e-07,10607
3.60852e-05,5.63248e-08,10615
-3.27246e-05,-5.10811e-08,10619
1.99636e-05,3.11605e-08,10621
-1.15994e-06,-1.81195e-09,10622
-4.79114e-05,-7.47855e-08,10655
7.48598e-05,1.16849e-07,10671
-4.51515e-05,-7.04772e-08,10679
5.06551e-05,7.90679e-08,10683
-3.19163e-05,-4.98192e-08,10685
1.74625e-06,2.72384e-09,10686
-2.12823e-05,-3.32205e-08,10703
0.000102327,1.59725e-07,10711
-0.000180664,-2.82001e-07,10715
0.00012208,1.90557e-07,10717
-6.08525e-06,-9.49792e-09,10718
-6.98035e-05,-1.08958e-07,10727
0.000163553,2.55292e-07,10731
-0.000114165,-1.78202e-07,10733
5.4646e-06,8.52949e-09,10734
-1.89708e-05,-2.96106e-08,10739
1.65056e-05,2.57626e-08,10741
-8.36311e-07,-1.30637e-09,10742
-8.4496e-07,-1.31892e-09,10745
5.63597e-07,8.78154e-10,10746
-3.46982e-07,-5.42747e-10,10748
3.88654e-06,6.0668e-09,10815
-5.49357e-05,-8.57495e-08,10847
7.22928e-05,1.12842e-07,10863
-3.5579e-05,-5.55362e-08,10871
3.50575e-05,5.47223e-08,10875
-2.16815e-05,-3.38438e-08,10877
1.23505e-06,1.92821e-09,10878
0.000265344,4.14179e-07,10911
-0.000440522,-6.87617e-07,10927
0.000325128,5.07498e-07,10935
-0.000409477,-6.3916e-07,10939
0.000264434,4.1276e-07,10941
-1.42654e-05,-2.22677e-08,10942
0.000180077,2.81087e-07,10959
-0.00100192,-1.56391e-06,10967
0.0018796,2.9339e-06,10971
-0.00128551,-2.00658e-06,10973
6.42943e-05,1.00359e-07,10974
0.000701232,1.09456e-06,10983
-0.00172535,-2.69313e-06,10987
0.00121564,1.89751e-06,10989
-5.86337e-05,-9.15235e-08,10990
0.000197535,3.08333e-07,10995
-0.000173533,-2.70865e-07,10997
8.95621e-06,1.39799e-08,10998
8.95621e-06,1.3979e-08,11001
-5.95755e-06,-9.30193e-09,11002
3.67412e-06,5.73489e-09,11004
-0.000199391,-3.11231e-07,11039
0.000337406,5.26664e-07,11055
-0.000272319,-4.25067e-07,11063
0.000362402,5.65679e-07,11067
-0.000236883,-3.69757e-07,11069
1.2703e-05,1.98287e-08,11070
-0.000180633,-2.81954e-07,11087
0.00108537,1.69417e-06,11095
-0.00211743,-3.30513e-06,11099
0.00145978,2.27859e-06,11101
-7.308e-05,-1.14072e-07,11102
-0.000779092,-1.2161e-06,11111
0.00199183,3.10908e-06,11115
-0.00141419,-2.20743e-06,11117
6.85058e-05,1.06933e-07,11118
-0.000233472,-3.64429e-07,11123
0.000207441,3.23794e-07,11125
-1.09337e-05,-1.70672e-08,11126
-1.10524e-05,-1.72519e-08,11129
7.2838e-06,1.13693e-08,11130
-4.48697e-06,-7.00445e-09,11132
2.06425e-05,3.22209e-08,11151
-0.000173972,-2.71556e-07,11159
0.000434307,6.77916e-07,11163
-0.000311542,-4.86292e-07,11165
1.55416e-05,2.42608e-08,11166
0.000159044,2.48254e-07,11175
-0.000524403,-8.1855e-07,11179
0.000387555,6.04944e-07,11181
-1.90522e-05,-2.97398e-08,11182
8.22942e-05,1.28455e-07,11187
-7.7261e-05,-1.20598e-07,11189
4.51623e-06,7.04941e-09,11190
5.10749e-06,7.97382e-09,11193
-3.2276e-06,-5.03899e-09,11194
1.95788e-06,3.05697e-09,11196
-1.13894e-05,-1.77781e-08,11207
5.33757e-05,8.33152e-08,11211
-4.19836e-05,-6.55331e-08,11213
2.17358e-06,3.39355e-09,11214
-6.03692e-05,-9.42308e-08,11219
5.98231e-05,9.33784e-08,11221
-3.9901e-06,-6.22829e-09,11222
-5.28693e-06,-8.2521e-09,11225
3.30343e-06,5.1567e-09,11226
-1.92883e-06,-3.0096e-09,11228
3.37441e-05,5.26726e-08,11235
-3.32697e-05,-5.19307e-08,11237
2.25604e-06,3.52307e-09,11238
3.36204e-06,5.24755e-09,11241
-2.13844e-06,-3.33867e-09,11242
1.22441e-06,1.9125e-09,11244
-2.16537e-07,-3.36372e-10,11249
1.47675e-07,2.31528e-10,11250
-8.62406e-08,-1.33378e-10,11252
-7.33296e-07,-1.14386e-09,11327
1.20117e-05,1.87501e-08,11359
-1.68191e-05,-2.62532e-08,11375
1.00834e-05,1.57396e-08,11383
-1.13973e-05,-1.77915e-08,11387
7.27731e-06,1.13598e-08,11389
-4.07815e-07,-6.35635e-10,11390
-8.671e-05,-1.35347e-07,11423
0.00014899,2.32559e-07,11439
-0.000130505,-2.03708e-07,11447
0.000184871,2.88567e-07,11451
-0.000122641,-1.91434e-07,11453
6.58766e-06,1.02827e-08,11454
-8.14843e-05,-1.2719e-07,11471
0.000518758,8.09736e-07,11479
-0.00106298,-1.65922e-06,11483
0.000741443,1.15733e-06,11485
-3.73926e-05,-5.83673e-08,11486
-0.000376259,-5.87307e-07,11495
0.00100838,1.574e-06,11499
-0.000723944,-1.13002e-06,11501
3.54469e-05,5.53302e-08,11502
-0.000121344,-1.89406e-07,11507
0.000109104,1.703e-07,11509
-5.89258e-06,-9.19772e-09,11510
-5.95767e-06,-9.29961e-09,11513
3.89737e-06,6.08271e-09,11514
-2.39946e-06,-3.74701e-09,11516
8.64967e-05,1.35014e-07,11551
-0.000150736,-2.35287e-07,11567
0.000143737,2.24361e-07,11575
-0.000214754,-3.35213e-07,11579
0.000144122,2.24963e-07,11581
-7.70918e-06,-1.2033e-08,11582
0.000107198,1.67327e-07,11599
-0.00072867,-1.13739e-06,11607
0.00154865,2.41732e-06,11611
-0.00108818,-1.69855e-06,11613
5.49357e-05,8.57498e-08,11614
0.00054153,8.45283e-07,11623
-0.0015047,-2.34871e-06,11627
0.00108798,1.69824e-06,11629
-5.34762e-05,-8.34715e-08,11630
0.000186465,2.91052e-07,11635
-0.000169332,-2.6431e-07,11637
9.30576e-06,1.45252e-08,11638
9.51775e-06,1.48556e-08,11641
-6.17311e-06,-9.63686e-09,11642
3.79547e-06,5.92337e-09,11644
-1.73503e-05,-2.70828e-08,11663
0.000164084,2.56121e-07,11671
-0.000451526,-7.04793e-07,11675
0.000330422,5.1576e-07,11677
-1.66723e-05,-2.6024e-08,11678
-0.000157103,-2.45225e-07,11687
0.000567982,8.86571e-07,11691
-0.00042767,-6.67558e-07,11693
2.13746e-05,3.33648e-08,11694
-9.70755e-05,-1.51525e-07,11699
9.29869e-05,1.45145e-07,11701
-5.62576e-06,-8.78215e-09,11702
-6.47317e-06,-1.01046e-08,11705
4.02993e-06,6.2903e-09,11706
-2.4362e-06,-3.80359e-09,11708
1.37153e-05,2.14075e-08,11719
-7.03283e-05,-1.09777e-07,11723
5.63617e-05,8.7977e-08,11725
-2.98422e-06,-4.6575e-09,11726
8.53723e-05,1.33259e-07,11731
-8.71632e-05,-1.36054e-07,11733
6.02664e-06,9.40761e-09,11734
8.30958e-06,1.29712e-08,11737
-5.06306e-06,-7.90225e-09,11738
2.94091e-06,4.59148e-09,11740
-4.77834e-05,-7.45846e-08,11747
4.88889e-05,7.63111e-08,11749
-3.45923e-06,-5.39894e-09,11750
-5.45566e-06,-8.51436e-09,11753
3.36204e-06,5.24888e-09,11754
-1.91246e-06,-2.98516e-09,11756
3.31561e-07,5.18265e-10,11761
-2.20838e-07,-3.44304e-10,11762
1.27416e-07,1.99947e-10,11764
-9.67581e-06,-1.51027e-08,11807
1.69896e-05,2.65176e-08,11823
-1.87294e-05,-2.92353e-08,11831
3.21548e-05,5.0191e-08,11835
-2.23425e-05,-3.48745e-08,11837
1.20015e-06,1.87495e-09,11838
-1.66132e-05,-2.59323e-08,11855
0.00013225,2.06433e-07,11863
-0.000322848,-5.03938e-07,11867
0.000234021,3.65289e-07,11869
-1.20117e-05,-1.87488e-08,11870
-0.000105746,-1.65063e-07,11879
0.000339684,5.30219e-07,11883
-0.0002536,-3.95847e-07,11885
1.28317e-05,2.00296e-08,11886
-4.94122e-05,-7.71285e-08,11891
4.68591e-05,7.31421e-08,11893
-2.81035e-06,-4.38656e-09,11894
-2.9953e-06,-4.67555e-09,11897
1.89215e-06,2.95273e-09,11898
-1.15101e-06,-1.79718e-09,11900
1.95514e-05,3.05183e-08,11919
-0.000217817,-3.39994e-07,11927
0.000711848,1.11114e-06,11931
-0.00054081,-8.4416e-07,11933
2.83094e-05,4.41898e-08,11934
0.000228862,3.57235e-07,11943
-0.000976541,-1.5243e-06,11947
0.000762638,1.19041e-06,11949
-4.00176e-05,-6.24648e-08,11950
0.000204399,3.19049e-07,11955
-0.00020517,-3.20252e-07,11957
1.37175e-05,2.1413e-08,11958
1.63572e-05,2.55323e-08,11961
-1.01034e-05,-1.57696e-08,11962
6.01137e-06,9.38212e-09,11964
-2.97272e-05,-4.64018e-08,11975
0.000181368,2.83102e-07,11979
-0.000152001,-2.37262e-07,11981
8.75251e-06,1.36628e-08,11982
-0.000271137,-4.23221e-07,11987
0.00029641,4.6267e-07,11989
-2.33486e-05,-3.64447e-08,11990
-3.38229e-05,-5.27945e-08,11993
2.09315e-05,3.26731e-08,11994
-1.19308e-05,-1.86218e-08,11996
0.000155301,2.42413e-07,12003
-0.0001725,-2.69257e-07,12005
1.41492e-05,2.20853e-08,12006
2.39713e-05,3.74179e-08,12009
-1.51323e-05,-2.36195e-08,12010
8.46132e-06,1.32068e-08,12012
-1.36145e-06,-2.12587e-09,12017
9.83689e-07,1.53643e-09,12018
-5.7222e-07,-8.92804e-10,12020
-1.13195e-05,-1.76684e-08,12047
0.00012839,2.00407e-07,12055
-0.000434252,-6.77831e-07,12059
0.00033286,5.19568e-07,12061
-1.76481e-05,-2.75465e-08,12062
-0.000137615,-2.14806e-07,12071
0.000608656,9.50062e-07,12075
-0.000479698,-7.48768e-07,12077
2.55635e-05,3.99038e-08,12078
-0.000136197,-2.12591e-07,12083
0.00013866,2.16436e-07,12085
-9.5645e-06,-1.493e-08,12086
-1.15612e-05,-1.80455e-08,12089
7.1526e-06,1.11635e-08,12090
-4.23092e-06,-6.60432e-09,12092
2.23425e-05,3.48753e-08,12103
-0.000144122,-2.24963e-07,12107
0.000122641,1.91433e-07,12109
-7.27731e-06,-1.13596e-08,12110
0.000236883,3.69755e-07,12115
-0.000264434,-4.12759e-07,12117
2.16815e-05,3.38434e-08,12118
3.19163e-05,4.98181e-08,12121
-1.99636e-05,-3.11606e-08,12122
1.13178e-05,1.7666e-08,12124
-0.000138233,-2.15769e-07,12131
0.000157485,2.45821e-07,12133
-1.35132e-05,-2.10938e-08,12134
-2.33908e-05,-3.65117e-08,12137
1.49798e-05,2.33826e-08,12138
-8.34239e-06,-1.30194e-08,12140
1.29839e-06,2.02755e-09,12145
-9.75839e-07,-1.52326e-09,12146
5.72219e-07,8.93739e-10,12148
-1.39477e-06,-2.17716e-09,12167
1.05386e-05,1.64491e-08,12171
-9.27892e-06,-1.44829e-08,12173
5.87765e-07,9.17993e-10,12174
-2.39377e-05,-3.73639e-08,12179
2.79098e-05,4.35639e-08,12181
-2.49497e-06,-3.89319e-09,12182
-4.05731e-06,-6.33245e-09,12185
2.65735e-06,4.14786e-09,12186
-1.4878e-06,-2.32232e-09,12188
1.68549e-05,2.6309e-08,12195
-2.02633e-05,-3.16288e-08,12197
1.92498e-06,3.0056e-09,12198
3.7374e-06,5.83314e-09,12201
-2.55037e-06,-3.98037e-09,12202
1.41096e-06,2.20343e-09,12204
-2.35867e-07,-3.6754e-10,12209
2.07231e-07,3.23276e-10,12210
-1.27418e-07,-1.9758e-10,12212
-8.40858e-07,-1.31155e-09,12227
9.92543e-07,1.55088e-09,12229
-9.88648e-08,-1.53551e-10,12230
-2.14727e-07,-3.34746e-10,12233
1.66338e-07,2.60452e-10,12234
-9.28745e-08,-1.44637e-10,12236
1.53452e-07,2.40949e-10,12241
-1.36253e-07,-2.11263e-10,12242
8.62384e-08,1.34875e-10,12244
-9.31246e-08,-1.45302e-10,12257
7.98815e-08,1.24889e-10,12258
-4.9719e-08,-7.7187e-11,12260
8.74797e-06,1.36552e-08,12511
-1.13338e-05,-1.76907e-08,12527
6.03393e-06,9.41817e-09,12535
-6.63463e-06,-1.03553e-08,12539
4.23092e-06,6.60403e-09,12541
-2.40374e-07,-3.76208e-10,12542
1.31401e-06,2.05203e-09,12607
-1.55416e-05,-2.4259e-08,12639
2.01124e-05,3.1394e-08,12655
-1.04646e-05,-1.63341e-08,12663
1.12661e-05,1.75843e-08,12667
-7.1526e-06,-1.11649e-08,12669
4.08136e-07,6.35079e-10,12670
1.22959e-05,1.91928e-08,12703
-1.99926e-05,-3.12075e-08,12719
1.41589e-05,2.21019e-08,12727
-1.78442e-05,-2.78535e-08,12731
1.15612e-05,1.80452e-08,12733
-6.33014e-07,-9.89042e-10,12734
6.85436e-06,1.06993e-08,12751
-3.8009e-05,-5.93287e-08,12759
7.44016e-05,1.16134e-07,12763
-5.1495e-05,-8.03779e-08,12765
2.61042e-06,4.07355e-09,12766
2.69078e-05,4.2001e-08,12775
-6.98035e-05,-1.08957e-07,12779
4.98605e-05,7.78282e-08,12781
-2.44845e-06,-3.82241e-09,12782
8.52022e-06,1.32987e-08,12787
-7.61318e-06,-1.18843e-08,12789
4.10282e-07,6.39217e-10,12790
4.13216e-07,6.4364e-10,12793
-2.73202e-07,-4.28715e-10,12794
1.67844e-07,2.59354e-10,12796
-1.10239e-06,-1.71937e-09,12863
1.66723e-05,2.60242e-08,12895
-2.30739e-05,-3.60168e-08,12911
1.3466e-05,2.102e-08,12919
-1.50087e-05,-2.34272e-08,12923
9.5645e-06,1.49307e-08,12925
-5.42349e-07,-8.46616e-10,12926
-0.000100863,-1.57439e-07,12959
0.000172654,2.695e-07,12975
-0.000147884,-2.30834e-07,12983
0.00020874,3.25825e-07,12987
-0.00013866,-2.16439e-07,12989
7.5365e-06,1.17642e-08,12990
-8.4182e-05,-1.31402e-07,13007
0.000526129,8.21242e-07,13015
-0.00108127,-1.68777e-06,13019
0.000756368,1.18063e-06,13021
-3.8625e-05,-6.02912e-08,13022
-0.000378518,-5.90834e-07,13031
0.00101675,1.58706e-06,13035
-0.00073187,-1.14239e-06,13037
3.63032e-05,5.66671e-08,13038
-0.000121344,-1.89405e-07,13043
0.000109104,1.70301e-07,13045
-5.95767e-06,-9.29896e-09,13046
-5.89258e-06,-9.19893e-09,13049
3.89737e-06,6.08269e-09,13050
-2.39945e-06,-3.74536e-09,13052
8.38095e-05,1.30819e-07,13087
-0.00014566,-2.27363e-07,13103
0.000135869,2.12079e-07,13111
-0.000202556,-3.16174e-07,13115
0.000136197,2.12592e-07,13117
-7.37853e-06,-1.15164e-08,13118
9.27166e-05,1.44724e-07,13135
-0.000621082,-9.69456e-07,13143
0.00132691,2.0712e-06,13147
-0.000935739,-1.46061e-06,13149
4.79114e-05,7.47864e-08,13150
0.000458325,7.15406e-07,13159
-0.00127957,-1.9973e-06,13163
0.000928407,1.44916e-06,13165
-4.63298e-05,-7.23166e-08,13166
0.000157502,2.45846e-07,13171
-0.000143291,-2.23662e-07,13173
8.00634e-06,1.24973e-08,13174
8.01552e-06,1.25115e-08,13177
-5.25874e-06,-8.20821e-09,13178
3.23055e-06,5.04153e-09,13180
-1.26686e-05,-1.97753e-08,13199
0.000118192,1.84488e-07,13207
-0.000325554,-5.08164e-07,13211
0.000239061,3.73155e-07,13213
-1.22959e-05,-1.91921e-08,13214
-0.000112006,-1.74831e-07,13223
0.000405471,6.32907e-07,13227
-0.00030642,-4.78294e-07,13229
1.56386e-05,2.44115e-08,13230
-6.82931e-05,-1.06599e-07,13235
6.56613e-05,1.02491e-07,13237
-4.08281e-06,-6.37217e-09,13238
-4.58193e-06,-7.15206e-09,13241
2.912e-06,4.54664e-09,13242
-1.7558e-06,-2.74083e-09,13244
8.94034e-06,1.39559e-08,13255
-4.57886e-05,-7.14724e-08,13259
3.68255e-05,5.74818e-08,13261
-2.00247e-06,-3.12499e-09,13262
5.45707e-05,8.5182e-08,13267
-5.57952e-05,-8.70911e-08,13269
3.99985e-06,6.24449e-09,13270
5.31501e-06,8.29681e-09,13273
-3.38598e-06,-5.28494e-09,13274
1.96275e-06,3.06521e-09,13276
-3.04811e-05,-4.75779e-08,13283
3.11579e-05,4.86348e-08,13285
-2.28768e-06,-3.56918e-09,13286
-3.45923e-06,-5.40046e-09,13289
2.25604e-06,3.5221e-09,13290
-1.2837e-06,-2.00339e-09,13292
2.18823e-07,3.42662e-10,13297
-1.57819e-07,-2.45756e-10,13298
9.28726e-08,1.46196e-10,13300
1.63102e-06,2.54729e-09,13375
-2.83094e-05,-4.41867e-08,13407
4.17938e-05,6.52373e-08,13423
-2.98224e-05,-4.65499e-08,13431
3.86187e-05,6.02815e-08,13435
-2.55635e-05,-3.99019e-08,13437
1.44654e-06,2.25819e-09,13438
0.000252974,3.94873e-07,13471
-0.00044501,-6.94623e-07,13487
0.000442594,6.90853e-07,13495
-0.000701371,-1.09478e-06,13499
0.000479698,7.48769e-07,13501
-2.63256e-05,-4.10923e-08,13502
0.000283019,4.41769e-07,13519
-0.00198791,-3.10296e-06,13527
0.00449671,7.01898e-06,13531
-0.00322271,-5.03037e-06,13533
0.000168593,2.63159e-07,13534
0.00148493,2.31785e-06,13543
-0.00439679,-6.86302e-06,13547
0.00324378,5.06327e-06,13549
-0.000166532,-2.59943e-07,13550
0.000570093,8.89864e-07,13555
-0.000530557,-8.28151e-07,13557
3.15494e-05,4.92445e-08,13558
3.15494e-05,4.92448e-08,13561
-2.07178e-05,-3.23388e-08,13562
1.26349e-05,1.97202e-08,13564
-0.000278667,-4.34976e-07,13599
0.000493908,7.70951e-07,13615
-0.000527453,-8.23311e-07,13623
0.000879671,1.37309e-06,13627
-0.000608656,-9.50062e-07,13629
3.33941e-05,5.21252e-08,13630
-0.000401031,-6.25974e-07,13647
0.00298433,4.65829e-06,13655
-0.00699952,-1.09257e-05,13659
0.00505411,7.88905e-06,13661
-0.000265344,-4.14179e-07,13662
-0.00228303,-3.56361e-06,13671
0.00700554,1.09351e-05,13675
-0.00520584,-8.12588e-06,13677
0.00026891,4.19745e-07,13678
-0.000937473,-1.46331e-06,13683
0.000880679,1.37466e-06,13685
-5.32832e-05,-8.31698e-08,13686
-5.37741e-05,-8.39368e-08,13689
3.51164e-05,5.48129e-08,13690
-2.13779e-05,-3.33695e-08,13692
7.76321e-05,1.21178e-07,13711
-0.000809012,-1.2628e-06,13719
0.00249967,3.90178e-06,13723
-0.00188685,-2.94521e-06,13725
0.000100863,1.57439e-07,13726
0.000806193,1.2584e-06,13735
-0.00325996,-5.08852e-06,13739
0.00253096,3.95062e-06,13741
-0.000135462,-2.11445e-07,13742
0.000614491,9.59167e-07,13747
-0.000610722,-9.53288e-07,13749
4.13083e-05,6.44788e-08,13750
4.65479e-05,7.26567e-08,13753
-2.98712e-05,-4.66264e-08,13754
1.78052e-05,2.77915e-08,13756
-7.9505e-05,-1.241e-07,13767
0.000456954,7.13269e-07,13771
-0.00037935,-5.92136e-07,13773
2.21633e-05,3.45958e-08,13774
-0.000612384,-9.5588e-07,13779
0.000657402,1.02615e-06,13781
-5.25895e-05,-8.20893e-08,13782
-7.12129e-05,-1.11158e-07,13785
4.68992e-05,7.32051e-08,13786
-2.68332e-05,-4.18836e-08,13788
0.000346103,5.40238e-07,13795
-0.000375004,-5.85348e-07,13797
3.11579e-05,4.86351e-08,13798
4.88889e-05,7.6313e-08,13801
-3.32697e-05,-5.19314e-08,13802
1.87268e-05,2.923e-08,13804
-2.99249e-06,-4.67171e-09,13809
2.3657e-06,3.69271e-09,13810
-1.41096e-06,-2.20254e-09,13812
4.59984e-05,7.17995e-08,13855
-8.12589e-05,-1.26838e-07,13871
9.80226e-05,1.53005e-07,13879
-0.000190976,-2.98098e-07,13883
0.000137615,2.14806e-07,13885
-7.71647e-06,-1.20451e-08,13886
8.85794e-05,1.38266e-07,13903
-0.000777714,-1.21395e-06,13911
0.00213479,3.33222e-06,13915
-0.00159753,-2.49361e-06,13917
8.671e-05,1.35349e-07,13918
0.000646136,1.00856e-06,13927
-0.00233,-3.63693e-06,13931
0.00179524,2.80221e-06,13933
-9.71645e-05,-1.51666e-07,13934
0.000372395,5.81276e-07,13939
-0.000366437,-5.71976e-07,13941
2.45594e-05,3.8335e-08,13942
2.55741e-05,3.99185e-08,13945
-1.65796e-05,-2.58795e-08,13946
9.9496e-06,1.553e-08,13948
-0.000125996,-1.96669e-07,13967
0.00156372,2.44084e-06,13975
-0.00573456,-8.95115e-06,13979
0.00449396,7.01469e-06,13981
-0.000252974,-3.94871e-07,13982
-0.00171265,-2.6733e-06,13991
0.00811288,1.26635e-05,13995
-0.00652731,-1.01886e-05,13997
0.000371368,5.79675e-07,13998
-0.00184999,-2.88767e-06,14003
0.00192106,2.99861e-06,14005
-0.000143929,-2.24661e-07,14006
-0.000165759,-2.58734e-07,14009
0.000108005,1.68586e-07,14010
-6.33743e-05,-9.89216e-08,14012
0.000247258,3.85948e-07,14023
-0.00165292,-2.58007e-06,14027
0.00142956,2.23142e-06,14029
-9.12149e-05,-1.42378e-07,14030
0.00268164,4.18581e-06,14035
-0.00304325,-4.75026e-06,14037
0.000272735,4.25716e-07,14038
0.000378636,5.91018e-07,14041
-0.000258196,-4.0302e-07,14042
0.000145917,2.27763e-07,14044
-0.00155386,-2.42544e-06,14051
0.00179681,2.80467e-06,14053
-0.000168903,-2.63641e-07,14054
-0.000275117,-4.29435e-07,14057
0.00019485,3.04142e-07,14058
-0.000108699,-1.69669e-07,14060
1.60832e-05,2.51061e-08,14065
-1.38171e-05,-2.15672e-08,14066
8.34239e-06,1.30208e-08,14068
7.48618e-05,1.16854e-07,14095
-0.000952804,-1.48725e-06,14103
0.00362293,5.65509e-06,14107
-0.00286502,-4.47205e-06,14109
0.000163796,2.55672e-07,14110
0.00106829,1.66752e-06,14119
-0.00524129,-8.18121e-06,14123
0.00425473,6.64127e-06,14125
-0.000246326,-3.84494e-07,14126
0.00127673,1.99287e-06,14131
-0.00134346,-2.09702e-06,14133
0.00010378,1.61991e-07,14134
0.000120889,1.88698e-07,14137
-7.93618e-05,-1.23877e-07,14138
4.63276e-05,7.23122e-08,14140
-0.000193638,-3.02252e-07,14151
0.0013587,2.12082e-06,14155
-0.0011915,-1.85983e-06,14157
7.83039e-05,1.22226e-07,14158
-0.00240812,-3.75888e-06,14163
0.00278068,4.34041e-06,14165
-0.000257923,-4.02594e-07,14166
-0.000362424,-5.65713e-07,14169
0.000250583,3.91138e-07,14170
-0.000141151,-2.20323e-07,14172
0.00142202,2.21965e-06,14179
-0.00167871,-2.62033e-06,14181
0.000163865,2.55779e-07,14182
0.000271175,4.23282e-07,14185
-0.000195192,-3.04677e-07,14186
0.000108699,1.6967e-07,14188
-1.55815e-05,-2.43221e-08,14193
1.3897e-05,2.16914e-08,14194
-8.46132e-06,-1.32063e-08,14196
1.19008e-05,1.85769e-08,14215
-9.8663e-05,-1.54004e-07,14219
8.98064e-05,1.40181e-07,14221
-6.36766e-06,-9.93902e-09,14222
0.000244289,3.81314e-07,14227
-0.000294214,-4.59243e-07,14229
2.98006e-05,4.65149e-08,14230
4.60872e-05,7.19381e-08,14233
-3.3857e-05,-5.28461e-08,14234
1.89432e-05,2.95698e-08,14236
-0.000175078,-2.73281e-07,14243
0.000217336,3.39243e-07,14245
-2.34661e-05,-3.66285e-08,14246
-4.3296e-05,-6.75809e-08,14249
3.36291e-05,5.24914e-08,14250
-1.87268e-05,-2.923e-08,14252
2.87023e-06,4.48078e-09,14257
-2.99644e-06,-4.67777e-09,14258
1.91246e-06,2.98601e-09,14260
-1.07049e-05,-1.6709e-08,14277
1.22133e-06,1.90705e-09,14278
2.54164e-06,3.96765e-09,14281
-2.26476e-06,-3.53479e-09,14282
1.2837e-06,2.00468e-09,14284
-1.81727e-06,-2.8361e-09,14289
1.88167e-06,2.93774e-09,14290
-1.22441e-06,-1.9104e-09,14292
1.10145e-06,1.71935e-09,14305
-1.09703e-06,-1.713e-09,14306
7.00078e-07,1.09347e-09,14308
-1.00561e-06,-1.56922e-09,14399
1.76481e-05,2.75468e-08,14431
-2.63445e-05,-4.11204e-08,14447
1.95483e-05,3.05118e-08,14455
-2.63445e-05,-4.11219e-08,14459
1.76481e-05,2.75477e-08,14461
-1.00561e-06,-1.5693e-09,14462
-0.000163796,-2.55672e-07,14495
0.000289162,4.51357e-07,14511
-0.000295038,-4.60531e-07,14519
0.000482146,7.5259e-07,14523
-0.00033286,-5.19567e-07,14525
1.84424e-05,2.87884e-08,14526
-0.000190347,-2.97114e-07,14543
0.00137384,2.14445e-06,14551
-0.00321407,-5.01689e-06,14555
0.0023259,3.63053e-06,14557
-0.000123534,-1.92827e-07,14558
-0.00103816,-1.62048e-06,14567
0.00318642,4.97373e-06,14571
-0.00237512,-3.70736e-06,14573
0.00012438,1.94147e-07,14574
-0.000429007,-6.69641e-07,14579
0.000405236,6.32536e-07,14581
-2.51441e-05,-3.92491e-08,14582
-2.51441e-05,-3.92481e-08,14585
1.6594e-05,2.59007e-08,14586
-1.00622e-05,-1.57077e-08,14588
0.000185632,2.89756e-07,14623
-0.000329707,-5.14644e-07,14639
0.000360656,5.62954e-07,14647
-0.000621406,-9.69962e-07,14651
0.000434252,6.77832e-07,14653
-2.40899e-05,-3.76015e-08,14654
0.000276327,4.31323e-07,14671
-0.00211206,-3.29674e-06,14679
0.0051259,8.0011e-06,14683
-0.00373768,-5.8342e-06,14685
0.000199391,3.11233e-07,14686
0.0016341,2.55069e-06,14695
-0.00519673,-8.11166e-06,14699
0.00390131,6.08961e-06,14701
-0.000205664,-3.21024e-07,14702
0.000720688,1.12493e-06,14707
-0.000686565,-1.07167e-06,14709
4.32517e-05,6.75111e-08,14710
4.35574e-05,6.79889e-08,14713
-2.8611e-05,-4.46603e-08,14714
1.73245e-05,2.70421e-08,14716
-5.76425e-05,-8.99761e-08,14735
0.000622141,9.71111e-07,14743
-0.00200616,-3.13145e-06,14747
0.00153187,2.39112e-06,14749
-8.38095e-05,-1.30819e-07,14750
-0.000630027,-9.83418e-07,14759
0.00265454,4.14351e-06,14763
-0.00208459,-3.25388e-06,14765
0.000114625,1.78921e-07,14766
-0.000520939,-8.13142e-07,14771
0.000525133,8.19691e-07,14773
-3.70584e-05,-5.78451e-08,14774
-4.14989e-05,-6.4776e-08,14777
2.70058e-05,4.21519e-08,14778
-1.60061e-05,-2.49844e-08,14780
6.54304e-05,1.02131e-07,14791
-0.000392374,-6.12463e-07,14795
0.000330202,5.15419e-07,14797
-2.00477e-05,-3.12921e-08,14798
0.000549677,8.58e-07,14803
-0.000601369,-9.38687e-07,14805
5.07425e-05,7.92047e-08,14806
6.8357e-05,1.067e-07,14809
-4.64082e-05,-7.24378e-08,14810
2.64262e-05,4.12485e-08,14812
-0.000312593,-4.87931e-07,14819
0.000346103,5.40238e-07,14821
-3.04811e-05,-4.75792e-08,14822
-4.77834e-05,-7.45869e-08,14825
3.37441e-05,5.26716e-08,14826
-1.89432e-05,-2.95681e-08,14828
2.93703e-06,4.58511e-09,14833
-2.46563e-06,-3.84915e-09,14834
1.4878e-06,2.32252e-09,14836
-3.937e-05,-6.14534e-08,14879
6.94758e-05,1.08446e-07,14895
-8.59567e-05,-1.34171e-07,14903
0.000175697,2.74247e-07,14907
-0.00012839,-2.00406e-07,14909
7.33456e-06,1.14481e-08,14910
-7.85741e-05,-1.22647e-07,14927
0.000716504,1.1184e-06,14935
-0.00205748,-3.21155e-06,14939
0.00155832,2.43241e-06,14941
-8.64967e-05,-1.35014e-07,14942
-0.00060519,-9.44651e-07,14951
0.00228089,3.56028e-06,14955
-0.00177848,-2.77605e-06,14957
9.8843e-05,1.54285e-07,14958
-0.000379327,-5.92097e-07,14963
0.000378627,5.91004e-07,14965
-2.64719e-05,-4.13204e-08,14966
-2.7384e-05,-4.2744e-08,14969
1.79689e-05,2.80472e-08,14970
-1.07227e-05,-1.67387e-08,14972
0.000123281,1.92431e-07,14991
-0.00158941,-2.48094e-06,14999
0.00607337,9.48001e-06,15003
-0.00481383,-7.51397e-06,15005
0.000278667,4.34975e-07,15006
0.00176822,2.76004e-06,15015
-0.00869368,-1.35701e-05,15019
0.00707195,1.10387e-05,15021
-0.000414897,-6.47618e-07,15022
0.00205507,3.20779e-06,15027
-0.00216253,-3.37553e-06,15029
0.000169125,2.63989e-07,15030
0.000192844,3.01012e-07,15033
-0.000128398,-2.00418e-07,15034
7.49445e-05,1.16981e-07,15036
-0.000267209,-4.1709e-07,15047
0.00185082,2.88898e-06,15051
-0.00162136,-2.5308e-06,15053
0.000107726,1.68151e-07,15054
-0.00312753,-4.88181e-06,15059
0.00360408,5.62567e-06,15061
-0.000339341,-5.29681e-07,15062
-0.000465355,-7.26379e-07,15065
0.000329255,5.13939e-07,15066
-0.000185577,-2.89669e-07,15068
0.00182532,2.84917e-06,15075
-0.00214593,-3.34962e-06,15077
0.000212493,3.31684e-07,15078
0.000342402,5.34461e-07,15081
-0.000253083,-3.9504e-07,15082
0.000141151,2.20324e-07,15084
-2.02468e-05,-3.16038e-08,15089
1.85028e-05,2.88799e-08,15090
-1.13178e-05,-1.76656e-08,15092
-7.48618e-05,-1.16854e-07,15119
0.00099229,1.54888e-06,15127
-0.00393719,-6.14562e-06,15131
0.00315063,4.91786e-06,15133
-0.000185632,-2.89756e-07,15134
-0.00113177,-1.7666e-06,15143
0.00576674,9.0014e-06,15147
-0.00473481,-7.39064e-06,15149
0.000283218,4.42079e-07,15150
-0.00145923,-2.27773e-06,15155
0.00155666,2.42982e-06,15157
-0.00012576,-1.963e-07,15158
-0.000144947,-2.2625e-07,15161
9.75376e-05,1.52247e-07,15162
-5.66427e-05,-8.84129e-08,15164
0.000215581,3.36504e-07,15175
-0.00156666,-2.44542e-06,15179
0.00139211,2.17296e-06,15181
-9.54666e-05,-1.49015e-07,15182
0.00289511,4.51903e-06,15187
-0.0033936,-5.29712e-06,15189
0.000330988,5.16644e-07,15190
0.000458684,7.15966e-07,15193
-0.000330127,-5.15299e-07,15194
0.000185577,2.89668e-07,15196
-0.00172359,-2.69037e-06,15203
0.00206726,3.22683e-06,15205
-0.000212674,-3.31964e-07,15206
-0.000347442,-5.42328e-07,15209
0.000261875,4.08764e-07,15210
-0.000145917,-2.27762e-07,15212
2.02874e-05,3.1667e-08,15217
-1.93176e-05,-3.01534e-08,15218
1.19308e-05,1.8623e-08,15220
-1.33837e-05,-2.08916e-08,15239
0.000116185,1.81355e-07,15243
-0.000107579,-1.67921e-07,15245
8.04964e-06,1.25658e-08,15246
-0.000304194,-4.74821e-07,15251
0.000372476,5.81403e-07,15253
-3.99782e-05,-6.2401e-08,15254
-6.09078e-05,-9.50707e-08,15257
4.7198e-05,7.36706e-08,15258
-2.64262e-05,-4.12471e-08,15260
0.000221264,3.45375e-07,15267
-0.000279221,-4.3584e-07,15269
3.2005e-05,4.99565e-08,15270
5.81859e-05,9.08241e-08,15273
-4.79893e-05,-7.49047e-08,15274
2.68332e-05,4.18853e-08,15276
-4.00396e-06,-6.24953e-09,15281
4.52384e-06,7.06121e-09,15282
-2.94091e-06,-4.59013e-09,15284
1.41682e-05,2.21161e-08,15301
-1.73541e-06,-2.70862e-09,15302
-3.58213e-06,-5.59138e-09,15305
3.42921e-06,5.35271e-09,15306
-1.96275e-06,-3.0626e-09,15308
2.55595e-06,3.98987e-09,15313
-2.89673e-06,-4.522e-09,15314
1.92883e-06,3.01133e-09,15316
-1.54208e-06,-2.40738e-09,15329
1.67864e-06,2.61961e-09,15330
-1.09703e-06,-1.71157e-09,15332
2.79753e-06,4.36652e-09,15391
-4.88396e-06,-7.62399e-09,15407
6.4005e-06,9.99085e-09,15415
-1.49203e-05,-2.32887e-08,15419
1.13195e-05,1.76695e-08,15421
-6.81386e-07,-1.06168e-09,15422
6.4005e-06,9.99119e-09,15439
-6.50117e-05,-1.01479e-07,15447
0.000210179,3.28075e-07,15451
-0.000164192,-2.56289e-07,15453
9.67581e-06,1.51035e-08,15454
5.77336e-05,9.01182e-08,15463
-0.000244235,-3.81232e-07,15467
0.000196454,3.06649e-07,15469
-1.17266e-05,-1.83033e-08,15470
4.59555e-05,7.17329e-08,15475
-4.77694e-05,-7.45635e-08,15477
3.75985e-06,5.86941e-09,15478
3.86012e-06,6.02522e-09,15481
-2.64775e-06,-4.13249e-09,15482
1.55374e-06,2.42501e-09,15484
-1.49203e-05,-2.32891e-08,15503
0.000210179,3.28072e-07,15511
-0.000893541,-1.39474e-06,15515
0.000731297,1.14149e-06,15517
-4.59984e-05,-7.17981e-08,15518
-0.000244235,-3.81231e-07,15527
0.00132568,2.06928e-06,15531
-0.00111328,-1.73773e-06,15533
7.15185e-05,1.11634e-07,15534
-0.000357594,-5.58175e-07,15539
0.000392713,6.12994e-07,15541
-3.50134e-05,-5.46532e-08,15542
-3.93273e-05,-6.13867e-08,15545
2.81737e-05,4.39766e-08,15546
-1.62005e-05,-2.52875e-08,15548
4.59555e-05,7.17324e-08,15559
-0.000357594,-5.58173e-07,15563
0.000327218,5.1076e-07,15565
-2.47482e-05,-3.86288e-08,15566
0.000717844,1.12049e-06,15571
-0.000869551,-1.3573e-06,15573
9.49778e-05,1.48253e-07,15574
0.000127335,1.98759e-07,15577
-0.000100933,-1.57547e-07,15578
5.66427e-05,8.8414e-08,15580
-0.000433867,-6.77231e-07,15587
0.000538173,8.40043e-07,15589
-6.22465e-05,-9.71615e-08,15590
-9.85197e-05,-1.53781e-07,15593
8.27813e-05,1.29213e-07,15594
-4.63276e-05,-7.23142e-08,15596
6.03393e-06,9.41828e-09,15601
-6.63463e-06,-1.03551e-08,15602
4.23092e-06,6.60316e-09,15604
1.13195e-05,1.76683e-08,15631
-0.000164192,-2.5629e-07,15639
0.000731297,1.14149e-06,15643
-0.00060672,-9.47037e-07,15645
3.937e-05,6.14543e-08,15646
0.000196454,3.06648e-07,15655
-0.00111328,-1.73773e-06,15659
0.000947152,1.47842e-06,15661
-6.28277e-05,-9.80682e-08,15662
0.000327218,5.10759e-07,15667
-0.000365765,-5.70928e-07,15669
3.40798e-05,5.31959e-08,15670
3.86336e-05,6.03043e-08,15673
-2.83054e-05,-4.4183e-08,15674
1.62005e-05,2.5288e-08,15676
-4.77694e-05,-7.45643e-08,15687
0.000392713,6.12992e-07,15691
-0.000365765,-5.70927e-07,15693
2.88505e-05,4.50332e-08,15694
-0.000869551,-1.3573e-06,15699
0.00107133,1.67226e-06,15701
-0.000121659,-1.89898e-07,15702
-0.000164169,-2.56254e-07,15705
0.000133611,2.08555e-07,15706
-7.49445e-05,-1.16981e-07,15708
0.000538173,8.40043e-07,15715
-0.000679996,-1.06142e-06,15717
8.1883e-05,1.27812e-07,15718
0.00013073,2.04058e-07,15721
-0.000113066,-1.76485e-07,15722
6.33743e-05,9.89226e-08,15724
-8.06129e-06,-1.25815e-08,15729
9.30973e-06,1.45304e-08,15730
-6.01137e-06,-9.38323e-09,15732
3.86012e-06,6.02468e-09,15751
-3.93273e-05,-6.13861e-08,15755
3.86336e-05,6.03053e-08,15757
-3.43585e-06,-5.36195e-09,15758
0.000127335,1.98759e-07,15763
-0.000164169,-2.56255e-07,15765
2.09083e-05,3.26351e-08,15766
3.10263e-05,4.8429e-08,15769
-2.83333e-05,-4.42242e-08,15770
1.60061e-05,2.49846e-08,15772
-9.85197e-05,-1.5378e-07,15779
0.00013073,2.04058e-07,15781
-1.78506e-05,-2.78622e-08,15782
-3.16621e-05,-4.94211e-08,15785
3.12611e-05,4.87946e-08,15786
-1.78052e-05,-2.77914e-08,15788
2.50551e-06,3.91097e-09,15793
-3.54551e-06,-5.53349e-09,15794
2.4362e-06,3.80195e-09,15796
-8.06129e-06,-1.2583e-08,15813
1.21825e-06,1.90159e-09,15814
2.50551e-06,3.91083e-09,15817
-2.96142e-06,-4.62205e-09,15818
1.7558e-06,2.73983e-09,15820
-1.79697e-06,-2.80434e-09,15825
2.71347e-06,4.23513e-09,15826
-1.95788e-06,-3.05587e-09,15828
1.05803e-06,1.65236e-09,15841
-1.54208e-06,-2.40655e-09,15842
1.10145e-06,1.71939e-09,15844
-1.17266e-05,-1.83054e-08,15911
7.15185e-05,1.11633e-07,15915
-6.28277e-05,-9.80689e-08,15917
4.57979e-06,7.14858e-09,15918
-2.47482e-05,-3.86298e-08,15923
2.88505e-05,4.50326e-08,15925
-3.01954e-06,-4.71287e-09,15926
-3.43585e-06,-5.36487e-09,15929
2.73018e-06,4.25999e-09,15930
-1.55374e-06,-2.42539e-09,15932
3.75985e-06,5.86819e-09,15943
-3.50134e-05,-5.46533e-08,15947
3.40798e-05,5.31959e-08,15949
-3.01954e-06,-4.71312e-09,15950
9.49778e-05,1.48251e-07,15955
-0.000121659,-1.89899e-07,15957
1.54607e-05,2.41325e-08,15958
2.09083e-05,3.26369e-08,15961
-1.89771e-05,-2.96221e-08,15962
1.07227e-05,1.67374e-08,15964
-6.22465e-05,-9.71623e-08,15971
8.1883e-05,1.27812e-07,15973
-1.11044e-05,-1.73327e-08,15974
-1.78506e-05,-2.78622e-08,15977
1.74855e-05,2.72924e-08,15978
-9.9496e-06,-1.55315e-08,15980
1.21825e-06,1.90219e-09,15985
-1.69185e-06,-2.63973e-09,15986
1.15101e-06,1.7969e-09,15988
-2.64775e-06,-4.13359e-09,16007
2.81737e-05,4.39752e-08,16011
-2.83054e-05,-4.41824e-08,16013
2.73018e-06,4.26183e-09,16014
-0.000100933,-1.57546e-07,16019
0.000133611,2.08553e-07,16021
-1.89771e-05,-2.96212e-08,16022
-2.83333e-05,-4.42258e-08,16025
2.99965e-05,4.68228e-08,16026
-1.73245e-05,-2.70408e-08,16028
8.27813e-05,1.29213e-07,16035
-0.000113066,-1.76485e-07,16037
1.74855e-05,2.72935e-08,16038
3.12611e-05,4.87954e-08,16041
-3.64354e-05,-5.68708e-08,16042
2.13779e-05,3.33684e-08,16044
-2.96141e-06,-4.62267e-09,16049
5.1917e-06,8.10427e-09,16050
-3.79547e-06,-5.92413e-09,16052
9.30973e-06,1.4531e-08,16069
-1.69185e-06,-2.64101e-09,16070
-3.54551e-06,-5.53537e-09,16073
5.1917e-06,8.10459e-09,16074
-3.23055e-06,-5.04255e-09,16076
2.71347e-06,4.23502e-09,16081
-5.64226e-06,-8.80625e-09,16082
4.48697e-06,7.00299e-09,16084
-1.54208e-06,-2.40753e-09,16097
3.18122e-06,4.96438e-09,16098
-2.54837e-06,-3.97789e-09,16100
1.55374e-06,2.42384e-09,16135
-1.62005e-05,-2.52877e-08,16139
1.62005e-05,2.52878e-08,16141
-1.55374e-06,-2.42584e-09,16142
5.66427e-05,8.84138e-08,16147
-7.49445e-05,-1.16982e-07,16149
1.07227e-05,1.67383e-08,16150
1.60061e-05,2.4985e-08,16153
-1.73245e-05,-2.70421e-08,16154
1.00622e-05,1.57063e-08,16156
-4.63276e-05,-7.23132e-08,16163
6.33743e-05,9.89222e-08,16165
-9.9496e-06,-1.55303e-08,16166
-1.78052e-05,-2.77911e-08,16169
2.13779e-05,3.33681e-08,16170
-1.26349e-05,-1.972e-08,16172
1.7558e-06,2.74176e-09,16177
-3.23055e-06,-5.04202e-09,16178
2.39945e-06,3.74462e-09,16180
-6.01137e-06,-9.38374e-09,16197
1.15101e-06,1.79622e-09,16198
2.4362e-06,3.8028e-09,16201
-3.79547e-06,-5.92429e-09,16202
2.39945e-06,3.7454e-09,16204
-1.95788e-06,-3.05687e-09,16209
4.48697e-06,7.00429e-09,16210
-3.67412e-06,-5.73486e-09,16212
1.10145e-06,1.71808e-09,16225
-2.54837e-06,-3.9787e-09,16226
2.11747e-06,3.30482e-09,16228
3.44097e-07,5.3751e-10,16261
-6.81189e-08,-1.06899e-10,16262
-1.56121e-07,-2.44265e-10,16265
2.58845e-07,4.03798e-10,16266
-1.67843e-07,-2.61399e-10,16268
1.51434e-07,2.37302e-10,16273
-4.02582e-07,-6.28677e-10,16274
3.46984e-07,5.41294e-10,16276
-9.31233e-08,-1.45746e-10,16289
2.66246e-07,4.16229e-10,16290
-2.37362e-07,-3.69217e-10,16292
1.12765e-08,1.83769e-11,16324
-1.83309e-08,-2.89052e-11,16767
2.72214e-08,4.29264e-11,16831
-1.81496e-07,-2.83736e-10,16863
2.07272e-07,3.23499e-10,16879
-7.19522e-08,-1.1277e-10,16887
5.93006e-08,9.13419e-11,16891
-3.54229e-08,-5.69874e-11,16893
2.1261e-09,2.5864e-12,16894
2.72957e-08,4.34153e-11,17023
-5.4314e-07,-8.48535e-10,17087
3.7888e-06,5.9146e-09,17119
-4.14305e-06,-6.46672e-09,17135
1.29839e-06,2.02554e-09,17143
-9.75838e-07,-1.5236e-09,17147
5.7222e-07,8.9286e-10,17149
-3.57542e-08,-5.68169e-11,17150
6.29487e-07,9.83165e-10,17215
-5.4646e-06,-8.52939e-09,17247
6.18227e-06,9.64959e-09,17263
-2.09265e-06,-3.26553e-09,17271
1.65958e-06,2.58937e-09,17275
-9.83689e-07,-1.53581e-09,17277
6.0292e-08,9.31299e-11,17278
2.44845e-06,3.82139e-09,17311
-3.69255e-06,-5.76315e-09,17327
2.02055e-06,3.15284e-09,17335
-2.17491e-06,-3.39527e-09,17339
1.36145e-06,2.12518e-09,17341
-7.60579e-08,-1.18685e-10,17342
8.68102e-07,1.35541e-09,17359
-3.88816e-06,-6.06817e-09,17367
6.79251e-06,1.06023e-08,17371
-4.5985e-06,-7.17804e-09,17373
2.32757e-07,3.63163e-10,17374
2.61041e-06,4.07527e-09,17383
-6.08525e-06,-9.49836e-09,17387
4.26218e-06,6.65263e-09,17389
-2.07271e-07,-3.24361e-10,17390
7.14426e-07,1.11506e-09,17395
-6.23723e-07,-9.74806e-10,17397
3.22113e-08,4.9934e-11,17398
3.20489e-08,4.88812e-11,17401
-2.15187e-08,-3.5223e-11,17402
1.32333e-08,2.01778e-11,17404
-1.89381e-07,-2.93897e-10,17535
3.96022e-06,6.18295e-09,17599
-3.39524e-05,-5.29961e-08,17631
3.98123e-05,6.21425e-08,17647
-1.55815e-05,-2.43215e-08,17655
1.3897e-05,2.16915e-08,17659
-8.46132e-06,-1.32084e-08,17661
5.01018e-07,7.81134e-10,17662
-5.71791e-06,-8.92498e-09,17727
5.86337e-05,9.15227e-08,17759
-6.99565e-05,-1.09195e-07,17775
2.79055e-05,4.35577e-08,17783
-2.48892e-05,-3.88505e-08,17787
1.51323e-05,2.36208e-08,17789
-8.95122e-07,-1.39686e-09,17790
-3.63032e-05,-5.66659e-08,17823
5.64978e-05,8.81891e-08,17839
-3.3839e-05,-5.28188e-08,17847
3.80128e-05,5.93345e-08,17851
-2.39713e-05,-3.74171e-08,17853
1.32568e-06,2.06907e-09,17854
-1.57531e-05,-2.45892e-08,17871
7.55273e-05,1.17893e-07,17879
-0.000134658,-2.10191e-07,17883
9.13212e-05,1.42546e-07,17885
-4.59849e-06,-7.1784e-09,17886
-5.1495e-05,-8.03792e-08,17895
0.00012208,1.90557e-07,17899
-8.55718e-05,-1.3357e-07,17901
4.14305e-06,6.46813e-09,17902
-1.42945e-05,-2.23118e-08,17907
1.25028e-05,1.95158e-08,17909
-6.45083e-07,-1.00733e-09,17910
-6.46609e-07,-1.01045e-09,17913
4.32875e-07,6.74512e-10,17914
-2.66246e-07,-4.16301e-10,17916
2.54584e-06,3.97685e-09,17983
-3.54469e-05,-5.53289e-08,18015
4.65323e-05,7.26338e-08,18031
-2.29509e-05,-3.58245e-08,18039
2.28106e-05,3.56056e-08,18043
-1.41492e-05,-2.20865e-08,18045
8.15017e-07,1.27269e-09,18046
0.000166532,2.59943e-07,18079
-0.000276719,-4.31934e-07,18095
0.000206636,3.22544e-07,18103
-0.000265419,-4.14298e-07,18107
0.0001725,2.69258e-07,18109
-9.41086e-06,-1.46897e-08,18110
0.000113758,1.77568e-07,18127
-0.000642616,-1.00307e-06,18135
0.00123676,1.93048e-06,18139
-0.000852581,-1.33081e-06,18141
4.32652e-05,6.75336e-08,18142
0.000451817,7.05246e-07,18151
-0.00114199,-1.78254e-06,18155
0.000811241,1.26628e-06,18157
-3.98123e-05,-6.21443e-08,18158
0.000132929,2.07491e-07,18163
-0.000117926,-1.84072e-07,18165
6.27076e-06,9.78737e-09,18166
6.20604e-06,9.68681e-09,18169
-4.13856e-06,-6.461e-09,18170
2.54837e-06,3.97642e-09,18172
-0.00012438,-1.94146e-07,18207
0.000210718,3.28914e-07,18223
-0.000172672,-2.69527e-07,18231
0.000235659,3.67844e-07,18235
-0.000155301,-2.42412e-07,18237
8.43251e-06,1.31635e-08,18238
-0.000113984,-1.77919e-07,18255
0.000698109,1.08969e-06,18263
-0.00140465,-2.19253e-06,18267
0.000977606,1.52596e-06,18269
-4.97707e-05,-7.76878e-08,18270
-0.000504185,-7.86989e-07,18279
0.0013314,2.0782e-06,18283
-0.000954589,-1.49003e-06,18285
4.71897e-05,7.36601e-08,18286
-0.000159472,-2.48921e-07,18291
0.000143377,2.23798e-07,18293
-7.83104e-06,-1.22238e-08,18294
-7.83104e-06,-1.2224e-08,18297
5.17599e-06,8.07806e-09,18298
-3.18122e-06,-4.96564e-09,18300
1.33837e-05,2.08913e-08,18319
-0.000116185,-1.81355e-07,18327
0.000304194,4.74821e-07,18331
-0.000221264,-3.45374e-07,18333
1.13338e-05,1.76918e-08,18334
0.000107579,1.67921e-07,18343
-0.000372476,-5.81403e-07,18347
0.000279221,4.35842e-07,18349
-1.41682e-05,-2.21152e-08,18350
6.09078e-05,9.50714e-08,18355
-5.81859e-05,-9.0822e-08,18357
3.58214e-06,5.59165e-09,18358
4.00396e-06,6.24979e-09,18361
-2.55595e-06,-3.98957e-09,18362
1.54208e-06,2.4081e-09,18364
-8.04964e-06,-1.25639e-08,18375
3.99782e-05,6.24031e-08,18379
-3.2005e-05,-4.99569e-08,18381
1.73541e-06,2.70943e-09,18382
-4.7198e-05,-7.36713e-08,18387
4.79893e-05,7.49068e-08,18389
-3.42921e-06,-5.35434e-09,18390
-4.52384e-06,-7.06194e-09,18393
2.89673e-06,4.52231e-09,18394
-1.67864e-06,-2.61911e-09,18396
2.64262e-05,4.12497e-08,18403
-2.68332e-05,-4.18836e-08,18405
1.96275e-06,3.06501e-09,18406
2.94091e-06,4.5902e-09,18409
-1.92883e-06,-3.01113e-09,18410
1.09702e-06,1.71196e-09,18412
-1.87693e-07,-2.92754e-10,18417
1.35749e-07,2.12701e-10,18418
-7.98829e-08,-1.24238e-10,18420
2.13606e-07,3.35221e-10,18559
-4.29291e-06,-6.69954e-09,18623
3.90581e-05,6.09671e-08,18655
-4.71897e-05,-7.3659e-08,18671
2.02874e-05,3.16666e-08,18679
-1.93176e-05,-3.01533e-08,18683
1.19308e-05,1.86234e-08,18685
-6.96424e-07,-1.08819e-09,18686
6.39126e-06,9.97792e-09,18751
-6.85058e-05,-1.06931e-07,18783
8.36942e-05,1.30639e-07,18799
-3.60759e-05,-5.63119e-08,18807
3.40004e-05,5.30713e-08,18811
-2.09315e-05,-3.2673e-08,18813
1.22424e-06,1.91031e-09,18814
4.63298e-05,7.23168e-08,18847
-7.30743e-05,-1.14064e-07,18863
4.59233e-05,7.16824e-08,18871
-5.32492e-05,-8.31183e-08,18875
3.38229e-05,5.27955e-08,18877
-1.86572e-06,-2.91289e-09,18878
2.16242e-05,3.37544e-08,18895
-0.000108035,-1.68633e-07,18903
0.000197517,3.08307e-07,18907
-0.000134658,-2.1019e-07,18909
6.79251e-06,1.06022e-08,18910
7.44016e-05,1.16135e-07,18919
-0.000180664,-2.82e-07,18923
0.000127243,1.98616e-07,18925
-6.18227e-06,-9.65106e-09,18926
2.13389e-05,3.33079e-08,18931
-1.87607e-05,-2.92839e-08,18933
9.77786e-07,1.52503e-09,18934
9.80259e-07,1.52967e-09,18937
-6.54469e-07,-1.02291e-09,18938
4.02582e-07,6.28052e-10,18940
-3.7425e-06,-5.84135e-09,19007
5.34762e-05,8.3472e-08,19039
-7.11979e-05,-1.11134e-07,19055
3.66404e-05,5.71936e-08,19063
-3.74161e-05,-5.84036e-08,19067
2.33486e-05,3.64465e-08,19069
-1.33996e-06,-2.09338e-09,19070
-0.00026891,-4.19745e-07,19103
0.000450167,7.02674e-07,19119
-0.000346757,-5.41261e-07,19127
0.000454185,7.08946e-07,19131
-0.00029641,-4.62674e-07,19133
1.61542e-05,2.52153e-08,19134
-0.000192094,-2.99843e-07,19151
0.00110891,1.73091e-06,19159
-0.00216031,-3.37206e-06,19163
0.00149275,2.33006e-06,19165
-7.5788e-05,-1.18299e-07,19166
-0.000783077,-1.22232e-06,19175
0.00200081,3.12309e-06,19179
-0.00142413,-2.22294e-06,19181
6.99565e-05,1.09196e-07,19182
-0.000233472,-3.64428e-07,19187
0.000207441,3.23794e-07,19189
-1.10524e-05,-1.72523e-08,19190
-1.09337e-05,-1.70674e-08,19193
7.2838e-06,1.13684e-08,19194
-4.48697e-06,-7.00452e-09,19196
0.000205664,3.21024e-07,19231
-0.00035066,-5.4735e-07,19247
0.000295517,4.61278e-07,19255
-0.000410074,-6.40093e-07,19259
0.000271137,4.23224e-07,19261
-1.47072e-05,-2.29572e-08,19262
0.000196194,3.06242e-07,19279
-0.00122284,-1.90875e-06,19287
0.00248311,3.87593e-06,19291
-0.0017309,-2.70179e-06,19293
8.81042e-05,1.37523e-07,19294
0.000886223,1.38332e-06,19303
-0.00235868,-3.68169e-06,19307
0.00169316,2.64288e-06,19309
-8.36942e-05,-1.30641e-07,19310
0.000282907,4.41592e-07,19315
-0.000254498,-3.97247e-07,19317
1.38938e-05,2.16853e-08,19318
1.38938e-05,2.16863e-08,19321
-9.17551e-06,-1.43224e-08,19322
5.64226e-06,8.80668e-09,19324
-2.34984e-05,-3.66795e-08,19343
0.000206211,3.21877e-07,19351
-0.000541391,-8.45066e-07,19355
0.000393666,6.14481e-07,19357
-2.01124e-05,-3.13936e-08,19358
-0.000191323,-2.9864e-07,19367
0.000663086,1.03502e-06,19371
-0.000496706,-7.75317e-07,19373
2.51205e-05,3.9212e-08,19374
-0.000108076,-1.68699e-07,19379
0.000103045,1.60845e-07,19381
-6.30085e-06,-9.83599e-09,19382
-7.04833e-06,-1.10016e-08,19385
4.49265e-06,7.01255e-09,19386
-2.71347e-06,-4.23647e-09,19388
1.43334e-05,2.23743e-08,19399
-7.08682e-05,-1.10621e-07,19403
5.6601e-05,8.83503e-08,19405
-3.04733e-06,-4.75708e-09,19406
8.29681e-05,1.29506e-07,19411
-8.40154e-05,-1.3114e-07,19413
5.93357e-06,9.26306e-09,19414
7.8258e-06,1.22153e-08,19417
-4.99052e-06,-7.78858e-09,19418
2.89673e-06,4.52108e-09,19420
-4.64082e-05,-7.24376e-08,19427
4.68992e-05,7.32053e-08,19429
-3.38598e-06,-5.28606e-09,19430
-5.06306e-06,-7.90215e-09,19433
3.30343e-06,5.15716e-09,19434
-1.88167e-06,-2.93647e-09,19436
3.23642e-07,5.06063e-10,19441
-2.31789e-07,-3.61801e-10,19442
1.3625e-07,2.14434e-10,19444
7.75335e-07,1.21059e-09,19519
-1.28317e-05,-2.00285e-08,19551
1.82179e-05,2.84367e-08,19567
-1.14814e-05,-1.79225e-08,19575
1.35473e-05,2.11463e-08,19579
-8.75251e-06,-1.36613e-08,19581
4.95284e-07,7.74154e-10,19582
9.71645e-05,1.51665e-07,19615
-0.000168199,-2.62546e-07,19631
0.000153462,2.39542e-07,19639
-0.000226486,-3.53526e-07,19643
0.000152001,2.37261e-07,19645
-8.27458e-06,-1.29161e-08,19646
9.57958e-05,1.4953e-07,19663
-0.000629796,-9.83058e-07,19671
0.00134006,2.09172e-06,19675
-0.000944798,-1.47475e-06,19677
4.85251e-05,7.5744e-08,19678
0.000460664,7.19056e-07,19687
-0.00128179,-2.00077e-06,19691
0.000930041,1.45172e-06,19693
-4.65323e-05,-7.26338e-08,19694
0.000157502,2.45846e-07,19699
-0.000143291,-2.23663e-07,19701
8.01552e-06,1.25105e-08,19702
8.00634e-06,1.24969e-08,19705
-5.25874e-06,-8.20849e-09,19706
3.23055e-06,5.04154e-09,19708
-9.8843e-05,-1.54285e-07,19743
0.000173242,2.70418e-07,19759
-0.000171537,-2.67756e-07,19767
0.000267072,4.16877e-07,19771
-0.000181368,-2.83101e-07,19773
9.84428e-06,1.5365e-08,19774
-0.000127812,-1.99506e-07,19791
0.000895566,1.3979e-06,19799
-0.00197738,-3.08652e-06,19803
0.0014047,2.19261e-06,19805
-7.22928e-05,-1.12843e-07,19806
-0.000671258,-1.04778e-06,19815
0.00193742,3.02414e-06,19819
-0.00141608,-2.21039e-06,19821
7.11979e-05,1.11134e-07,19822
-0.000245532,-3.83252e-07,19827
0.000225651,3.52221e-07,19829
-1.28572e-05,-2.00691e-08,19830
-1.29869e-05,-2.02718e-08,19833
8.46547e-06,1.32128e-08,19834
-5.1917e-06,-8.10523e-09,19836
2.14889e-05,3.35427e-08,19855
-0.00020972,-3.27356e-07,19863
0.000602301,9.4014e-07,19867
-0.000446034,-6.9622e-07,19869
2.30739e-05,3.60161e-08,19870
0.000203119,3.17051e-07,19879
-0.000765387,-1.1947e-06,19883
0.000583081,9.10139e-07,19885
-2.99831e-05,-4.68014e-08,19886
0.000134632,2.10148e-07,19891
-0.000130636,-2.03912e-07,19893
8.23519e-06,1.28547e-08,19894
9.34452e-06,1.45852e-08,19897
-5.88953e-06,-9.19436e-09,19898
3.54551e-06,5.53427e-09,19900
-1.83035e-05,-2.85708e-08,19911
9.78121e-05,1.52676e-07,19915
-7.93791e-05,-1.23906e-07,19917
4.35947e-06,6.80502e-09,19918
-0.000121946,-1.90348e-07,19923
0.000126538,1.97517e-07,19925
-9.19367e-06,-1.43507e-08,19926
-1.25172e-05,-1.95383e-08,19929
7.8258e-06,1.22155e-08,19930
-4.52384e-06,-7.06059e-09,19932
6.8357e-05,1.067e-07,19939
-7.12129e-05,-1.11156e-07,19941
5.31501e-06,8.29721e-09,19942
8.30958e-06,1.29704e-08,19945
-5.28693e-06,-8.25318e-09,19946
2.99644e-06,4.67789e-09,19948
-5.06132e-07,-7.89058e-10,19953
3.55806e-07,5.56241e-10,19954
-2.07232e-07,-3.23583e-10,19956
-2.06463e-05,-3.22266e-08,20015
2.34864e-05,3.66608e-08,20023
-4.22118e-05,-6.589e-08,20027
2.97272e-05,4.64019e-08,20029
-1.62773e-06,-2.53984e-09,20030
2.08231e-05,3.25026e-08,20047
-0.000171116,-2.67099e-07,20055
0.000436147,6.8079e-07,20059
-0.000320006,-4.99502e-07,20061
1.68191e-05,2.62544e-08,20062
0.000138342,2.15941e-07,20071
-0.00046367,-7.2375e-07,20075
0.000350312,5.46806e-07,20077
-1.82179e-05,-2.8436e-08,20078
6.93734e-05,1.08284e-07,20083
-6.66462e-05,-1.04027e-07,20085
4.16228e-06,6.49704e-09,20086
4.37521e-06,6.8289e-09,20089
-2.79231e-06,-4.35844e-09,20090
1.69185e-06,2.64081e-09,20092
-2.55868e-05,-3.99389e-08,20111
0.000295361,4.61034e-07,20119
-0.00100852,-1.57421e-06,20123
0.000775472,1.21045e-06,20125
-4.17938e-05,-6.52362e-08,20126
-0.000314361,-4.90693e-07,20135
0.00139678,2.18025e-06,20139
-0.0011035,-1.72247e-06,20141
5.97823e-05,9.3316e-08,20142
-0.000300633,-4.69262e-07,20147
0.000305494,4.76849e-07,20149
-2.12907e-05,-3.32321e-08,20150
-2.49787e-05,-3.89901e-08,20153
1.57175e-05,2.45323e-08,20154
-9.30973e-06,-1.45319e-08,20156
4.22118e-05,6.58893e-08,20167
-0.000267072,-4.16877e-07,20171
0.000226486,3.53527e-07,20173
-1.35473e-05,-2.11472e-08,20174
0.000410074,6.40092e-07,20179
-0.000454185,-7.08944e-07,20181
3.74161e-05,5.84027e-08,20182
5.32492e-05,8.31168e-08,20185
-3.40004e-05,-5.30705e-08,20186
1.93176e-05,3.01525e-08,20188
-0.000235659,-3.67844e-07,20195
0.000265419,4.14296e-07,20197
-2.28106e-05,-3.56047e-08,20198
-3.80128e-05,-5.93351e-08,20201
2.48892e-05,3.88496e-08,20202
-1.3897e-05,-2.16904e-08,20204
2.17491e-06,3.39558e-09,20209
-1.65958e-06,-2.58993e-09,20210
9.75839e-07,1.523e-09,20212
1.49203e-05,2.32902e-08,20239
-0.000175697,-2.74248e-07,20247
0.000621406,9.69963e-07,20251
-0.000482146,-7.52589e-07,20253
2.63445e-05,4.11217e-08,20254
0.000190976,2.98098e-07,20263
-0.000879671,-1.37309e-06,20267
0.000701371,1.09478e-06,20269
-3.86187e-05,-6.02815e-08,20270
0.000202556,3.16174e-07,20275
-0.00020874,-3.25825e-07,20277
1.50087e-05,2.3427e-08,20278
1.78442e-05,2.78524e-08,20281
-1.12661e-05,-1.75847e-08,20282
6.63463e-06,1.03547e-08,20284
-3.21548e-05,-5.0191e-08,20295
0.000214754,3.35213e-07,20299
-0.000184871,-2.88568e-07,20301
1.13973e-05,1.77902e-08,20302
-0.000362402,-5.6568e-07,20307
0.000409477,6.39159e-07,20309
-3.50575e-05,-5.47216e-08,20310
-5.06551e-05,-7.90675e-08,20313
3.27246e-05,5.10785e-08,20314
-1.85028e-05,-2.88801e-08,20316
0.000212288,3.31364e-07,20323
-0.000244921,-3.82302e-07,20325
2.1973e-05,3.42992e-08,20326
3.736e-05,5.83153e-08,20329
-2.48305e-05,-3.8758e-08,20330
1.38171e-05,2.15676e-08,20332
-2.09265e-06,-3.26695e-09,20337
1.65958e-06,2.59055e-09,20338
-9.8369e-07,-1.53572e-09,20340
2.0224e-06,3.15764e-09,20359
-1.58433e-05,-2.47307e-08,20363
1.41205e-05,2.20413e-08,20365
-9.31368e-07,-1.45401e-09,20366
3.7053e-05,5.78372e-08,20371
-4.36871e-05,-6.81926e-08,20373
4.07355e-06,6.3581e-09,20374
6.49842e-06,1.01427e-08,20377
-4.40886e-06,-6.88035e-09,20378
2.46563e-06,3.84865e-09,20380
-2.62469e-05,-4.09686e-08,20387
3.18994e-05,4.97938e-08,20389
-3.16144e-06,-4.93436e-09,20390
-6.02162e-06,-9.40034e-09,20393
4.27239e-06,6.66834e-09,20394
-2.3657e-06,-3.69175e-09,20396
3.85305e-07,6.02026e-10,20401
-3.55807e-07,-5.54392e-10,20402
2.20836e-07,3.44998e-10,20404
-1.57029e-06,-2.45126e-09,20421
1.63403e-07,2.56497e-10,20422
3.49488e-07,5.45909e-10,20425
-2.81802e-07,-4.40057e-10,20426
1.57819e-07,2.4729e-10,20428
-2.49661e-07,-3.89506e-10,20433
2.31788e-07,3.62841e-10,20434
-1.47676e-07,-2.3155e-10,20436
1.51435e-07,2.37012e-10,20449
-1.35749e-07,-2.12654e-10,20450
8.50051e-08,1.34344e-10,20452
1.90522e-05,2.97394e-08,20831
-2.51205e-05,-3.92111e-08,20847
1.39135e-05,2.17184e-08,20855
-1.57175e-05,-2.4534e-08,20859
1.01034e-05,1.57701e-08,20861
-5.80794e-07,-9.07079e-10,20862
-1.56386e-05,-2.44104e-08,20895
2.57001e-05,4.01159e-08,20911
-1.90504e-05,-2.97361e-08,20919
2.49787e-05,3.89883e-08,20923
-1.63572e-05,-2.55324e-08,20925
9.04816e-07,1.41215e-09,20926
-9.22883e-06,-1.44056e-08,20943
5.31697e-05,8.29945e-08,20951
-0.000108035,-1.68632e-07,20955
7.55273e-05,1.17891e-07,20957
-3.88816e-06,-6.06909e-09,20958
-3.8009e-05,-5.93291e-08,20967
0.000102327,1.59723e-07,20971
-7.38133e-05,-1.15215e-07,20973
3.69255e-06,5.76253e-09,20974
-1.27225e-05,-1.98591e-08,20979
1.14906e-05,1.79364e-08,20981
-6.38245e-07,-9.97937e-10,20982
-6.36538e-07,-9.95202e-10,20985
4.21953e-07,6.56354e-10,20986
-2.58843e-07,-4.05389e-10,20988
1.39802e-06,2.18264e-09,21055
-2.13746e-05,-3.33636e-08,21087
2.99831e-05,4.68015e-08,21103
-1.835e-05,-2.86434e-08,21111
2.12907e-05,3.3233e-08,21115
-1.37175e-05,-2.1413e-08,21117
7.84771e-07,1.22454e-09,21118
0.000135462,2.11444e-07,21151
-0.00023365,-3.64709e-07,21167
0.00020816,3.24921e-07,21175
-0.000305494,-4.76851e-07,21179
0.00020517,3.20255e-07,21181
-1.12901e-05,-1.76242e-08,21182
0.000118448,1.84888e-07,21199
-0.00076327,-1.1914e-06,21207
0.00162407,2.53503e-06,21211
-0.00114726,-1.79077e-06,21213
5.95624e-05,9.29722e-08,21214
0.000553241,8.63562e-07,21223
-0.00153757,-2.40002e-06,21227
0.00111735,1.74409e-06,21229
-5.64978e-05,-8.81883e-08,21230
0.000186465,2.91054e-07,21235
-0.000169332,-2.64311e-07,21237
9.51775e-06,1.48562e-08,21238
9.30576e-06,1.45246e-08,21241
-6.17311e-06,-9.63647e-09,21242
3.79547e-06,5.92462e-09,21244
-0.000114625,-1.78919e-07,21279
0.000200432,3.12859e-07,21295
-0.000193943,-3.02728e-07,21303
0.000300633,4.69263e-07,21307
-0.000204399,-3.19051e-07,21309
1.1222e-05,1.75169e-08,21310
-0.000132274,-2.06469e-07,21327
0.000911925,1.42344e-06,21335
-0.00201774,-3.14952e-06,21339
0.00143711,2.2432e-06,21341
-7.48598e-05,-1.1685e-07,21342
-0.00067808,-1.05842e-06,21351
0.00195944,3.05852e-06,21355
-0.0014355,-2.2407e-06,21357
7.30743e-05,1.14063e-07,21358
-0.000245532,-3.83253e-07,21363
0.000225651,3.52221e-07,21365
-1.29869e-05,-2.02721e-08,21366
-1.28572e-05,-2.00689e-08,21369
8.46547e-06,1.32134e-08,21370
-5.1917e-06,-8.10386e-09,21372
1.86925e-05,2.91772e-08,21391
-0.000179444,-2.80098e-07,21399
0.000513295,8.0121e-07,21403
-0.000380815,-5.94421e-07,21405
1.99926e-05,3.12069e-08,21406
0.000171758,2.681e-07,21415
-0.000644766,-1.00643e-06,21419
0.000492131,7.68176e-07,21421
-2.57001e-05,-4.01162e-08,21422
0.000111149,1.73494e-07,21427
-0.000107978,-1.68546e-07,21429
6.92347e-06,1.08078e-08,21430
7.69029e-06,1.20033e-08,21433
-4.92505e-06,-7.68742e-09,21434
2.96141e-06,4.62358e-09,21436
-1.40842e-05,-2.19839e-08,21447
7.47134e-05,1.16622e-07,21451
-6.06986e-05,-9.47447e-08,21453
3.39106e-06,5.29381e-09,21454
-9.08101e-05,-1.41746e-07,21459
9.40075e-05,1.46739e-07,21461
-6.96745e-06,-1.08742e-08,21462
-9.19367e-06,-1.43507e-08,21465
5.93357e-06,9.26128e-09,21466
-3.42921e-06,-5.35159e-09,21468
5.07425e-05,7.9204e-08,21475
-5.25895e-05,-8.20873e-08,21477
3.99985e-06,6.24281e-09,21478
6.02664e-06,9.40806e-09,21481
-3.99009e-06,-6.22858e-09,21482
2.26476e-06,3.53584e-09,21484
-3.80806e-07,-5.93262e-10,21489
2.81801e-07,4.39923e-10,21490
-1.6634e-07,-2.58238e-10,21492
-2.29031e-06,-3.57396e-09,21567
4.00176e-05,6.24647e-08,21599
-5.97823e-05,-9.33145e-08,21615
4.44061e-05,6.93145e-08,21623
-5.97823e-05,-9.33167e-08,21627
4.00176e-05,6.24652e-08,21629
-2.29031e-06,-3.57362e-09,21630
-0.000371368,-5.79674e-07,21663
0.000656307,1.02444e-06,21679
-0.000672,-1.04894e-06,21687
0.0011035,1.72248e-06,21691
-0.000762638,-1.19042e-06,21693
4.24382e-05,6.62429e-08,21694
-0.000428995,-6.69625e-07,21711
0.0030875,4.81933e-06,21719
-0.00721687,-1.12649e-05,21723
0.00522065,8.14898e-06,21725
-0.000277759,-4.33557e-07,21726
-0.0023227,-3.62554e-06,21735
0.00710322,1.10875e-05,21739
-0.00528816,-8.25436e-06,21741
0.000276719,4.31935e-07,21742
-0.000937473,-1.46331e-06,21747
0.000880679,1.37466e-06,21749
-5.37741e-05,-8.39359e-08,21750
-5.32832e-05,-8.31704e-08,21753
3.51164e-05,5.48114e-08,21754
-2.13779e-05,-3.33701e-08,21756
0.000414897,6.47621e-07,21791
-0.000737569,-1.15129e-06,21807
0.000808355,1.26178e-06,21815
-0.00139678,-2.18025e-06,21819
0.000976541,1.5243e-06,21821
-5.43593e-05,-8.48492e-08,21822
0.0006132,9.57155e-07,21839
-0.00467043,-7.29014e-06,21847
0.0113185,1.76672e-05,21851
-0.00824862,-1.28754e-05,21853
0.000440522,6.87617e-07,21854
0.00359836,5.61674e-06,21863
-0.0114019,-1.77975e-05,21867
0.00854912,1.33445e-05,21869
-0.000450167,-7.02673e-07,21870
0.00155343,2.42477e-06,21875
-0.00147272,-2.2988e-06,21877
9.14467e-05,1.4274e-07,21878
9.14467e-05,1.4274e-07,21881
-5.99623e-05,-9.3596e-08,21882
3.64354e-05,5.6873e-08,21884
-0.000122154,-1.90673e-07,21903
0.00130415,2.03567e-06,21911
-0.00416465,-6.50068e-06,21915
0.00317126,4.95007e-06,21917
-0.000172654,-2.69499e-07,21918
-0.00131097,-2.04631e-06,21927
0.00546765,8.53453e-06,21931
-0.0042804,-6.68134e-06,21933
0.00023365,3.6471e-07,21934
-0.00104992,-1.63883e-06,21939
0.00105192,1.64197e-06,21941
-7.28005e-05,-1.13636e-07,21942
-8.13649e-05,-1.27005e-07,21945
5.25514e-05,8.20284e-08,21946
-3.12611e-05,-4.87965e-08,21948
0.000132191,2.06338e-07,21959
-0.000781141,-1.2193e-06,21963
0.000653584,1.02019e-06,21965
-3.89797e-05,-6.08446e-08,21966
0.00106314,1.65948e-06,21971
-0.00115075,-1.79623e-06,21973
9.40075e-05,1.46741e-07,21974
0.000126538,1.97518e-07,21977
-8.40154e-05,-1.31141e-07,21978
4.79893e-05,7.49074e-08,21980
-0.000601369,-9.38685e-07,21987
0.000657402,1.02615e-06,21989
-5.57952e-05,-8.70926e-08,21990
-8.71632e-05,-1.36057e-07,21993
5.98231e-05,9.33786e-08,21994
-3.36291e-05,-5.24918e-08,21996
5.33741e-06,8.33146e-09,22001
-4.27239e-06,-6.66908e-09,22002
2.55037e-06,3.98185e-09,22004
0.000126364,1.97245e-07,22063
-0.000155527,-2.42764e-07,22071
0.000314361,4.90692e-07,22075
-0.000228862,-3.57234e-07,22077
1.30263e-05,2.03327e-08,22078
-0.000140333,-2.19048e-07,22095
0.00126205,1.96995e-06,22103
-0.00357897,-5.58647e-06,22107
0.00270116,4.21628e-06,22109
-0.00014899,-2.32559e-07,22110
-0.00105729,-1.65033e-06,22119
0.00393216,6.13777e-06,22123
-0.00305411,-4.76721e-06,22125
0.000168199,2.62545e-07,22126
-0.000639391,-9.98035e-07,22131
0.000633904,9.8947e-07,22133
-4.33546e-05,-6.76746e-08,22134
-4.48255e-05,-6.9968e-08,22137
2.91844e-05,4.5554e-08,22138
-1.74855e-05,-2.72941e-08,22140
0.000206289,3.22002e-07,22159
-0.00261821,-4.08681e-06,22167
0.00986918,1.5405e-05,22171
-0.00778771,-1.21559e-05,22173
0.00044501,6.94622e-07,22174
0.00288936,4.51006e-06,22183
-0.0140284,-2.18971e-05,22187
0.0113592,1.77307e-05,22189
-0.000656307,-1.02444e-06,22190
0.00324228,5.06092e-06,22195
-0.00338573,-5.28483e-06,22197
0.00025749,4.01919e-07,22198
0.000294778,4.60123e-07,22201
-0.000192926,-3.0114e-07,22202
0.000113066,1.76484e-07,22204
-0.000424551,-6.62687e-07,22215
0.00289508,4.51897e-06,22219
-0.00251763,-3.92981e-06,22221
0.000162886,2.54252e-07,22222
-0.00474704,-7.40972e-06,22227
0.00541186,8.44746e-06,22229
-0.00049033,-7.65364e-07,22230
-0.000677744,-1.0579e-06,22233
0.000463784,7.23926e-07,22234
-0.000261875,-4.08763e-07,22236
0.00275309,4.29734e-06,22243
-0.00319829,-4.99226e-06,22245
0.000303753,4.74134e-07,22246
0.000492935,7.69429e-07,22249
-0.000350172,-5.46587e-07,22250
0.000195192,3.04678e-07,22252
-2.8823e-05,-4.49908e-08,22257
2.48305e-05,3.87576e-08,22258
-1.49798e-05,-2.33818e-08,22260
-0.000123281,-1.92431e-07,22287
0.00160415,2.50395e-06,22295
-0.0062637,-9.7771e-06,22299
0.00498606,7.78281e-06,22301
-0.000289162,-4.51357e-07,22302
-0.00181234,-2.82891e-06,22311
0.00910292,1.42089e-05,22315
-0.0074343,-1.16043e-05,22317
0.000436698,6.81649e-07,22318
-0.00224589,-3.50564e-06,22323
0.00237533,3.70768e-06,22325
-0.000185943,-2.9024e-07,22326
-0.00021542,-3.36252e-07,22329
0.000141959,2.21585e-07,22330
-8.27813e-05,-1.29214e-07,22332
0.000334387,5.2195e-07,22343
-0.00238903,-3.72907e-06,22347
0.00210544,3.28642e-06,22349
-0.000140081,-2.18655e-07,22350
0.00427448,6.67211e-06,22355
-0.00495448,-7.73352e-06,22357
0.0004636,7.23639e-07,22358
0.000648861,1.01281e-06,22361
-0.000449644,-7.01852e-07,22362
0.000253083,3.9504e-07,22364
-0.00252635,-3.94342e-06,22371
0.0029934,4.67245e-06,22373
-0.000294528,-4.59734e-07,22374
-0.00048574,-7.58198e-07,22377
0.000350172,5.46587e-07,22378
-0.00019485,-3.04144e-07,22380
2.79055e-05,4.3558e-08,22385
-2.48892e-05,-3.88499e-08,22386
1.51323e-05,2.36199e-08,22388
-2.06425e-05,-3.22219e-08,22407
0.000173972,2.71555e-07,22411
-0.000159044,-2.48254e-07,22413
1.13894e-05,1.77788e-08,22414
-0.000434307,-6.77917e-07,22419
0.000524403,8.18548e-07,22421
-5.33757e-05,-8.33142e-08,22422
-8.22942e-05,-1.28452e-07,22425
6.03692e-05,9.42299e-08,22426
-3.37441e-05,-5.26712e-08,22428
0.000311542,4.8629e-07,22435
-0.000387555,-6.04941e-07,22437
4.19836e-05,6.55325e-08,22438
7.7261e-05,1.20598e-07,22441
-5.98231e-05,-9.3378e-08,22442
3.32697e-05,5.19327e-08,22444
-5.10749e-06,-7.97213e-09,22449
5.28693e-06,8.25283e-09,22450
-3.36204e-06,-5.2482e-09,22452
-2.17359e-06,-3.3931e-09,22470
-4.51623e-06,-7.04929e-09,22473
3.99009e-06,6.22912e-09,22474
-2.25604e-06,-3.5206e-09,22476
3.2276e-06,5.0377e-09,22481
-3.30344e-06,-5.15622e-09,22482
2.13844e-06,3.3385e-09,22484
-1.95788e-06,-3.05569e-09,22497
1.92883e-06,3.00939e-09,22498
-1.22441e-06,-1.91111e-09,22500
1.44654e-06,2.25907e-09,22591
-2.55635e-05,-3.99017e-08,22623
3.86187e-05,6.02802e-08,22639
-2.98224e-05,-4.65495e-08,22647
4.17938e-05,6.52362e-08,22651
-2.83094e-05,-4.41891e-08,22653
1.63102e-06,2.54679e-09,22654
0.000246326,3.84494e-07,22687
-0.000436698,-6.81649e-07,22703
0.000458157,7.15144e-07,22711
-0.000775472,-1.21045e-06,22715
0.00054081,8.4416e-07,22717
-3.03624e-05,-4.7394e-08,22718
0.000295185,4.6076e-07,22735
-0.00218217,-3.40619e-06,22743
0.00527187,8.22894e-06,22747
-0.00384903,-6.00801e-06,22749
0.000207617,3.24073e-07,22750
0.001661,2.59268e-06,22759
-0.00526104,-8.21204e-06,22763
0.00395511,6.17359e-06,22765
-0.000210718,-3.28912e-07,22766
0.000720688,1.12493e-06,22771
-0.000686565,-1.07167e-06,22773
4.35574e-05,6.7989e-08,22774
4.32517e-05,6.75111e-08,22777
-2.8611e-05,-4.46608e-08,22778
1.73245e-05,2.70415e-08,22780
-0.000283218,-4.42079e-07,22815
0.000504309,7.87185e-07,22831
-0.000565348,-8.82461e-07,22839
0.00100852,1.57422e-06,22843
-0.000711848,-1.11114e-06,22845
4.00284e-05,6.24813e-08,22846
-0.000432264,-6.74729e-07,22863
0.00337994,5.2758e-06,22871
-0.00846741,-1.32169e-05,22875
0.00622808,9.7215e-06,22877
-0.000337406,-5.26663e-07,22878
-0.00263382,-4.11117e-06,22887
0.0086387,1.34843e-05,22891
-0.00653948,-1.02076e-05,22893
0.00035066,5.4735e-07,22894
-0.00121858,-1.90209e-06,22899
0.00117036,1.82683e-06,22901
-7.53229e-05,-1.17574e-07,22902
-7.53229e-05,-1.17572e-07,22905
4.96089e-05,7.74355e-08,22906
-2.99965e-05,-4.68235e-08,22908
9.28444e-05,1.44922e-07,22927
-0.00102547,-1.60067e-06,22935
0.00340837,5.32018e-06,22939
-0.00262258,-4.09363e-06,22941
0.00014566,2.27363e-07,22942
0.00104701,1.6343e-06,22951
-0.00453644,-7.08099e-06,22955
0.003588,5.60056e-06,22957
-0.000200432,-3.12857e-07,22958
0.000904357,1.41163e-06,22963
-0.000917529,-1.43219e-06,22965
6.58206e-05,1.0274e-07,22966
7.32974e-05,1.14412e-07,22969
-4.78646e-05,-7.4714e-08,22970
2.83333e-05,4.42254e-08,22972
-0.000110963,-1.73204e-07,22983
0.000681411,1.06363e-06,22987
-0.000577038,-9.00707e-07,22989
3.55508e-05,5.54906e-08,22990
-0.000966078,-1.50797e-06,22995
0.00106314,1.65948e-06,22997
-9.08101e-05,-1.41748e-07,22998
-0.000121946,-1.90349e-07,23001
8.29681e-05,1.29508e-07,23002
-4.7198e-05,-7.36714e-08,23004
0.000549677,8.57999e-07,23011
-0.000612384,-9.55881e-07,23013
5.45707e-05,8.51808e-08,23014
8.53723e-05,1.3326e-07,23017
-6.03692e-05,-9.42307e-08,23018
3.3857e-05,5.28478e-08,23020
-5.24382e-06,-8.18454e-09,23025
4.40886e-06,6.88132e-09,23026
-2.65735e-06,-4.14769e-09,23028
-0.000110831,-1.72998e-07,23087
0.000139613,2.17924e-07,23095
-0.000295361,-4.61034e-07,23099
0.000217817,3.39993e-07,23101
-1.25992e-05,-1.96667e-08,23102
0.000127446,1.98932e-07,23119
-0.00118864,-1.85537e-06,23127
0.00351504,5.48669e-06,23131
-0.00268166,-4.18584e-06,23133
0.000150736,2.35284e-07,23134
0.00101174,1.57925e-06,23143
-0.00391891,-6.11708e-06,23147
0.00307623,4.80173e-06,23149
-0.000173242,-2.70415e-07,23150
0.000661023,1.0318e-06,23155
-0.000663611,-1.03584e-06,23157
4.70233e-05,7.33986e-08,23158
4.84323e-05,7.55976e-08,23161
-3.18283e-05,-4.96817e-08,23162
1.89771e-05,2.96217e-08,23164
-0.000206289,-3.22e-07,23183
0.00271128,4.23208e-06,23191
-0.0106004,-1.65464e-05,23195
0.00844705,1.31851e-05,23197
-0.000493908,-7.70948e-07,23198
-0.00303538,-4.73798e-06,23207
0.015229,2.37711e-05,23211
-0.0124482,-1.94306e-05,23213
0.000737569,1.15128e-06,23214
-0.00363512,-5.67411e-06,23219
0.00383924,5.99272e-06,23221
-0.000302462,-4.72117e-07,23222
-0.000343948,-5.36872e-07,23225
0.000228999,3.57449e-07,23226
-0.000133611,-2.08555e-07,23228
0.000465227,7.26179e-07,23239
-0.00327206,-5.10741e-06,23243
0.0028768,4.49045e-06,23245
-0.000192426,-3.0036e-07,23246
0.00556414,8.68516e-06,23251
-0.00642677,-1.00316e-05,23253
0.000606443,9.46604e-07,23254
0.000831035,1.29717e-06,23257
-0.000585994,-9.14683e-07,23258
0.000330127,5.15299e-07,23260
-0.00324812,-5.07004e-06,23267
0.00382705,5.9737e-06,23269
-0.00037942,-5.92243e-07,23270
-0.000611232,-9.54081e-07,23273
0.000449644,7.01853e-07,23274
-0.000250583,-3.91138e-07,23276
3.60852e-05,5.63279e-08,23281
-3.27246e-05,-5.10798e-08,23282
1.99636e-05,3.11613e-08,23284
0.000125996,1.96669e-07,23311
-0.00170109,-2.65526e-06,23319
0.00689693,1.07655e-05,23323
-0.00554628,-8.65727e-06,23325
0.000329707,5.14644e-07,23326
0.00195212,3.04709e-06,23335
-0.0101356,-1.58208e-05,23339
0.0083586,1.30471e-05,23341
-0.000504309,-7.87185e-07,23342
0.00258724,4.03846e-06,23347
-0.00276853,-4.32144e-06,23349
0.000224864,3.50993e-07,23350
0.000258637,4.0371e-07,23353
-0.00017385,-2.71365e-07,23354
0.000100933,1.57545e-07,23356
-0.000376981,-5.88435e-07,23367
0.00277661,4.33405e-06,23371
-0.00247472,-3.86283e-06,23373
0.000170529,2.6618e-07,23374
-0.00515663,-8.04907e-06,23379
0.00605391,9.44964e-06,23381
-0.000590483,-9.21692e-07,23382
-0.000818193,-1.27713e-06,23385
0.000585994,9.14683e-07,23386
-0.000329255,-5.13937e-07,23388
0.00307031,4.79249e-06,23395
-0.00368752,-5.75591e-06,23397
0.000378962,5.91528e-07,23398
0.000619284,9.66649e-07,23401
-0.000463784,-7.23925e-07,23402
0.000258196,4.03021e-07,23404
-3.60759e-05,-5.63119e-08,23409
3.40004e-05,5.30705e-08,23410
-2.09315e-05,-3.26716e-08,23412
2.34984e-05,3.66795e-08,23431
-0.000206211,-3.21878e-07,23435
0.000191323,2.98639e-07,23437
-1.43334e-05,-2.23727e-08,23438
0.000541391,8.45064e-07,23443
-0.000663086,-1.03502e-06,23445
7.08682e-05,1.1062e-07,23446
0.000108076,1.68698e-07,23449
-8.29681e-05,-1.29505e-07,23450
4.64082e-05,7.24378e-08,23452
-0.000393666,-6.1448e-07,23459
0.000496706,7.75316e-07,23461
-5.6601e-05,-8.83487e-08,23462
-0.000103045,-1.60844e-07,23465
8.40154e-05,1.3114e-07,23466
-4.68992e-05,-7.32047e-08,23468
7.04833e-06,1.10033e-08,23473
-7.8258e-06,-1.22154e-08,23474
5.06306e-06,7.90367e-09,23476
3.04733e-06,4.75747e-09,23494
6.30085e-06,9.83535e-09,23497
-5.93357e-06,-9.26166e-09,23498
3.38598e-06,5.28428e-09,23500
-4.49266e-06,-7.01255e-09,23505
4.99052e-06,7.79008e-09,23506
-3.30344e-06,-5.15553e-09,23508
2.71347e-06,4.23521e-09,23521
-2.89673e-06,-4.52165e-09,23522
1.88167e-06,2.93684e-09,23524
7.98291e-06,1.24612e-08,23599
-1.06312e-05,-1.65931e-08,23607
2.55868e-05,3.99386e-08,23611
-1.95514e-05,-3.05173e-08,23613
1.18511e-06,1.85047e-09,23614
-1.06312e-05,-1.65951e-08,23631
0.000110345,1.7224e-07,23639
-0.000365367,-5.70307e-07,23643
0.000286801,4.47671e-07,23645
-1.69896e-05,-2.65191e-08,23646
-9.86838e-05,-1.54037e-07,23655
0.000426329,6.65463e-07,23659
-0.000344325,-5.37461e-07,23661
2.06463e-05,3.22267e-08,23662
-8.08749e-05,-1.26238e-07,23667
8.42514e-05,1.3151e-07,23669
-6.63067e-06,-1.03505e-08,23670
-6.81358e-06,-1.06352e-08,23673
4.6498e-06,7.25801e-09,23674
-2.73018e-06,-4.26145e-09,23676
2.55868e-05,3.99385e-08,23695
-0.000365367,-5.70306e-07,23703
0.00157563,2.45942e-06,23707
-0.00129236,-2.01727e-06,23709
8.12589e-05,1.26838e-07,23710
0.000426329,6.65462e-07,23719
-0.00234163,-3.65509e-06,23723
0.00196971,3.07455e-06,23725
-0.000126364,-1.97243e-07,23726
0.000632892,9.87891e-07,23731
-0.000694844,-1.08459e-06,23733
6.15035e-05,9.60019e-08,23734
6.92894e-05,1.08155e-07,23737
-4.91879e-05,-7.67796e-08,23738
2.83054e-05,4.41814e-08,23740
-8.08749e-05,-1.26238e-07,23751
0.000632892,9.87892e-07,23755
-0.000578913,-9.03635e-07,23757
4.34543e-05,6.7829e-08,23758
-0.00126655,-1.97698e-06,23763
0.00153114,2.38997e-06,23765
-0.000165136,-2.57763e-07,23766
-0.000222551,-3.47383e-07,23769
0.00017385,2.71365e-07,23770
-9.75376e-05,-1.52248e-07,23772
0.000764494,1.19331e-06,23779
-0.000946137,-1.47684e-06,23781
0.000107938,1.68481e-07,23782
0.000171747,2.68082e-07,23785
-0.000141959,-2.21586e-07,23786
7.93618e-05,1.23876e-07,23788
-1.04646e-05,-1.63344e-08,23793
1.12661e-05,1.75853e-08,23794
-7.1526e-06,-1.11646e-08,23796
-1.95514e-05,-3.05188e-08,23823
0.000286801,4.47671e-07,23831
-0.00129236,-2.01727e-06,23835
0.00107367,1.6759e-06,23837
-6.94758e-05,-1.08444e-07,23838
-0.000344325,-5.3746e-07,23847
0.00196971,3.07455e-06,23851
-0.00167723,-2.61801e-06,23853
0.000110831,1.73e-07,23854
-0.000578913,-9.03635e-07,23859
0.000646371,1.00893e-06,23861
-5.96371e-05,-9.30881e-08,23862
-6.78684e-05,-1.05936e-07,23865
4.91879e-05,7.67787e-08,23866
-2.81737e-05,-4.39765e-08,23868
8.42514e-05,1.31508e-07,23879
-0.000694844,-1.08459e-06,23883
0.000646371,1.00893e-06,23885
-5.04761e-05,-7.87897e-08,23886
0.00153114,2.38997e-06,23891
-0.00188147,-2.93682e-06,23893
0.000210607,3.2874e-07,23894
0.000285876,4.46229e-07,23897
-0.000228999,-3.57447e-07,23898
0.000128398,2.00418e-07,23900
-0.000946137,-1.47684e-06,23907
0.00119205,1.86069e-06,23909
-0.000141356,-2.20643e-07,23910
-0.000227026,-3.54368e-07,23913
0.000192926,3.0114e-07,23914
-0.000108005,-1.68585e-07,23916
1.39135e-05,2.17178e-08,23921
-1.57175e-05,-2.45326e-08,23922
1.01034e-05,1.57705e-08,23924
-6.81358e-06,-1.06352e-08,23943
6.92894e-05,1.08155e-07,23947
-6.78684e-05,-1.05938e-07,23949
5.94702e-06,9.28307e-09,23950
-0.000222551,-3.47385e-07,23955
0.000285876,4.4623e-07,23957
-3.57709e-05,-5.58351e-08,23958
-5.34338e-05,-8.34063e-08,23961
4.78646e-05,7.47117e-08,23962
-2.70058e-05,-4.21528e-08,23964
0.000171747,2.68083e-07,23971
-0.000227026,-3.5437e-07,23973
3.04285e-05,4.74974e-08,23974
5.43312e-05,8.48066e-08,23977
-5.25514e-05,-8.20271e-08,23978
2.98712e-05,4.66265e-08,23980
-4.2586e-06,-6.6473e-09,23985
5.88953e-06,9.19341e-09,23986
-4.02993e-06,-6.29063e-09,23988
-2.05846e-06,-3.21351e-09,24006
-4.2586e-06,-6.64695e-09,24009
4.92506e-06,7.68783e-09,24010
-2.912e-06,-4.54446e-09,24012
3.0479e-06,4.75749e-09,24017
-4.49265e-06,-7.01259e-09,24018
3.2276e-06,5.03842e-09,24020
-1.79696e-06,-2.80422e-09,24033
2.55595e-06,3.98965e-09,24034
-1.81727e-06,-2.83639e-09,24036
4.34543e-05,6.7828e-08,24115
-5.04761e-05,-7.87884e-08,24117
5.19258e-06,8.10516e-09,24118
5.94702e-06,9.28326e-09,24121
-4.6498e-06,-7.25872e-09,24122
2.64775e-06,4.13293e-09,24124
-6.63067e-06,-1.03507e-08,24135
6.15035e-05,9.60013e-08,24139
-5.96371e-05,-9.30887e-08,24141
5.19258e-06,8.10473e-09,24142
-0.000165136,-2.57763e-07,24147
0.000210607,3.28742e-07,24149
-2.62446e-05,-4.0965e-08,24150
-3.57709e-05,-5.58369e-08,24153
3.18283e-05,4.96807e-08,24154
-1.79689e-05,-2.8048e-08,24156
0.000107938,1.68481e-07,24163
-0.000141356,-2.20645e-07,24165
1.87845e-05,2.93206e-08,24166
3.04285e-05,4.74965e-08,24169
-2.91844e-05,-4.5555e-08,24170
1.65796e-05,2.58795e-08,24172
-2.05846e-06,-3.21279e-09,24177
2.79231e-06,4.3588e-09,24178
-1.89215e-06,-2.95253e-09,24180
4.6498e-06,7.25729e-09,24199
-4.91879e-05,-7.6778e-08,24203
4.91879e-05,7.67779e-08,24205
-4.6498e-06,-7.25831e-09,24206
0.00017385,2.71365e-07,24211
-0.000228999,-3.57448e-07,24213
3.18283e-05,4.96815e-08,24214
4.78646e-05,7.47138e-08,24217
-4.96089e-05,-7.74347e-08,24218
2.8611e-05,4.46579e-08,24220
-0.000141959,-2.21587e-07,24227
0.000192926,3.01141e-07,24229
-2.91844e-05,-4.55545e-08,24230
-5.25514e-05,-8.20288e-08,24233
5.99623e-05,9.35944e-08,24234
-3.51164e-05,-5.48125e-08,24236
4.92506e-06,7.6872e-09,24241
-8.46547e-06,-1.32134e-08,24242
6.17311e-06,9.63421e-09,24244
2.79232e-06,4.35805e-09,24262
5.88953e-06,9.19288e-09,24265
-8.46547e-06,-1.32147e-08,24266
5.25874e-06,8.20836e-09,24268
-4.49265e-06,-7.01292e-09,24273
9.17551e-06,1.43223e-08,24274
-7.2838e-06,-1.13697e-08,24276
2.55596e-06,3.98882e-09,24289
-5.17599e-06,-8.07967e-09,24290
4.13856e-06,6.45903e-09,24292
-2.73018e-06,-4.26256e-09,24327
2.83054e-05,4.41815e-08,24331
-2.81737e-05,-4.39772e-08,24333
2.64775e-06,4.13251e-09,24334
-9.75376e-05,-1.52249e-07,24339
0.000128398,2.00419e-07,24341
-1.79689e-05,-2.80481e-08,24342
-2.70058e-05,-4.21537e-08,24345
2.8611e-05,4.4659e-08,24346
-1.6594e-05,-2.59012e-08,24348
7.93618e-05,1.23877e-07,24355
-0.000108005,-1.68587e-07,24357
1.65796e-05,2.58799e-08,24358
2.98712e-05,4.66255e-08,24361
-3.51164e-05,-5.48127e-08,24362
2.07178e-05,3.23379e-08,24364
-2.912e-06,-4.54521e-09,24369
5.25874e-06,8.20725e-09,24370
-3.89737e-06,-6.08276e-09,24372
-1.89215e-06,-2.955e-09,24390
-4.02993e-06,-6.29101e-09,24393
6.17311e-06,9.63555e-09,24394
-3.89737e-06,-6.08365e-09,24396
3.2276e-06,5.03786e-09,24401
-7.2838e-06,-1.13697e-08,24402
5.95755e-06,9.29894e-09,24404
-1.81727e-06,-2.83652e-09,24417
4.13856e-06,6.45966e-09,24418
-3.43482e-06,-5.36109e-09,24420
1.12352e-07,1.74353e-10,24454
2.58968e-07,4.04915e-10,24457
-4.21952e-07,-6.59105e-10,24458
2.73204e-07,4.26949e-10,24460
-2.49661e-07,-3.90056e-10,24465
6.5447e-07,1.02187e-09,24466
-5.63595e-07,-8.79663e-10,24468
1.53454e-07,2.38807e-10,24481
-4.32872e-07,-6.77529e-10,24482
3.85633e-07,6.02222e-10,24484
2.00247e-06,3.12627e-09,24991
-3.39106e-06,-5.29357e-09,25007
2.88198e-06,4.49825e-09,25015
-4.37521e-06,-6.82894e-09,25019
2.9953e-06,4.67588e-09,25021
-1.73036e-07,-2.70414e-10,25022
1.41361e-06,2.20609e-09,25039
-9.22883e-06,-1.44053e-08,25047
2.16242e-05,3.37543e-08,25051
-1.57531e-05,-2.45892e-08,25053
8.68104e-07,1.35509e-09,25054
6.85436e-06,1.06991e-08,25063
-2.12823e-05,-3.32203e-08,25067
1.5987e-05,2.4955e-08,25069
-8.68103e-07,-1.35594e-09,25070
2.87919e-06,4.49345e-09,25075
-2.72362e-06,-4.25232e-09,25077
1.73038e-07,2.68887e-10,25078
1.67024e-07,2.59518e-10,25081
-1.1235e-07,-1.77537e-10,25082
6.81203e-08,1.04678e-10,25084
-1.8946e-07,-2.95337e-10,25151
2.98422e-06,4.6583e-09,25183
-4.35947e-06,-6.80417e-09,25199
3.08281e-06,4.8124e-09,25207
-4.16228e-06,-6.49723e-09,25211
2.81035e-06,4.38626e-09,25213
-1.67023e-07,-2.62502e-10,25214
-2.21633e-05,-3.45955e-08,25247
3.89797e-05,6.0844e-08,25263
-3.91193e-05,-6.10618e-08,25271
6.66462e-05,1.04029e-07,25275
-4.68591e-05,-7.31439e-08,25277
2.72363e-06,4.25093e-09,25278
-2.23176e-05,-3.4836e-08,25295
0.000159579,2.49089e-07,25303
-0.000389233,-6.07559e-07,25307
0.00028639,4.4703e-07,25309
-1.5987e-05,-2.49556e-08,25310
-0.000119149,-1.85983e-07,25319
0.000378764,5.91219e-07,25323
-0.00028639,-4.4703e-07,25325
1.57531e-05,2.45896e-08,25326
-4.94122e-05,-7.7129e-08,25331
4.68591e-05,7.31427e-08,25333
-2.9953e-06,-4.6764e-09,25334
-2.81035e-06,-4.3875e-09,25337
1.89215e-06,2.95145e-09,25338
-1.15101e-06,-1.79835e-09,25340
2.00477e-05,3.12928e-08,25375
-3.55508e-05,-5.54923e-08,25391
3.84545e-05,6.00249e-08,25399
-6.93734e-05,-1.08287e-07,25403
4.94122e-05,7.71289e-08,25405
-2.87919e-06,-4.49507e-09,25406
2.62651e-05,4.09973e-08,25423
-0.000200469,-3.12916e-07,25431
0.000510207,7.9639e-07,25435
-0.000378764,-5.91217e-07,25437
2.12823e-05,3.32203e-08,25438
0.000153806,2.40078e-07,25447
-0.000510207,-7.9639e-07,25451
0.000389233,6.07561e-07,25453
-2.16242e-05,-3.37545e-08,25454
6.93734e-05,1.08285e-07,25459
-6.66462e-05,-1.0403e-07,25461
4.37521e-06,6.82937e-09,25462
4.16228e-06,6.49585e-09,25465
-2.79231e-06,-4.3606e-09,25466
1.69185e-06,2.63893e-09,25468
-4.28327e-06,-6.68698e-09,25487
4.60693e-05,7.19098e-08,25495
-0.000153806,-2.40078e-07,25499
0.000119149,1.85983e-07,25501
-6.85436e-06,-1.06993e-08,25502
-4.60693e-05,-7.19106e-08,25511
0.000200469,3.12917e-07,25515
-0.000159579,-2.4909e-07,25517
9.22883e-06,1.44053e-08,25518
-3.84545e-05,-6.00238e-08,25523
3.91193e-05,6.10618e-08,25525
-2.88198e-06,-4.49926e-09,25526
-3.08281e-06,-4.81183e-09,25529
2.05846e-06,3.21229e-09,25530
-1.21825e-06,-1.90154e-09,25532
4.28327e-06,6.68616e-09,25543
-2.62651e-05,-4.09968e-08,25547
2.23176e-05,3.4836e-08,25549
-1.41361e-06,-2.20759e-09,25550
3.55508e-05,5.54918e-08,25555
-3.89796e-05,-6.08454e-08,25557
3.39106e-06,5.29487e-09,25558
4.35947e-06,6.80485e-09,25561
-3.04734e-06,-4.75631e-09,25562
1.73541e-06,2.70908e-09,25564
-2.00477e-05,-3.12927e-08,25571
2.21633e-05,3.4595e-08,25573
-2.00247e-06,-3.12538e-09,25574
-2.98422e-06,-4.65792e-09,25577
2.17358e-06,3.3933e-09,25578
-1.22133e-06,-1.90632e-09,25580
1.8946e-07,2.94776e-10,25585
-1.63403e-07,-2.55989e-10,25586
9.88639e-08,1.54356e-10,25588
4.95284e-07,7.73195e-10,25663
-8.75251e-06,-1.36625e-08,25695
1.35473e-05,2.11468e-08,25711
-1.14814e-05,-1.79211e-08,25719
1.82179e-05,2.8437e-08,25723
-1.28317e-05,-2.00292e-08,25725
7.75336e-07,1.21056e-09,25726
9.12149e-05,1.42378e-07,25759
-0.000162886,-2.54252e-07,25775
0.000183525,2.86468e-07,25783
-0.000350312,-5.46808e-07,25787
0.0002536,3.95848e-07,25789
-1.50522e-05,-2.34944e-08,25790
0.000116925,1.8251e-07,25807
-0.000930244,-1.45203e-06,25815
0.00251296,3.92252e-06,25819
-0.00189592,-2.95936e-06,25821
0.000109149,1.70371e-07,25822
0.000724948,1.13158e-06,25831
-0.00255963,-3.99537e-06,25835
0.00198604,3.10004e-06,25837
-0.000113758,-1.77567e-07,25838
0.000372395,5.81276e-07,25843
-0.000366437,-5.71976e-07,25845
2.55741e-05,3.99181e-08,25846
2.45594e-05,3.83345e-08,25849
-1.65796e-05,-2.58787e-08,25850
9.9496e-06,1.55304e-08,25852
-0.000107726,-1.6815e-07,25887
0.000192426,3.00362e-07,25903
-0.000230233,-3.59375e-07,25911
0.00046367,7.23751e-07,25915
-0.000339684,-5.30218e-07,25917
2.02375e-05,3.15887e-08,25918
-0.000173845,-2.71357e-07,25935
0.00146194,2.28197e-06,25943
-0.0040959,-6.39335e-06,25947
0.00311219,4.85787e-06,25949
-0.000180077,-2.81085e-07,25950
-0.00116694,-1.82149e-06,25959
0.00426484,6.65705e-06,25963
-0.003331,-5.19941e-06,25965
0.000192094,2.99842e-07,25966
-0.000639391,-9.98036e-07,25971
0.000633904,9.89472e-07,25973
-4.48255e-05,-6.99704e-08,25974
-4.33546e-05,-6.76723e-08,25977
2.91844e-05,4.55541e-08,25978
-1.74855e-05,-2.72943e-08,25980
4.04604e-05,6.31565e-08,25999
-0.000482653,-7.53382e-07,26007
0.0017841,2.78483e-06,26011
-0.0014139,-2.20698e-06,26013
8.4182e-05,1.31401e-07,26014
0.000506469,7.90555e-07,26023
-0.00242086,-3.77876e-06,26027
0.0019693,3.07391e-06,26029
-0.000118448,-1.84888e-07,26030
0.000512453,7.99895e-07,26035
-0.000534685,-8.34599e-07,26037
4.1789e-05,6.52295e-08,26038
4.51057e-05,7.04075e-08,26041
-3.04285e-05,-4.74963e-08,26042
1.78506e-05,2.78643e-08,26044
-5.73761e-05,-8.95586e-08,26055
0.000384445,6.00086e-07,26059
-0.000334575,-5.22244e-07,26061
2.23176e-05,3.48359e-08,26062
-0.000577038,-9.00707e-07,26067
0.000653584,1.02019e-06,26069
-6.06986e-05,-9.47454e-08,26070
-7.93791e-05,-1.23905e-07,26073
5.6601e-05,8.83504e-08,26074
-3.2005e-05,-4.99573e-08,26076
0.000330202,5.15418e-07,26083
-0.00037935,-5.92135e-07,26085
3.68255e-05,5.74819e-08,26086
5.63617e-05,8.79775e-08,26089
-4.19836e-05,-6.5533e-08,26090
2.34661e-05,3.663e-08,26092
-3.4999e-06,-5.46306e-09,26097
3.16144e-06,4.93462e-09,26098
-1.92498e-06,-3.00403e-09,26100
5.76684e-05,9.00161e-08,26167
-0.000138342,-2.15941e-07,26171
0.000105746,1.65061e-07,26173
-6.50088e-06,-1.01477e-08,26174
5.21524e-05,8.1406e-08,26191
-0.000525767,-8.20679e-07,26199
0.00173106,2.70205e-06,26203
-0.00135986,-2.12263e-06,26205
8.14843e-05,1.27189e-07,26206
0.000459731,7.17602e-07,26215
-0.00196814,-3.07211e-06,26219
0.00158832,2.47923e-06,26221
-9.57958e-05,-1.49528e-07,26222
0.000351472,5.48618e-07,26227
-0.000362491,-5.65817e-07,26229
2.78418e-05,4.3458e-08,26230
2.78418e-05,4.34588e-08,26233
-1.87845e-05,-2.93221e-08,26234
1.11044e-05,1.73324e-08,26236
-9.28444e-05,-1.44922e-07,26255
0.00130354,2.03472e-06,26263
-0.00556143,-8.68092e-06,26267
0.00454201,7.0897e-06,26269
-0.000283019,-4.41768e-07,26270
-0.00149191,-2.32875e-06,26279
0.00809981,1.26431e-05,26283
-0.00677773,-1.05795e-05,26285
0.000428995,6.69625e-07,26286
-0.00203173,-3.17136e-06,26291
0.00219559,3.42713e-06,26293
-0.000185716,-2.89885e-07,26294
-0.000205495,-3.2076e-07,26297
0.000141356,2.20644e-07,26298
-8.1883e-05,-1.27812e-07,26300
0.000240937,3.76082e-07,26311
-0.00181551,-2.83386e-06,26315
0.00163298,2.54894e-06,26317
-0.000116925,-1.8251e-07,26318
0.0032453,5.06564e-06,26323
-0.00382923,-5.9771e-06,26325
0.000385712,6.02062e-07,26326
0.000515623,8.04843e-07,26329
-0.000378962,-5.91526e-07,26330
0.000212674,3.31965e-07,26332
-0.00190754,-2.9775e-06,26339
0.002297,3.58543e-06,26341
-0.000243072,-3.79415e-07,26342
-0.000382892,-5.9766e-07,26345
0.000294528,4.59733e-07,26346
-0.000163865,-2.55781e-07,26348
2.28947e-05,3.5737e-08,26353
-2.1973e-05,-3.42977e-08,26354
1.35132e-05,2.10919e-08,26356
5.76425e-05,8.9976e-08,26383
-0.000827978,-1.2924e-06,26391
0.00365015,5.69758e-06,26395
-0.00300639,-4.69271e-06,26397
0.000190347,2.97114e-07,26398
0.000970538,1.51493e-06,26407
-0.00543403,-8.48207e-06,26411
0.00458452,7.15604e-06,26413
-0.000295185,-4.60758e-07,26414
0.00145715,2.27449e-06,26419
-0.00159413,-2.4883e-06,26421
0.000138661,2.16437e-07,26422
0.000155343,2.42477e-07,26425
-0.000107938,-1.68482e-07,26426
6.22465e-05,9.71616e-08,26428
-0.00019749,-3.08265e-07,26439
0.00155297,2.42405e-06,26443
-0.00141492,-2.20856e-06,26445
0.000104157,1.6258e-07,26446
-0.0030288,-4.72769e-06,26451
0.00362654,5.66072e-06,26453
-0.000376161,-5.87154e-07,26454
-0.000508698,-7.94032e-07,26457
0.00037942,5.92243e-07,26458
-0.000212493,-3.31684e-07,26460
0.00181687,2.83598e-06,26467
-0.00222553,-3.47387e-06,26469
0.000243072,3.79414e-07,26470
0.000388401,6.0626e-07,26473
-0.000303753,-4.74134e-07,26474
0.000168903,2.63644e-07,26476
-2.29509e-05,-3.58256e-08,26481
2.28106e-05,3.56042e-08,26482
-1.41492e-05,-2.20864e-08,26484
1.26686e-05,1.9775e-08,26503
-0.000118192,-1.84488e-07,26507
0.000112006,1.74831e-07,26509
-8.94034e-06,-1.39555e-08,26510
0.000325554,5.08163e-07,26515
-0.000405471,-6.32907e-07,26517
4.57886e-05,7.14709e-08,26518
6.82931e-05,1.066e-07,26521
-5.45707e-05,-8.51809e-08,26522
3.04811e-05,4.75788e-08,26524
-0.000239061,-3.73154e-07,26531
0.00030642,4.78296e-07,26533
-3.68255e-05,-5.74817e-08,26534
-6.56613e-05,-1.02491e-07,26537
5.57952e-05,8.70918e-08,26538
-3.11579e-05,-4.86349e-08,26540
4.58193e-06,7.15189e-09,26545
-5.31501e-06,-8.29804e-09,26546
3.45923e-06,5.39929e-09,26548
4.08281e-06,6.37309e-09,26569
-3.99985e-06,-6.2434e-09,26570
2.28768e-06,3.57023e-09,26572
-2.912e-06,-4.54628e-09,26577
3.38598e-06,5.28568e-09,26578
-2.25604e-06,-3.52031e-09,26580
1.7558e-06,2.74055e-09,26593
-1.96275e-06,-3.06321e-09,26594
1.2837e-06,2.00287e-09,26596
-4.07815e-07,-6.35666e-10,26687
7.27731e-06,1.136e-08,26719
-1.13973e-05,-1.77915e-08,26735
1.00834e-05,1.57397e-08,26743
-1.68191e-05,-2.62519e-08,26747
1.20117e-05,1.87494e-08,26749
-7.33296e-07,-1.14361e-09,26750
-7.83039e-05,-1.22226e-07,26783
0.000140081,2.18655e-07,26799
-0.000161706,-2.5241e-07,26807
0.000320006,4.99504e-07,26811
-0.000234021,-3.65289e-07,26813
1.40456e-05,2.19235e-08,26814
-0.000104157,-1.62581e-07,26831
0.000856227,1.3365e-06,26839
-0.00240476,-3.75363e-06,26843
0.0018323,2.86006e-06,26845
-0.000107051,-1.67096e-07,26846
-0.00067778,-1.05796e-06,26855
0.00249191,3.88966e-06,26859
-0.00195349,-3.04923e-06,26861
0.000113984,1.77919e-07,26862
-0.000379327,-5.92096e-07,26867
0.000378627,5.91003e-07,26869
-2.7384e-05,-4.27441e-08,26870
-2.64719e-05,-4.13203e-08,26873
1.79689e-05,2.80482e-08,26874
-1.07227e-05,-1.67386e-08,26876
9.54666e-05,1.49015e-07,26911
-0.000170529,-2.6618e-07,26927
0.000208614,3.2563e-07,26935
-0.000436147,-6.8079e-07,26939
0.000322848,5.03937e-07,26941
-1.94642e-05,-3.03821e-08,26942
0.000158953,2.48112e-07,26959
-0.00137943,-2.15318e-06,26967
0.00401169,6.26191e-06,26971
-0.00307699,-4.80292e-06,26973
0.000180633,2.81954e-07,26974
0.00111694,1.74345e-06,26983
-0.00423901,-6.61674e-06,26987
0.0033426,5.21752e-06,26989
-0.000196194,-3.06241e-07,26990
0.000661023,1.0318e-06,26995
-0.000663611,-1.03584e-06,26997
4.84323e-05,7.55991e-08,26998
4.70233e-05,7.33998e-08,27001
-3.18283e-05,-4.96818e-08,27002
1.89771e-05,2.96211e-08,27004
-4.04604e-05,-6.31554e-08,27023
0.00049986,7.80239e-07,27031
-0.00191619,-2.99102e-06,27035
0.00153193,2.39121e-06,27037
-9.27166e-05,-1.44723e-07,27038
-0.000532704,-8.31506e-07,27047
0.00263239,4.10894e-06,27051
-0.00215945,-3.37072e-06,27053
0.000132274,2.06469e-07,27054
-0.000576285,-8.99532e-07,27059
0.000607276,9.47907e-07,27061
-4.87091e-05,-7.60309e-08,27062
-5.25734e-05,-8.20632e-08,27065
3.57709e-05,5.58349e-08,27066
-2.09083e-05,-3.26367e-08,27068
6.32998e-05,9.88056e-08,27079
-0.000437571,-6.83011e-07,27083
0.000384445,6.00087e-07,27085
-2.62651e-05,-4.09978e-08,27086
0.000681411,1.06363e-06,27091
-0.000781141,-1.2193e-06,27093
7.47134e-05,1.16622e-07,27094
9.78121e-05,1.52678e-07,27097
-7.08682e-05,-1.10619e-07,27098
3.99782e-05,6.2403e-08,27100
-0.000392374,-6.12464e-07,27107
0.000456954,7.13268e-07,27109
-4.57886e-05,-7.14727e-08,27110
-7.03283e-05,-1.09777e-07,27113
5.33757e-05,8.33157e-08,27114
-2.98006e-05,-4.65169e-08,27116
4.37823e-06,6.83403e-09,27121
-4.07355e-06,-6.35849e-09,27122
2.49497e-06,3.89395e-09,27124
-6.82824e-05,-1.06583e-07,27191
0.000171116,2.67097e-07,27195
-0.00013225,-2.06433e-07,27197
8.2446e-06,1.28679e-08,27198
-6.2492e-05,-9.75441e-08,27215
0.000652645,1.01872e-06,27223
-0.00222674,-3.47575e-06,27227
0.00176383,2.75319e-06,27229
-0.000107198,-1.67326e-07,27230
-0.000579234,-9.04136e-07,27239
0.0025633,4.00109e-06,27243
-0.0020852,-3.25482e-06,27245
0.000127812,1.99501e-07,27246
-0.000471943,-7.36663e-07,27251
0.000491224,7.66758e-07,27253
-3.86366e-05,-6.03093e-08,27254
-3.86366e-05,-6.03095e-08,27257
2.62446e-05,4.0965e-08,27258
-1.54607e-05,-2.41334e-08,27260
0.000122154,1.90672e-07,27279
-0.00176021,-2.74753e-06,27287
0.00770747,1.20307e-05,27291
-0.00633756,-9.8924e-06,27293
0.000401031,6.25975e-07,27294
0.00203641,3.17867e-06,27303
-0.0113137,-1.76597e-05,27307
0.00952911,1.48741e-05,27309
-0.0006132,-9.57153e-07,27310
0.00291136,4.54439e-06,27315
-0.00317105,-4.94974e-06,27317
0.000274216,4.28025e-07,27318
0.000302955,4.72887e-07,27321
-0.000210607,-3.28741e-07,27322
0.000121659,1.89899e-07,27324
-0.000340315,-5.31203e-07,27335
0.00262213,4.09291e-06,27339
-0.00237683,-3.71002e-06,27341
0.000173845,2.71357e-07,27342
-0.00482827,-7.53652e-06,27347
0.00574599,8.969e-06,27349
-0.000592641,-9.25061e-07,27350
-0.000790367,-1.2337e-06,27353
0.000590483,9.21694e-07,27354
-0.000330988,-5.16644e-07,27356
0.00285405,4.45493e-06,27363
-0.0034683,-5.41372e-06,27365
0.000376161,5.87155e-07,27366
0.000591653,9.2352e-07,27369
-0.0004636,-7.23641e-07,27370
0.000257923,4.02597e-07,27372
-3.5579e-05,-5.55362e-08,27377
3.50575e-05,5.47212e-08,27378
-2.16815e-05,-3.38426e-08,27380
-7.76321e-05,-1.21177e-07,27407
0.00114397,1.78564e-06,27415
-0.00517619,-8.0796e-06,27419
0.00429325,6.70139e-06,27421
-0.000276327,-4.31323e-07,27422
-0.00135605,-2.11668e-06,27431
0.00776788,1.2125e-05,27435
-0.0065976,-1.02983e-05,27437
0.000432264,6.74727e-07,27438
-0.00213986,-3.34015e-06,27443
0.00235995,3.68368e-06,27445
-0.000209992,-3.2778e-07,27446
-0.000234878,-3.66624e-07,27449
0.000165136,2.57762e-07,27450
-9.49778e-05,-1.48252e-07,27452
0.000286164,4.46678e-07,27463
-0.00230029,-3.59056e-06,27467
0.00211243,3.29732e-06,27469
-0.000158953,-2.48112e-07,27470
0.004623,7.21612e-06,27475
-0.00558105,-8.71156e-06,27477
0.000592641,9.2506e-07,27478
0.000799086,1.2473e-06,27481
-0.000606443,-9.46604e-07,27482
0.000339341,5.2968e-07,27484
-0.00279025,-4.35535e-06,27491
0.00344721,5.3808e-06,27493
-0.000385712,-6.02063e-07,27494
-0.000614899,-9.59806e-07,27497
0.00049033,7.65363e-07,27498
-0.000272735,-4.25716e-07,27500
3.66404e-05,5.7193e-08,27505
-3.74161e-05,-5.84035e-08,27506
2.33486e-05,3.64447e-08,27508
-1.86925e-05,-2.91784e-08,27527
0.000179444,2.80097e-07,27531
-0.000171758,-2.68101e-07,27533
1.40842e-05,2.19844e-08,27534
-0.000513295,-8.01211e-07,27539
0.000644766,1.00643e-06,27541
-7.47134e-05,-1.16622e-07,27542
-0.000111149,-1.73494e-07,27545
9.08101e-05,1.41747e-07,27546
-5.07425e-05,-7.92039e-08,27548
0.000380815,5.9442e-07,27555
-0.000492131,-7.68175e-07,27557
6.06986e-05,9.47466e-08,27558
0.000107978,1.68546e-07,27561
-9.40075e-05,-1.4674e-07,27562
5.25895e-05,8.20876e-08,27564
-7.69029e-06,-1.20041e-08,27569
9.19367e-06,1.43521e-08,27570
-6.02664e-06,-9.40753e-09,27572
-6.92347e-06,-1.0807e-08,27593
6.96745e-06,1.08763e-08,27594
-3.99985e-06,-6.24436e-09,27596
4.92506e-06,7.68737e-09,27601
-5.93357e-06,-9.26297e-09,27602
3.99009e-06,6.22849e-09,27604
-2.96142e-06,-4.62255e-09,27617
3.42921e-06,5.35279e-09,27618
-2.26476e-06,-3.5351e-09,27620
7.33557e-06,1.14501e-08,27703
-2.08231e-05,-3.25025e-08,27707
1.66132e-05,2.5932e-08,27709
-1.08213e-06,-1.68869e-09,27710
7.39122e-06,1.15371e-08,27727
-8.56611e-05,-1.3371e-07,27735
0.00032246,5.03333e-07,27739
-0.000261528,-4.08222e-07,27741
1.66132e-05,2.59314e-08,27742
7.97236e-05,1.24442e-07,27751
-0.000387108,-6.04243e-07,27755
0.00032246,5.03333e-07,27757
-2.08231e-05,-3.25036e-08,27758
7.97236e-05,1.24442e-07,27763
-8.56611e-05,-1.33709e-07,27765
7.33557e-06,1.14498e-08,27766
7.39122e-06,1.15382e-08,27769
-5.19258e-06,-8.10561e-09,27770
3.01954e-06,4.71288e-09,27772
-2.14889e-05,-3.35426e-08,27791
0.000329458,5.14256e-07,27799
-0.0015626,-2.43909e-06,27803
0.00131682,2.05545e-06,27805
-8.85794e-05,-1.38265e-07,27806
-0.000395034,-6.16615e-07,27815
0.00236488,3.69138e-06,27819
-0.00204148,-3.18658e-06,27821
0.000140333,2.19048e-07,27822
-0.000687677,-1.07341e-06,27827
0.000774677,1.20921e-06,27829
-7.35357e-05,-1.14783e-07,27830
-8.14925e-05,-1.27203e-07,27833
5.96371e-05,9.30883e-08,27834
-3.40798e-05,-5.31957e-08,27836
8.17219e-05,1.27561e-07,27847
-0.000692086,-1.08029e-06,27851
0.000649534,1.01387e-06,27853
-5.21524e-05,-8.14053e-08,27854
0.00149248,2.32964e-06,27859
-0.00184294,-2.87667e-06,27861
0.000209992,3.27778e-07,27862
0.000279318,4.35993e-07,27865
-0.000224864,-3.50992e-07,27866
0.00012576,1.96301e-07,27868
-0.000912211,-1.42388e-06,27875
0.00115289,1.79956e-06,27877
-0.000138661,-2.16437e-07,27878
-0.000218277,-3.40711e-07,27881
0.000185943,2.90239e-07,27882
-0.00010378,-1.61992e-07,27884
1.3466e-05,2.10196e-08,27889
-1.50087e-05,-2.34276e-08,27890
9.5645e-06,1.493e-08,27892
1.73503e-05,2.70816e-08,27919
-0.000270339,-4.21976e-07,27927
0.00133266,2.08017e-06,27931
-0.00113666,-1.77423e-06,27933
7.85741e-05,1.22647e-07,27934
0.000332906,5.19638e-07,27943
-0.00206606,-3.22495e-06,27947
0.00180404,2.81595e-06,27949
-0.000127446,-1.98932e-07,27950
0.000653396,1.0199e-06,27955
-0.000747415,-1.16665e-06,27957
7.35357e-05,1.14782e-07,27958
8.24916e-05,1.28763e-07,27961
-6.15035e-05,-9.60018e-08,27962
3.50134e-05,5.46526e-08,27964
-8.88566e-05,-1.38698e-07,27975
0.000789303,1.23204e-06,27979
-0.000752175,-1.17408e-06,27981
6.2492e-05,9.75434e-08,27982
-0.00186602,-2.9127e-06,27987
0.00233569,3.64582e-06,27989
-0.000274216,-4.28027e-07,27990
-0.000367932,-5.74311e-07,27993
0.000302462,4.72118e-07,27994
-0.000169125,-2.63987e-07,27996
0.0011674,1.82221e-06,28003
-0.00149716,-2.33694e-06,28005
0.000185716,2.89886e-07,28006
0.000295415,4.61118e-07,28009
-0.00025749,-4.0192e-07,28010
0.000143929,2.24661e-07,28012
-1.835e-05,-2.86419e-08,28017
2.12907e-05,3.32333e-08,28018
-1.37175e-05,-2.14123e-08,28020
7.80867e-06,1.2189e-08,28039
-8.47829e-05,-1.32339e-07,28043
8.47829e-05,1.32339e-07,28045
-7.80867e-06,-1.21884e-08,28046
0.00028954,4.51949e-07,28051
-0.000376748,-5.88072e-07,28053
4.87091e-05,7.60312e-08,28054
7.23254e-05,1.12894e-07,28057
-6.58206e-05,-1.0274e-07,28058
3.70584e-05,5.78441e-08,28060
-0.000226669,-3.53812e-07,28067
0.000302997,4.72954e-07,28069
-4.1789e-05,-6.52299e-08,28070
-7.42887e-05,-1.15958e-07,28073
7.28005e-05,1.13635e-07,28074
-4.13083e-05,-6.4477e-08,28076
5.92168e-06,9.24282e-09,28081
-8.23519e-06,-1.2854e-08,28082
5.62576e-06,8.78122e-09,28084
5.97245e-06,9.32223e-09,28105
-6.92347e-06,-1.08063e-08,28106
4.08281e-06,6.37321e-09,28108
-4.2586e-06,-6.64719e-09,28113
6.30085e-06,9.83711e-09,28114
-4.51623e-06,-7.04968e-09,28116
2.50552e-06,3.91085e-09,28129
-3.58213e-06,-5.592e-09,28130
2.54164e-06,3.96884e-09,28132
-8.35981e-06,-1.30493e-08,28217
6.63067e-06,1.03498e-08,28218
-3.75985e-06,-5.8687e-09,28220
8.35981e-06,1.30487e-08,28231
-8.24916e-05,-1.28762e-07,28235
8.14925e-05,1.27203e-07,28237
-7.39122e-06,-1.15371e-08,28238
0.000234878,3.66624e-07,28243
-0.000302955,-4.72887e-07,28245
3.86366e-05,6.03079e-08,28246
5.25734e-05,8.20635e-08,28249
-4.70233e-05,-7.33985e-08,28250
2.64719e-05,4.13206e-08,28252
-0.000155343,-2.42477e-07,28259
0.000205495,3.20761e-07,28261
-2.78418e-05,-4.34591e-08,28262
-4.51057e-05,-7.04066e-08,28265
4.33546e-05,6.76726e-08,28266
-2.45594e-05,-3.83352e-08,28268
3.08281e-06,4.81064e-09,28273
-4.16228e-06,-6.49608e-09,28274
2.81035e-06,4.38651e-09,28276
-5.94702e-06,-9.28356e-09,28295
6.78684e-05,1.05936e-07,28299
-6.92894e-05,-1.08155e-07,28301
6.81358e-06,1.06351e-08,28302
-0.000258637,-4.0371e-07,28307
0.000343948,5.36873e-07,28309
-4.84323e-05,-7.55983e-08,28310
-7.32974e-05,-1.14413e-07,28313
7.53229e-05,1.17574e-07,28314
-4.32517e-05,-6.75105e-08,28316
0.00021542,3.36251e-07,28323
-0.000294778,-4.60125e-07,28325
4.48255e-05,6.99687e-08,28326
8.13649e-05,1.27006e-07,28329
-9.14467e-05,-1.42741e-07,28330
5.32832e-05,8.31697e-08,28332
-7.69029e-06,-1.20034e-08,28337
1.28572e-05,2.00689e-08,28338
-9.30576e-06,-1.45246e-08,28340
-9.34452e-06,-1.45867e-08,28361
1.29869e-05,2.02717e-08,28362
-8.00634e-06,-1.24969e-08,28364
7.04833e-06,1.10012e-08,28369
-1.38938e-05,-2.16883e-08,28370
1.09337e-05,1.70659e-08,28372
-4.00396e-06,-6.24991e-09,28385
7.83104e-06,1.22234e-08,28386
-6.20604e-06,-9.68696e-09,28388
3.43585e-06,5.36215e-09,28423
-3.86336e-05,-6.03046e-08,28427
3.93273e-05,6.13859e-08,28429
-3.86012e-06,-6.02595e-09,28430
0.000144947,2.26249e-07,28435
-0.000192844,-3.01012e-07,28437
2.7384e-05,4.27447e-08,28438
4.14989e-05,6.47771e-08,28441
-4.35574e-05,-6.79897e-08,28442
2.51441e-05,3.92477e-08,28444
-0.000120889,-1.88698e-07,28451
0.000165759,2.58735e-07,28453
-2.55741e-05,-3.99193e-08,28454
-4.65479e-05,-7.26584e-08,28457
5.37741e-05,8.39357e-08,28458
-3.15494e-05,-4.92441e-08,28460
4.58193e-06,7.15185e-09,28465
-8.01552e-06,-1.25109e-08,28466
5.89258e-06,9.19757e-09,28468
6.47317e-06,1.01047e-08,28489
-9.51775e-06,-1.48566e-08,28490
5.95767e-06,9.29992e-09,28492
-5.10749e-06,-7.97288e-09,28497
1.10524e-05,1.72511e-08,28498
-8.95621e-06,-1.39788e-08,28500
2.87023e-06,4.47956e-09,28513
-6.27076e-06,-9.78903e-09,28514
5.15561e-06,8.04689e-09,28516
-4.04334e-07,-6.31283e-10,28553
6.38247e-07,9.95913e-10,28554
-4.10282e-07,-6.40586e-10,28556
3.85305e-07,6.00661e-10,28561
-9.77784e-07,-1.52692e-09,28562
8.36312e-07,1.30518e-09,28564
-2.35865e-07,-3.68824e-10,28577
6.45084e-07,1.00638e-09,28578
-5.71054e-07,-8.91109e-10,28580
-4.84141e-06,-7.55664e-09,29127
6.32998e-05,9.88056e-08,29131
-5.73761e-05,-8.95589e-08,29133
4.28327e-06,6.686e-09,29134
-0.000110963,-1.73205e-07,29139
0.000132191,2.0634e-07,29141
-1.40842e-05,-2.19842e-08,29142
-1.83035e-05,-2.85706e-08,29145
1.43334e-05,2.23732e-08,29146
-8.04964e-06,-1.25636e-08,29148
6.54304e-05,1.02131e-07,29155
-7.9505e-05,-1.24101e-07,29157
8.94034e-06,1.39549e-08,29158
1.37153e-05,2.14086e-08,29161
-1.13894e-05,-1.77782e-08,29162
6.36766e-06,9.93844e-09,29164
-8.77638e-07,-1.36923e-09,29169
9.31369e-07,1.4534e-09,29170
-5.87765e-07,-9.17795e-10,29172
-2.34864e-05,-3.66595e-08,29243
1.87294e-05,2.92351e-08,29245
-1.23098e-06,-1.92155e-09,29246
7.80867e-06,1.21894e-08,29263
-8.88566e-05,-1.38697e-07,29271
0.000332906,5.19638e-07,29275
-0.000270339,-4.21975e-07,29277
1.73503e-05,2.70825e-08,29278
8.17219e-05,1.27562e-07,29287
-0.000395034,-6.16615e-07,29291
0.000329458,5.14255e-07,29293
-2.14889e-05,-3.35424e-08,29294
7.97236e-05,1.24442e-07,29299
-8.56611e-05,-1.33709e-07,29301
7.39122e-06,1.15361e-08,29302
7.33557e-06,1.14497e-08,29305
-5.19258e-06,-8.10524e-09,29306
3.01954e-06,4.71275e-09,29308
-1.86925e-05,-2.91777e-08,29327
0.000286164,4.46678e-07,29335
-0.00135605,-2.11668e-06,29339
0.00114397,1.78564e-06,29341
-7.76321e-05,-1.21177e-07,29342
-0.000340315,-5.31204e-07,29351
0.00203641,3.17867e-06,29355
-0.00176021,-2.74753e-06,29357
0.000122154,1.90672e-07,29358
-0.000579234,-9.04135e-07,29363
0.000652645,1.01872e-06,29365
-6.2492e-05,-9.75435e-08,29366
-6.82824e-05,-1.06583e-07,29369
5.04761e-05,7.87891e-08,29370
-2.88505e-05,-4.50328e-08,29372
-0.000532704,-8.31505e-07,29387
0.00049986,7.80239e-07,29389
-4.04604e-05,-6.31552e-08,29390
0.00111694,1.74345e-06,29395
-0.00137943,-2.15318e-06,29397
0.000158953,2.48113e-07,29398
0.000208614,3.25629e-07,29401
-0.000170529,-2.6618e-07,29402
9.54666e-05,1.49016e-07,29404
-0.00067778,-1.05796e-06,29411
0.000856227,1.3365e-06,29413
-0.000104157,-1.6258e-07,29414
-0.000161706,-2.5241e-07,29417
0.000140081,2.18655e-07,29418
-7.83039e-05,-1.22226e-07,29420
1.00834e-05,1.57394e-08,29425
-1.13973e-05,-1.77895e-08,29426
7.27731e-06,1.13606e-08,29428
1.26686e-05,1.97747e-08,29455
-0.00019749,-3.08265e-07,29463
0.000970538,1.51493e-06,29467
-0.000827978,-1.2924e-06,29469
5.76425e-05,8.99754e-08,29470
0.000240937,3.76081e-07,29479
-0.00149191,-2.32875e-06,29483
0.00130354,2.03472e-06,29485
-9.28444e-05,-1.44923e-07,29486
0.000459731,7.17602e-07,29491
-0.000525767,-8.20679e-07,29493
5.21524e-05,8.1405e-08,29494
5.76684e-05,9.00145e-08,29497
-4.34543e-05,-6.78281e-08,29498
2.47482e-05,3.86305e-08,29500
0.000506469,7.90554e-07,29515
-0.000482653,-7.53381e-07,29517
4.04604e-05,6.3155e-08,29518
-0.00116694,-1.82149e-06,29523
0.00146194,2.28197e-06,29525
-0.000173845,-2.71357e-07,29526
-0.000230233,-3.59375e-07,29529
0.000192426,3.0036e-07,29530
-0.000107726,-1.6815e-07,29532
0.000724948,1.13158e-06,29539
-0.000930244,-1.45203e-06,29541
0.000116925,1.82511e-07,29542
0.000183525,2.86469e-07,29545
-0.000162886,-2.54251e-07,29546
9.12149e-05,1.42379e-07,29548
-1.14814e-05,-1.79205e-08,29553
1.35473e-05,2.1146e-08,29554
-8.75251e-06,-1.36623e-08,29556
-4.60693e-05,-7.19108e-08,29579
4.60693e-05,7.191e-08,29581
-4.28327e-06,-6.68712e-09,29582
0.000153806,2.40078e-07,29587
-0.000200469,-3.12916e-07,29589
2.62651e-05,4.09986e-08,29590
3.84545e-05,6.00246e-08,29593
-3.55509e-05,-5.54913e-08,29594
2.00477e-05,3.12942e-08,29596
-0.000119149,-1.85982e-07,29603
0.000159579,2.49089e-07,29605
-2.23176e-05,-3.48369e-08,29606
-3.91193e-05,-6.10614e-08,29609
3.89797e-05,6.08442e-08,29610
-2.21633e-05,-3.45954e-08,29612
3.08281e-06,4.81227e-09,29617
-4.35947e-06,-6.80483e-09,29618
2.98422e-06,4.65815e-09,29620
2.88198e-06,4.49816e-09,29641
-3.39106e-06,-5.29361e-09,29642
2.00247e-06,3.12463e-09,29644
-2.05847e-06,-3.21245e-09,29649
3.04734e-06,4.75641e-09,29650
-2.17358e-06,-3.39224e-09,29652
1.21825e-06,1.90155e-09,29665
-1.73541e-06,-2.70933e-09,29666
1.22133e-06,1.90664e-09,29668
2.06463e-05,3.2228e-08,29755
-1.69896e-05,-2.65181e-08,29757
1.18511e-06,1.84957e-09,29758
-6.81358e-06,-1.06349e-08,29775
8.42514e-05,1.3151e-07,29783
-0.000344325,-5.37461e-07,29787
0.000286801,4.47672e-07,29789
-1.95514e-05,-3.05182e-08,29790
-8.08749e-05,-1.26238e-07,29799
0.000426329,6.65463e-07,29803
-0.000365367,-5.70307e-07,29805
2.55868e-05,3.99386e-08,29806
-9.86838e-05,-1.54037e-07,29811
0.000110345,1.72238e-07,29813
-1.06312e-05,-1.65947e-08,29814
-1.06312e-05,-1.6595e-08,29817
7.98291e-06,1.24612e-08,29818
-4.57979e-06,-7.14924e-09,29820
2.34984e-05,3.66791e-08,29839
-0.000376981,-5.88435e-07,29847
0.00195212,3.04709e-06,29851
-0.00170109,-2.65526e-06,29853
0.000125996,1.96668e-07,29854
0.000465227,7.26179e-07,29863
-0.00303538,-4.73798e-06,29867
0.00271128,4.23208e-06,29869
-0.000206289,-3.21999e-07,29870
0.00101174,1.57925e-06,29875
-0.00118864,-1.85537e-06,29877
0.000127446,1.98932e-07,29878
0.000139613,2.17924e-07,29881
-0.000110831,-1.72998e-07,29882
6.28277e-05,9.80681e-08,29884
0.00104701,1.6343e-06,29899
-0.00102547,-1.60067e-06,29901
9.28444e-05,1.44923e-07,29902
-0.00263382,-4.11118e-06,29907
0.00337994,5.2758e-06,29909
-0.000432264,-6.74728e-07,29910
-0.000565348,-8.82462e-07,29913
0.000504309,7.87185e-07,29914
-0.000283218,-4.42079e-07,29916
0.001661,2.59268e-06,29923
-0.00218217,-3.40619e-06,29925
0.000295185,4.60758e-07,29926
0.000458157,7.15145e-07,29929
-0.000436698,-6.81649e-07,29930
0.000246326,3.84495e-07,29932
-2.98224e-05,-4.65514e-08,29937
3.86187e-05,6.02821e-08,29938
-2.55635e-05,-3.99036e-08,29940
-2.06425e-05,-3.22204e-08,29967
0.000334387,5.2195e-07,29975
-0.00181234,-2.82891e-06,29979
0.00160415,2.50394e-06,29981
-0.000123281,-1.92431e-07,29982
-0.000424551,-6.62688e-07,29991
0.00288936,4.51006e-06,29995
-0.00261821,-4.0868e-06,29997
0.000206289,3.22e-07,29998
-0.00105729,-1.65033e-06,30003
0.00126205,1.96995e-06,30005
-0.000140333,-2.19049e-07,30006
-0.000155527,-2.42765e-07,30009
0.000126364,1.97244e-07,30010
-7.15185e-05,-1.11634e-07,30012
-0.00131097,-2.04632e-06,30027
0.00130415,2.03567e-06,30029
-0.000122154,-1.90672e-07,30030
0.00359836,5.61674e-06,30035
-0.00467043,-7.29014e-06,30037
0.0006132,9.57153e-07,30038
0.000808355,1.26177e-06,30041
-0.000737569,-1.15128e-06,30042
0.000414897,6.47621e-07,30044
-0.0023227,-3.62554e-06,30051
0.0030875,4.81933e-06,30053
-0.000428995,-6.69625e-07,30054
-0.000672,-1.04894e-06,30057
0.000656307,1.02444e-06,30058
-0.000371368,-5.79676e-07,30060
4.44061e-05,6.93149e-08,30065
-5.97823e-05,-9.33158e-08,30066
4.00176e-05,6.24642e-08,30068
0.000171758,2.68102e-07,30091
-0.000179444,-2.80096e-07,30093
1.86925e-05,2.91769e-08,30094
-0.00067808,-1.05843e-06,30099
0.000911925,1.42344e-06,30101
-0.000132274,-2.06469e-07,30102
-0.000193943,-3.02728e-07,30105
0.000200432,3.12858e-07,30106
-0.000114625,-1.78919e-07,30108
0.000553241,8.63563e-07,30115
-0.00076327,-1.1914e-06,30117
0.000118448,1.84888e-07,30118
0.00020816,3.24921e-07,30121
-0.00023365,-3.6471e-07,30122
0.000135462,2.11445e-07,30124
-1.835e-05,-2.86422e-08,30129
2.99831e-05,4.68008e-08,30130
-2.13746e-05,-3.33639e-08,30132
-1.90504e-05,-2.97358e-08,30153
2.57001e-05,4.01167e-08,30154
-1.56386e-05,-2.4411e-08,30156
1.39135e-05,2.1719e-08,30161
-2.51205e-05,-3.92115e-08,30162
1.90522e-05,2.97391e-08,30164
-8.06129e-06,-1.25824e-08,30177
1.41682e-05,2.21157e-08,30178
-1.07049e-05,-1.671e-08,30180
1.17266e-05,1.83039e-08,30268
0.000203119,3.17051e-07,30283
-0.00020972,-3.27355e-07,30285
2.14889e-05,3.35425e-08,30286
-0.000671258,-1.04778e-06,30291
0.000895566,1.3979e-06,30293
-0.000127812,-1.99503e-07,30294
-0.000171537,-2.67756e-07,30297
0.000173242,2.70417e-07,30298
-9.8843e-05,-1.54285e-07,30300
0.000460664,7.19057e-07,30307
-0.000629796,-9.83059e-07,30309
9.57958e-05,1.4953e-07,30310
0.000153462,2.39544e-07,30313
-0.000168199,-2.62547e-07,30314
9.71645e-05,1.51666e-07,30316
-1.14814e-05,-1.79216e-08,30321
1.82179e-05,2.84374e-08,30322
-1.28317e-05,-2.00295e-08,30324
-0.000191323,-2.98639e-07,30347
0.000206211,3.21878e-07,30349
-2.34984e-05,-3.6679e-08,30350
0.000886223,1.38332e-06,30355
-0.00122284,-1.90874e-06,30357
0.000196194,3.06242e-07,30358
0.000295517,4.61277e-07,30361
-0.00035066,-5.47349e-07,30362
0.000205664,3.21024e-07,30364
-0.000783077,-1.22232e-06,30371
0.00110891,1.73091e-06,30373
-0.000192094,-2.99844e-07,30374
-0.000346757,-5.41258e-07,30377
0.000450167,7.02673e-07,30378
-0.00026891,-4.19745e-07,30380
3.66404e-05,5.71926e-08,30385
-7.11979e-05,-1.11134e-07,30386
5.34762e-05,8.34722e-08,30388
4.59233e-05,7.16829e-08,30409
-7.30743e-05,-1.14064e-07,30410
4.63298e-05,7.23186e-08,30412
-3.60759e-05,-5.63116e-08,30417
8.36942e-05,1.3064e-07,30418
-6.85058e-05,-1.06933e-07,30420
2.02874e-05,3.16656e-08,30433
-4.71897e-05,-7.36585e-08,30434
3.90581e-05,6.09666e-08,30436
0.000107579,1.67922e-07,30475
-0.000116185,-1.81354e-07,30477
1.33837e-05,2.0891e-08,30478
-0.000504185,-7.86989e-07,30483
0.000698109,1.08969e-06,30485
-0.000113984,-1.7792e-07,30486
-0.000172672,-2.69526e-07,30489
0.000210718,3.28912e-07,30490
-0.00012438,-1.94146e-07,30492
0.000451817,7.05246e-07,30499
-0.000642616,-1.00307e-06,30501
0.000113758,1.77567e-07,30502
0.000206636,3.22542e-07,30505
-0.000276719,-4.31934e-07,30506
0.000166532,2.59943e-07,30508
-2.29509e-05,-3.58255e-08,30513
4.65323e-05,7.26328e-08,30514
-3.54469e-05,-5.5329e-08,30516
-3.3839e-05,-5.28189e-08,30537
5.64978e-05,8.81876e-08,30538
-3.63032e-05,-5.66661e-08,30540
2.79055e-05,4.35589e-08,30545
-6.99565e-05,-1.09197e-07,30546
5.86337e-05,9.15228e-08,30548
-1.55815e-05,-2.43224e-08,30561
3.98123e-05,6.21423e-08,30562
-3.39524e-05,-5.29971e-08,30564
2.02055e-06,3.15453e-09,30601
-3.69255e-06,-5.76472e-09,30602
2.44845e-06,3.82183e-09,30604
-2.09265e-06,-3.26634e-09,30609
6.18227e-06,9.6494e-09,30610
-5.4646e-06,-8.52917e-09,30612
1.29839e-06,2.02714e-09,30625
-4.14305e-06,-6.4674e-09,30626
3.7888e-06,5.91383e-09,30628
9.67581e-06,1.51028e-08,30781
-6.81384e-07,-1.06306e-09,30782
3.86012e-06,6.02509e-09,30799
-4.77694e-05,-7.45639e-08,30807
0.000196454,3.06648e-07,30811
-0.000164192,-2.56289e-07,30813
1.13195e-05,1.76682e-08,30814
4.59555e-05,7.17321e-08,30823
-0.000244235,-3.81231e-07,30827
0.000210179,3.28072e-07,30829
-1.49203e-05,-2.32886e-08,30830
5.77336e-05,9.01191e-08,30835
-6.50117e-05,-1.01478e-07,30837
6.4005e-06,9.99109e-09,30838
6.4005e-06,9.98925e-09,30841
-4.88396e-06,-7.62354e-09,30842
2.79754e-06,4.36562e-09,30844
-1.33837e-05,-2.08914e-08,30863
0.000215581,3.36504e-07,30871
-0.00113177,-1.7666e-06,30875
0.00099229,1.54888e-06,30877
-7.48618e-05,-1.16853e-07,30878
-0.000267209,-4.17092e-07,30887
0.00176822,2.76004e-06,30891
-0.00158941,-2.48094e-06,30893
0.000123281,1.9243e-07,30894
-0.00060519,-9.44652e-07,30899
0.000716504,1.1184e-06,30901
-7.85741e-05,-1.22648e-07,30902
-8.59567e-05,-1.34172e-07,30905
6.94758e-05,1.08446e-07,30906
-3.937e-05,-6.14535e-08,30908
-0.000630027,-9.8342e-07,30923
0.000622141,9.71112e-07,30925
-5.76425e-05,-8.99747e-08,30926
0.0016341,2.5507e-06,30931
-0.00211206,-3.29674e-06,30933
0.000276327,4.31323e-07,30934
0.000360656,5.62955e-07,30937
-0.000329707,-5.14646e-07,30938
0.000185632,2.89757e-07,30940
-0.00103816,-1.62048e-06,30947
0.00137384,2.14445e-06,30949
-0.000190347,-2.97115e-07,30950
-0.000295038,-4.60529e-07,30953
0.000289162,4.51358e-07,30954
-0.000163796,-2.55672e-07,30956
1.95483e-05,3.05127e-08,30961
-2.63445e-05,-4.11214e-08,30962
1.76481e-05,2.75483e-08,30964
1.19008e-05,1.85753e-08,30991
-0.000193638,-3.02252e-07,30999
0.00106829,1.66752e-06,31003
-0.000952804,-1.48725e-06,31005
7.48618e-05,1.16852e-07,31006
0.000247258,3.85948e-07,31015
-0.00171265,-2.6733e-06,31019
0.00156372,2.44084e-06,31021
-0.000125996,-1.96669e-07,31022
0.000646136,1.00856e-06,31027
-0.000777714,-1.21395e-06,31029
8.85794e-05,1.38266e-07,31030
9.80226e-05,1.53005e-07,31033
-8.12589e-05,-1.26837e-07,31034
4.59984e-05,7.1799e-08,31036
0.000806193,1.2584e-06,31051
-0.000809012,-1.2628e-06,31053
7.76321e-05,1.21178e-07,31054
-0.00228303,-3.56361e-06,31059
0.00298433,4.65829e-06,31061
-0.000401031,-6.25975e-07,31062
-0.000527453,-8.2331e-07,31065
0.000493908,7.70951e-07,31066
-0.000278667,-4.34976e-07,31068
0.00148493,2.31785e-06,31075
-0.00198791,-3.10296e-06,31077
0.000283019,4.41768e-07,31078
0.000442594,6.90853e-07,31081
-0.00044501,-6.94623e-07,31082
0.000252974,3.94873e-07,31084
-2.98224e-05,-4.65493e-08,31089
4.17938e-05,6.52361e-08,31090
-2.83094e-05,-4.41894e-08,31092
-0.000112006,-1.74833e-07,31115
0.000118192,1.84489e-07,31117
-1.26686e-05,-1.97756e-08,31118
0.000458325,7.15408e-07,31123
-0.000621082,-9.69458e-07,31125
9.27166e-05,1.44723e-07,31126
0.000135869,2.12081e-07,31129
-0.00014566,-2.27363e-07,31130
8.38095e-05,1.3082e-07,31132
-0.000378518,-5.90836e-07,31139
0.000526129,8.21242e-07,31141
-8.4182e-05,-1.31401e-07,31142
-0.000147884,-2.30835e-07,31145
0.000172654,2.69501e-07,31146
-0.000100863,-1.57438e-07,31148
1.3466e-05,2.10198e-08,31153
-2.30739e-05,-3.60169e-08,31154
1.66723e-05,2.60242e-08,31156
1.41589e-05,2.21013e-08,31177
-1.99926e-05,-3.12087e-08,31178
1.22959e-05,1.91927e-08,31180
-1.04646e-05,-1.63337e-08,31185
2.01124e-05,3.13937e-08,31186
-1.55416e-05,-2.42587e-08,31188
6.03393e-06,9.4186e-09,31201
-1.13338e-05,-1.76904e-08,31202
8.74797e-06,1.36553e-08,31204
-0.000157103,-2.45224e-07,31307
0.000164084,2.56121e-07,31309
-1.73503e-05,-2.70827e-08,31310
0.00054153,8.45283e-07,31315
-0.00072867,-1.13739e-06,31317
0.000107198,1.67329e-07,31318
0.000143737,2.24362e-07,31321
-0.000150736,-2.35285e-07,31322
8.64967e-05,1.35014e-07,31324
-0.000376259,-5.87308e-07,31331
0.000518758,8.09736e-07,31333
-8.14843e-05,-1.2719e-07,31334
-0.000130505,-2.03708e-07,31337
0.00014899,2.32561e-07,31338
-8.671e-05,-1.35347e-07,31340
1.00834e-05,1.57397e-08,31345
-1.68191e-05,-2.6253e-08,31346
1.20117e-05,1.87486e-08,31348
0.000159044,2.48254e-07,31371
-0.000173972,-2.71553e-07,31373
2.06425e-05,3.22203e-08,31374
-0.000779092,-1.21609e-06,31379
0.00108537,1.69417e-06,31381
-0.000180633,-2.81953e-07,31382
-0.000272319,-4.25065e-07,31385
0.000337406,5.26663e-07,31386
-0.000199391,-3.11232e-07,31388
0.000701232,1.09456e-06,31395
-0.00100192,-1.5639e-06,31397
0.000180077,2.81086e-07,31398
0.000325128,5.07498e-07,31401
-0.000440522,-6.87617e-07,31402
0.000265344,4.14182e-07,31404
-3.5579e-05,-5.55359e-08,31409
7.22928e-05,1.12844e-07,31410
-5.49357e-05,-8.57503e-08,31412
-4.51515e-05,-7.04776e-08,31433
7.48598e-05,1.16851e-07,31434
-4.79114e-05,-7.47863e-08,31436
3.60852e-05,5.63262e-08,31441
-8.81042e-05,-1.37525e-07,31442
7.308e-05,1.14073e-07,31444
-2.02468e-05,-3.16031e-08,31457
4.97707e-05,7.76872e-08,31458
-4.18115e-05,-6.52644e-08,31460
-8.98064e-05,-1.4018e-07,31499
9.8663e-05,1.54005e-07,31501
-1.19008e-05,-1.85769e-08,31502
0.000450125,7.02607e-07,31507
-0.000629928,-9.83264e-07,31509
0.000107051,1.67097e-07,31510
0.000162535,2.53704e-07,31513
-0.000207617,-3.24073e-07,31514
0.000123534,1.92827e-07,31516
-0.000412766,-6.44294e-07,31523
0.000592785,9.25286e-07,31525
-0.000109149,-1.70371e-07,31526
-0.000198486,-3.0982e-07,31529
0.000277759,4.33558e-07,31530
-0.000168593,-2.6316e-07,31532
2.28947e-05,3.57368e-08,31537
-4.85251e-05,-7.57444e-08,31538
3.73926e-05,5.83676e-08,31540
3.42921e-05,5.35265e-08,31561
-5.95624e-05,-9.2973e-08,31562
3.8625e-05,6.02916e-08,31564
-2.8823e-05,-4.49904e-08,31569
7.5788e-05,1.183e-07,31570
-6.42944e-05,-1.0036e-07,31572
1.60832e-05,2.51045e-08,31585
-4.32652e-05,-6.75332e-08,31586
3.73905e-05,5.83644e-08,31588
-2.02055e-06,-3.15504e-09,31625
3.88816e-06,6.06862e-09,31626
-2.61041e-06,-4.07446e-09,31628
2.17491e-06,3.39541e-09,31633
-6.79251e-06,-1.06028e-08,31634
6.08525e-06,9.49826e-09,31636
-1.36145e-06,-2.12534e-09,31649
4.5985e-06,7.17645e-09,31650
-4.26218e-06,-6.6518e-09,31652
1.04989e-05,1.63886e-08,31819
-1.11353e-05,-1.73799e-08,31821
1.23098e-06,1.92182e-09,31822
-3.90812e-05,-6.10016e-08,31827
5.32499e-05,8.31192e-08,31829
-8.2446e-06,-1.28691e-08,31830
-1.11353e-05,-1.73802e-08,31833
1.25992e-05,1.96664e-08,31834
-7.33456e-06,-1.14491e-08,31836
2.79763e-05,4.36683e-08,31843
-3.90812e-05,-6.10013e-08,31845
6.50088e-06,1.01473e-08,31846
1.04989e-05,1.63876e-08,31849
-1.30263e-05,-2.03345e-08,31850
7.71648e-06,1.20452e-08,31852
-8.77639e-07,-1.3693e-09,31857
1.62773e-06,2.54147e-09,31858
-1.20015e-06,-1.87386e-09,31860
-1.41205e-05,-2.20408e-08,31883
1.58433e-05,2.47298e-08,31885
-2.0224e-06,-3.15725e-09,31886
7.70455e-05,1.20262e-07,31891
-0.000109111,-1.70315e-07,31893
1.94642e-05,3.0381e-08,31894
2.95554e-05,4.61344e-08,31897
-4.00284e-05,-6.24817e-08,31898
2.40899e-05,3.76021e-08,31900
-7.22559e-05,-1.12785e-07,31907
0.000104857,1.63673e-07,31909
-2.02375e-05,-3.1589e-08,31910
-3.67214e-05,-5.73193e-08,31913
5.43593e-05,8.485e-08,31914
-3.33941e-05,-5.21258e-08,31916
4.37823e-06,6.83488e-09,31921
-9.84428e-06,-1.53662e-08,31922
7.70918e-06,1.20332e-08,31924
6.12412e-06,9.55904e-09,31945
-1.1222e-05,-1.75173e-08,31946
7.37853e-06,1.1517e-08,31948
-5.24382e-06,-8.18569e-09,31953
1.47072e-05,2.29565e-08,31954
-1.2703e-05,-1.98307e-08,31956
2.93703e-06,4.58462e-09,31969
-8.43251e-06,-1.31634e-08,31970
7.42165e-06,1.15855e-08,31972
9.27892e-06,1.44844e-08,32011
-1.05386e-05,-1.64494e-08,32013
1.39477e-06,2.17671e-09,32014
-5.33856e-05,-8.33314e-08,32019
7.62e-05,1.18943e-07,32021
-1.40456e-05,-2.19244e-08,32022
-2.15198e-05,-3.35905e-08,32025
3.03624e-05,4.73938e-08,32026
-1.84424e-05,-2.87866e-08,32028
5.15598e-05,8.04813e-08,32035
-7.53938e-05,-1.17683e-07,32037
1.50522e-05,2.34956e-08,32038
2.75333e-05,4.29771e-08,32041
-4.24382e-05,-6.62429e-08,32042
2.63256e-05,4.10923e-08,32044
-3.4999e-06,-5.46302e-09,32049
8.27458e-06,1.29165e-08,32050
-6.58766e-06,-1.02837e-08,32052
-5.8489e-06,-9.12841e-09,32073
1.12901e-05,1.76229e-08,32074
-7.53649e-06,-1.17642e-08,32076
5.33741e-06,8.33234e-09,32081
-1.61542e-05,-2.52158e-08,32082
1.42654e-05,2.22676e-08,32084
-2.99249e-06,-4.67177e-09,32097
9.41086e-06,1.46884e-08,32098
-8.50697e-06,-1.32782e-08,32100
4.04334e-07,6.31884e-10,32137
-9.04814e-07,-1.41333e-09,32138
6.33015e-07,9.88389e-10,32140
-5.06131e-07,-7.90238e-10,32145
1.86573e-06,2.91207e-09,32146
-1.74624e-06,-2.72603e-09,32148
3.31562e-07,5.16502e-10,32161
-1.32568e-06,-2.07014e-09,32162
1.28335e-06,2.00312e-09,32164
3.61154e-07,5.64101e-10,32329
-7.8477e-07,-1.22522e-09,32330
5.42349e-07,8.4639e-10,32332
-3.80806e-07,-5.95055e-10,32337
1.33997e-06,2.09116e-09,32338
-1.23505e-06,-1.92917e-09,32340
2.18826e-07,3.41102e-10,32353
-8.15018e-07,-1.27276e-09,32354
7.7265e-07,1.20527e-09,32356
-2.58967e-07,-4.05585e-10,32393
5.80795e-07,9.04374e-10,32394
-4.08133e-07,-6.38469e-10,32396
3.23644e-07,5.04138e-10,32401
-1.22424e-06,-1.91222e-09,32402
1.15994e-06,1.81005e-09,32404
-2.16535e-07,-3.39303e-10,32417
8.95124e-07,1.39724e-09,32418
-8.79709e-07,-1.37536e-09,32420
1.56123e-07,2.42811e-10,32521
-3.44096e-07,-5.3876e-10,32522
2.40375e-07,3.74299e-10,32524
-1.87692e-07,-2.93626e-10,32529
6.96426e-07,1.08507e-09,32530
-6.56507e-07,-1.02482e-09,32532
1.23273e-07,1.9204e-10,32545
-5.01016e-07,-7.83481e-10,32546
4.90594e-07,7.66454e-10,32548
5.62576e-06,8.78193e-09,37471
-8.23519e-06,-1.28544e-08,37487
5.92168e-06,9.2419e-09,37495
-8.23519e-06,-1.2855e-08,37499
5.62576e-06,8.78169e-09,37501
-3.61154e-07,-5.64803e-10,37502
-4.13083e-05,-6.44795e-08,37535
7.28005e-05,1.13636e-07,37551
-7.42887e-05,-1.15958e-07,37559
0.000130636,2.03912e-07,37563
-9.29869e-05,-1.45146e-07,37565
5.8489e-06,9.13048e-09,37566
-4.1789e-05,-6.52297e-08,37583
0.000302997,4.72953e-07,37591
-0.000761085,-1.18799e-06,37595
0.000566597,8.84409e-07,37597
-3.42921e-05,-5.35265e-08,37598
-0.000226669,-3.53812e-07,37607
0.000740914,1.1565e-06,37611
-0.000566597,-8.84409e-07,37613
3.3839e-05,5.28196e-08,37614
-9.70755e-05,-1.51527e-07,37619
9.29869e-05,1.45145e-07,37621
-6.47317e-06,-1.01051e-08,37622
4.02994e-06,6.29025e-09,37626
-2.4362e-06,-3.80278e-09,37628
3.70584e-05,5.78466e-08,37663
-6.58206e-05,-1.0274e-07,37679
7.23254e-05,1.12895e-07,37687
-0.000134632,-2.10149e-07,37691
9.70755e-05,1.51526e-07,37693
-6.12412e-06,-9.55891e-09,37694
4.87091e-05,7.60313e-08,37711
-0.000376748,-5.88072e-07,37719
0.000986544,1.53991e-06,37723
-0.000740914,-1.1565e-06,37725
4.51515e-05,7.04786e-08,37726
0.00028954,4.51947e-07,37735
-0.000986544,-1.53991e-06,37739
0.000761085,1.18799e-06,37741
-4.59233e-05,-7.16832e-08,37742
0.000134632,2.1015e-07,37747
-0.000130636,-2.03912e-07,37749
9.34452e-06,1.4587e-08,37750
-5.88953e-06,-9.1945e-09,37754
3.54551e-06,5.53447e-09,37756
-7.80867e-06,-1.21892e-08,37775
8.47829e-05,1.3234e-07,37783
-0.00028954,-4.51947e-07,37787
0.000226669,3.53812e-07,37789
-1.41589e-05,-2.21008e-08,37790
-8.47829e-05,-1.3234e-07,37799
0.000376748,5.88072e-07,37803
-0.000302997,-4.72952e-07,37805
1.90504e-05,2.97358e-08,37806
-7.23254e-05,-1.12895e-07,37811
7.42887e-05,1.15959e-07,37813
-5.97245e-06,-9.32231e-09,37814
4.2586e-06,6.64616e-09,37818
-2.50552e-06,-3.91085e-09,37820
-4.87091e-05,-7.60308e-08,37835
4.1789e-05,6.5229e-08,37837
-2.88198e-06,-4.49891e-09,37838
6.58206e-05,1.02739e-07,37843
-7.28005e-05,-1.13634e-07,37845
6.92347e-06,1.08083e-08,37846
-6.30085e-06,-9.83615e-09,37850
3.58213e-06,5.59289e-09,37852
-3.70584e-05,-5.78451e-08,37859
4.13083e-05,6.44788e-08,37861
-4.08281e-06,-6.37376e-09,37862
4.51623e-06,7.05124e-09,37866
-2.54165e-06,-3.96728e-09,37868
-3.49488e-07,-5.46166e-10,37874
2.14724e-07,3.35989e-10,37876
-1.37175e-05,-2.14102e-08,37983
2.12907e-05,3.32334e-08,37999
-1.835e-05,-2.8643e-08,38007
2.99831e-05,4.68003e-08,38011
-2.13746e-05,-3.33635e-08,38013
1.39803e-06,2.18309e-09,38014
0.000143929,2.2466e-07,38047
-0.00025749,-4.01921e-07,38063
0.000295415,4.61119e-07,38071
-0.000583081,-9.10139e-07,38075
0.00042767,6.67557e-07,38077
-2.75333e-05,-4.29771e-08,38078
0.000185716,2.89886e-07,38095
-0.00149716,-2.33694e-06,38103
0.00415653,6.48798e-06,38107
-0.00317297,-4.95273e-06,38109
0.000198486,3.09821e-07,38110
0.0011674,1.8222e-06,38119
-0.00422518,-6.59514e-06,38123
0.00331534,5.17497e-06,38125
-0.000206636,-3.22544e-07,38126
0.000614491,9.59167e-07,38131
-0.000610722,-9.53287e-07,38133
4.65479e-05,7.26577e-08,38134
-2.98712e-05,-4.66269e-08,38138
1.78052e-05,2.7792e-08,38140
-0.000169125,-2.63989e-07,38175
0.000302462,4.72118e-07,38191
-0.000367932,-5.74313e-07,38199
0.000765387,1.19471e-06,38203
-0.000567982,-8.86573e-07,38205
3.67214e-05,5.73195e-08,38206
-0.000274216,-4.28029e-07,38223
0.00233569,3.64582e-06,38231
-0.00672329,-1.04945e-05,38235
0.005169,8.06836e-06,38237
-0.000325128,-5.07498e-07,38238
-0.00186602,-2.9127e-06,38247
0.00699119,1.09126e-05,38251
-0.00552266,-8.6204e-06,38253
0.000346757,5.4126e-07,38254
-0.00104992,-1.63883e-06,38259
0.00105192,1.64197e-06,38261
-8.13649e-05,-1.27005e-07,38262
5.25514e-05,8.2027e-08,38266
-3.12611e-05,-4.87958e-08,38268
6.2492e-05,9.75464e-08,38287
-0.000752175,-1.17408e-06,38295
0.00284363,4.43866e-06,38299
-0.00227914,-3.55754e-06,38301
0.000147884,2.30833e-07,38302
0.000789303,1.23204e-06,38311
-0.00385358,-6.01512e-06,38315
0.00317013,4.9483e-06,38317
-0.00020816,-3.2492e-07,38318
0.000819324,1.2789e-06,38323
-0.00086482,-1.34991e-06,38325
7.42887e-05,1.15959e-07,38326
-5.43312e-05,-8.48075e-08,38330
3.16621e-05,4.94222e-08,38332
0.000607276,9.47906e-07,38347
-0.000534685,-8.34597e-07,38349
3.91193e-05,6.10623e-08,38350
-0.000917529,-1.43218e-06,38355
0.00105192,1.64197e-06,38357
-0.000107978,-1.68546e-07,38358
0.000103045,1.60844e-07,38362
-5.81859e-05,-9.08217e-08,38364
0.000525133,8.19689e-07,38371
-0.000610722,-9.53287e-07,38373
6.56613e-05,1.02493e-07,38374
-7.7261e-05,-1.20597e-07,38378
4.3296e-05,6.75821e-08,38380
6.02162e-06,9.39882e-09,38386
-3.7374e-06,-5.83362e-09,38388
7.35357e-05,1.14784e-07,38479
-0.000747415,-1.16665e-06,38487
0.00251709,3.92896e-06,38491
-0.00199994,-3.12173e-06,38493
0.000130505,2.03708e-07,38494
0.000653396,1.0199e-06,38503
-0.00285737,-4.46012e-06,38507
0.00233209,3.6402e-06,38509
-0.000153462,-2.3954e-07,38510
0.000512453,7.99896e-07,38515
-0.000534685,-8.34598e-07,38517
4.51057e-05,7.04061e-08,38518
-3.04285e-05,-4.74975e-08,38522
1.78506e-05,2.78629e-08,38524
-0.000127446,-1.98933e-07,38543
0.00180404,2.81595e-06,38551
-0.0078685,-1.22821e-05,38555
0.00650209,1.01492e-05,38557
-0.000442594,-6.90851e-07,38558
-0.00206606,-3.22495e-06,38567
0.011458,1.7885e-05,38571
-0.00970165,-1.51435e-05,38573
0.000672,1.04894e-06,38574
-0.00289729,-4.52243e-06,38579
0.00317013,4.9483e-06,38581
-0.000295415,-4.61118e-07,38582
0.000227026,3.54368e-07,38586
-0.00013073,-2.04057e-07,38588
-0.00256097,-3.99746e-06,38603
0.00233209,3.6402e-06,38605
-0.000183525,-2.86467e-07,38606
0.00462203,7.2146e-06,38611
-0.00552266,-8.6204e-06,38613
0.000614899,9.59804e-07,38614
-0.000619284,-9.66646e-07,38618
0.000347442,5.42324e-07,38620
-0.00271858,-4.24348e-06,38627
0.00331534,5.17497e-06,38629
-0.000388401,-6.06262e-07,38630
0.00048574,7.58197e-07,38634
-0.000271175,-4.23281e-07,38636
-3.736e-05,-5.83173e-08,38642
2.33908e-05,3.65123e-08,38644
7.85741e-05,1.22648e-07,38671
-0.00113666,-1.77423e-06,38679
0.00511867,7.98981e-06,38683
-0.00426527,-6.65773e-06,38685
0.000295038,4.60528e-07,38686
0.00133266,2.08017e-06,38695
-0.00761711,-1.18897e-05,38699
0.00650209,1.01492e-05,38701
-0.000458157,-7.15143e-07,38702
0.002058,3.21236e-06,38707
-0.00227914,-3.55754e-06,38709
0.000218277,3.4071e-07,38710
-0.000171747,-2.68081e-07,38714
9.85197e-05,1.53779e-07,38716
0.00216863,3.38505e-06,38731
-0.00199994,-3.12173e-06,38733
0.000161706,2.52409e-07,38734
-0.00426523,-6.65766e-06,38739
0.005169,8.06836e-06,38741
-0.000591653,-9.23519e-07,38742
0.000611232,9.5408e-07,38746
-0.000342402,-5.34458e-07,38748
0.00255928,3.99482e-06,38755
-0.00317297,-4.95274e-06,38757
0.000382892,5.97663e-07,38758
-0.000492935,-7.69427e-07,38762
0.000275117,4.29433e-07,38764
3.80128e-05,5.93357e-08,38770
-2.39713e-05,-3.7418e-08,38772
-0.000164084,-2.56122e-07,38795
0.000157103,2.45224e-07,38797
-1.37153e-05,-2.14092e-08,38798
0.000451526,7.04795e-07,38803
-0.000567982,-8.86571e-07,38805
7.03283e-05,1.09777e-07,38806
-8.53723e-05,-1.33259e-07,38810
4.77834e-05,7.45867e-08,38812
-0.000330422,-5.15761e-07,38819
0.00042767,6.67555e-07,38821
-5.63617e-05,-8.79765e-08,38822
8.71632e-05,1.36054e-07,38826
-4.88889e-05,-7.63105e-08,38828
-8.30958e-06,-1.29701e-08,38834
5.45566e-06,8.51628e-09,38836
-6.02664e-06,-9.40721e-09,38858
3.45923e-06,5.3994e-09,38860
5.06306e-06,7.90306e-09,38866
-3.36204e-06,-5.24694e-09,38868
-2.94091e-06,-4.59074e-09,38882
1.91246e-06,2.98517e-09,38884
9.5645e-06,1.49287e-08,39007
-1.50087e-05,-2.34263e-08,39023
1.3466e-05,2.10186e-08,39031
-2.30739e-05,-3.60162e-08,39035
1.66723e-05,2.60224e-08,39037
-1.10239e-06,-1.71878e-09,39038
-0.00010378,-1.61991e-07,39071
0.000185943,2.90242e-07,39087
-0.000218277,-3.40713e-07,39095
0.000446034,6.96219e-07,39099
-0.000330422,-5.15761e-07,39101
2.15198e-05,3.35914e-08,39102
-0.000138661,-2.16438e-07,39119
0.00115289,1.79956e-06,39127
-0.00332051,-5.18303e-06,39131
0.00255928,3.99481e-06,39133
-0.000162535,-2.53704e-07,39134
-0.000912211,-1.42388e-06,39143
0.00343003,5.35398e-06,39147
-0.00271858,-4.24347e-06,39149
0.000172672,2.69527e-07,39150
-0.000520939,-8.13142e-07,39155
0.000525133,8.19688e-07,39157
-4.14989e-05,-6.47777e-08,39158
2.70058e-05,4.2154e-08,39162
-1.60061e-05,-2.49849e-08,39164
0.00012576,1.96301e-07,39199
-0.000224864,-3.50995e-07,39215
0.000279318,4.35992e-07,39223
-0.000602301,-9.40142e-07,39227
0.000451526,7.04794e-07,39229
-2.95554e-05,-4.6134e-08,39230
0.000209992,3.2778e-07,39247
-0.00184294,-2.87667e-06,39255
0.00549682,8.58006e-06,39259
-0.00426523,-6.65766e-06,39261
0.000272319,4.25066e-07,39262
0.00149248,2.32964e-06,39271
-0.00579623,-9.04742e-06,39275
0.00462203,7.21459e-06,39277
-0.000295517,-4.61277e-07,39278
0.000904357,1.41163e-06,39283
-0.000917529,-1.43219e-06,39285
7.32974e-05,1.14413e-07,39286
-4.78646e-05,-7.47134e-08,39290
2.83333e-05,4.42262e-08,39292
-5.21524e-05,-8.14057e-08,39311
0.000649534,1.01387e-06,39319
-0.00254494,-3.97244e-06,39323
0.002058,3.21236e-06,39325
-0.000135869,-2.12079e-07,39326
-0.000692086,-1.08029e-06,39335
0.00349167,5.4502e-06,39339
-0.00289729,-4.52243e-06,39341
0.000193943,3.02728e-07,39342
-0.000768241,-1.19916e-06,39347
0.000819324,1.2789e-06,39349
-7.23254e-05,-1.12895e-07,39350
5.34338e-05,8.34076e-08,39354
-3.10263e-05,-4.84296e-08,39356
-0.000576285,-8.99532e-07,39371
0.000512453,7.99896e-07,39373
-3.84545e-05,-6.00246e-08,39374
0.000904357,1.41163e-06,39379
-0.00104992,-1.63883e-06,39381
0.000111149,1.73495e-07,39382
-0.000108076,-1.68697e-07,39386
6.09078e-05,9.50715e-08,39388
-0.000520939,-8.13141e-07,39395
0.000614491,9.59168e-07,39397
-6.82931e-05,-1.066e-07,39398
8.22942e-05,1.28454e-07,39402
-4.60872e-05,-7.1937e-08,39404
-6.49843e-06,-1.01437e-08,39410
4.05731e-06,6.33445e-09,39412
-7.35357e-05,-1.14783e-07,39503
0.000774677,1.20921e-06,39511
-0.00270555,-4.22313e-06,39515
0.00216863,3.38504e-06,39517
-0.000143737,-2.24362e-07,39518
-0.000687677,-1.07341e-06,39527
0.00311124,4.85638e-06,39531
-0.00256097,-3.99746e-06,39533
0.000171537,2.67754e-07,39534
-0.000576285,-8.99534e-07,39539
0.000607276,9.47907e-07,39541
-5.25734e-05,-8.20623e-08,39542
3.57709e-05,5.58352e-08,39546
-2.09083e-05,-3.26366e-08,39548
0.000140333,2.19049e-07,39567
-0.00204148,-3.18658e-06,39575
0.00915009,1.42825e-05,39579
-0.00761711,-1.18897e-05,39581
0.000527453,8.23309e-07,39582
0.00236488,3.69138e-06,39591
-0.0134362,-2.09727e-05,39595
0.011458,1.7885e-05,39597
-0.000808355,-1.26177e-06,39598
0.00349167,5.4502e-06,39603
-0.00385358,-6.01511e-06,39605
0.000367932,5.74311e-07,39606
-0.000285876,-4.4623e-07,39610
0.000164169,2.56253e-07,39612
0.00311124,4.85638e-06,39627
-0.00285737,-4.46012e-06,39629
0.000230233,3.59375e-07,39630
-0.00579623,-9.04742e-06,39635
0.00699119,1.09126e-05,39637
-0.000799086,-1.2473e-06,39638
0.000818193,1.27713e-06,39642
-0.000458684,-7.15963e-07,39644
0.00343003,5.35399e-06,39651
-0.00422518,-6.59514e-06,39653
0.000508698,7.94034e-07,39654
-0.000648861,-1.01281e-06,39658
0.000362424,5.65713e-07,39660
5.06551e-05,7.90692e-08,39666
-3.19163e-05,-4.98188e-08,39668
-8.85794e-05,-1.38265e-07,39695
0.00131682,2.05545e-06,39703
-0.00609584,-9.51508e-06,39707
0.00511867,7.98981e-06,39709
-0.000360656,-5.62955e-07,39710
-0.0015626,-2.43909e-06,39719
0.00915009,1.42825e-05,39723
-0.0078685,-1.22821e-05,39725
0.000565348,8.82461e-07,39726
-0.00254494,-3.97244e-06,39731
0.00284363,4.43866e-06,39733
-0.000279318,-4.35992e-07,39734
0.000222551,3.47382e-07,39738
-0.000127335,-1.9876e-07,39740
-0.00270555,-4.22313e-06,39755
0.00251709,3.92896e-06,39757
-0.000208614,-3.2563e-07,39758
0.00549682,8.58007e-06,39763
-0.00672329,-1.04945e-05,39765
0.000790367,1.2337e-06,39766
-0.000831035,-1.29717e-06,39770
0.000465355,7.26376e-07,39772
-0.00332051,-5.18304e-06,39779
0.00415653,6.48798e-06,39781
-0.000515623,-8.04845e-07,39782
0.000677744,1.0579e-06,39786
-0.000378636,-5.91017e-07,39788
-5.32492e-05,-8.31187e-08,39794
3.38229e-05,5.27956e-08,39796
0.00020972,3.27355e-07,39819
-0.000203119,-3.17052e-07,39821
1.83035e-05,2.85699e-08,39822
-0.000602301,-9.4014e-07,39827
0.000765387,1.1947e-06,39829
-9.78121e-05,-1.52678e-07,39830
0.000121946,1.90348e-07,39834
-6.8357e-05,-1.06698e-07,39836
0.000446034,6.96221e-07,39843
-0.000583081,-9.1014e-07,39845
7.93791e-05,1.23903e-07,39846
-0.000126538,-1.97516e-07,39850
7.12129e-05,1.11157e-07,39852
1.25172e-05,1.95383e-08,39858
-8.30958e-06,-1.29703e-08,39860
9.19367e-06,1.43502e-08,39882
-5.31501e-06,-8.2964e-09,39884
-7.8258e-06,-1.22156e-08,39890
5.28693e-06,8.2534e-09,39892
4.52384e-06,7.06115e-09,39906
-2.99644e-06,-4.67737e-09,39908
7.33557e-06,1.1451e-08,40015
-8.56611e-05,-1.3371e-07,40023
0.000329458,5.14256e-07,40027
-0.000270339,-4.21976e-07,40029
1.87294e-05,2.9235e-08,40030
7.97236e-05,1.24441e-07,40039
-0.000395034,-6.16615e-07,40043
0.000332906,5.19639e-07,40045
-2.34864e-05,-3.66589e-08,40046
8.17219e-05,1.2756e-07,40051
-8.88566e-05,-1.38697e-07,40053
8.35981e-06,1.305e-08,40054
-5.94702e-06,-9.28258e-09,40058
3.43585e-06,5.36349e-09,40060
-2.08231e-05,-3.25033e-08,40079
0.00032246,5.03334e-07,40087
-0.0015626,-2.43908e-06,40091
0.00133266,2.08017e-06,40093
-9.80226e-05,-1.53005e-07,40094
-0.000387108,-6.04245e-07,40103
0.00236488,3.69137e-06,40107
-0.00206606,-3.22495e-06,40109
0.000155527,2.42764e-07,40110
-0.000692086,-1.08029e-06,40115
0.000789303,1.23203e-06,40117
-8.24916e-05,-1.28762e-07,40118
6.78684e-05,1.05936e-07,40122
-3.86336e-05,-6.03034e-08,40124
-0.000687677,-1.07341e-06,40139
0.000653396,1.01989e-06,40141
-5.76684e-05,-9.00152e-08,40142
0.00149248,2.32964e-06,40147
-0.00186602,-2.9127e-06,40149
0.000234878,3.66625e-07,40150
-0.000258637,-4.03711e-07,40154
0.000144947,2.2625e-07,40156
-0.000912211,-1.42388e-06,40163
0.0011674,1.8222e-06,40165
-0.000155343,-2.42477e-07,40166
0.00021542,3.36251e-07,40170
-0.000120889,-1.88696e-07,40172
-1.78442e-05,-2.78542e-08,40178
1.15612e-05,1.80465e-08,40180
1.66132e-05,2.59305e-08,40207
-0.000261528,-4.08223e-07,40215
0.00131682,2.05545e-06,40219
-0.00113666,-1.77423e-06,40221
8.59567e-05,1.34172e-07,40222
0.00032246,5.03335e-07,40231
-0.00204148,-3.18658e-06,40235
0.00180404,2.81595e-06,40237
-0.000139613,-2.17926e-07,40238
0.000649534,1.01387e-06,40243
-0.000752175,-1.17408e-06,40245
8.14925e-05,1.27203e-07,40246
-6.92894e-05,-1.08155e-07,40250
3.93273e-05,6.13874e-08,40252
0.000774677,1.2092e-06,40267
-0.000747415,-1.16665e-06,40269
6.82824e-05,1.06583e-07,40270
-0.00184294,-2.87667e-06,40275
0.00233569,3.64582e-06,40277
-0.000302955,-4.72887e-07,40278
0.000343948,5.36872e-07,40282
-0.000192844,-3.01013e-07,40284
0.00115289,1.79956e-06,40291
-0.00149716,-2.33694e-06,40293
0.000205495,3.2076e-07,40294
-0.000294778,-4.60123e-07,40298
0.000165759,2.58734e-07,40300
2.49787e-05,3.89898e-08,40306
-1.63572e-05,-2.5531e-08,40308
-8.14925e-05,-1.27203e-07,40331
8.24916e-05,1.28764e-07,40333
-8.3598e-06,-1.30496e-08,40334
0.000279318,4.35992e-07,40339
-0.000367932,-5.74312e-07,40341
5.25734e-05,8.20635e-08,40342
-7.32974e-05,-1.14411e-07,40346
4.14989e-05,6.47763e-08,40348
-0.000218277,-3.40711e-07,40355
0.000295415,4.61119e-07,40357
-4.51057e-05,-7.04062e-08,40358
8.13649e-05,1.27003e-07,40362
-4.65479e-05,-7.2657e-08,40364
-9.34452e-06,-1.45852e-08,40370
6.47317e-06,1.01032e-08,40372
-7.69029e-06,-1.20034e-08,40394
4.58193e-06,7.15165e-09,40396
7.04833e-06,1.10009e-08,40402
-5.10749e-06,-7.97142e-09,40404
-4.00396e-06,-6.25056e-09,40418
2.87023e-06,4.48079e-09,40420
0.000209992,3.27781e-07,40531
-0.000274216,-4.28027e-07,40533
3.86366e-05,6.03086e-08,40534
-4.84323e-05,-7.55989e-08,40538
2.7384e-05,4.27439e-08,40540
-0.000138661,-2.16438e-07,40547
0.000185716,2.89886e-07,40549
-2.78418e-05,-4.34581e-08,40550
4.48255e-05,6.9968e-08,40554
-2.55741e-05,-3.99187e-08,40556
-4.37521e-06,-6.829e-09,40562
2.9953e-06,4.6746e-09,40564
5.96371e-05,9.30883e-08,40587
-6.15035e-05,-9.6002e-08,40589
6.63067e-06,1.03492e-08,40590
-0.000224864,-3.50993e-07,40595
0.000302462,4.72117e-07,40597
-4.70233e-05,-7.33998e-08,40598
7.53229e-05,1.17573e-07,40602
-4.35574e-05,-6.79905e-08,40604
0.000185943,2.9024e-07,40611
-0.00025749,-4.01919e-07,40613
4.33546e-05,6.76722e-08,40614
-9.14467e-05,-1.4274e-07,40618
5.37741e-05,8.3937e-08,40620
1.29869e-05,2.02712e-08,40626
-9.51775e-06,-1.48551e-08,40628
1.28572e-05,2.00695e-08,40650
-8.01552e-06,-1.25111e-08,40652
-1.38938e-05,-2.16887e-08,40658
1.10524e-05,1.72517e-08,40660
7.83104e-06,1.2224e-08,40674
-6.27076e-06,-9.78933e-09,40676
-3.40798e-05,-5.31965e-08,40715
3.50134e-05,5.46525e-08,40717
-3.75985e-06,-5.87049e-09,40718
0.00012576,1.963e-07,40723
-0.000169125,-2.63988e-07,40725
2.64719e-05,4.13206e-08,40726
-4.32517e-05,-6.75126e-08,40730
2.51441e-05,3.9248e-08,40732
-0.00010378,-1.61991e-07,40739
0.000143929,2.24661e-07,40741
-2.45594e-05,-3.83358e-08,40742
5.32832e-05,8.31691e-08,40746
-3.15494e-05,-4.92463e-08,40748
-8.00634e-06,-1.24976e-08,40754
5.95767e-06,9.30047e-09,40756
-9.30576e-06,-1.45251e-08,40778
5.89258e-06,9.1974e-09,40780
1.09337e-05,1.70667e-08,40786
-8.95621e-06,-1.39799e-08,40788
-6.20604e-06,-9.68752e-09,40802
5.1556e-06,8.04685e-09,40804
6.3654e-07,9.93019e-10,40842
-4.13215e-07,-6.44501e-10,40844
-9.80259e-07,-1.53056e-09,40850
8.4496e-07,1.31973e-09,40852
6.4661e-07,1.0094e-09,40866
-5.76379e-07,-8.99507e-10,40868
5.25895e-05,8.20884e-08,41631
-9.40075e-05,-1.46738e-07,41647
0.000107978,1.68545e-07,41655
-0.000225651,-3.52222e-07,41659
0.000169332,2.64309e-07,41661
-1.14906e-05,-1.79354e-08,41662
6.06986e-05,9.47455e-08,41679
-0.000492131,-7.68175e-07,41687
0.0014355,2.2407e-06,41691
-0.00111735,-1.74408e-06,41693
7.38133e-05,1.15217e-07,41694
0.000380815,5.94421e-07,41703
-0.00143711,-2.2432e-06,41707
0.00114726,1.79077e-06,41709
-7.55273e-05,-1.17892e-07,41710
0.000204399,3.19048e-07,41715
-0.00020517,-3.20252e-07,41717
1.63572e-05,2.55322e-08,41718
-1.01034e-05,-1.57718e-08,41722
6.01137e-06,9.38128e-09,41724
-5.07425e-05,-7.9204e-08,41759
9.08101e-05,1.41748e-07,41775
-0.000111149,-1.73495e-07,41783
0.000245532,3.83253e-07,41787
-0.000186465,-2.91056e-07,41789
1.27225e-05,1.98588e-08,41790
-7.47134e-05,-1.16622e-07,41807
0.000644766,1.00643e-06,41815
-0.00195944,-3.05852e-06,41819
0.00153757,2.40002e-06,41821
-0.000102327,-1.59725e-07,41822
-0.000513295,-8.0121e-07,41831
0.00201774,3.14952e-06,41835
-0.00162407,-2.53503e-06,41837
0.000108035,1.68634e-07,41838
-0.000300633,-4.69263e-07,41843
0.000305494,4.76849e-07,41845
-2.49787e-05,-3.89898e-08,41846
1.57175e-05,2.45321e-08,41850
-9.30973e-06,-1.45322e-08,41852
1.40842e-05,2.19842e-08,41871
-0.000171758,-2.68102e-07,41879
0.00067808,1.05843e-06,41883
-0.000553241,-8.63563e-07,41885
3.8009e-05,5.93297e-08,41886
0.000179444,2.80098e-07,41895
-0.000911925,-1.42344e-06,41899
0.00076327,1.1914e-06,41901
-5.31697e-05,-8.29936e-08,41902
0.000193943,3.02729e-07,41907
-0.00020816,-3.24921e-07,41909
1.90504e-05,2.97356e-08,41910
-1.39135e-05,-2.17167e-08,41914
8.06129e-06,1.25823e-08,41916
0.000132274,2.06469e-07,41931
-0.000118448,-1.84886e-07,41933
9.22883e-06,1.44057e-08,41934
-0.000200432,-3.12857e-07,41939
0.00023365,3.64708e-07,41941
-2.57001e-05,-4.0117e-08,41942
2.51205e-05,3.92111e-08,41946
-1.41682e-05,-2.21149e-08,41948
0.000114625,1.78918e-07,41955
-0.000135462,-2.11444e-07,41957
1.56386e-05,2.4411e-08,41958
-1.90522e-05,-2.97395e-08,41962
1.07049e-05,1.6711e-08,41964
1.57029e-06,2.45055e-09,41970
-9.92543e-07,-1.55e-09,41972
2.33486e-05,3.64459e-08,42079
-3.74161e-05,-5.84023e-08,42095
3.66404e-05,5.71939e-08,42103
-7.11979e-05,-1.11135e-07,42107
5.34762e-05,8.34718e-08,42109
-3.7425e-06,-5.84081e-09,42110
-0.000272735,-4.25718e-07,42143
0.00049033,7.65366e-07,42159
-0.000614899,-9.59808e-07,42167
0.00141608,2.21039e-06,42171
-0.00108798,-1.69824e-06,42173
7.53938e-05,1.17682e-07,42174
-0.000385712,-6.02064e-07,42191
0.00344721,5.3808e-06,42199
-0.0109933,-1.71596e-05,42203
0.00873372,1.36326e-05,42205
-0.000592785,-9.25285e-07,42206
-0.00279025,-4.35535e-06,42215
0.011546,1.80223e-05,42219
-0.00941943,-1.47029e-05,42221
0.000642616,1.00307e-06,42222
-0.00184999,-2.88767e-06,42227
0.00192106,2.99861e-06,42229
-0.000165759,-2.58735e-07,42230
0.000108005,1.68587e-07,42234
-6.33743e-05,-9.89232e-08,42236
0.000339341,5.29683e-07,42271
-0.000606443,-9.46606e-07,42287
0.000799086,1.24731e-06,42295
-0.00193742,-3.02415e-06,42299
0.0015047,2.34871e-06,42301
-0.000104857,-1.63674e-07,42302
0.000592641,9.25062e-07,42319
-0.00558105,-8.71155e-06,42327
0.0183843,2.86963e-05,42331
-0.0146912,-2.29317e-05,42333
0.00100192,1.5639e-06,42334
0.004623,7.21612e-06,42343
-0.0197041,-3.07565e-05,42347
0.0161604,2.52249e-05,42349
-0.00110891,-1.73091e-06,42350
0.00324228,5.06092e-06,42355
-0.00338573,-5.28483e-06,42357
0.000294778,4.60123e-07,42358
-0.000192926,-3.01142e-07,42362
0.000113066,1.76484e-07,42364
-0.000158953,-2.48112e-07,42383
0.00211243,3.29732e-06,42391
-0.00899384,-1.40386e-05,42395
0.00745931,1.16434e-05,42397
-0.000526129,-8.21243e-07,42398
-0.00230029,-3.59056e-06,42407
0.0125135,1.95326e-05,42411
-0.0106393,-1.66071e-05,42413
0.00076327,1.1914e-06,42414
-0.00289729,-4.52243e-06,42419
0.00317013,4.9483e-06,42421
-0.000302997,-4.72954e-07,42422
0.000227026,3.54367e-07,42426
-0.00013073,-2.04059e-07,42428
-0.00215945,-3.37072e-06,42443
0.0019693,3.07391e-06,42445
-0.000159579,-2.49091e-07,42446
0.003588,5.60056e-06,42451
-0.0042804,-6.68134e-06,42453
0.000492131,7.68177e-07,42454
-0.000496706,-7.75317e-07,42458
0.000279221,4.35841e-07,42460
-0.00208459,-3.25388e-06,42467
0.00253096,3.95062e-06,42469
-0.00030642,-4.78297e-07,42470
0.000387555,6.0494e-07,42474
-0.000217336,-3.39242e-07,42476
-3.18994e-05,-4.97922e-08,42482
2.02633e-05,3.1627e-08,42484
0.00235995,3.68369e-06,42583
-0.00895346,-1.39756e-05,42587
0.00735663,1.14831e-05,42589
-0.000518758,-8.09737e-07,42590
-0.00213986,-3.34015e-06,42599
0.0104439,1.63021e-05,42603
-0.00880423,-1.37427e-05,42605
0.000629796,9.83057e-07,42606
-0.00203173,-3.17136e-06,42611
0.00219559,3.42713e-06,42613
-0.000205495,-3.2076e-07,42614
0.000141356,2.20643e-07,42618
-8.1883e-05,-1.27812e-07,42620
0.000432264,6.74729e-07,42639
-0.0065976,-1.02983e-05,42647
0.0315823,4.92974e-05,42651
-0.0268897,-4.19725e-05,42653
0.00198791,3.10296e-06,42654
0.00776788,1.2125e-05,42663
-0.046881,-7.31772e-05,42667
0.0408753,6.38029e-05,42669
-0.0030875,-4.81932e-06,42670
0.0128157,2.00042e-05,42675
-0.0144963,-2.26275e-05,42677
0.00149716,2.33694e-06,42678
-0.00119205,-1.86069e-06,42682
0.000679996,1.06141e-06,42684
0.0113406,1.77017e-05,42699
-0.0106773,-1.66663e-05,42701
0.000930244,1.45203e-06,42702
-0.0224674,-3.50697e-05,42707
0.0277947,4.33852e-05,42709
-0.00344721,-5.38079e-06,42710
0.00368752,5.75589e-06,42714
-0.00206726,-3.22682e-06,42716
0.013443,2.09834e-05,42723
-0.0169974,-2.65316e-05,42725
0.00222553,3.47387e-06,42726
-0.0029934,-4.67245e-06,42730
0.00167871,2.62032e-06,42732
0.000244921,3.823e-07,42738
-0.000157485,-2.45822e-07,42740
-0.000276327,-4.31324e-07,42767
0.00429325,6.7014e-06,42775
-0.0212022,-3.30948e-05,42779
0.0182168,2.84349e-05,42781
-0.00137384,-2.14445e-06,42782
-0.00517619,-8.07961e-06,42791
0.0321718,5.02174e-05,42795
-0.0282998,-4.41735e-05,42797
0.00218217,3.40619e-06,42798
-0.00944707,-1.47461e-05,42803
0.0108258,1.68982e-05,42805
-0.00115289,-1.79956e-06,42806
0.000946137,1.47683e-06,42810
-0.000538173,-8.40039e-07,42812
-0.00998211,-1.55812e-05,42827
0.00952833,1.48729e-05,42829
-0.000856227,-1.3365e-06,42830
0.0216352,3.37708e-05,42835
-0.0271416,-4.23658e-05,42837
0.0034683,5.41371e-06,42838
-0.00382705,-5.97369e-06,42842
0.00214593,3.34961e-06,42844
-0.0132331,-2.06558e-05,42851
0.0169974,2.65316e-05,42853
-0.002297,-3.58543e-06,42854
0.00319829,4.99225e-06,42858
-0.00179681,-2.80466e-06,42860
-0.000265419,-4.14297e-07,42866
0.0001725,2.69257e-07,42868
0.000809012,1.2628e-06,42891
-0.000806193,-1.2584e-06,42893
7.9505e-05,1.241e-07,42894
-0.00249967,-3.90178e-06,42899
0.00325996,5.08852e-06,42901
-0.000456954,-7.13268e-07,42902
0.000612384,9.5588e-07,42906
-0.000346103,-5.40238e-07,42908
0.00188685,2.94521e-06,42915
-0.00253096,-3.95062e-06,42917
0.00037935,5.92133e-07,42918
-0.000657402,-1.02615e-06,42922
0.000375004,5.8535e-07,42924
7.12129e-05,1.11158e-07,42930
-4.88889e-05,-7.63121e-08,42932
-3.11579e-05,-4.86354e-08,42956
-4.68992e-05,-7.32062e-08,42962
3.32697e-05,5.19323e-08,42964
2.68332e-05,4.18828e-08,42978
-1.87268e-05,-2.92309e-08,42980
-2.16815e-05,-3.38427e-08,43103
3.50575e-05,5.4722e-08,43119
-3.5579e-05,-5.55362e-08,43127
7.22928e-05,1.12844e-07,43131
-5.49357e-05,-8.57495e-08,43133
3.88654e-06,6.06689e-09,43134
0.000257923,4.02598e-07,43167
-0.0004636,-7.23642e-07,43183
0.000591653,9.23521e-07,43191
-0.0014047,-2.19261e-06,43195
0.00108818,1.69855e-06,43197
-7.62e-05,-1.18941e-07,43198
0.000376161,5.87155e-07,43215
-0.0034683,-5.41372e-06,43223
0.0114355,1.78498e-05,43227
-0.00915921,-1.42967e-05,43229
0.000629928,9.83263e-07,43230
0.00285405,4.45492e-06,43239
-0.0122271,-1.90854e-05,43243
0.0100625,1.57067e-05,43245
-0.000698109,-1.08969e-06,43246
0.00205507,3.2078e-06,43251
-0.00216253,-3.37552e-06,43253
0.000192844,3.01013e-07,43254
-0.000128398,-2.00417e-07,43258
7.49445e-05,1.16982e-07,43260
-0.000330988,-5.16646e-07,43295
0.000590483,9.21695e-07,43311
-0.000790367,-1.2337e-06,43319
0.00197738,3.08652e-06,43323
-0.00154865,-2.41732e-06,43325
0.000109111,1.70313e-07,43326
-0.000592641,-9.25062e-07,43343
0.00574599,8.969e-06,43351
-0.0195188,-3.04673e-05,43355
0.0157155,2.45306e-05,43357
-0.00108537,-1.69417e-06,43358
-0.00482827,-7.53652e-06,43367
0.0212268,3.31332e-05,43371
-0.0175463,-2.73883e-05,43373
0.00122284,1.90874e-06,43374
-0.00363512,-5.67411e-06,43379
0.00383924,5.99272e-06,43381
-0.000343948,-5.36874e-07,43382
0.000228999,3.57449e-07,43386
-0.000133611,-2.08557e-07,43388
0.000173845,2.71357e-07,43407
-0.00237683,-3.71003e-06,43415
0.0103967,1.62284e-05,43419
-0.00868184,-1.35516e-05,43421
0.000621082,9.69456e-07,43422
0.00262213,4.09292e-06,43431
-0.0146193,-2.28195e-05,43435
0.0125135,1.95326e-05,43437
-0.000911925,-1.42344e-06,43438
0.00349167,5.4502e-06,43443
-0.00385358,-6.01512e-06,43445
0.000376748,5.88074e-07,43446
-0.000285876,-4.46229e-07,43450
0.000164169,2.56254e-07,43452
0.00263239,4.10894e-06,43467
-0.00242086,-3.77876e-06,43469
0.000200469,3.12916e-07,43470
-0.00453644,-7.08099e-06,43475
0.00546765,8.53454e-06,43477
-0.000644766,-1.00643e-06,43478
0.000663086,1.03502e-06,43482
-0.000372476,-5.81402e-07,43484
0.00265454,4.14351e-06,43491
-0.00325996,-5.08852e-06,43493
0.000405471,6.32906e-07,43494
-0.000524403,-8.1855e-07,43498
0.000294214,4.59243e-07,43500
4.36871e-05,6.81919e-08,43506
-2.79098e-05,-4.35649e-08,43508
-0.00317105,-4.94974e-06,43607
0.0123486,1.92751e-05,43611
-0.0102101,-1.59372e-05,43613
0.00072867,1.13739e-06,43614
0.00291136,4.54439e-06,43623
-0.0145574,-2.27229e-05,43627
0.0123486,1.92751e-05,43629
-0.000895566,-1.3979e-06,43630
0.00291136,4.54439e-06,43635
-0.00317105,-4.94973e-06,43637
0.000302955,4.72886e-07,43638
-0.000210607,-3.28741e-07,43642
0.000121659,1.89898e-07,43644
-0.0006132,-9.57153e-07,43663
0.00952911,1.48741e-05,43671
-0.0464878,-7.25635e-05,43675
0.0398054,6.21329e-05,43677
-0.00298433,-4.65829e-06,43678
-0.0113137,-1.76597e-05,43687
0.0694669,0.000108432,43691
-0.0609103,-9.50758e-05,43693
0.00467043,7.29014e-06,43694
-0.0194629,-3.038e-05,43699
0.0221741,3.46119e-05,43701
-0.00233569,-3.64582e-06,43702
0.00188147,2.93681e-06,43706
-0.00107133,-1.67225e-06,43708
-0.0173558,-2.7091e-05,43723
0.0164586,2.56905e-05,43725
-0.00146194,-2.28196e-06,43726
0.0353973,5.52523e-05,43731
-0.0441158,-6.88609e-05,43733
0.00558105,8.71155e-06,43734
-0.00605391,-9.44963e-06,43738
0.0033936,5.29711e-06,43740
-0.0213007,-3.32486e-05,43747
0.0271416,4.23658e-05,43749
-0.00362654,-5.66072e-06,43750
0.00495448,7.73351e-06,43754
-0.00278068,-4.34041e-06,43756
-0.000409477,-6.39159e-07,43762
0.000264434,4.12761e-07,43764
0.000401031,6.25977e-07,43791
-0.00633756,-9.89241e-06,43799
0.0319088,4.9807e-05,43803
-0.0275817,-4.30526e-05,43805
0.00211206,3.29674e-06,43806
0.00770747,1.20307e-05,43815
-0.0487488,-7.60928e-05,43819
0.0431368,6.73329e-05,43821
-0.00337994,-5.2758e-06,43822
0.0146934,2.29351e-05,43827
-0.016962,-2.64763e-05,43829
0.00184294,2.87667e-06,43830
-0.00153114,-2.38997e-06,43834
0.000869551,1.35729e-06,43836
0.0156547,2.44357e-05,43851
-0.0150528,-2.34961e-05,43853
0.00137943,2.15318e-06,43854
-0.034921,-5.45088e-05,43859
0.0441158,6.8861e-05,43861
-0.00574599,-8.96899e-06,43862
0.00642677,1.00316e-05,43866
-0.00360408,-5.62566e-06,43868
0.0214861,3.35381e-05,43875
-0.0277947,-4.33852e-05,43877
0.00382923,5.9771e-06,43878
-0.00541186,-8.44745e-06,43882
0.00304325,4.75025e-06,43884
0.000454185,7.08942e-07,43890
-0.00029641,-4.6267e-07,43892
-0.00130415,-2.03567e-06,43915
0.00131097,2.04632e-06,43917
-0.000132191,-2.06339e-07,43918
0.00416465,6.50068e-06,43923
-0.00546765,-8.53454e-06,43925
0.000781141,1.2193e-06,43926
-0.00106314,-1.65948e-06,43930
0.000601369,9.38687e-07,43932
-0.00317126,-4.95008e-06,43939
0.0042804,6.68134e-06,43941
-0.000653584,-1.02019e-06,43942
0.00115075,1.79623e-06,43946
-0.000657402,-1.02615e-06,43948
-0.000126538,-1.97517e-07,43954
8.71632e-05,1.36055e-07,43956
5.57952e-05,8.70929e-08,43980
8.40154e-05,1.31143e-07,43986
-5.98231e-05,-9.33797e-08,43988
-4.79893e-05,-7.49074e-08,44002
3.36291e-05,5.24932e-08,44004
0.000491224,7.66759e-07,44119
-0.0020852,-3.25482e-06,44123
0.00176383,2.75319e-06,44125
-0.00013225,-2.06432e-07,44126
-0.000471943,-7.36663e-07,44135
0.0025633,4.00109e-06,44139
-0.00222674,-3.47575e-06,44141
0.000171116,2.67096e-07,44142
-0.000579234,-9.04136e-07,44147
0.000652645,1.01872e-06,44149
-6.82824e-05,-1.06584e-07,44150
5.04761e-05,7.87893e-08,44154
-2.88505e-05,-4.50333e-08,44156
0.000127812,1.99502e-07,44175
-0.0020852,-3.25482e-06,44183
0.0109812,1.71407e-05,44187
-0.00966,-1.50784e-05,44189
0.000777714,1.21394e-06,44190
0.0025633,4.00109e-06,44199
-0.0169381,-2.64389e-05,44203
0.0152637,2.38253e-05,44205
-0.00126205,-1.96995e-06,44206
0.00544761,8.50326e-06,44211
-0.00643563,-1.00455e-05,44213
0.000747415,1.16665e-06,44214
-0.000646371,-1.00893e-06,44218
0.000365765,5.70927e-07,44220
0.00544761,8.50326e-06,44235
-0.00536444,-8.37344e-06,44237
0.000525767,8.20679e-07,44238
-0.0131321,-2.0498e-05,44243
0.016962,2.64763e-05,44245
-0.00235995,-3.68368e-06,44246
0.00276853,4.32144e-06,44250
-0.00155666,-2.42982e-06,44252
0.00818737,1.27798e-05,44259
-0.0108258,-1.68982e-05,44261
0.00159413,2.4883e-06,44262
-0.00237533,-3.70768e-06,44266
0.00134346,2.09702e-06,44268
0.00020874,3.25824e-07,44274
-0.00013866,-2.16438e-07,44276
-0.000107198,-1.67328e-07,44303
0.00176383,2.7532e-06,44311
-0.00966,-1.50784e-05,44315
0.00861401,1.34457e-05,44317
-0.000716504,-1.1184e-06,44318
-0.00222674,-3.47575e-06,44327
0.0152637,2.38253e-05,44331
-0.0139309,-2.1745e-05,44333
0.00118864,1.85536e-06,44334
-0.00536444,-8.37344e-06,44339
0.00643563,1.00455e-05,44341
-0.000774677,-1.2092e-06,44342
0.000694844,1.08459e-06,44346
-0.000392713,-6.12993e-07,44348
-0.00643563,-1.00455e-05,44363
0.00643563,1.00455e-05,44365
-0.000652645,-1.01872e-06,44366
0.016962,2.64763e-05,44371
-0.0221741,-3.46119e-05,44373
0.00317105,4.94974e-06,44374
-0.00383924,-5.99272e-06,44378
0.00216253,3.37552e-06,44380
-0.0108258,-1.68982e-05,44387
0.0144963,2.26275e-05,44389
-0.00219559,-3.42713e-06,44390
0.00338573,5.28483e-06,44394
-0.00192106,-2.9986e-06,44396
-0.000305494,-4.76849e-07,44402
0.00020517,3.20251e-07,44404
0.000752175,1.17408e-06,44427
-0.000789303,-1.23204e-06,44429
8.88566e-05,1.38697e-07,44430
-0.00284363,-4.43867e-06,44435
0.00385358,6.01512e-06,44437
-0.000607276,-9.47906e-07,44438
0.000917529,1.43218e-06,44442
-0.000525133,-8.19689e-07,44444
0.00227914,3.55754e-06,44451
-0.00317013,-4.9483e-06,44453
0.000534685,8.34598e-07,44454
-0.00105192,-1.64196e-06,44458
0.000610722,9.53285e-07,44460
0.000130636,2.03913e-07,44466
-9.29869e-05,-1.45145e-07,44468
-6.56613e-05,-1.02492e-07,44492
-0.000103045,-1.60845e-07,44498
7.7261e-05,1.20596e-07,44500
5.81859e-05,9.08226e-08,44514
-4.3296e-05,-6.75813e-08,44516
0.000663611,1.03584e-06,44634
-0.000378627,-5.91004e-07,44636
0.00159413,2.4883e-06,44643
-0.00219559,-3.42713e-06,44645
0.000362491,5.65818e-07,44646
-0.000633904,-9.89469e-07,44650
0.000366437,5.71978e-07,44652
6.66462e-05,1.04027e-07,44658
-4.68591e-05,-7.31422e-08,44660
-0.000646371,-1.00893e-06,44683
0.000694844,1.08459e-06,44685
-8.42514e-05,-1.31509e-07,44686
0.00276853,4.32144e-06,44691
-0.00383924,-5.99273e-06,44693
0.000663611,1.03584e-06,44694
-0.00117036,-1.82684e-06,44698
0.000686565,1.07167e-06,44700
-0.00237533,-3.70768e-06,44707
0.00338573,5.28483e-06,44709
-0.000633904,-9.89471e-07,44710
0.00147272,2.2988e-06,44714
-0.000880679,-1.37467e-06,44716
-0.000225651,-3.52223e-07,44722
0.000169332,2.64312e-07,44724
0.000143291,2.23664e-07,44748
0.000254498,3.9725e-07,44754
-0.000207441,-3.23796e-07,44756
-0.000143377,-2.238e-07,44770
0.000117926,1.84071e-07,44772
0.000365765,5.70929e-07,44811
-0.000392713,-6.12993e-07,44813
4.77694e-05,7.45629e-08,44814
-0.00155666,-2.42982e-06,44819
0.00216253,3.37553e-06,44821
-0.000378627,-5.91005e-07,44822
0.000686565,1.07167e-06,44826
-0.000405236,-6.32539e-07,44828
0.00134346,2.09703e-06,44835
-0.00192106,-2.99861e-06,44837
0.000366437,5.71977e-07,44838
-0.000880679,-1.37466e-06,44842
0.000530557,8.28153e-07,44844
0.000143291,2.23664e-07,44850
-0.000109104,-1.70303e-07,44852
-0.000109104,-1.70302e-07,44876
-0.000207441,-3.23798e-07,44882
0.000173533,2.70868e-07,44884
0.000117926,1.84072e-07,44898
-0.000100219,-1.56434e-07,44900
7.61318e-06,1.18838e-08,44940
1.87607e-05,2.9284e-08,44946
-1.65056e-05,-2.57647e-08,44948
-1.25028e-05,-1.9518e-08,44962
1.13705e-05,1.77492e-08,44964
0.00287057,4.48072e-06,45771
-0.00489443,-7.63979e-06,45773
0.000482653,7.53383e-07,45774
-0.0116494,-1.81838e-05,45779
0.0150528,2.34961e-05,45781
-0.00211243,-3.29732e-06,45782
0.00247472,3.86283e-06,45786
-0.00139211,-2.17296e-06,45788
0.00720675,1.12491e-05,45795
-0.00952833,-1.48729e-05,45797
0.00141492,2.20857e-06,45798
-0.00210544,-3.28641e-06,45802
0.0011915,1.85983e-06,45804
0.000184871,2.88568e-07,45810
-0.000122641,-1.91432e-07,45812
-9.27166e-05,-1.44723e-07,45839
0.00153193,2.39121e-06,45847
-0.00835118,-1.30355e-05,45851
0.00744492,1.16209e-05,45853
-0.000622141,-9.71109e-07,45854
-0.00191619,-2.99102e-06,45863
0.0130858,2.04258e-05,45867
-0.0119466,-1.86476e-05,45869
0.00102547,1.60067e-06,45870
-0.00447292,-6.98186e-06,45875
0.00536444,8.37344e-06,45877
-0.000649534,-1.01387e-06,45878
0.000578913,9.03635e-07,45882
-0.000327218,-5.10761e-07,45884
0.00489443,7.63979e-06,45901
-0.00049986,-7.80241e-07,45902
0.0125769,1.96315e-05,45907
-0.0164586,-2.56905e-05,45909
0.00237683,3.71003e-06,45910
-0.0028768,-4.49045e-06,45914
0.00162136,2.5308e-06,45916
-0.00796768,-1.24369e-05,45923
0.0106773,1.66664e-05,45925
-0.00163298,-2.54894e-06,45926
0.00251763,3.92981e-06,45930
-0.00142956,-2.23142e-06,45932
-0.000226486,-3.53527e-07,45938
0.000152001,2.37261e-07,45940
-0.000506469,-7.90554e-07,45965
5.73761e-05,8.95596e-08,45966
-0.0017841,-2.78482e-06,45971
0.00242086,3.77876e-06,45973
-0.000384445,-6.00087e-07,45974
0.000577038,9.00708e-07,45978
-0.000330202,-5.15417e-07,45980
0.0014139,2.20698e-06,45987
-0.0019693,-3.07391e-06,45989
0.000334575,5.22244e-07,45990
-0.000653584,-1.02019e-06,45994
0.00037935,5.92136e-07,45996
7.93791e-05,1.23904e-07,46002
-5.63617e-05,-8.79764e-08,46004
-3.68255e-05,-5.74815e-08,46028
-5.6601e-05,-8.83508e-08,46034
4.19836e-05,6.55344e-08,46036
3.2005e-05,4.99569e-08,46050
-2.34661e-05,-3.66273e-08,46052
0.00307623,4.80173e-06,46171
-0.00268166,-4.18585e-06,46173
0.000217817,3.39993e-07,46174
0.000661023,1.0318e-06,46183
-0.00391891,-6.11708e-06,46187
0.00351504,5.48669e-06,46189
-0.000295361,-4.61033e-07,46190
0.00101174,1.57925e-06,46195
-0.00118864,-1.85537e-06,46197
0.000139613,2.17924e-07,46198
-0.000110831,-1.72998e-07,46202
6.28277e-05,9.80678e-08,46204
-0.000196194,-3.06242e-07,46223
0.0033426,5.21752e-06,46231
-0.0192679,-3.00756e-05,46235
0.0175719,2.74282e-05,46237
-0.00156372,-2.44084e-06,46238
-0.00423901,-6.61674e-06,46247
0.0305852,4.77409e-05,46251
-0.0285776,-4.46072e-05,46253
0.00261821,4.0868e-06,46254
-0.0113303,-1.76856e-05,46259
0.0139309,2.1745e-05,46261
-0.00180404,-2.81595e-06,46262
0.00167723,2.61802e-06,46266
-0.000947152,-1.47843e-06,46268
0.0119466,1.86476e-05,46285
-0.00130354,-2.03472e-06,46286
0.0323242,5.04554e-05,46291
-0.0431368,-6.7333e-05,46293
0.0065976,1.02983e-05,46294
-0.0083586,-1.30471e-05,46298
0.00473481,7.39064e-06,46300
-0.0207239,-3.23483e-05,46307
0.0282998,4.41736e-05,46309
-0.00458452,-7.15604e-06,46310
0.0074343,1.16043e-05,46314
-0.00425473,-6.64127e-06,46316
-0.000701371,-1.09478e-06,46322
0.000479698,7.48768e-07,46324
0.000180633,2.81954e-07,46351
-0.00307699,-4.80292e-06,46359
0.0185432,2.89444e-05,46363
-0.0171868,-2.68271e-05,46365
0.00158941,2.48094e-06,46366
0.00401169,6.26192e-06,46375
-0.0301459,-4.70552e-05,46379
0.0285776,4.46072e-05,46381
-0.00271128,-4.23208e-06,46382
0.012239,1.9104e-05,46387
-0.0152637,-2.38253e-05,46389
0.00204148,3.18658e-06,46390
-0.00196971,-3.07456e-06,46394
0.00111328,1.73774e-06,46396
-0.0156547,-2.44357e-05,46413
0.00176021,2.74753e-06,46414
-0.045219,-7.0583e-05,46419
0.0609103,9.50758e-05,46421
-0.00952911,-1.48741e-05,46422
0.0124482,1.94306e-05,46426
-0.00707195,-1.10387e-05,46428
0.029649,4.62795e-05,46435
-0.0408753,-6.3803e-05,46437
0.00677773,1.05795e-05,46438
-0.0113592,-1.77307e-05,46442
0.00652731,1.01886e-05,46444
0.0011035,1.72247e-06,46450
-0.000762638,-1.19042e-06,46452
0.00230029,3.59056e-06,46477
-0.000286164,-4.46677e-07,46478
0.00899384,1.40386e-05,46483
-0.0125135,-1.95326e-05,46485
0.00215945,3.37072e-06,46486
-0.003588,-5.60056e-06,46490
0.00208459,3.25388e-06,46492
-0.00745931,-1.16434e-05,46499
0.0106393,1.66071e-05,46501
-0.0019693,-3.07391e-06,46502
0.0042804,6.68134e-06,46506
-0.00253096,-3.95062e-06,46508
-0.000583081,-9.10139e-07,46514
0.00042767,6.67554e-07,46516
0.00030642,4.78297e-07,46540
0.000496706,7.75314e-07,46546
-0.000387555,-6.04941e-07,46548
-0.000279221,-4.3584e-07,46562
0.000217336,3.39244e-07,46564
0.00177848,2.77605e-06,46684
-0.00623279,-9.72886e-06,46691
0.00880423,1.37427e-05,46693
-0.00158832,-2.47923e-06,46694
0.00305411,4.76721e-06,46698
-0.00179524,-2.80221e-06,46700
-0.000350312,-5.46808e-07,46706
0.0002536,3.95846e-07,46708
-0.00277661,-4.33406e-06,46733
0.000376981,5.88436e-07,46734
-0.0123093,-1.92138e-05,46739
0.0175463,2.73883e-05,46741
-0.0033426,-5.21752e-06,46742
0.00653948,1.02076e-05,46746
-0.00390131,-6.08961e-06,46748
0.0110535,1.72535e-05,46755
-0.0161604,-2.52249e-05,46757
0.003331,5.19941e-06,46758
-0.00854912,-1.33445e-05,46762
0.00520584,8.12588e-06,46764
0.00141608,2.21039e-06,46770
-0.00108798,-1.69824e-06,46772
-0.000928407,-1.44916e-06,46796
-0.00169316,-2.64287e-06,46802
0.00141419,2.20743e-06,46804
0.000954589,1.49003e-06,46818
-0.00080667,-1.25914e-06,46820
0.00156666,2.44542e-06,46861
-0.000215581,-3.36504e-07,46862
0.00703196,1.09763e-05,46867
-0.0100625,-1.57067e-05,46869
0.00195349,3.04923e-06,46870
-0.00395511,-6.17359e-06,46874
0.00237512,3.70736e-06,46876
-0.00641296,-1.00101e-05,46883
0.00941943,1.47029e-05,46885
-0.00198604,-3.10005e-06,46886
0.00528816,8.25437e-06,46890
-0.00324378,-5.06327e-06,46892
-0.000930041,-1.45172e-06,46898
0.000723944,1.13001e-06,46900
0.00073187,1.14239e-06,46924
0.00142413,2.22294e-06,46930
-0.00121564,-1.89751e-06,46932
-0.000811241,-1.26628e-06,46946
0.000704706,1.09999e-06,46948
-4.98605e-05,-7.78278e-08,46988
-0.000127243,-1.98614e-07,46994
0.000114165,1.78202e-07,46996
8.55718e-05,1.33569e-07,47010
-7.93431e-05,-1.23847e-07,47012
0.00155832,2.43241e-06,47197
-0.00012839,-2.00407e-07,47198
-0.000379327,-5.92097e-07,47207
0.00228089,3.56028e-06,47211
-0.00205748,-3.21155e-06,47213
0.000175697,2.74248e-07,47214
-0.00060519,-9.44651e-07,47219
0.000716504,1.1184e-06,47221
-8.59567e-05,-1.34172e-07,47222
6.94758e-05,1.08446e-07,47226
-3.937e-05,-6.14538e-08,47228
0.000113984,1.77919e-07,47247
-0.00195349,-3.04923e-06,47255
0.0114473,1.78683e-05,47259
-0.0105104,-1.64059e-05,47261
0.000952804,1.48725e-06,47262
0.00249191,3.88966e-06,47271
-0.0182714,-2.85201e-05,47275
0.0171868,2.68271e-05,47277
-0.00160415,-2.50394e-06,47278
0.00695739,1.08599e-05,47283
-0.00861401,-1.34457e-05,47285
0.00113666,1.77423e-06,47286
-0.00107367,-1.67591e-06,47290
0.00060672,9.47041e-07,47292
-0.00744492,-1.16209e-05,47309
0.000827978,1.2924e-06,47310
-0.0205512,-3.20786e-05,47315
0.0275817,4.30526e-05,47317
-0.00429325,-6.7014e-06,47318
0.00554628,8.65728e-06,47322
-0.00315063,-4.91786e-06,47324
0.0132643,2.07045e-05,47331
-0.0182168,-2.84349e-05,47333
0.00300639,4.69271e-06,47334
-0.00498606,-7.78281e-06,47338
0.00286502,4.47205e-06,47340
0.000482146,7.52588e-07,47346
-0.00033286,-5.19566e-07,47348
-0.000107051,-1.67097e-07,47375
0.0018323,2.86007e-06,47383
-0.0112531,-1.75651e-05,47387
0.0105104,1.64059e-05,47389
-0.00099229,-1.54888e-06,47390
-0.00240476,-3.75363e-06,47399
0.0183996,2.87202e-05,47403
-0.0175719,-2.74282e-05,47405
0.00170109,2.65526e-06,47406
-0.00769166,-1.2006e-05,47411
0.00966,1.50784e-05,47413
-0.00131682,-2.05545e-06,47414
0.00129236,2.01727e-06,47418
-0.000731297,-1.14149e-06,47420
0.00998211,1.55812e-05,47437
-0.00114397,-1.78564e-06,47438
0.0293908,4.58766e-05,47443
-0.0398054,-6.21329e-05,47445
0.00633756,9.8924e-06,47446
-0.00844705,-1.31851e-05,47450
0.00481383,7.51398e-06,47452
-0.0193995,-3.0281e-05,47459
0.0268897,4.19725e-05,47461
-0.00454201,-7.0897e-06,47462
0.00778771,1.2156e-05,47466
-0.00449396,-7.01469e-06,47468
-0.000775472,-1.21045e-06,47474
0.00054081,8.44158e-07,47476
-0.00155297,-2.42405e-06,47501
0.00019749,3.08265e-07,47502
-0.00620386,-9.68371e-06,47507
0.00868184,1.35516e-05,47509
-0.00153193,-2.39121e-06,47510
0.00262258,4.09363e-06,47514
-0.00153187,-2.39112e-06,47516
0.00519998,8.11672e-06,47523
-0.00745931,-1.16434e-05,47525
0.0014139,2.20698e-06,47526
-0.00317126,-4.95007e-06,47530
0.00188685,2.94521e-06,47532
0.000446034,6.96219e-07,47538
-0.000330422,-5.15759e-07,47540
-0.000239061,-3.73154e-07,47564
-0.000393666,-6.14476e-07,47570
0.000311542,4.8629e-07,47572
0.000221264,3.45373e-07,47586
-0.000175078,-2.73281e-07,47588
0.00517558,8.07865e-06,47715
-0.00735663,-1.14831e-05,47717
0.00135986,2.12263e-06,47718
-0.00270116,-4.21628e-06,47722
0.00159753,2.49361e-06,47724
0.000320006,4.99502e-07,47730
-0.000234021,-3.65288e-07,47732
0.00238903,3.72907e-06,47757
-0.000334387,-5.21949e-07,47758
0.0109472,1.70877e-05,47763
-0.0157155,-2.45306e-05,47765
0.00307699,4.80292e-06,47766
-0.00622808,-9.7215e-06,47770
0.00373768,5.8342e-06,47772
-0.00998282,-1.55823e-05,47779
0.0146912,2.29317e-05,47781
-0.00311219,-4.85787e-06,47782
0.00824862,1.28754e-05,47786
-0.00505411,-7.88904e-06,47788
-0.0014047,-2.19261e-06,47794
0.00108818,1.69855e-06,47796
0.000935739,1.46061e-06,47820
0.0017309,2.70179e-06,47826
-0.00145978,-2.27859e-06,47828
-0.000977606,-1.52596e-06,47842
0.000835225,1.30372e-06,47844
-0.0013587,-2.12082e-06,47885
0.000193638,3.0225e-07,47886
-0.00635036,-9.91238e-06,47891
0.00915921,1.42967e-05,47893
-0.0018323,-2.86006e-06,47894
0.00384903,6.00801e-06,47898
-0.0023259,-3.63053e-06,47900
0.00590396,9.21559e-06,47907
-0.00873372,-1.36326e-05,47909
0.00189592,2.95937e-06,47910
-0.00522065,-8.14899e-06,47914
0.00322271,5.03037e-06,47916
0.000944798,1.47475e-06,47922
-0.000741443,-1.15733e-06,47924
-0.000756368,-1.18063e-06,47948
-0.00149275,-2.33006e-06,47954
0.00128551,2.00658e-06,47956
0.000852581,1.33081e-06,47970
-0.000747912,-1.16743e-06,47972
5.1495e-05,8.03791e-08,48012
0.000134658,2.10189e-07,48018
-0.00012208,-1.90556e-07,48020
-9.13212e-05,-1.42544e-07,48034
8.55718e-05,1.3357e-07,48036
-0.000376259,-5.87308e-07,48227
0.00054153,8.45283e-07,48229
-0.000105746,-1.65061e-07,48230
0.000228862,3.57233e-07,48234
-0.000137615,-2.14806e-07,48236
-2.97272e-05,-4.64011e-08,48242
2.23425e-05,3.48746e-08,48244
-0.000214754,-3.35213e-07,48269
3.21548e-05,5.01901e-08,48270
-0.00106298,-1.65922e-06,48275
0.00154865,2.41731e-06,48277
-0.000322848,-5.03938e-07,48278
0.000711848,1.11114e-06,48282
-0.000434252,-6.77831e-07,48284
0.00100838,1.57399e-06,48291
-0.0015047,-2.3487e-06,48293
0.000339684,5.30219e-07,48294
-0.000976541,-1.5243e-06,48298
0.000608656,9.5006e-07,48300
0.000181368,2.83101e-07,48306
-0.000144122,-2.24964e-07,48308
-0.000136197,-2.12592e-07,48332
-0.000271137,-4.23222e-07,48338
0.000236883,3.69756e-07,48340
0.000155301,2.42412e-07,48354
-0.000138233,-2.1577e-07,48356
0.000144122,2.24964e-07,48397
-2.23425e-05,-3.48759e-08,48398
0.000741443,1.15733e-06,48403
-0.00108818,-1.69855e-06,48405
0.000234021,3.65287e-07,48406
-0.00054081,-8.44158e-07,48410
0.00033286,5.19565e-07,48412
-0.000723944,-1.13001e-06,48419
0.00108798,1.69824e-06,48421
-0.0002536,-3.95847e-07,48422
0.000762638,1.19041e-06,48426
-0.000479698,-7.48767e-07,48428
-0.000152001,-2.37262e-07,48434
0.000122641,1.91433e-07,48436
0.00013866,2.16436e-07,48460
0.00029641,4.62673e-07,48466
-0.000264434,-4.12761e-07,48468
-0.0001725,-2.69259e-07,48482
0.000157485,2.4582e-07,48484
-1.15612e-05,-1.80467e-08,48524
-3.38229e-05,-5.27942e-08,48530
3.19163e-05,4.98176e-08,48532
2.39713e-05,3.74158e-08,48546
-2.33908e-05,-3.65112e-08,48548
1.41492e-05,2.20858e-08,48738
-1.35132e-05,-2.10932e-08,48740
7.1526e-06,1.11637e-08,48780
2.09315e-05,3.26715e-08,48786
-1.99636e-05,-3.11623e-08,48788
-1.51323e-05,-2.36195e-08,48802
1.49798e-05,2.33813e-08,48804
-4.23092e-06,-6.60462e-09,48908
-1.19308e-05,-1.86238e-08,48914
1.13178e-05,1.76659e-08,48916
8.46132e-06,1.32075e-08,48930
-8.34239e-06,-1.30219e-08,48932
3.04811e-05,4.75795e-08,49951
-5.45707e-05,-8.51819e-08,49967
6.82931e-05,1.06599e-07,49975
-0.000157502,-2.45847e-07,49979
0.000121344,1.89406e-07,49981
-8.52022e-06,-1.32994e-08,49982
4.57886e-05,7.14727e-08,49999
-0.000405471,-6.32904e-07,50007
0.00127957,1.9973e-06,50011
-0.00101675,-1.58706e-06,50013
6.98035e-05,1.08958e-07,50014
0.000325554,5.08161e-07,50023
-0.00132691,-2.0712e-06,50027
0.00108127,1.68777e-06,50029
-7.44016e-05,-1.16136e-07,50030
0.000202556,3.16173e-07,50035
-0.00020874,-3.25825e-07,50037
1.78442e-05,2.78522e-08,50038
-1.12661e-05,-1.75857e-08,50042
6.63463e-06,1.03547e-08,50044
-8.94034e-06,-1.39558e-08,50063
0.000112006,1.74831e-07,50071
-0.000458325,-7.15407e-07,50075
0.000378518,5.90837e-07,50077
-2.69078e-05,-4.20014e-08,50078
-0.000118192,-1.84488e-07,50087
0.000621082,9.69457e-07,50091
-0.000526129,-8.21243e-07,50093
3.8009e-05,5.93291e-08,50094
-0.000135869,-2.1208e-07,50099
0.000147884,2.30834e-07,50101
-1.41589e-05,-2.21014e-08,50102
1.04646e-05,1.63329e-08,50106
-6.03393e-06,-9.4186e-09,50108
8.4182e-05,1.31401e-07,50125
-6.85436e-06,-1.06985e-08,50126
0.00014566,2.27363e-07,50131
-0.000172654,-2.69499e-07,50133
1.99926e-05,3.1207e-08,50134
-2.01124e-05,-3.13936e-08,50138
1.13338e-05,1.76911e-08,50140
-8.38095e-05,-1.30819e-07,50147
0.000100863,1.57438e-07,50149
-1.22959e-05,-1.91931e-08,50150
1.55416e-05,2.42592e-08,50154
-8.74797e-06,-1.36549e-08,50156
-1.31401e-06,-2.05117e-09,50162
8.40859e-07,1.31217e-09,50164
2.28106e-05,3.56056e-08,50287
-2.29509e-05,-3.58236e-08,50295
4.65323e-05,7.26342e-08,50299
-3.54469e-05,-5.53295e-08,50301
2.54584e-06,3.97487e-09,50302
0.000168903,2.63644e-07,50335
-0.000303753,-4.74133e-07,50351
0.000388401,6.06264e-07,50359
-0.000930041,-1.45172e-06,50363
0.000723944,1.13001e-06,50365
-5.15598e-05,-8.048e-08,50366
0.000243072,3.79415e-07,50383
-0.00222553,-3.47387e-06,50391
0.00734641,1.14671e-05,50395
-0.00590396,-9.21558e-06,50397
0.000412766,6.44292e-07,50398
0.00181687,2.83598e-06,50407
-0.00777173,-1.2131e-05,50411
0.00641296,1.00101e-05,50413
-0.000451817,-7.05246e-07,50414
0.00127673,1.99287e-06,50419
-0.00134346,-2.09702e-06,50421
0.000120889,1.88697e-07,50422
-7.93618e-05,-1.23877e-07,50426
4.63276e-05,7.23134e-08,50428
-0.000212493,-3.31683e-07,50463
0.00037942,5.92243e-07,50479
-0.000508698,-7.94036e-07,50487
0.00128179,2.00077e-06,50491
-0.00100838,-1.574e-06,50493
7.22559e-05,1.12785e-07,50494
-0.000376161,-5.87155e-07,50511
0.00362654,5.66072e-06,50519
-0.0123527,-1.92816e-05,50523
0.00998282,1.55823e-05,50525
-0.000701232,-1.09456e-06,50526
-0.0030288,-4.72769e-06,50535
0.0133286,2.08049e-05,50539
-0.0110535,-1.72535e-05,50541
0.000783077,1.22232e-06,50542
-0.00224589,-3.50564e-06,50547
0.00237533,3.70768e-06,50549
-0.00021542,-3.36251e-07,50550
0.000141959,2.21587e-07,50554
-8.27813e-05,-1.29216e-07,50556
0.000104157,1.62581e-07,50575
-0.00141492,-2.20856e-06,50583
0.00620386,9.68371e-06,50587
-0.00519998,-8.11672e-06,50589
0.000378518,5.90835e-07,50590
0.00155297,2.42405e-06,50599
-0.00868184,-1.35516e-05,50603
0.00745931,1.16434e-05,50605
-0.000553241,-8.63562e-07,50606
0.002058,3.21236e-06,50611
-0.00227914,-3.55754e-06,50613
0.000226669,3.53812e-07,50614
-0.000171747,-2.68081e-07,50618
9.85197e-05,1.53781e-07,50620
-0.0014139,-2.20698e-06,50637
0.000119149,1.85983e-07,50638
-0.00262258,-4.09363e-06,50643
0.00317126,4.95007e-06,50645
-0.000380815,-5.94421e-07,50646
0.000393666,6.1448e-07,50650
-0.000221264,-3.45373e-07,50652
0.00153187,2.39112e-06,50659
-0.00188685,-2.94521e-06,50661
0.000239061,3.73154e-07,50662
-0.000311542,-4.86292e-07,50666
0.000175078,2.73282e-07,50668
2.62469e-05,4.09701e-08,50674
-1.68549e-05,-2.63089e-08,50676
0.00145715,2.27449e-06,50791
-0.00731601,-1.14197e-05,50795
0.00623279,9.72886e-06,50797
-0.000460664,-7.19056e-07,50798
0.00145715,2.27449e-06,50803
-0.00159413,-2.4883e-06,50805
0.000155343,2.42477e-07,50806
-0.000107938,-1.68482e-07,50810
6.22465e-05,9.716e-08,50812
-0.000295185,-4.60759e-07,50831
0.00458452,7.15605e-06,50839
-0.0225389,-3.51813e-05,50843
0.0193995,3.0281e-05,50845
-0.00148493,-2.31785e-06,50846
-0.00543403,-8.48207e-06,50855
0.0336343,5.25003e-05,50859
-0.029649,-4.62795e-05,50861
0.0023227,3.62554e-06,50862
-0.00944707,-1.47461e-05,50867
0.0108258,1.68982e-05,50869
-0.0011674,-1.82221e-06,50870
0.000946137,1.47683e-06,50874
-0.000538173,-8.4004e-07,50876
0.00796768,1.24369e-05,50893
-0.000724948,-1.13158e-06,50894
0.0171309,2.67399e-05,50899
-0.0214861,-3.3538e-05,50901
0.00279025,4.35534e-06,50902
-0.00307031,-4.79248e-06,50906
0.00172359,2.69037e-06,50908
-0.0103186,-1.61065e-05,50915
0.0132331,2.06558e-05,50917
-0.00181687,-2.83598e-06,50918
0.00252635,3.94341e-06,50922
-0.00142202,-2.21964e-06,50924
-0.000212288,-3.31365e-07,50930
0.000138233,2.15769e-07,50932
0.000190347,2.97116e-07,50959
-0.00300639,-4.69272e-06,50967
0.0152612,2.38214e-05,50971
-0.0132643,-2.07045e-05,50973
0.00103816,1.62048e-06,50974
0.00365015,5.69758e-06,50983
-0.0232875,-3.63498e-05,50987
0.0207239,3.23483e-05,50989
-0.001661,-2.59267e-06,50990
0.00704763,1.10007e-05,50995
-0.00818737,-1.27798e-05,50997
0.000912211,1.42388e-06,50998
-0.000764494,-1.19331e-06,51002
0.000433867,6.77227e-07,51004
-0.00720675,-1.12491e-05,51021
0.00067778,1.05796e-06,51022
-0.0167445,-2.61368e-05,51027
0.0213007,3.32486e-05,51029
-0.00285405,-4.45492e-06,51030
0.00324812,5.07003e-06,51034
-0.00182532,-2.84916e-06,51036
0.0103186,1.61065e-05,51043
-0.013443,-2.09834e-05,51045
0.00190754,2.9775e-06,51046
-0.00275309,-4.29734e-06,51050
0.00155386,2.42544e-06,51052
0.000235659,3.67842e-07,51058
-0.000155301,-2.42412e-07,51060
0.000630027,9.83417e-07,51085
-6.54304e-05,-1.02132e-07,51086
0.00200616,3.13145e-06,51091
-0.00265454,-4.14351e-06,51093
0.000392374,6.12462e-07,51094
-0.000549677,-8.58e-07,51098
0.000312593,4.87932e-07,51100
-0.00153187,-2.39112e-06,51107
0.00208459,3.25387e-06,51109
-0.000330202,-5.15416e-07,51110
0.000601369,9.38688e-07,51114
-0.000346103,-5.40237e-07,51116
-6.8357e-05,-1.06699e-07,51122
4.77834e-05,7.45861e-08,51124
4.64082e-05,7.24403e-08,51154
-3.37441e-05,-5.26733e-08,51156
-2.64262e-05,-4.12497e-08,51170
1.89432e-05,2.95686e-08,51172
-2.1973e-05,-3.42973e-08,51311
2.28947e-05,3.57367e-08,51319
-4.85251e-05,-7.57436e-08,51323
3.73926e-05,5.83665e-08,51325
-2.7168e-06,-4.23865e-09,51326
-0.000163865,-2.55782e-07,51359
0.000294528,4.59734e-07,51375
-0.000382892,-5.97664e-07,51383
0.000944798,1.47475e-06,51387
-0.000741443,-1.15733e-06,51389
5.33856e-05,8.33296e-08,51390
-0.000243072,-3.79416e-07,51407
0.002297,3.58543e-06,51415
-0.00783795,-1.22344e-05,51419
0.00635036,9.91237e-06,51421
-0.000450125,-7.02607e-07,51422
-0.00190754,-2.9775e-06,51431
0.00844715,1.31853e-05,51435
-0.00703196,-1.09763e-05,51437
0.000504185,7.8699e-07,51438
-0.00145923,-2.27773e-06,51443
0.00155666,2.42982e-06,51445
-0.000144947,-2.2625e-07,51446
9.75376e-05,1.52249e-07,51450
-5.66427e-05,-8.84148e-08,51452
0.000212674,3.31965e-07,51487
-0.000378962,-5.91528e-07,51503
0.000515623,8.04846e-07,51511
-0.00134006,-2.09173e-06,51515
0.00106298,1.65922e-06,51517
-7.70455e-05,-1.20262e-07,51518
0.000385712,6.02063e-07,51535
-0.00382923,-5.9771e-06,51543
0.0134453,2.09869e-05,51547
-0.0109472,-1.70877e-05,51549
0.000779092,1.2161e-06,51550
0.0032453,5.06564e-06,51559
-0.0147264,-2.29866e-05,51563
0.0123093,1.92138e-05,51565
-0.000886223,-1.38332e-06,51566
0.00258724,4.03847e-06,51571
-0.00276853,-4.32144e-06,51573
0.000258637,4.03711e-07,51574
-0.00017385,-2.71366e-07,51578
0.000100933,1.57548e-07,51580
-0.000116925,-1.8251e-07,51599
0.00163298,2.54894e-06,51607
-0.00735101,-1.14743e-05,51611
0.00620386,9.68371e-06,51613
-0.000458325,-7.15407e-07,51614
-0.00181551,-2.83386e-06,51623
0.0103967,1.62284e-05,51627
-0.00899384,-1.40386e-05,51629
0.00067808,1.05842e-06,51630
-0.00254494,-3.97244e-06,51635
0.00284363,4.43866e-06,51637
-0.00028954,-4.51948e-07,51638
0.000222551,3.47383e-07,51642
-0.000127335,-1.98761e-07,51644
0.0017841,2.78483e-06,51661
-0.000153806,-2.4008e-07,51662
0.00340837,5.32017e-06,51667
-0.00416465,-6.50068e-06,51669
0.000513295,8.01211e-07,51670
-0.000541391,-8.45064e-07,51674
0.000304194,4.74822e-07,51676
-0.00200616,-3.13145e-06,51683
0.00249967,3.90178e-06,51685
-0.000325554,-5.08164e-07,51686
0.000434307,6.77917e-07,51690
-0.000244289,-3.81313e-07,51692
-3.7053e-05,-5.78371e-08,51698
2.39377e-05,3.73648e-08,51700
-0.00203173,-3.17136e-06,51815
0.0104439,1.63021e-05,51819
-0.00895346,-1.39756e-05,51821
0.000671258,1.04777e-06,51822
-0.00213986,-3.34015e-06,51827
0.00235995,3.68368e-06,51829
-0.000234878,-3.66626e-07,51830
0.000165136,2.57764e-07,51834
-9.49778e-05,-1.48252e-07,51836
0.000428995,6.69626e-07,51855
-0.00677773,-1.05795e-05,51863
0.0339491,5.29916e-05,51867
-0.0293908,-4.58766e-05,51869
0.00228303,3.56361e-06,51870
0.00809981,1.26431e-05,51879
-0.0509998,-7.96064e-05,51883
0.045219,7.0583e-05,51885
-0.00359836,-5.61673e-06,51886
0.0146934,2.29351e-05,51891
-0.016962,-2.64763e-05,51893
0.00186602,2.9127e-06,51894
-0.00153114,-2.38997e-06,51898
0.000869551,1.35729e-06,51900
-0.0125769,-1.96315e-05,51917
0.00116694,1.82149e-06,51918
-0.0276415,-4.31461e-05,51923
0.034921,5.45087e-05,51925
-0.004623,-7.21612e-06,51926
0.00515663,8.04906e-06,51930
-0.00289511,-4.51902e-06,51932
0.0167445,2.61368e-05,51939
-0.0216352,-3.37708e-05,51941
0.0030288,4.72769e-06,51942
-0.00427448,-6.6721e-06,51946
0.00240812,3.75887e-06,51948
0.000362402,5.65678e-07,51954
-0.000236883,-3.69756e-07,51956
-0.000283019,-4.41769e-07,51983
0.00454201,7.0897e-06,51991
-0.0234997,-3.66811e-05,51995
0.0205512,3.20786e-05,51997
-0.0016341,-2.55069e-06,51998
-0.00556143,-8.68092e-06,52007
0.0361024,5.63527e-05,52011
-0.0323242,-5.04553e-05,52013
0.00263382,4.11117e-06,52014
-0.0112208,-1.75147e-05,52019
0.0131321,2.0498e-05,52021
-0.00149248,-2.32964e-06,52022
0.00126655,1.97697e-06,52026
-0.000717844,-1.12049e-06,52028
0.0116494,1.81838e-05,52045
-0.00111694,-1.74345e-06,52046
0.0276415,4.31461e-05,52051
-0.0353973,-5.52523e-05,52053
0.00482827,7.53651e-06,52054
-0.00556414,-8.68515e-06,52058
0.00312753,4.88181e-06,52060
-0.0171309,-2.67399e-05,52067
0.0224674,3.50697e-05,52069
-0.0032453,-5.06564e-06,52070
0.00474704,7.40972e-06,52074
-0.00268164,-4.1858e-06,52076
-0.000410074,-6.4009e-07,52082
0.000271137,4.23219e-07,52084
-0.00104701,-1.6343e-06,52109
0.000110963,1.73205e-07,52110
-0.00340837,-5.32018e-06,52115
0.00453644,7.081e-06,52117
-0.000681411,-1.06362e-06,52118
0.000966078,1.50797e-06,52122
-0.000549677,-8.58e-07,52124
0.00262258,4.09363e-06,52131
-0.003588,-5.60056e-06,52133
0.000577038,9.00706e-07,52134
-0.00106314,-1.65948e-06,52138
0.000612384,9.55879e-07,52140
0.000121946,1.90348e-07,52146
-8.53723e-05,-1.33259e-07,52148
-8.29681e-05,-1.29507e-07,52178
6.03692e-05,9.42326e-08,52180
4.7198e-05,7.3672e-08,52194
-3.3857e-05,-5.28482e-08,52196
0.000351472,5.48618e-07,52327
-0.00196814,-3.07211e-06,52331
0.00173106,2.70205e-06,52333
-0.000138342,-2.15942e-07,52334
0.000459731,7.17601e-07,52339
-0.000525767,-8.2068e-07,52341
5.76684e-05,9.00161e-08,52342
-4.34543e-05,-6.78286e-08,52346
2.47482e-05,3.863e-08,52348
-9.57958e-05,-1.49529e-07,52367
0.00158832,2.47923e-06,52375
-0.00862679,-1.34657e-05,52379
0.00769166,1.2006e-05,52381
-0.000646136,-1.00856e-06,52382
-0.00196814,-3.07211e-06,52391
0.0133985,2.09139e-05,52395
-0.012239,-1.9104e-05,52397
0.00105729,1.65033e-06,52398
-0.00447292,-6.98186e-06,52403
0.00536444,8.37344e-06,52405
-0.000653396,-1.0199e-06,52406
0.000578913,9.03634e-07,52410
-0.000327218,-5.10759e-07,52412
0.00447292,6.98186e-06,52429
-0.000459731,-7.17602e-07,52430
0.0112208,1.75147e-05,52435
-0.0146934,-2.29351e-05,52437
0.00213986,3.34015e-06,52438
-0.00258724,-4.03846e-06,52442
0.00145923,2.27773e-06,52444
-0.00704763,-1.10008e-05,52451
0.00944707,1.47461e-05,52453
-0.00145715,-2.27449e-06,52454
0.00224589,3.50564e-06,52458
-0.00127673,-1.99287e-06,52460
-0.000202556,-3.16172e-07,52466
0.000136197,2.1259e-07,52468
8.14843e-05,1.2719e-07,52495
-0.00135986,-2.12263e-06,52503
0.00769166,1.2006e-05,52507
-0.00695739,-1.08599e-05,52509
0.00060519,9.44651e-07,52510
0.00173106,2.70205e-06,52519
-0.012239,-1.9104e-05,52523
0.0113303,1.76856e-05,52525
-0.00101174,-1.57925e-06,52526
0.00447292,6.98186e-06,52531
-0.00544761,-8.50326e-06,52533
0.000687677,1.0734e-06,52534
-0.000632892,-9.87892e-07,52538
0.000357594,5.58173e-07,52540
-0.00544761,-8.50326e-06,52557
0.000579234,9.04135e-07,52558
-0.0146934,-2.29351e-05,52563
0.0194629,3.038e-05,52565
-0.00291136,-4.54439e-06,52566
0.00363512,5.67411e-06,52570
-0.00205507,-3.20779e-06,52572
0.00944707,1.47461e-05,52579
-0.0128157,-2.00042e-05,52581
0.00203173,3.17136e-06,52582
-0.00324228,-5.06092e-06,52586
0.00184999,2.88767e-06,52588
0.000300633,4.69261e-07,52594
-0.000204399,-3.19049e-07,52596
0.000692086,1.08029e-06,52621
-8.17219e-05,-1.27561e-07,52622
0.00254494,3.97244e-06,52627
-0.00349167,-5.4502e-06,52629
0.000576285,8.99533e-07,52630
-0.000904357,-1.41163e-06,52634
0.000520939,8.13142e-07,52636
-0.002058,-3.21236e-06,52643
0.00289729,4.52243e-06,52645
-0.000512453,-7.99898e-07,52646
0.00104992,1.63883e-06,52650
-0.000614491,-9.59168e-07,52652
-0.000134632,-2.1015e-07,52658
9.70755e-05,1.51526e-07,52660
0.000108076,1.68699e-07,52690
-8.22942e-05,-1.28454e-07,52692
-6.09078e-05,-9.5072e-08,52706
4.60872e-05,7.19374e-08,52708
0.000639391,9.98035e-07,52842
-0.000372395,-5.81275e-07,52844
-6.93734e-05,-1.08287e-07,52850
4.94122e-05,7.71268e-08,52852
-0.000632892,-9.87893e-07,52877
8.08749e-05,1.26237e-07,52878
-0.00258724,-4.03847e-06,52883
0.00363512,5.67412e-06,52885
-0.000661023,-1.0318e-06,52886
0.00121858,1.9021e-06,52890
-0.000720688,-1.12493e-06,52892
0.00224589,3.50564e-06,52899
-0.00324228,-5.06092e-06,52901
0.000639391,9.98035e-07,52902
-0.00155343,-2.42477e-06,52906
0.000937473,1.46332e-06,52908
0.000245532,3.83254e-07,52914
-0.000186465,-2.91056e-07,52916
-0.000282907,-4.41593e-07,52946
0.000233472,3.64428e-07,52948
0.000159472,2.48921e-07,52962
-0.000132929,-2.07491e-07,52964
0.000357594,5.58174e-07,53005
-4.59555e-05,-7.17323e-08,53006
0.00145923,2.27773e-06,53011
-0.00205507,-3.2078e-06,53013
0.000379327,5.92097e-07,53014
-0.000720688,-1.12493e-06,53018
0.000429007,6.69644e-07,53020
-0.00127673,-1.99288e-06,53027
0.00184999,2.88768e-06,53029
-0.000372395,-5.81277e-07,53030
0.000937473,1.46332e-06,53034
-0.000570093,-8.89867e-07,53036
-0.000157502,-2.45849e-07,53042
0.000121344,1.89407e-07,53044
0.000233472,3.64431e-07,53074
-0.000197535,-3.08336e-07,53076
-0.000132929,-2.07492e-07,53090
0.000114336,1.78468e-07,53092
-2.13389e-05,-3.33084e-08,53138
1.89708e-05,2.96119e-08,53140
1.42945e-05,2.2313e-08,53154
-1.31324e-05,-2.04998e-08,53156
-0.00287057,-4.48072e-06,54093
0.000532704,8.31506e-07,54094
-0.0130858,-2.04258e-05,54099
0.0173558,2.7091e-05,54101
-0.00262213,-4.09292e-06,54102
0.00327206,5.10741e-06,54106
-0.00185082,-2.88898e-06,54108
0.00835118,1.30355e-05,54115
-0.0113406,-1.77017e-05,54117
0.00181551,2.83386e-06,54118
-0.00289508,-4.51897e-06,54122
0.00165292,2.58007e-06,54124
0.000267072,4.16876e-07,54130
-0.000181368,-2.831e-07,54132
-6.32998e-05,-9.88066e-08,54158
0.00191619,2.99102e-06,54163
-0.00263239,-4.10894e-06,54165
0.000437571,6.83011e-07,54166
-0.000681411,-1.06362e-06,54170
0.000392374,6.12465e-07,54172
-0.00153193,-2.39121e-06,54179
0.00215945,3.37072e-06,54181
-0.000384445,-6.00087e-07,54182
0.000781141,1.2193e-06,54186
-0.000456954,-7.13268e-07,54188
-9.78121e-05,-1.52677e-07,54194
7.03283e-05,1.09778e-07,54196
7.08682e-05,1.10621e-07,54226
-5.33757e-05,-8.3314e-08,54228
-3.99782e-05,-6.24021e-08,54242
2.98006e-05,4.65171e-08,54244
0.00393216,6.13777e-06,54379
-0.00357897,-5.58648e-06,54381
0.000314361,4.90691e-07,54382
-0.00105729,-1.65034e-06,54387
0.00126205,1.96995e-06,54389
-0.000155527,-2.42764e-07,54390
0.000126364,1.97243e-07,54394
-7.15185e-05,-1.11635e-07,54396
0.000192094,2.99843e-07,54415
-0.003331,-5.19941e-06,54423
0.0198784,3.10285e-05,54427
-0.0183996,-2.87202e-05,54429
0.00171265,2.6733e-06,54430
0.00426484,6.65705e-06,54439
-0.0317957,-4.96304e-05,54443
0.0301459,4.70552e-05,54445
-0.00288936,-4.51006e-06,54446
0.012239,1.9104e-05,54451
-0.0152637,-2.38253e-05,54453
0.00206606,3.22495e-06,54454
-0.00196971,-3.07456e-06,54458
0.00111328,1.73774e-06,54460
0.00149191,2.32875e-06,54478
-0.0361024,-5.63527e-05,54483
0.0487488,7.60928e-05,54485
-0.00776788,-1.2125e-05,54486
0.0101356,1.58209e-05,54490
-0.00576674,-9.0014e-06,54492
0.0232875,3.63498e-05,54499
-0.0321718,-5.02175e-05,54501
0.00543403,8.48207e-06,54502
-0.00910292,-1.42089e-05,54506
0.00524129,8.18121e-06,54508
0.000879671,1.37309e-06,54514
-0.000608656,-9.50062e-07,54516
-0.000180077,-2.81086e-07,54543
0.00311219,4.85787e-06,54551
-0.0194191,-3.03115e-05,54555
0.0182714,2.85201e-05,54557
-0.00176822,-2.76004e-06,54558
-0.0040959,-6.39335e-06,54567
0.0317957,4.96304e-05,54571
-0.0305852,-4.77409e-05,54573
0.00303538,4.73798e-06,54574
-0.0133985,-2.09139e-05,54579
0.0169381,2.64389e-05,54581
-0.00236488,-3.69137e-06,54582
0.00234163,3.65509e-06,54586
-0.00132568,-2.06928e-06,54588
-0.00203641,-3.17867e-06,54606
0.0509998,7.96064e-05,54611
-0.0694669,-0.000108432,54613
0.0113137,1.76597e-05,54614
-0.015229,-2.37711e-05,54618
0.00869368,1.35701e-05,54620
-0.0336343,-5.25003e-05,54627
0.046881,7.31772e-05,54629
-0.00809981,-1.26431e-05,54630
0.0140284,2.18971e-05,54634
-0.00811288,-1.26635e-05,54636
-0.00139678,-2.18025e-06,54642
0.000976541,1.5243e-06,54644
0.000340315,5.31204e-07,54670
-0.0103967,-1.62284e-05,54675
0.0146193,2.28195e-05,54677
-0.00263239,-4.10894e-06,54678
0.00453644,7.081e-06,54682
-0.00265454,-4.14351e-06,54684
0.00868184,1.35516e-05,54691
-0.0125135,-1.95326e-05,54693
0.00242086,3.77877e-06,54694
-0.00546765,-8.53453e-06,54698
0.00325996,5.08852e-06,54700
0.000765387,1.1947e-06,54706
-0.000567982,-8.8657e-07,54708
-0.000663086,-1.03502e-06,54738
0.000524403,8.18548e-07,54740
0.000372476,5.81403e-07,54754
-0.000294214,-4.59243e-07,54756
0.00233,3.63693e-06,54892
0.00046367,7.2375e-07,54898
-0.000339684,-5.30217e-07,54900
-0.000465227,-7.26179e-07,54926
0.0147264,2.29866e-05,54931
-0.0212268,-3.31332e-05,54933
0.00423901,6.61674e-06,54934
-0.0086387,-1.34843e-05,54938
0.00519673,8.11166e-06,54940
-0.0133286,-2.08049e-05,54947
0.0197041,3.07565e-05,54949
-0.00426484,-6.65706e-06,54950
0.0114019,1.77975e-05,54954
-0.00700554,-1.09351e-05,54956
-0.00193742,-3.02415e-06,54962
0.0015047,2.34871e-06,54964
0.00235868,3.68169e-06,54994
-0.00199183,-3.10908e-06,54996
-0.0013314,-2.0782e-06,55010
0.00113834,1.77685e-06,55012
0.000267209,4.1709e-07,55054
-0.00844715,-1.31853e-05,55059
0.0122271,1.90854e-05,55061
-0.00249191,-3.88966e-06,55062
0.00526104,8.21204e-06,55066
-0.00318642,-4.97373e-06,55068
0.00777173,1.2131e-05,55075
-0.011546,-1.80223e-05,55077
0.00255963,3.99537e-06,55078
-0.00710322,-1.10875e-05,55082
0.00439679,6.86303e-06,55084
0.00128179,2.00077e-06,55090
-0.00100838,-1.574e-06,55092
-0.00200081,-3.12309e-06,55122
0.00172535,2.69313e-06,55124
0.00114199,1.78254e-06,55138
-0.0010026,-1.56498e-06,55140
0.000180664,2.82e-07,55186
-0.000163553,-2.55292e-07,55188
-0.00012208,-1.90556e-07,55202
0.000114165,1.78202e-07,55204
0.00213479,3.33222e-06,55405
-0.000190976,-2.98096e-07,55406
0.000646136,1.00856e-06,55411
-0.000777714,-1.21395e-06,55413
9.80226e-05,1.53005e-07,55414
-8.12589e-05,-1.26837e-07,55418
4.59984e-05,7.17996e-08,55420
-0.000113758,-1.77568e-07,55439
0.00198604,3.10005e-06,55447
-0.0120692,-1.88389e-05,55451
0.0112531,1.75651e-05,55453
-0.00106829,-1.66752e-06,55454
-0.00255963,-3.99537e-06,55463
0.0194191,3.03115e-05,55467
-0.0185432,-2.89444e-05,55469
0.00181234,2.82891e-06,55470
-0.00769166,-1.2006e-05,55475
0.00966,1.50784e-05,55477
-0.00133266,-2.08017e-06,55478
0.00129236,2.01727e-06,55482
-0.000731297,-1.1415e-06,55484
-0.000970538,-1.51493e-06,55502
0.0234997,3.66811e-05,55507
-0.0319088,-4.9807e-05,55509
0.00517619,8.0796e-06,55510
-0.00689693,-1.07655e-05,55514
0.00393719,6.14563e-06,55516
-0.0152612,-2.38215e-05,55523
0.0212022,3.30948e-05,55525
-0.00365015,-5.69758e-06,55526
0.0062637,9.7771e-06,55530
-0.00362293,-5.65509e-06,55532
-0.000621406,-9.69962e-07,55538
0.000434252,6.77832e-07,55540
0.000109149,1.70372e-07,55567
-0.00189592,-2.95937e-06,55575
0.0120692,1.88389e-05,55579
-0.0114473,-1.78683e-05,55581
0.00113177,1.7666e-06,55582
0.00251296,3.92253e-06,55591
-0.0198784,-3.10285e-05,55595
0.0192679,3.00756e-05,55597
-0.00195212,-3.04709e-06,55598
0.00862679,1.34657e-05,55603
-0.0109812,-1.71407e-05,55605
0.0015626,2.43909e-06,55606
-0.00157563,-2.45942e-06,55610
0.000893541,1.39474e-06,55612
0.00135605,2.11668e-06,55630
-0.0339491,-5.29917e-05,55635
0.0464878,7.25635e-05,55637
-0.00770747,-1.20307e-05,55638
0.0106004,1.65464e-05,55642
-0.00607337,-9.48002e-06,55644
0.0225389,3.51813e-05,55651
-0.0315823,-4.92974e-05,55653
0.00556143,8.68092e-06,55654
-0.00986918,-1.5405e-05,55658
0.00573456,8.95116e-06,55660
0.00100852,1.57422e-06,55666
-0.000711848,-1.11114e-06,55668
-0.000240937,-3.76082e-07,55694
0.00735101,1.14743e-05,55699
-0.0103967,-1.62284e-05,55701
0.00191619,2.99102e-06,55702
-0.00340837,-5.32018e-06,55706
0.00200616,3.13145e-06,55708
-0.00620386,-9.68371e-06,55715
0.00899384,1.40386e-05,55717
-0.0017841,-2.78482e-06,55718
0.00416465,6.50067e-06,55722
-0.00249967,-3.90178e-06,55724
-0.000602301,-9.4014e-07,55730
0.000451526,7.04793e-07,55732
0.000541391,8.45063e-07,55762
-0.000434307,-6.77914e-07,55764
-0.000304194,-4.7482e-07,55778
0.000244289,3.81313e-07,55780
-0.000436147,-6.80789e-07,55922
0.000322848,5.03937e-07,55924
0.000424551,6.62688e-07,55950
-0.0134453,-2.09869e-05,55955
0.0195188,3.04673e-05,55957
-0.00401169,-6.26191e-06,55958
0.00846741,1.32169e-05,55962
-0.0051259,-8.0011e-06,55964
0.0123527,1.92816e-05,55971
-0.0183843,-2.86963e-05,55973
0.0040959,6.39336e-06,55974
-0.0113185,-1.76672e-05,55978
0.00699952,1.09257e-05,55980
0.00197738,3.08652e-06,55986
-0.00154865,-2.41732e-06,55988
-0.00248311,-3.87593e-06,56018
0.00211743,3.30513e-06,56020
0.00140465,2.19253e-06,56034
-0.00121423,-1.89531e-06,56036
-0.000247258,-3.85948e-07,56078
0.00783795,1.22344e-05,56083
-0.0114355,-1.78498e-05,56085
0.00240476,3.75363e-06,56086
-0.00527187,-8.22894e-06,56090
0.00321407,5.01689e-06,56092
-0.00734641,-1.14671e-05,56099
0.0109933,1.71597e-05,56101
-0.00251296,-3.92253e-06,56102
0.00721687,1.12649e-05,56106
-0.00449671,-7.01898e-06,56108
-0.00134006,-2.09173e-06,56114
0.00106298,1.65922e-06,56116
0.00216031,3.37206e-06,56146
-0.0018796,-2.9339e-06,56148
-0.00123676,-1.93048e-06,56162
0.00109658,1.71166e-06,56164
-0.000197517,-3.08306e-07,56210
0.000180664,2.81999e-07,56212
0.000134658,2.10188e-07,56226
-0.000127243,-1.98615e-07,56228
4.22118e-05,6.58887e-08,56434
-3.21548e-05,-5.01912e-08,56436
-4.22118e-05,-6.58894e-08,56462
0.00134006,2.09172e-06,56467
-0.00197738,-3.08652e-06,56469
0.000436147,6.80789e-07,56470
-0.00100852,-1.57422e-06,56474
0.000621406,9.69961e-07,56476
-0.00128179,-2.00077e-06,56483
0.00193742,3.02414e-06,56485
-0.00046367,-7.23751e-07,56486
0.00139678,2.18025e-06,56490
-0.000879671,-1.37309e-06,56492
-0.000267072,-4.16876e-07,56498
0.000214754,3.35211e-07,56500
0.000410074,6.40091e-07,56530
-0.000362402,-5.65679e-07,56532
-0.000235659,-3.67845e-07,56546
0.000212288,3.31363e-07,56548
2.97272e-05,4.64011e-08,56590
-0.000944798,-1.47475e-06,56595
0.0014047,2.19261e-06,56597
-0.000320006,-4.99501e-07,56598
0.000775472,1.21045e-06,56602
-0.000482146,-7.52588e-07,56604
0.000930041,1.45171e-06,56611
-0.00141608,-2.21038e-06,56613
0.000350312,5.46809e-07,56614
-0.0011035,-1.72248e-06,56618
0.000701371,1.09478e-06,56620
0.000226486,3.53527e-07,56626
-0.000184871,-2.88569e-07,56628
-0.000454185,-7.08948e-07,56658
0.000409477,6.39161e-07,56660
0.000265419,4.14298e-07,56674
-0.000244921,-3.82302e-07,56676
5.32492e-05,8.31162e-08,56722
-5.06551e-05,-7.90685e-08,56724
-3.80128e-05,-5.93346e-08,56738
3.736e-05,5.83153e-08,56740
-3.40004e-05,-5.30727e-08,56978
3.27246e-05,5.10799e-08,56980
2.48892e-05,3.88496e-08,56994
-2.48305e-05,-3.87581e-08,56996
1.93176e-05,3.01535e-08,57106
-1.85028e-05,-2.88813e-08,57108
-1.3897e-05,-2.16922e-08,57122
1.38171e-05,2.15679e-08,57124
4.84141e-06,7.55624e-09,58254
-0.000240937,-3.76083e-07,58259
0.000340315,5.31203e-07,58261
-6.32998e-05,-9.88065e-08,58262
0.000110963,1.73205e-07,58266
-6.54304e-05,-1.02132e-07,58268
0.00019749,3.08265e-07,58275
-0.000286164,-4.46678e-07,58277
5.73761e-05,8.95594e-08,58278
-0.000132191,-2.0634e-07,58282
7.9505e-05,1.24101e-07,58284
1.83035e-05,2.85703e-08,58290
-1.37153e-05,-2.14092e-08,58292
-1.43334e-05,-2.23736e-08,58322
1.13894e-05,1.77774e-08,58324
8.04964e-06,1.25636e-08,58338
-6.36766e-06,-9.94016e-09,58340
0.000138342,2.15941e-07,58483
-0.000171116,-2.67099e-07,58485
2.34864e-05,3.66603e-08,58486
-2.06463e-05,-3.22269e-08,58490
1.17266e-05,1.8304e-08,58492
-2.16242e-05,-3.37538e-08,58511
0.000389233,6.07559e-07,58519
-0.00251296,-3.92252e-06,58523
0.00240476,3.75362e-06,58525
-0.000247258,-3.85948e-07,58526
-0.000510207,-7.96391e-07,58535
0.0040959,6.39335e-06,58539
-0.00401169,-6.26191e-06,58541
0.000424551,6.62689e-07,58542
-0.00173106,-2.70205e-06,58547
0.00222674,3.47575e-06,58549
-0.000332906,-5.19639e-07,58550
0.000344325,5.37461e-07,58554
-0.000196454,-3.06648e-07,58556
0.00556143,8.68093e-06,58579
-0.00770747,-1.20307e-05,58581
0.00135605,2.11668e-06,58582
-0.00195212,-3.04709e-06,58586
0.00113177,1.7666e-06,58588
-0.00365015,-5.69758e-06,58595
0.00517619,8.07961e-06,58597
-0.000970538,-1.51493e-06,58598
0.00181234,2.82891e-06,58602
-0.00106829,-1.66752e-06,58604
-0.000190976,-2.98097e-07,58610
0.000137615,2.14804e-07,58612
2.12823e-05,3.32204e-08,58639
-0.000378764,-5.91218e-07,58647
0.00255963,3.99537e-06,58651
-0.00249191,-3.88966e-06,58653
0.000267209,4.1709e-07,58654
0.000510207,7.9639e-07,58663
-0.00426484,-6.65705e-06,58667
0.00423901,6.61674e-06,58669
-0.000465227,-7.26179e-07,58670
0.00196814,3.07211e-06,58675
-0.0025633,-4.00109e-06,58677
0.000395034,6.16614e-07,58678
-0.000426329,-6.65463e-07,58682
0.000244235,3.8123e-07,58684
-0.00809981,-1.26431e-05,58707
0.0113137,1.76597e-05,58709
-0.00203641,-3.17867e-06,58710
0.00303538,4.73798e-06,58714
-0.00176822,-2.76004e-06,58716
0.00543403,8.48207e-06,58723
-0.00776788,-1.2125e-05,58725
0.00149191,2.32875e-06,58726
-0.00288936,-4.51006e-06,58730
0.00171265,2.6733e-06,58732
0.000314361,4.90691e-07,58738
-0.000228862,-3.57235e-07,58740
0.00181551,2.83386e-06,58771
-0.00262213,-4.09292e-06,58773
0.000532704,8.31507e-07,58774
-0.00104701,-1.6343e-06,58778
0.000630027,9.83419e-07,58780
-0.00155297,-2.42405e-06,58787
0.00230029,3.59056e-06,58789
-0.000506469,-7.90555e-07,58790
0.00131097,2.04631e-06,58794
-0.000806193,-1.2584e-06,58796
-0.000203119,-3.17052e-07,58802
0.000157103,2.45225e-07,58804
0.000191323,2.98639e-07,58834
-0.000159044,-2.48254e-07,58836
-0.000107579,-1.67923e-07,58850
8.98064e-05,1.40181e-07,58852
0.000105746,1.6506e-07,58996
-0.0032453,-5.06564e-06,59027
0.00482827,7.53652e-06,59029
-0.00111694,-1.74345e-06,59030
0.00263382,4.11118e-06,59034
-0.0016341,-2.55069e-06,59036
0.0030288,4.7277e-06,59043
-0.004623,-7.21612e-06,59045
0.00116694,1.82149e-06,59046
-0.00359836,-5.61674e-06,59050
0.00228303,3.56361e-06,59052
0.000671258,1.04778e-06,59058
-0.00054153,-8.45286e-07,59060
-0.000886223,-1.38332e-06,59090
0.000779092,1.2161e-06,59092
0.000504185,7.8699e-07,59106
-0.000450125,-7.02607e-07,59108
0.00190754,2.9775e-06,59155
-0.00285405,-4.45493e-06,59157
0.00067778,1.05796e-06,59158
-0.001661,-2.59267e-06,59162
0.00103816,1.62048e-06,59164
-0.00181687,-2.83598e-06,59171
0.00279025,4.35535e-06,59173
-0.000724948,-1.13158e-06,59174
0.0023227,3.62554e-06,59178
-0.00148493,-2.31785e-06,59180
-0.000460664,-7.19058e-07,59186
0.000376259,5.87307e-07,59188
0.000783077,1.22232e-06,59218
-0.000701232,-1.09457e-06,59220
-0.000451817,-7.05246e-07,59234
0.000412766,6.44292e-07,59236
-7.44016e-05,-1.16136e-07,59282
6.98035e-05,1.08957e-07,59284
5.1495e-05,8.03791e-08,59298
-4.98605e-05,-7.78279e-08,59300
0.00013225,2.06434e-07,59509
-1.87294e-05,-2.92344e-08,59510
1.69896e-05,2.65204e-08,59514
-9.67581e-06,-1.51037e-08,59516
1.57531e-05,2.45886e-08,59535
-0.00028639,-4.4703e-07,59543
0.00189592,2.95936e-06,59547
-0.0018323,-2.86006e-06,59549
0.000193638,3.02251e-07,59550
0.000378764,5.91218e-07,59559
-0.00311219,-4.85787e-06,59563
0.00307699,4.80292e-06,59565
-0.000334387,-5.2195e-07,59566
0.00135986,2.12263e-06,59571
-0.00176383,-2.7532e-06,59573
0.000270339,4.21976e-07,59574
-0.000286801,-4.47671e-07,59578
0.000164192,2.5629e-07,59580
-0.00454201,-7.0897e-06,59603
0.00633756,9.8924e-06,59605
-0.00114397,-1.78564e-06,59606
0.00170109,2.65526e-06,59610
-0.00099229,-1.54888e-06,59612
0.00300639,4.69272e-06,59619
-0.00429325,-6.7014e-06,59621
0.000827978,1.2924e-06,59622
-0.00160415,-2.50394e-06,59626
0.000952804,1.48725e-06,59628
0.000175697,2.7425e-07,59634
-0.00012839,-2.00408e-07,59636
-1.5987e-05,-2.49543e-08,59663
0.00028639,4.47029e-07,59671
-0.00198604,-3.10005e-06,59675
0.00195349,3.04923e-06,59677
-0.000215581,-3.36504e-07,59678
-0.000389233,-6.07559e-07,59687
0.003331,5.19941e-06,59691
-0.0033426,-5.21752e-06,59693
0.000376981,5.88434e-07,59694
-0.00158832,-2.47923e-06,59699
0.0020852,3.25482e-06,59701
-0.000329458,-5.14257e-07,59702
0.000365367,5.70307e-07,59706
-0.000210179,-3.28074e-07,59708
0.00677773,1.05795e-05,59731
-0.00952911,-1.48741e-05,59733
0.00176021,2.74754e-06,59734
-0.00271128,-4.23208e-06,59738
0.00158941,2.48094e-06,59740
-0.00458452,-7.15605e-06,59747
0.0065976,1.02983e-05,59749
-0.00130354,-2.03472e-06,59750
0.00261821,4.08681e-06,59754
-0.00156372,-2.44084e-06,59756
-0.000295361,-4.61035e-07,59762
0.000217817,3.39994e-07,59764
-0.00163298,-2.54894e-06,59795
0.00237683,3.71003e-06,59797
-0.00049986,-7.8024e-07,59798
0.00102547,1.60067e-06,59802
-0.000622141,-9.7111e-07,59804
0.00141492,2.20857e-06,59811
-0.00211243,-3.29732e-06,59813
0.000482653,7.53382e-07,59814
-0.00130415,-2.03567e-06,59818
0.000809012,1.2628e-06,59820
0.00020972,3.27357e-07,59826
-0.000164084,-2.56123e-07,59828
-0.000206211,-3.21878e-07,59858
0.000173972,2.71556e-07,59860
0.000116185,1.81356e-07,59874
-9.8663e-05,-1.54005e-07,59876
0.00382923,5.9771e-06,60051
-0.00574599,-8.969e-06,60053
0.00137943,2.15318e-06,60054
-0.00337994,-5.2758e-06,60058
0.00211206,3.29674e-06,60060
-0.00362654,-5.66072e-06,60067
0.00558105,8.71156e-06,60069
-0.00146194,-2.28197e-06,60070
0.00467043,7.29014e-06,60074
-0.00298433,-4.65829e-06,60076
-0.000895566,-1.3979e-06,60082
0.00072867,1.1374e-06,60084
0.00122284,1.90875e-06,60114
-0.00108537,-1.69417e-06,60116
-0.000698109,-1.08969e-06,60130
0.000629928,9.83264e-07,60132
-0.002297,-3.58543e-06,60179
0.0034683,5.41372e-06,60181
-0.000856227,-1.3365e-06,60182
0.00218217,3.40619e-06,60186
-0.00137384,-2.14445e-06,60188
0.00222553,3.47387e-06,60195
-0.00344721,-5.3808e-06,60197
0.000930244,1.45203e-06,60198
-0.0030875,-4.81933e-06,60202
0.00198791,3.10296e-06,60204
0.000629796,9.8306e-07,60210
-0.000518758,-8.09738e-07,60212
-0.00110891,-1.73091e-06,60242
0.00100192,1.56391e-06,60244
0.000642616,1.00307e-06,60258
-0.000592785,-9.25287e-07,60260
0.000108035,1.68634e-07,60306
-0.000102327,-1.59724e-07,60308
-7.55273e-05,-1.17892e-07,60322
7.38133e-05,1.15216e-07,60324
-0.000515623,-8.04844e-07,60563
0.000790367,1.2337e-06,60565
-0.000208614,-3.2563e-07,60566
0.000565348,8.82463e-07,60570
-0.000360656,-5.62953e-07,60572
0.000508698,7.94034e-07,60579
-0.000799086,-1.24731e-06,60581
0.000230233,3.59375e-07,60582
-0.000808355,-1.26178e-06,60586
0.000527453,8.23309e-07,60588
0.000171537,2.67756e-07,60594
-0.000143737,-2.24362e-07,60596
-0.000295517,-4.61278e-07,60626
0.000272319,4.25064e-07,60628
0.000172672,2.69528e-07,60642
-0.000162535,-2.53705e-07,60644
0.000382892,5.97661e-07,60691
-0.000591653,-9.23521e-07,60693
0.000161706,2.5241e-07,60694
-0.000458157,-7.15146e-07,60698
0.000295038,4.6053e-07,60700
-0.000388401,-6.06261e-07,60707
0.000614899,9.59807e-07,60709
-0.000183525,-2.86469e-07,60710
0.000672,1.04894e-06,60714
-0.000442594,-6.90853e-07,60716
-0.000153462,-2.39543e-07,60722
0.000130505,2.03708e-07,60724
0.000346757,5.41259e-07,60754
-0.000325128,-5.07497e-07,60756
-0.000206636,-3.22545e-07,60770
0.000198486,3.09821e-07,60772
-4.59233e-05,-7.16828e-08,60818
4.51515e-05,7.04792e-08,60820
3.3839e-05,5.28206e-08,60834
-3.42921e-05,-5.35279e-08,60836
3.60759e-05,5.63124e-08,61074
-3.60852e-05,-5.63264e-08,61076
-2.79055e-05,-4.35592e-08,61090
2.8823e-05,4.49914e-08,61092
-2.02874e-05,-3.16668e-08,61202
2.02468e-05,3.16044e-08,61204
1.55815e-05,2.43216e-08,61218
-1.60832e-05,-2.51054e-08,61220
0.000378962,5.91529e-07,62611
-0.000590483,-9.21694e-07,62613
0.000170529,2.66181e-07,62614
-0.000504309,-7.87186e-07,62618
0.000329707,5.14648e-07,62620
-0.00037942,-5.92242e-07,62627
0.000606443,9.46605e-07,62629
-0.000192426,-3.00362e-07,62630
0.000737569,1.15128e-06,62634
-0.000493908,-7.70951e-07,62636
-0.000173242,-2.70416e-07,62642
0.000150736,2.35285e-07,62644
0.00035066,5.4735e-07,62674
-0.000337406,-5.26664e-07,62676
-0.000210718,-3.28914e-07,62690
0.000207617,3.24072e-07,62692
-0.000294528,-4.59733e-07,62739
0.0004636,7.23639e-07,62741
-0.000140081,-2.18655e-07,62742
0.000436698,6.81651e-07,62746
-0.000289162,-4.51359e-07,62748
0.000303753,4.74132e-07,62755
-0.00049033,-7.65363e-07,62757
0.000162886,2.54251e-07,62758
-0.000656307,-1.02444e-06,62762
0.00044501,6.94626e-07,62764
0.000168199,2.62545e-07,62770
-0.00014899,-2.32562e-07,62772
-0.000450167,-7.02673e-07,62802
0.000440522,6.87617e-07,62804
0.000276719,4.31936e-07,62818
-0.000277759,-4.33558e-07,62820
7.30743e-05,1.14062e-07,62866
-7.48598e-05,-1.16851e-07,62868
-5.64978e-05,-8.81876e-08,62882
5.95624e-05,9.29726e-08,62884
-8.36942e-05,-1.30642e-07,63122
8.81042e-05,1.37524e-07,63124
6.99565e-05,1.09197e-07,63138
-7.5788e-05,-1.18298e-07,63140
4.71897e-05,7.36601e-08,63250
-4.97707e-05,-7.76875e-08,63252
-3.98123e-05,-6.21446e-08,63266
4.32652e-05,6.75333e-08,63268
-0.000212674,-3.31965e-07,63635
0.000330988,5.16643e-07,63637
-9.54666e-05,-1.49016e-07,63638
0.000283218,4.4208e-07,63642
-0.000185632,-2.89758e-07,63644
0.000212493,3.31683e-07,63651
-0.000339341,-5.29681e-07,63653
0.000107726,1.68151e-07,63654
-0.000414897,-6.47621e-07,63658
0.000278667,4.34977e-07,63660
9.8843e-05,1.54285e-07,63666
-8.64967e-05,-1.35014e-07,63668
-0.000205664,-3.21023e-07,63698
0.000199391,3.11233e-07,63700
0.00012438,1.94147e-07,63714
-0.000123534,-1.92826e-07,63716
0.000163865,2.55779e-07,63763
-0.000257923,-4.02595e-07,63765
7.83039e-05,1.22226e-07,63766
-0.000246326,-3.84496e-07,63770
0.000163796,2.55673e-07,63772
-0.000168903,-2.63643e-07,63779
0.000272735,4.25716e-07,63781
-9.12149e-05,-1.4238e-07,63782
0.000371368,5.79675e-07,63786
-0.000252974,-3.94873e-07,63788
-9.71645e-05,-1.51666e-07,63794
8.671e-05,1.35347e-07,63796
0.00026891,4.19744e-07,63826
-0.000265344,-4.14179e-07,63828
-0.000166532,-2.59942e-07,63842
0.000168593,2.63158e-07,63844
-4.63298e-05,-7.23171e-08,63890
4.79114e-05,7.47857e-08,63892
3.63032e-05,5.66658e-08,63906
-3.8625e-05,-6.02905e-08,63908
6.85058e-05,1.06933e-07,64146
-7.308e-05,-1.14072e-07,64148
-5.86337e-05,-9.15225e-08,64162
6.42943e-05,1.00357e-07,64164
-3.90581e-05,-6.09685e-08,64274
4.18115e-05,6.52655e-08,64276
3.39524e-05,5.29972e-08,64290
-3.73905e-05,-5.83635e-08,64292
-6.39126e-06,-9.9766e-09,64658
6.93533e-06,1.08236e-08,64660
5.71791e-06,8.9249e-09,64674
-6.36879e-06,-9.94291e-09,64676
4.29291e-06,6.7005e-09,64786
-4.69793e-06,-7.33381e-09,64788
-3.96022e-06,-6.18217e-09,64802
4.44646e-06,6.93943e-09,64804
0.000258196,4.03025e-07,74911
-0.000463784,-7.23931e-07,74927
0.000619284,9.6665e-07,74935
-0.00169316,-2.64287e-06,74939
0.00141419,2.20743e-06,74941
-0.000131754,-2.05655e-07,74942
-0.00368752,-5.7559e-06,74967
0.0137991,2.15393e-05,74971
-0.0118602,-1.85128e-05,74973
0.00109658,1.71166e-06,74974
0.00307031,4.79249e-06,74983
-0.0148683,-2.32081e-05,74987
0.0131276,2.0491e-05,74989
-0.00123676,-1.93048e-06,74990
0.00268164,4.18581e-06,74995
-0.00304325,-4.75026e-06,74997
0.000378636,5.91017e-07,74998
0.000145917,2.27766e-07,75004
-0.000329255,-5.13941e-07,75039
0.000585994,9.14689e-07,75055
-0.000818193,-1.27713e-06,75063
0.00235868,3.68169e-06,75067
-0.00199183,-3.10908e-06,75069
0.000187348,2.92433e-07,75070
0.00605391,9.44964e-06,75095
-0.0233787,-3.64921e-05,75099
0.0202067,3.15409e-05,75101
-0.0018796,-2.9339e-06,75102
-0.00515663,-8.04907e-06,75111
0.0256792,4.0083e-05,75115
-0.0227859,-3.55668e-05,75117
0.00216031,3.37206e-06,75118
-0.00474704,-7.40973e-06,75123
0.00541186,8.44747e-06,75125
-0.000677744,-1.0579e-06,75126
-0.000261875,-4.0877e-07,75132
-0.00247472,-3.86283e-06,75159
0.0123093,1.92138e-05,75163
-0.0110535,-1.72535e-05,75165
0.00108127,1.68777e-06,75166
0.00277661,4.33406e-06,75175
-0.0175463,-2.73883e-05,75179
0.0161604,2.52249e-05,75181
-0.00162407,-2.53503e-06,75182
0.00462203,7.2146e-06,75187
-0.00552266,-8.62041e-06,75189
0.000761085,1.18799e-06,75190
0.000347442,5.42326e-07,75196
-0.00653948,-1.02076e-05,75219
0.00854912,1.33445e-05,75221
-0.0014355,-2.2407e-06,75222
-0.000954589,-1.49003e-06,75228
0.00390131,6.08961e-06,75235
-0.00520584,-8.12587e-06,75237
0.000928407,1.44916e-06,75238
0.00080667,1.25914e-06,75244
-8.88636e-05,-1.38709e-07,75252
0.0083586,1.30471e-05,75415
-0.0467692,-7.30028e-05,75419
0.0432473,6.75054e-05,75421
-0.00449671,-7.01898e-06,75422
-0.0101356,-1.58209e-05,75431
0.0711232,0.000111017,75435
-0.0673891,-0.000105189,75437
0.00721687,1.12649e-05,75438
-0.0224674,-3.50697e-05,75443
0.0277947,4.33852e-05,75445
-0.00415653,-6.48798e-06,75446
-0.00206726,-3.22682e-06,75452
0.045266,7.06564e-05,75475
-0.0610955,-9.53648e-05,75477
0.0109933,1.71596e-05,75478
0.00780674,1.21856e-05,75484
-0.0278701,-4.35029e-05,75491
0.0384695,6.00477e-05,75493
-0.00734641,-1.14671e-05,75494
-0.00679563,-1.06074e-05,75500
0.000747912,1.16743e-06,75508
-0.00554628,-8.65729e-06,75543
0.0321503,5.01839e-05,75547
-0.0300728,-4.69411e-05,75549
0.00321407,5.01689e-06,75550
0.00689693,1.07655e-05,75559
-0.0500248,-7.80845e-05,75563
0.0479199,7.47989e-05,75565
-0.00527187,-8.22894e-06,75566
0.0171309,2.674e-05,75571
-0.0214861,-3.35381e-05,75573
0.00332051,5.18304e-06,75574
0.00172359,2.69037e-06,75580
-0.0452187,-7.05826e-05,75603
0.0617808,9.64346e-05,75605
-0.0114355,-1.78498e-05,75606
-0.00843898,-1.31725e-05,75612
0.0284996,4.44855e-05,75619
-0.039858,-6.22149e-05,75621
0.00783795,1.22344e-05,75622
0.00755372,1.17907e-05,75628
-0.000852581,-1.3308e-06,75636
0.00573456,8.95116e-06,75667
-0.00811288,-1.26635e-05,75669
0.00165292,2.58007e-06,75670
0.00155386,2.42544e-06,75676
-0.00449396,-7.01469e-06,75683
0.00652731,1.01886e-05,75685
-0.00142956,-2.23142e-06,75686
-0.00179681,-2.80467e-06,75692
0.000275117,4.29434e-07,75700
-0.00019485,-3.04145e-07,75732
0.000108699,1.69673e-07,75748
-0.000250583,-3.91141e-07,75935
0.000449644,7.01857e-07,75951
-0.000611232,-9.54082e-07,75959
0.0017309,2.70179e-06,75963
-0.00145978,-2.27859e-06,75965
0.000138078,2.15527e-07,75966
0.00382705,5.97369e-06,75991
-0.0148683,-2.32081e-05,75995
0.0129013,2.01378e-05,75997
-0.00121423,-1.89531e-06,75998
-0.00324812,-5.07003e-06,76007
0.0163531,2.55258e-05,76011
-0.0145888,-2.27719e-05,76013
0.00140465,2.19253e-06,76014
-0.00312753,-4.88182e-06,76019
0.00360408,5.62568e-06,76021
-0.000465355,-7.26381e-07,76022
-0.000185577,-2.89673e-07,76028
0.000330127,5.15303e-07,76063
-0.000585994,-9.14687e-07,76079
0.000831035,1.29718e-06,76087
-0.00248311,-3.87593e-06,76091
0.00211743,3.30513e-06,76093
-0.00020228,-3.15742e-07,76094
-0.00642677,-1.00316e-05,76119
0.0256792,4.0083e-05,76123
-0.0223889,-3.49471e-05,76125
0.00211743,3.30513e-06,76126
0.00556414,8.68516e-06,76135
-0.028674,-4.47577e-05,76139
0.0256792,4.0083e-05,76141
-0.00248311,-3.87593e-06,76142
0.00556414,8.68517e-06,76147
-0.00642677,-1.00317e-05,76149
0.000831035,1.29718e-06,76150
0.000330127,5.15303e-07,76156
0.0028768,4.49045e-06,76183
-0.0147264,-2.29866e-05,76187
0.0133286,2.08049e-05,76189
-0.00132691,-2.0712e-06,76190
-0.00327206,-5.10742e-06,76199
0.0212268,3.31332e-05,76203
-0.0197041,-3.07565e-05,76205
0.00201774,3.14952e-06,76206
-0.00579623,-9.04742e-06,76211
0.00699119,1.09127e-05,76213
-0.000986544,-1.53991e-06,76214
-0.000458684,-7.15965e-07,76220
0.0086387,1.34843e-05,76243
-0.0114019,-1.77975e-05,76245
0.00195944,3.05852e-06,76246
0.0013314,2.0782e-06,76252
-0.00519673,-8.11166e-06,76259
0.00700554,1.09351e-05,76261
-0.00127957,-1.9973e-06,76262
-0.00113834,-1.77685e-06,76268
0.000126957,1.98168e-07,76276
-0.0124482,-1.94306e-05,76439
0.0711232,0.000111017,76443
-0.0662112,-0.00010335,76445
0.00699952,1.09257e-05,76446
0.015229,2.37711e-05,76455
-0.10893,-0.000170031,76459
0.1039,0.00016218,76461
-0.0113185,-1.76672e-05,76462
0.0353973,5.52523e-05,76467
-0.0441158,-6.8861e-05,76469
0.00672329,1.04945e-05,76470
0.0033936,5.29711e-06,76476
-0.0740109,-0.000115525,76499
0.100525,0.000156911,76501
-0.0183843,-2.86963e-05,76502
-0.0132392,-2.06652e-05,76508
0.0458256,7.15299e-05,76515
-0.0636543,-9.9359e-05,76517
0.0123527,1.92816e-05,76518
0.0115935,1.80965e-05,76524
-0.00128551,-2.00658e-06,76532
0.00844705,1.31851e-05,76567
-0.0500248,-7.80845e-05,76571
0.0471254,7.35588e-05,76573
-0.0051259,-8.0011e-06,76574
-0.0106004,-1.65464e-05,76583
0.0783965,0.00012237,76587
-0.0756174,-0.000118032,76589
0.00846741,1.32169e-05,76590
-0.0276415,-4.31461e-05,76595
0.034921,5.45088e-05,76597
-0.00549682,-8.58007e-06,76598
-0.00289511,-4.51903e-06,76604
0.0756174,0.000118032,76627
-0.1039,-0.00016218,76629
0.0195188,3.04673e-05,76630
0.0145888,2.27719e-05,76636
-0.0479199,-7.47989e-05,76643
0.0673891,0.000105189,76645
-0.0134453,-2.09869e-05,76646
-0.0131276,-2.0491e-05,76652
0.00149275,2.33006e-06,76660
-0.00986918,-1.5405e-05,76691
0.0140284,2.18971e-05,76693
-0.00289508,-4.51898e-06,76694
-0.00275309,-4.29735e-06,76700
0.00778771,1.2156e-05,76707
-0.0113592,-1.77307e-05,76709
0.00251763,3.92981e-06,76710
0.00319829,4.99226e-06,76716
-0.000492935,-7.69427e-07,76724
0.000350172,5.46592e-07,76756
-0.000195192,-3.0468e-07,76772
0.00307623,4.80173e-06,76951
-0.0192679,-3.00756e-05,76955
0.0185432,2.89444e-05,76957
-0.00213479,-3.33222e-06,76958
-0.00391891,-6.11708e-06,76967
0.0305852,4.7741e-05,76971
-0.0301459,-4.70552e-05,76973
0.00357897,5.58647e-06,76974
-0.0116494,-1.81838e-05,76979
0.0150528,2.34961e-05,76981
-0.00251709,-3.92896e-06,76982
-0.00139211,-2.17296e-06,76988
0.0323242,5.04554e-05,77011
-0.045219,-7.0583e-05,77013
0.00895346,1.39756e-05,77014
0.00703196,1.09763e-05,77020
-0.0207239,-3.23483e-05,77027
0.029649,4.62795e-05,77029
-0.00623279,-9.72886e-06,77030
-0.00641296,-1.00101e-05,77036
0.000756368,1.18062e-06,77044
-0.00268166,-4.18585e-06,77079
0.0175719,2.74282e-05,77083
-0.0171868,-2.68271e-05,77085
0.00205748,3.21155e-06,77086
0.00351504,5.48669e-06,77095
-0.0285776,-4.46072e-05,77099
0.0285776,4.46072e-05,77101
-0.00351504,-5.48669e-06,77102
0.0119466,1.86476e-05,77107
-0.0156547,-2.44357e-05,77109
0.00270555,4.22313e-06,77110
0.00156666,2.44543e-06,77116
-0.0431368,-6.7333e-05,77139
0.0609103,9.50758e-05,77141
-0.0123486,-1.92751e-05,77142
-0.0100625,-1.57067e-05,77148
0.0282998,4.41736e-05,77155
-0.0408753,-6.3803e-05,77157
0.00880423,1.37427e-05,77158
0.00941943,1.47029e-05,77164
-0.00114726,-1.79077e-06,77172
0.0078685,1.22821e-05,77203
-0.011458,-1.7885e-05,77205
0.00256097,3.99746e-06,77206
0.00271858,4.24348e-06,77212
-0.00650209,-1.01492e-05,77219
0.00970165,1.51435e-05,77221
-0.00233209,-3.6402e-06,77222
-0.00331534,-5.17498e-06,77228
0.000566597,8.8441e-07,77236
-0.00048574,-7.58199e-07,77268
0.000271175,4.2328e-07,77284
-0.00395511,-6.1736e-06,77468
0.0074343,1.16043e-05,77475
-0.0113592,-1.77307e-05,77477
0.00305411,4.76721e-06,77478
0.00528816,8.25437e-06,77484
-0.00111735,-1.74409e-06,77492
0.00142413,2.22294e-06,77524
-0.000811241,-1.26628e-06,77540
0.00473481,7.39065e-06,77587
-0.00707195,-1.10387e-05,77589
0.00177848,2.77606e-06,77590
0.00237512,3.70736e-06,77596
-0.00425473,-6.64128e-06,77603
0.00652731,1.01886e-05,77605
-0.00179524,-2.80221e-06,77606
-0.00324378,-5.06327e-06,77612
0.00073187,1.14239e-06,77620
-0.00121564,-1.89751e-06,77652
0.000704706,1.09999e-06,77668
0.000118393,1.848e-07,77716
-8.23212e-05,-1.28497e-07,77732
-0.0597716,-9.32985e-05,79059
0.148209,0.000231341,79061
-0.0315823,-4.92974e-05,79062
-0.0270355,-4.22002e-05,79068
0.0679711,0.000106097,79075
-0.0994551,-0.000155241,79077
0.0225389,3.51813e-05,79078
0.0254497,3.97248e-05,79084
-0.00322271,-5.03037e-06,79092
0.00622808,9.7215e-06,79127
-0.0452187,-7.05826e-05,79131
0.0459582,7.17368e-05,79133
-0.00607337,-9.48002e-06,79134
-0.00846741,-1.32169e-05,79143
0.0756174,0.000118032,79147
-0.0783965,-0.00012237,79149
0.0106004,1.65464e-05,79150
-0.0361024,-5.63527e-05,79155
0.0487488,7.60928e-05,79157
-0.00915009,-1.42825e-05,79158
-0.00576674,-9.00141e-06,79164
-0.213695,-0.000333559,79189
0.0464878,7.25635e-05,79190
0.0412978,6.44625e-05,79196
-0.0994551,-0.000155241,79203
0.146585,0.000228807,79205
-0.0339491,-5.29917e-05,79206
-0.039858,-6.22149e-05,79212
0.00522065,8.14898e-06,79220
0.046881,7.31772e-05,79253
-0.0113406,-1.77017e-05,79254
-0.013443,-2.09834e-05,79260
0.0268897,4.19725e-05,79267
-0.0408753,-6.3803e-05,79269
0.0106773,1.66664e-05,79270
0.0169974,2.65316e-05,79276
-0.00317297,-4.95273e-06,79284
0.0029934,4.67245e-06,79316
-0.00167871,-2.62032e-06,79332
0.0278701,4.35029e-05,79516
-0.0432473,-6.75054e-05,79523
0.0673891,0.000105189,79525
-0.0198784,-3.10285e-05,79526
-0.0384695,-6.00477e-05,79532
0.00873372,1.36326e-05,79540
-0.0118602,-1.85128e-05,79572
0.00679563,1.06074e-05,79588
0.0412978,6.44625e-05,79637
-0.0114473,-1.78683e-05,79638
-0.0172766,-2.69673e-05,79644
0.0254497,3.97248e-05,79651
-0.039858,-6.2215e-05,79653
0.0120692,1.88389e-05,79654
0.0243949,3.80783e-05,79660
-0.00590396,-9.21558e-06,79668
0.0103823,1.62059e-05,79700
-0.0060546,-9.45071e-06,79716
-0.0010026,-1.56498e-06,79764
0.000704706,1.09998e-06,79780
0.0280325,4.37563e-05,80029
-0.00362293,-5.65509e-06,80030
-0.00526104,-8.21205e-06,80039
0.0458256,7.153e-05,80043
-0.0471254,-7.35588e-05,80045
0.0062637,9.7771e-06,80046
-0.0205512,-3.20786e-05,80051
0.0275817,4.30527e-05,80053
-0.00511867,-7.98981e-06,80054
-0.00315063,-4.91787e-06,80060
-0.0977452,-0.000152572,80085
0.0212022,3.30948e-05,80086
0.0186681,2.91393e-05,80092
-0.0449248,-7.01239e-05,80099
0.0660375,0.000103079,80101
-0.0152612,-2.38215e-05,80102
-0.0177929,-2.77732e-05,80108
0.0023259,3.63053e-06,80116
-0.00384903,-6.00801e-06,80151
0.0284996,4.44855e-05,80155
-0.0291837,-4.55533e-05,80157
0.00393719,6.14562e-06,80158
0.00527187,8.22894e-06,80167
-0.0479199,-7.47989e-05,80171
0.0500248,7.80845e-05,80173
-0.00689693,-1.07655e-05,80174
0.0234997,3.66811e-05,80179
-0.0319088,-4.9807e-05,80181
0.00609584,9.51509e-06,80182
0.00393719,6.14563e-06,80188
0.144026,0.000224813,80213
-0.0319088,-4.9807e-05,80214
-0.0291837,-4.55533e-05,80220
0.0671794,0.000104861,80227
-0.0994551,-0.000155241,80229
0.0234997,3.66811e-05,80230
0.0284996,4.44855e-05,80236
-0.00384903,-6.00801e-06,80244
-0.0336343,-5.25003e-05,80277
0.00835118,1.30355e-05,80278
0.0103186,1.61065e-05,80284
-0.0193995,-3.0281e-05,80291
0.029649,4.62795e-05,80293
-0.00796768,-1.24369e-05,80294
-0.0132331,-2.06558e-05,80300
0.00255928,3.99482e-06,80308
-0.00252635,-3.94342e-06,80340
0.00142202,2.21964e-06,80356
0.0405893,6.33566e-05,80547
-0.0636543,-9.9359e-05,80549
0.0194191,3.03115e-05,80550
0.0391653,6.11337e-05,80556
-0.00915921,-1.42967e-05,80564
0.0129013,2.01378e-05,80596
-0.00742514,-1.159e-05,80612
-0.0391653,-6.11337e-05,80661
0.0112531,1.75651e-05,80662
0.0177929,2.77732e-05,80668
-0.0243949,-3.80784e-05,80675
0.0384695,6.00477e-05,80677
-0.0120692,-1.88389e-05,80678
-0.0254497,-3.97248e-05,80684
0.00635036,9.91237e-06,80692
-0.0115935,-1.80965e-05,80724
0.00679563,1.06074e-05,80740
0.00114199,1.78254e-06,80788
-0.000811241,-1.26628e-06,80804
-0.00439679,-6.86302e-06,81059
0.00700554,1.0935e-05,81061
-0.00233,-3.63693e-06,81062
-0.00524129,-8.18121e-06,81068
0.0013587,2.12082e-06,81076
-0.00240812,-3.75888e-06,81108
0.00142202,2.21965e-06,81124
0.00505411,7.88904e-06,81173
-0.00159753,-2.49361e-06,81174
-0.00286502,-4.47205e-06,81180
0.00324378,5.06327e-06,81187
-0.00520584,-8.12587e-06,81189
0.00179524,2.80221e-06,81190
0.00425473,6.64127e-06,81196
-0.0011915,-1.85983e-06,81204
0.00278068,4.34042e-06,81236
-0.00167871,-2.62033e-06,81252
-0.000362424,-5.65715e-07,81300
0.000271175,4.23279e-07,81316
-0.000195192,-3.0468e-07,81572
-0.000141151,-2.20327e-07,81684
0.000108699,1.69671e-07,81700
0.000253083,3.95043e-07,83231
-0.000449644,-7.01857e-07,83247
0.000648861,1.01282e-06,83255
-0.00200081,-3.12309e-06,83259
0.00172535,2.69313e-06,83261
-0.000169517,-2.64599e-07,83262
-0.00495448,-7.73352e-06,83287
0.0202067,3.15409e-05,83291
-0.0177761,-2.7747e-05,83293
0.00172535,2.69312e-06,83294
0.00427448,6.67211e-06,83303
-0.0223889,-3.49471e-05,83307
0.0202067,3.15409e-05,83309
-0.00200081,-3.12309e-06,83310
0.00427448,6.67212e-06,83315
-0.00495448,-7.73353e-06,83317
0.000648861,1.01282e-06,83318
0.000253083,3.95044e-07,83324
0.00210544,3.28642e-06,83351
-0.0109472,-1.70877e-05,83355
0.00998282,1.55824e-05,83357
-0.00101675,-1.58706e-06,83358
-0.00238903,-3.72908e-06,83367
0.0157155,2.45306e-05,83371
-0.0146912,-2.29317e-05,83373
0.00153757,2.40002e-06,83374
-0.00426523,-6.65767e-06,83379
0.005169,8.06837e-06,83381
-0.000740914,-1.1565e-06,83382
-0.000342402,-5.34459e-07,83388
-0.00824862,-1.28754e-05,83413
0.00143711,2.2432e-06,83414
0.000977606,1.52596e-06,83420
-0.00373768,-5.8342e-06,83427
0.00505411,7.88904e-06,83429
-0.000935739,-1.46061e-06,83430
-0.000835225,-1.30372e-06,83436
9.37888e-05,1.46396e-07,83444
0.00910292,1.42089e-05,83623
-0.0662112,-0.00010335,83627
0.0636543,9.93591e-05,83629
-0.00710322,-1.10875e-05,83630
0.0216352,3.37708e-05,83635
-0.0271416,-4.23658e-05,83637
0.00422518,6.59515e-06,83638
0.00214593,3.34961e-06,83644
0.0617808,9.64346e-05,83669
-0.011546,-1.80223e-05,83670
-0.00843898,-1.31725e-05,83676
0.0280325,4.37563e-05,83683
-0.0391653,-6.11336e-05,83685
0.00777173,1.2131e-05,83686
0.00742514,1.159e-05,83692
-0.000835225,-1.30371e-06,83700
0.00498606,7.78282e-06,83735
-0.0300728,-4.69411e-05,83739
0.0285667,4.45903e-05,83741
-0.00318642,-4.97373e-06,83742
-0.0062637,-9.77711e-06,83751
0.0471254,7.35588e-05,83755
-0.0458256,-7.15299e-05,83757
0.00526104,8.21204e-06,83758
-0.0167445,-2.61368e-05,83763
0.0213007,3.32486e-05,83765
-0.00343003,-5.35399e-06,83766
-0.00182532,-2.84916e-06,83772
-0.0635472,-9.91918e-05,83797
0.0122271,1.90854e-05,83798
0.00931923,1.45465e-05,83804
-0.0291837,-4.55533e-05,83811
0.0412978,6.44624e-05,83813
-0.00844715,-1.31853e-05,83814
-0.00843898,-1.31725e-05,83820
0.000977606,1.52596e-06,83828
0.00869368,1.35701e-05,83861
-0.00185082,-2.88898e-06,83862
-0.00182532,-2.84917e-06,83868
0.00481383,7.51397e-06,83875
-0.00707195,-1.10387e-05,83877
0.00162136,2.5308e-06,83878
0.00214593,3.34962e-06,83884
-0.000342402,-5.3446e-07,83892
-0.000141151,-2.20326e-07,83940
-0.000350172,-5.4659e-07,84143
0.000492935,7.6943e-07,84151
-0.00149275,-2.33006e-06,84155
0.00128551,2.00658e-06,84157
-0.000126957,-1.98167e-07,84158
-0.00319829,-4.99226e-06,84183
0.0131276,2.0491e-05,84187
-0.0115935,-1.80965e-05,84189
0.00113834,1.77685e-06,84190
0.00275309,4.29734e-06,84199
-0.0145888,-2.2772e-05,84203
0.0132392,2.06652e-05,84205
-0.0013314,-2.0782e-06,84206
0.00289511,4.51903e-06,84211
-0.0033936,-5.29713e-06,84213
0.000458684,7.15968e-07,84214
0.000185577,2.89671e-07,84220
-0.000261875,-4.08765e-07,84255
0.000463784,7.23929e-07,84271
-0.000677744,-1.0579e-06,84279
0.00216031,3.37206e-06,84283
-0.0018796,-2.9339e-06,84285
0.000187348,2.92433e-07,84286
0.00541186,8.44746e-06,84311
-0.0227859,-3.55668e-05,84315
0.0202067,3.15409e-05,84317
-0.00199183,-3.10907e-06,84318
-0.00474704,-7.40973e-06,84327
0.0256792,4.0083e-05,84331
-0.0233787,-3.64921e-05,84333
0.00235868,3.68169e-06,84334
-0.00515663,-8.04908e-06,84339
0.00605391,9.44966e-06,84341
-0.000818193,-1.27713e-06,84342
-0.000329255,-5.13941e-07,84348
-0.00251763,-3.92982e-06,84375
0.0134453,2.09869e-05,84379
-0.0123527,-1.92816e-05,84381
0.00127957,1.9973e-06,84382
0.00289508,4.51898e-06,84391
-0.0195188,-3.04673e-05,84395
0.0183843,2.86963e-05,84397
-0.00195944,-3.05852e-06,84398
0.00549682,8.58007e-06,84403
-0.00672329,-1.04945e-05,84405
0.000986544,1.53991e-06,84406
0.000465355,7.26378e-07,84412
0.0113185,1.76672e-05,84437
-0.00201774,-3.14952e-06,84438
-0.00140465,-2.19253e-06,84444
0.0051259,8.0011e-06,84451
-0.00699952,-1.09257e-05,84453
0.00132691,2.0712e-06,84454
0.00121423,1.89531e-06,84460
-0.000138078,-2.15528e-07,84468
-0.0140284,-2.18971e-05,84647
0.1039,0.00016218,84651
-0.100525,-0.000156911,84653
0.0114019,1.77974e-05,84654
-0.034921,-5.45088e-05,84659
0.0441158,6.8861e-05,84661
-0.00699119,-1.09127e-05,84662
-0.00360408,-5.62567e-06,84668
-0.1039,-0.00016218,84693
0.0197041,3.07565e-05,84694
0.0145888,2.27719e-05,84700
-0.0471254,-7.35588e-05,84707
0.0662112,0.00010335,84709
-0.0133286,-2.08049e-05,84710
-0.0129013,-2.01378e-05,84716
0.00145978,2.27858e-06,84724
-0.00778771,-1.2156e-05,84759
0.0479199,7.47989e-05,84763
-0.0458256,-7.15299e-05,84765
0.00519673,8.11166e-06,84766
0.00986918,1.5405e-05,84775
-0.0756174,-0.000118032,84779
0.0740109,0.000115525,84781
-0.0086387,-1.34843e-05,84782
0.0276415,4.31461e-05,84787
-0.0353973,-5.52523e-05,84789
0.00579623,9.04742e-06,84790
0.00312753,4.88181e-06,84796
0.10893,0.000170031,84821
-0.0212268,-3.31332e-05,84822
-0.0163531,-2.55258e-05,84828
0.0500248,7.80845e-05,84835
-0.0711232,-0.000111017,84837
0.0147264,2.29866e-05,84838
0.0148683,2.32081e-05,84844
-0.0017309,-2.70179e-06,84852
-0.015229,-2.37711e-05,84885
0.00327206,5.10741e-06,84886
0.00324812,5.07004e-06,84892
-0.00844705,-1.31851e-05,84899
0.0124482,1.94306e-05,84901
-0.0028768,-4.49045e-06,84902
-0.00382705,-5.9737e-06,84908
0.000611232,9.54081e-07,84916
0.000250583,3.91142e-07,84964
0.00393216,6.13777e-06,85159
-0.0317957,-4.96304e-05,85163
0.0317957,4.96304e-05,85165
-0.00393216,-6.13777e-06,85166
0.0125769,1.96315e-05,85171
-0.0164586,-2.56905e-05,85173
0.00285737,4.46012e-06,85174
0.00162136,2.5308e-06,85180
0.0509998,7.96064e-05,85205
-0.0104439,-1.63021e-05,85206
-0.00844715,-1.31853e-05,85212
0.0232875,3.63498e-05,85219
-0.0336343,-5.25004e-05,85221
0.00731601,1.14197e-05,85222
0.00777173,1.2131e-05,85228
-0.000935739,-1.46061e-06,85236
0.00270116,4.21628e-06,85271
-0.0183996,-2.87202e-05,85275
0.0182714,2.85201e-05,85277
-0.00228089,-3.56028e-06,85278
-0.00357897,-5.58647e-06,85287
0.0301459,4.70552e-05,85291
-0.0305852,-4.77409e-05,85293
0.00391891,6.11708e-06,85294
-0.0130858,-2.04258e-05,85299
0.0173558,2.7091e-05,85301
-0.00311124,-4.85638e-06,85302
-0.00185082,-2.88898e-06,85308
-0.0694669,-0.000108432,85333
0.0145574,2.27229e-05,85334
0.0122271,1.90854e-05,85340
-0.0321718,-5.02175e-05,85347
0.046881,7.31773e-05,85349
-0.0104439,-1.63021e-05,85350
-0.011546,-1.80223e-05,85356
0.00143711,2.2432e-06,85364
0.0134362,2.09727e-05,85397
-0.00311124,-4.85639e-06,85398
-0.00343003,-5.35399e-06,85404
0.00761711,1.18897e-05,85411
-0.011458,-1.7885e-05,85413
0.00285737,4.46012e-06,85414
0.00422518,6.59515e-06,85420
-0.000740914,-1.1565e-06,85428
-0.000362424,-5.65711e-07,85476
-0.00710322,-1.10875e-05,85676
0.00153757,2.40002e-06,85684
0.00114199,1.78254e-06,85732
0.00869368,1.35701e-05,85781
-0.00228089,-3.56028e-06,85782
-0.00318642,-4.97374e-06,85788
0.00524129,8.18122e-06,85795
-0.00811288,-1.26635e-05,85797
0.00233,3.63693e-06,85798
0.00439679,6.86302e-06,85804
-0.00101675,-1.58706e-06,85812
-0.0010026,-1.56498e-06,85860
0.000118393,1.84802e-07,85924
0.1791,0.00027956,87381
-0.0694669,-0.000108432,87382
-0.0635472,-9.91918e-05,87388
0.144026,0.000224813,87395
-0.213695,-0.000333559,87397
0.0509998,7.96064e-05,87398
0.0617808,9.64346e-05,87404
-0.00824862,-1.28754e-05,87412
0.0173558,2.7091e-05,87446
0.0213007,3.32486e-05,87452
-0.0398054,-6.21329e-05,87459
0.0609103,9.50758e-05,87461
-0.0164586,-2.56905e-05,87462
-0.0271416,-4.23658e-05,87468
0.005169,8.06837e-06,87476
0.00278068,4.34041e-06,87524
0.0636543,9.9359e-05,87724
-0.0146912,-2.29317e-05,87732
-0.0115935,-1.80965e-05,87780
0.0182714,2.85201e-05,87830
0.0285667,4.45903e-05,87836
-0.0391653,-6.11337e-05,87843
0.0617808,9.64347e-05,87845
-0.0194191,-3.03115e-05,87846
-0.0405893,-6.33566e-05,87852
0.00998282,1.55823e-05,87860
0.0103823,1.62059e-05,87908
-0.00121564,-1.89751e-06,87972
0.0662112,0.00010335,88237
-0.00910292,-1.42089e-05,88238
0.0293908,4.58766e-05,88243
-0.0398054,-6.21329e-05,88245
0.00761711,1.18897e-05,88246
0.00481383,7.51399e-06,88252
-0.0321718,-5.02175e-05,88278
-0.0291837,-4.55533e-05,88284
0.0660375,0.000103079,88291
-0.0977452,-0.000152572,88293
0.0232875,3.63498e-05,88294
0.0280325,4.37563e-05,88300
-0.00373768,-5.8342e-06,88308
0.00522065,8.14899e-06,88343
-0.039858,-6.22149e-05,88347
0.0412978,6.44625e-05,88349
-0.00576674,-9.0014e-06,88350
-0.00721687,-1.12649e-05,88359
0.0673891,0.000105189,88363
-0.0711232,-0.000111017,88365
0.0101356,1.58209e-05,88366
-0.0339491,-5.29917e-05,88371
0.0464878,7.25635e-05,88373
-0.00915009,-1.42825e-05,88374
-0.00607337,-9.48003e-06,88380
0.0487488,7.60928e-05,88406
0.0459582,7.17368e-05,88412
-0.0994551,-0.000155241,88419
0.148209,0.000231341,88421
-0.0361024,-5.63527e-05,88422
-0.0452187,-7.05826e-05,88428
0.00622808,9.7215e-06,88436
-0.0130858,-2.04258e-05,88470
-0.0167445,-2.61368e-05,88476
0.0293908,4.58766e-05,88483
-0.045219,-7.0583e-05,88485
0.0125769,1.96315e-05,88486
0.0216352,3.37708e-05,88492
-0.00426523,-6.65766e-06,88500
-0.00240812,-3.75888e-06,88548
0.0157155,2.45306e-05,88756
0.0129013,2.01378e-05,88804
-0.0183996,-2.87202e-05,88854
-0.0300728,-4.69411e-05,88860
0.0384695,6.00477e-05,88867
-0.0610955,-9.53649e-05,88869
0.0198784,3.10285e-05,88870
0.0432473,6.75054e-05,88876
-0.0109472,-1.70877e-05,88884
-0.0118602,-1.85128e-05,88932
0.00142413,2.22294e-06,88996
-0.00238903,-3.72907e-06,89268
-0.00252635,-3.94342e-06,89316
0.00270116,4.21628e-06,89366
0.00498606,7.78282e-06,89372
-0.00528816,-8.25437e-06,89379
0.00854912,1.33445e-05,89381
-0.00305411,-4.76721e-06,89382
-0.0074343,-1.16043e-05,89388
0.00210544,3.28642e-06,89396
0.0029934,4.67246e-06,89444
-0.00048574,-7.58197e-07,89508
-0.00019485,-3.04146e-07,89892
-0.00287057,-4.48073e-06,91542
-0.00720675,-1.12491e-05,91548
0.00998211,1.55812e-05,91555
-0.0156547,-2.44357e-05,91557
0.00489443,7.6398e-06,91558
0.00952833,1.48729e-05,91564
-0.00199994,-3.12174e-06,91572
-0.0011915,-1.85983e-06,91620
0.00735663,1.14831e-05,91828
0.00635036,9.91238e-06,91876
-0.0132643,-2.07045e-05,91932
0.0132331,2.06558e-05,91939
-0.0214861,-3.35381e-05,91941
0.00796768,1.24369e-05,91942
0.0193995,3.0281e-05,91948
-0.00517558,-8.07865e-06,91956
-0.00590396,-9.21559e-06,92004
0.00073187,1.14239e-06,92068
0.0102101,1.59372e-05,92341
-0.00216863,-3.38505e-06,92342
-0.00155832,-2.43241e-06,92348
0.0105104,1.64059e-05,92380
-0.0182168,-2.84349e-05,92387
0.0275817,4.30526e-05,92389
-0.00744492,-1.16209e-05,92390
-0.0105104,-1.64059e-05,92396
0.00155832,2.43241e-06,92404
-0.00114726,-1.79077e-06,92439
0.00941943,1.47029e-05,92443
-0.0100625,-1.57067e-05,92445
0.00156666,2.44543e-06,92446
0.00162407,2.53503e-06,92455
-0.0161604,-2.52249e-05,92459
0.0175463,2.73883e-05,92461
-0.00277661,-4.33406e-06,92462
0.00880423,1.37427e-05,92467
-0.0123486,-1.92751e-05,92469
0.00270555,4.22313e-06,92470
0.00205748,3.21155e-06,92476
-0.0171868,-2.68271e-05,92508
0.0282998,4.41736e-05,92515
-0.0431368,-6.7333e-05,92517
0.0119466,1.86476e-05,92518
0.0175719,2.74282e-05,92524
-0.00268166,-4.18585e-06,92532
0.00744492,1.16209e-05,92572
-0.00952833,-1.48729e-05,92579
0.0150528,2.34961e-05,92581
-0.00489443,-7.6398e-06,92582
-0.00998211,-1.55812e-05,92588
0.00216863,3.38505e-06,92596
0.0013587,2.12082e-06,92644
-0.00915921,-1.42968e-05,92900
0.0182168,2.84349e-05,92956
-0.0169974,-2.65316e-05,92963
0.0277947,4.33852e-05,92965
-0.0106773,-1.66664e-05,92966
-0.0268897,-4.19725e-05,92972
0.00735663,1.14831e-05,92980
0.00873372,1.36326e-05,93028
-0.00111735,-1.74409e-06,93092
0.00255928,3.99482e-06,93412
-0.00426527,-6.65773e-06,93468
0.00331534,5.17497e-06,93475
-0.00552266,-8.62041e-06,93477
0.00233209,3.64021e-06,93478
0.00650209,1.01492e-05,93484
-0.00199994,-3.12174e-06,93492
-0.00317297,-4.95274e-06,93540
0.000566597,8.84411e-07,93604
0.000275117,4.29434e-07,93988
-0.000852581,-1.33081e-06,96036
0.0023259,3.63053e-06,96484
-0.00286502,-4.47206e-06,96540
0.00179681,2.80466e-06,96547
-0.00304325,-4.75026e-06,96549
0.00142956,2.23142e-06,96550
0.00449396,7.0147e-06,96556
-0.00159753,-2.49361e-06,96564
-0.00322271,-5.03037e-06,96612
0.000756368,1.18063e-06,96676
0.000747912,1.16743e-06,97060
-8.88636e-05,-1.38708e-07,97572
0.00755372,1.17907e-05,112420
-0.0177929,-2.77732e-05,112868
0.0177929,2.77732e-05,112924
0.0131276,2.0491e-05,112933
-0.00783795,-1.22344e-05,112934
-0.0284996,-4.44855e-05,112940
0.0112531,1.75651e-05,112948
0.0254497,3.97248e-05,112996
-0.00641296,-1.00101e-05,113060
-0.00679563,-1.06074e-05,113444
0.00080667,1.25914e-06,113956
-0.0172631,-2.69463e-05,116508
-0.0300728,-4.69411e-05,116517
0.0152612,2.38215e-05,116518
0.0449248,7.01239e-05,116524
-0.0132643,-2.07045e-05,116532
-0.0172766,-2.69673e-05,116580
0.00237512,3.70736e-06,116644
0.0280325,4.37563e-05,116965
-0.0103186,-1.61065e-05,116966
-0.0186681,-2.91393e-05,116972
0.00315063,4.91786e-06,116980
-0.00843898,-1.31725e-05,117021
0.00172359,2.69038e-06,117022
0.00123676,1.93048e-06,117031
0.0148683,2.32081e-05,117037
-0.00307031,-4.7925e-06,117038
-0.0114355,-1.78498e-05,117045
0.00332051,5.18304e-06,117046
0.00321407,5.01689e-06,117052
-0.0452187,-7.05827e-05,117093
0.0171309,2.674e-05,117094
0.0321503,5.01839e-05,117100
-0.00554628,-8.65728e-06,117108
0.0185432,2.89444e-05,117157
-0.00835118,-1.30355e-05,117158
-0.0212022,-3.30948e-05,117164
0.00511867,7.98981e-06,117172
0.00362293,5.65509e-06,117220
0.0432473,6.75053e-05,117541
-0.0225389,-3.51813e-05,117542
-0.0679711,-0.000106097,117548
0.0205512,3.20786e-05,117556
0.0278701,4.35029e-05,117604
-0.00395511,-6.1736e-06,117668
-0.0110535,-1.72535e-05,118053
0.00623279,9.72886e-06,118054
0.0207239,3.23483e-05,118060
-0.00720675,-1.12491e-05,118068
-0.013443,-2.09834e-05,118116
0.00271858,4.24348e-06,118180
0.00155386,2.42544e-06,118564
-0.0118602,-1.85128e-05,121125
0.00734641,1.14671e-05,121126
0.0278701,4.35029e-05,121132
-0.0114473,-1.78683e-05,121140
-0.0270355,-4.22002e-05,121188
0.00703196,1.09763e-05,121252
0.00780674,1.21857e-05,121636
-0.000954589,-1.49003e-06,122148
0.00141419,2.20742e-06,125221
-0.000928407,-1.44916e-06,125222
-0.00390131,-6.08961e-06,125228
0.00177848,2.77605e-06,125236
0.00473481,7.39064e-06,125284
-0.00139211,-2.17296e-06,125348
-0.00206726,-3.22683e-06,125732
0.000347442,5.42327e-07,126244
0.000145917,2.27765e-07,129316
-0.000258196,-4.03024e-07,149807
0.000378636,5.91019e-07,149815
0.00109658,1.71166e-06,149821
-0.000131754,-2.05655e-07,149822
0.00268164,4.18581e-06,149863
0.0137991,2.15393e-05,149869
-0.00169316,-2.64287e-06,149870
-0.00368752,-5.75591e-06,149877
0.000619284,9.6665e-07,149878
-0.00165292,-2.58008e-06,149927
-0.0109933,-1.71597e-05,149933
0.0014355,2.2407e-06,149934
0.00415653,6.48799e-06,149941
-0.000761085,-1.18799e-06,149942
0.00449671,7.01898e-06,149989
-0.00108127,-1.68777e-06,149990
-0.00573456,-8.95117e-06,150311
-0.045266,-7.06564e-05,150317
0.00653948,1.02076e-05,150318
0.0224674,3.50697e-05,150325
-0.00462203,-7.2146e-06,150326
0.0467692,7.30028e-05,150373
-0.0123093,-1.92138e-05,150374
-0.0083586,-1.30471e-05,150437
0.00247472,3.86283e-06,150438
0.00213479,3.33222e-06,150823
0.0192679,3.00756e-05,150829
-0.00307623,-4.80173e-06,150830
-0.0113406,-1.77017e-05,150837
0.00256097,3.99746e-06,150838
-0.0315823,-4.92974e-05,150885
0.00895346,1.39756e-05,150886
0.0078685,1.22821e-05,150949
-0.00251709,-3.92896e-06,150950
-0.0597716,-9.32985e-05,153957
0.0323242,5.04554e-05,153958
-0.0116494,-1.81838e-05,154022
0.00287057,4.48072e-06,158118
! m= 1 ; q= ( 0 0 0  ) 
[ 
energy=  -5.14439 
energy=  -4.71102 
energy=  -4.47837 
energy=  -4.41761 
energy=  -4.32912 
energy=  -4.25746 
energy=  -4.15398 
energy=  -4.00313 
energy=  -3.87148 
energy=  -3.72844 
energy=  -3.53683 
energy=  -3.33779 
energy=  -3.13954 
energy=  -2.94316 
energy=  -2.72189 
energy=  -2.50032 
energy=  -2.26473 
energy=  -2.01819 
energy=  -1.77942 
energy=  -1.53407 
energy=  -1.27899 
energy=  -1.01611 
energy= -0.766855 
energy= -0.509487 
energy= -0.251319 
energy= 0.0106379 
energy=  0.258952 
energy=  0.506384 
energy=  0.757187 
energy=    1.0058 
energy=   1.23266 
energy=   1.46336 
energy=   1.68256 
energy=   1.89914 
energy=   2.11001 
energy=   2.29729 
energy=   2.48207 
energy=    2.6654 
energy=   2.81142 
energy=   2.97593 
energy=   3.08976 
energy=   3.19906 
energy=   3.30078 
energy=   3.36736 
energy=   3.41578 
energy=   3.57291 
energy=    3.7455 
] 
! m= 1 ; q= ( 0 0 1  ) 
[ 
energy=  -4.92569 
energy=  -4.53162 
energy=  -4.49736 
energy=  -4.38715 
energy=  -4.27559 
energy=   -4.1946 
energy=  -4.10334 
energy=  -4.01936 
energy=  -3.88677 
energy=   -3.7941 
energy=  -3.62688 
energy=   -3.4586 
energy=  -3.28838 
energy=   -3.1261 
energy=  -2.93223 
energy=  -2.74448 
energy=  -2.54647 
energy=  -2.34347 
energy=   -2.1278 
energy=  -1.90694 
energy=  -1.68967 
energy=  -1.46515 
energy=  -1.23541 
energy=  -1.00577 
energy= -0.774024 
energy= -0.534341 
energy= -0.309492 
energy= -0.0677116 
energy=  0.157713 
energy=  0.392343 
energy=  0.620129 
energy=  0.841597 
energy=   1.06555 
energy=   1.28721 
energy=   1.48495 
energy=   1.70572 
energy=   1.86849 
energy=   2.07024 
energy=   2.23481 
energy=   2.39822 
energy=   2.57161 
energy=   2.74122 
energy=   2.85117 
energy=    2.9535 
energy=   3.08435 
energy=    3.1703 
energy=   3.27737 
energy=   3.32133 
energy=   3.40184 
energy=   3.41558 
energy=   3.48755 
energy=   3.66677 
] 
! m= 1 ; q= ( 0 0 2  ) 
[ 
energy=  -4.98897 
energy=  -4.72729 
energy=  -4.59091 
energy=  -4.48972 
energy=  -4.38936 
energy=  -4.26092 
energy=  -4.18697 
energy=  -4.10108 
energy=  -3.99006 
energy=  -3.84691 
energy=  -3.71137 
energy=  -3.58294 
energy=  -3.40408 
energy=  -3.24345 
energy=  -3.06575 
energy=  -2.86022 
energy=  -2.66406 
energy=   -2.4778 
energy=  -2.26537 
energy=  -2.04098 
energy=  -1.83246 
energy=  -1.60908 
energy=  -1.38195 
energy=   -1.1573 
energy= -0.930541 
energy= -0.689588 
energy= -0.461084 
energy= -0.230052 
energy= 0.0042945 
energy=  0.232027 
energy=  0.455766 
energy=   0.68858 
energy=  0.910206 
energy=   1.11414 
energy=   1.33361 
energy=   1.53655 
energy=   1.75375 
energy=    1.9221 
energy=   2.09274 
energy=    2.2852 
energy=    2.4163 
energy=   2.58809 
energy=   2.74936 
energy=   2.84721 
energy=    2.9756 
energy=   3.06832 
energy=   3.18383 
energy=    3.2676 
energy=   3.33086 
energy=   3.40394 
energy=    3.4852 
energy=   3.49927 
energy=   3.59703 
] 
! m= 1 ; q= ( 0 0 3  ) 
[ 
energy=   -4.8227 
energy=  -4.65413 
energy=  -4.47407 
energy=  -4.38241 
energy=  -4.26314 
energy=  -4.21355 
energy=  -4.15338 
energy=  -4.06041 
energy=  -3.98253 
energy=  -3.85014 
energy=  -3.71644 
energy=  -3.60156 
energy=  -3.46189 
energy=    -3.318 
energy=  -3.16353 
energy=  -3.00192 
energy=  -2.82039 
energy=  -2.63645 
energy=  -2.45776 
energy=  -2.27926 
energy=  -2.08088 
energy=  -1.87571 
energy=  -1.67854 
energy=   -1.4687 
energy=  -1.26453 
energy=  -1.05571 
energy= -0.841945 
energy= -0.629704 
energy= -0.414015 
energy= -0.204612 
energy= 0.00973403 
energy=  0.223027 
energy=  0.431065 
energy=  0.639273 
energy=  0.840778 
energy=   1.03795 
energy=   1.24732 
energy=   1.42694 
energy=   1.62037 
energy=    1.8021 
energy=   1.96262 
energy=   2.12039 
energy=   2.30946 
energy=   2.43657 
energy=   2.58011 
energy=   2.71373 
energy=   2.83591 
energy=   2.96147 
energy=   3.06872 
energy=   3.14351 
energy=   3.25097 
energy=   3.32143 
energy=   3.40584 
energy=   3.43225 
energy=   3.45338 
energy=   3.53534 
energy=   3.53705 
] 
! m= 1 ; q= ( 0 0 4  ) 
[ 
energy=  -4.98897 
energy=  -4.72729 
energy=  -4.59091 
energy=  -4.48972 
energy=  -4.38936 
energy=  -4.24609 
energy=  -4.15725 
energy=  -4.06578 
energy=  -3.96361 
energy=  -3.82063 
energy=  -3.65649 
energy=  -3.52979 
energy=  -3.34813 
energy=  -3.18671 
energy=  -2.99519 
energy=  -2.80263 
energy=  -2.59202 
energy=  -2.38996 
energy=   -2.1776 
energy=  -1.95309 
energy=  -1.73266 
energy=  -1.50364 
energy=  -1.27493 
energy=  -1.04077 
energy=  -0.81162 
energy= -0.571795 
energy= -0.338767 
energy= -0.100176 
energy=  0.133545 
energy=   0.36569 
energy=  0.597087 
energy=  0.825881 
energy=   1.04297 
energy=   1.26825 
energy=   1.46806 
energy=   1.69458 
energy=   1.86073 
energy=   2.05143 
energy=   2.24777 
energy=   2.38774 
energy=   2.55446 
energy=   2.73241 
energy=   2.83995 
energy=   2.95994 
energy=   3.06062 
energy=    3.1695 
energy=   3.26652 
energy=   3.33082 
energy=   3.40439 
energy=   3.48252 
energy=   3.49927 
energy=   3.59703 
] 
! m= 1 ; q= ( 0 0 5  ) 
[ 
energy=  -4.92569 
energy=  -4.53162 
energy=  -4.49736 
energy=  -4.38715 
energy=  -4.27393 
energy=   -4.1963 
energy=  -4.10192 
energy=  -4.00775 
energy=   -3.8698 
energy=  -3.76509 
energy=  -3.62383 
energy=   -3.4375 
energy=  -3.27572 
energy=  -3.09153 
energy=  -2.89713 
energy=  -2.68621 
energy=  -2.48207 
energy=  -2.27827 
energy=  -2.05174 
energy=  -1.82506 
energy=  -1.60602 
energy=  -1.36941 
energy=  -1.13574 
energy=  -0.90441 
energy=  -0.66317 
energy= -0.420936 
energy= -0.183964 
energy= 0.0539087 
energy=  0.286548 
energy=  0.517113 
energy=   0.75513 
energy=  0.981411 
energy=   1.20115 
energy=   1.41187 
energy=   1.63068 
energy=   1.82009 
energy=   2.01902 
energy=   2.19964 
energy=   2.37959 
energy=   2.55204 
energy=   2.72341 
energy=   2.80423 
energy=   2.91987 
energy=   3.05693 
energy=   3.16967 
energy=   3.26652 
energy=   3.30382 
energy=   3.40212 
energy=   3.43492 
energy=   3.48755 
energy=   3.66677 
] 
q-vector: ( 0, 0, 0, 0)
Groundstate 
1.31518e-11,1.01289e-11,1023
-2.54068e-10,-1.94368e-10,1535
2.87827e-09,2.18748e-09,1791
-4.81909e-09,-3.66839e-09,1919
7.10624e-09,5.40721e-09,1983
-2.7221e-08,-2.071e-08,2015
2.63624e-08,2.00561e-08,2031
-5.56266e-09,-4.23347e-09,2039
3.05794e-09,2.32549e-09,2043
-1.67476e-09,-1.2742e-09,2045
1.10368e-10,8.28383e-11,2046
4.13799e-10,3.13467e-10,2559
-4.91571e-09,-3.74163e-09,2815
8.17074e-09,6.21534e-09,2943
-1.175e-08,-8.9383e-09,3007
4.44448e-08,3.38141e-08,3039
-4.30075e-08,-3.27196e-08,3055
9.08011e-09,6.9071e-09,3063
-5.01327e-09,-3.81453e-09,3067
2.74287e-09,2.08622e-09,3069
-1.81326e-10,-1.39303e-10,3070
5.72706e-09,4.35713e-09,3327
-1.06127e-08,-8.07454e-09,3455
1.74333e-08,1.32638e-08,3519
-7.08779e-08,-5.39239e-08,3551
6.85994e-08,5.21903e-08,3567
-1.42795e-08,-1.08645e-08,3575
7.94158e-09,6.03905e-09,3579
-4.37188e-09,-3.32838e-09,3581
2.85435e-10,2.13684e-10,3582
7.18113e-09,5.46454e-09,3711
-8.47489e-08,-6.44784e-08,3775
4.41643e-07,3.36e-07,3807
-4.34366e-07,-3.30463e-07,3823
9.13504e-08,6.94986e-08,3831
-5.05329e-08,-3.84472e-08,3835
2.76378e-08,2.10257e-08,3837
-1.84681e-09,-1.40914e-09,3838
7.3249e-08,5.57269e-08,3903
-4.74977e-07,-3.61361e-07,3935
4.77078e-07,3.62961e-07,3951
-1.04404e-07,-7.94308e-08,3959
6.0149e-08,4.57577e-08,3963
-3.32144e-08,-2.52709e-08,3965
2.2111e-09,1.67773e-09,3966
9.10945e-08,6.93031e-08,3999
-1.16932e-07,-8.89621e-08,4015
3.83459e-08,2.91728e-08,4023
-3.16239e-08,-2.40608e-08,4027
1.89805e-08,1.44408e-08,4029
-1.14731e-09,-8.7332e-10,4030
1.43266e-08,1.09001e-08,4047
-4.00154e-08,-3.04441e-08,4055
5.97905e-08,4.54875e-08,4059
-4.04137e-08,-3.07471e-08,4061
2.20955e-09,1.68012e-09,4062
2.44458e-08,1.85977e-08,4071
-4.97992e-08,-3.78876e-08,4075
3.51401e-08,2.67335e-08,4077
-1.84663e-09,-1.40596e-09,4078
5.95398e-09,4.52919e-09,4083
-5.19799e-09,-3.95479e-09,4085
2.85008e-10,2.15341e-10,4086
2.62002e-10,1.98403e-10,4089
-1.80792e-10,-1.40767e-10,4090
1.13404e-10,8.17431e-11,4092
-4.96248e-10,-3.77537e-10,4607
6.32681e-09,4.81233e-09,4863
-1.11648e-08,-8.49637e-09,4991
1.71389e-08,1.30386e-08,5055
-6.46993e-08,-4.92238e-08,5087
6.25137e-08,4.7559e-08,5103
-1.31658e-08,-1.00171e-08,5111
7.20572e-09,5.48182e-09,5115
-3.93309e-09,-2.99352e-09,5117
2.63702e-10,1.9742e-10,5118
-8.31828e-08,-6.32865e-08,5375
1.52818e-07,1.16262e-07,5503
-2.7336e-07,-2.07972e-07,5567
1.19514e-06,9.09263e-07,5599
-1.17522e-06,-8.94107e-07,5615
2.53704e-07,1.93017e-07,5623
-1.40794e-07,-1.07116e-07,5627
7.6843e-08,5.84616e-08,5629
-5.19894e-09,-3.9542e-09,5630
-1.26828e-07,-9.64916e-08,5759
1.55605e-06,1.18384e-06,5823
-8.20312e-06,-6.24091e-06,5855
8.11159e-06,6.17127e-06,5871
-1.7307e-06,-1.31671e-06,5879
9.39307e-07,7.14621e-07,5883
-5.07452e-07,-3.86068e-07,5885
3.51383e-08,2.6733e-08,5886
-1.32711e-06,-1.00966e-06,5951
8.59821e-06,6.5415e-06,5983
-8.66186e-06,-6.58992e-06,5999
1.91046e-06,1.45347e-06,6007
-1.07845e-06,-8.20485e-07,6011
5.89165e-07,4.48234e-07,6013
-4.04145e-08,-3.07486e-08,6014
-1.55193e-06,-1.18071e-06,6047
1.98297e-06,1.50864e-06,6063
-6.36102e-07,-4.83946e-07,6071
5.12167e-07,3.89654e-07,6075
-3.05899e-07,-2.32728e-07,6077
1.89815e-08,1.44404e-08,6078
-2.25687e-07,-1.71702e-07,6095
5.90467e-07,4.49225e-07,6103
-8.67114e-07,-6.59699e-07,6107
5.89165e-07,4.48234e-07,6109
-3.3215e-08,-2.5272e-08,6110
-3.54115e-07,-2.6941e-07,6119
7.13276e-07,5.42657e-07,6123
-5.07452e-07,-3.86068e-07,6125
2.76379e-08,2.10258e-08,6126
-8.74634e-08,-6.65422e-08,6131
7.68422e-08,5.84611e-08,6133
-4.37184e-09,-3.32831e-09,6134
-3.93215e-09,-2.9925e-09,6137
2.74321e-09,2.08797e-09,6138
-1.67257e-09,-1.27407e-09,6140
8.94319e-08,6.80388e-08,6399
-1.60498e-07,-1.22107e-07,6527
2.90391e-07,2.20929e-07,6591
-1.312e-06,-9.98164e-07,6623
1.29992e-06,9.88979e-07,6639
-2.8583e-07,-2.17459e-07,6647
1.60173e-07,1.21859e-07,6651
-8.74635e-08,-6.65409e-08,6653
5.95393e-09,4.52957e-09,6654
1.61067e-07,1.22539e-07,6783
-2.07708e-06,-1.58024e-06,6847
1.12121e-05,8.53011e-06,6879
-1.11488e-05,-8.48198e-06,6895
2.4199e-06,1.84105e-06,6903
-1.32146e-06,-1.00536e-06,6907
7.13274e-07,5.42658e-07,6909
-4.97987e-08,-3.78864e-08,6910
1.82335e-06,1.3872e-06,6975
-1.21087e-05,-9.21223e-06,7007
1.22827e-05,9.34461e-06,7023
-2.77288e-06,-2.1096e-06,7031
1.58529e-06,1.20609e-06,7035
-8.67114e-07,-6.59699e-07,7037
5.97895e-08,4.54867e-08,7038
2.33425e-06,1.77589e-06,7071
-3.02815e-06,-2.30381e-06,7087
1.02372e-06,7.78843e-07,7095
-8.52409e-07,-6.48511e-07,7099
5.12166e-07,3.89654e-07,7101
-3.16254e-08,-2.40609e-08,7102
3.71647e-07,2.82749e-07,7119
-1.04404e-06,-7.943e-07,7127
1.58529e-06,1.20609e-06,7131
-1.07845e-06,-8.20484e-07,7133
6.01454e-08,4.57588e-08,7134
6.35899e-07,4.83789e-07,7143
-1.32146e-06,-1.00536e-06,7147
9.39308e-07,7.14622e-07,7149
-5.05335e-08,-3.84471e-08,7150
1.60173e-07,1.21859e-07,7155
-1.40794e-07,-1.07116e-07,7157
7.94006e-09,6.04031e-09,7158
7.20551e-09,5.48217e-09,7161
-5.01223e-09,-3.81465e-09,7162
3.05889e-09,2.32603e-09,7164
-3.65497e-08,-2.78067e-08,7295
6.41273e-07,4.87877e-07,7359
-4.1485e-06,-3.15617e-06,7391
4.26487e-06,3.2447e-06,7407
-1.0393e-06,-7.90694e-07,7415
6.35899e-07,4.8379e-07,7419
-3.54114e-07,-2.69409e-07,7421
2.44454e-08,1.85974e-08,7422
-7.42477e-07,-5.64876e-07,7487
5.90834e-06,4.49505e-06,7519
-6.22814e-06,-4.73836e-06,7535
1.61071e-06,1.22542e-06,7543
-1.04404e-06,-7.943e-07,7547
5.90469e-07,4.49227e-07,7549
-4.00152e-08,-3.04439e-08,7550
-1.77696e-06,-1.3519e-06,7583
2.46776e-06,1.87746e-06,7599
-1.05002e-06,-7.98851e-07,7607
1.02372e-06,7.78842e-07,7611
-6.36103e-07,-4.83946e-07,7613
3.8346e-08,2.91724e-08,7614
-4.39041e-07,-3.34021e-07,7631
1.61071e-06,1.22542e-06,7639
-2.77288e-06,-2.1096e-06,7643
1.91046e-06,1.45347e-06,7645
-1.04405e-07,-7.94313e-08,7646
-1.0393e-06,-7.90694e-07,7655
2.4199e-06,1.84105e-06,7659
-1.7307e-06,-1.31671e-06,7661
9.13511e-08,6.94975e-08,7662
-2.8583e-07,-2.17459e-07,7667
2.53704e-07,1.93017e-07,7669
-1.42786e-08,-1.08648e-08,7670
-1.31664e-08,-1.00173e-08,7673
9.07985e-09,6.90781e-09,7674
-5.56363e-09,-4.23128e-09,7676
1.01167e-07,7.69651e-08,7743
-1.08287e-06,-8.23848e-07,7775
1.25559e-06,9.55249e-07,7791
-4.39041e-07,-3.34021e-07,7799
3.71649e-07,2.82748e-07,7803
-2.25686e-07,-1.71702e-07,7805
1.43276e-08,1.08993e-08,7806
2.65547e-06,2.02027e-06,7839
-4.09776e-06,-3.11757e-06,7855
2.46776e-06,1.87746e-06,7863
-3.02815e-06,-2.30381e-06,7867
1.98297e-06,1.50864e-06,7869
-1.16933e-07,-8.89625e-08,7870
1.25559e-06,9.55251e-07,7887
-6.22815e-06,-4.73835e-06,7895
1.22827e-05,9.34461e-06,7899
-8.66186e-06,-6.58992e-06,7901
4.77078e-07,3.62959e-07,7902
4.26487e-06,3.2447e-06,7911
-1.11488e-05,-8.48198e-06,7915
8.11159e-06,6.17127e-06,7917
-4.34366e-07,-3.30465e-07,7918
1.29992e-06,9.88977e-07,7923
-1.17522e-06,-8.94108e-07,7925
6.85977e-08,5.21896e-08,7926
6.25125e-08,4.7559e-08,7929
-4.30063e-08,-3.27192e-08,7930
2.63629e-08,2.00591e-08,7932
-1.6801e-06,-1.27822e-06,7967
2.65547e-06,2.02027e-06,7983
-1.77696e-06,-1.3519e-06,7991
2.33425e-06,1.77589e-06,7995
-1.55193e-06,-1.18071e-06,7997
9.10943e-08,6.93032e-08,7998
-1.08287e-06,-8.23845e-07,8015
5.90834e-06,4.49505e-06,8023
-1.21087e-05,-9.21223e-06,8027
8.59821e-06,6.5415e-06,8029
-4.74978e-07,-3.61362e-07,8030
-4.1485e-06,-3.15617e-06,8039
1.12121e-05,8.53011e-06,8043
-8.20312e-06,-6.24091e-06,8045
4.41643e-07,3.36002e-07,8046
-1.312e-06,-9.98165e-07,8051
1.19514e-06,9.09263e-07,8053
-7.08781e-08,-5.39237e-08,8054
-6.47001e-08,-4.92243e-08,8057
4.44455e-08,3.38153e-08,8058
-2.72205e-08,-2.07069e-08,8060
1.01165e-07,7.69683e-08,8079
-7.42477e-07,-5.64875e-07,8087
1.82335e-06,1.3872e-06,8091
-1.32711e-06,-1.00966e-06,8093
7.32482e-08,5.57282e-08,8094
6.41272e-07,4.87878e-07,8103
-2.07708e-06,-1.58024e-06,8107
1.55605e-06,1.18384e-06,8109
-8.47504e-08,-6.44763e-08,8110
2.9039e-07,2.20929e-07,8115
-2.7336e-07,-2.07972e-07,8117
1.74341e-08,1.32635e-08,8118
1.71371e-08,1.30382e-08,8121
-1.17496e-08,-8.93945e-09,8122
7.10612e-09,5.40737e-09,8124
-3.65496e-08,-2.78068e-08,8135
1.61064e-07,1.22539e-07,8139
-1.2683e-07,-9.64899e-08,8141
7.17975e-09,5.46424e-09,8142
-1.60499e-07,-1.22107e-07,8147
1.52815e-07,1.16262e-07,8149
-1.06136e-08,-8.07373e-09,8150
-1.11673e-08,-8.49595e-09,8153
8.16951e-09,6.21537e-09,8154
-4.8225e-09,-3.66752e-09,8156
8.94304e-08,6.80384e-08,8163
-8.31828e-08,-6.32858e-08,8165
5.72538e-09,4.35633e-09,8166
6.32537e-09,4.81195e-09,8169
-4.9178e-09,-3.74136e-09,8170
2.87513e-09,2.1882e-09,8172
-4.93821e-10,-3.76652e-10,8177
4.13017e-10,3.15289e-10,8178
-2.55771e-10,-1.93534e-10,8180
1.71936e-09,1.30815e-09,8703
-2.41434e-08,-1.8368e-08,8959
4.45229e-08,3.38716e-08,9087
-7.81058e-08,-5.9424e-08,9151
3.32048e-07,2.52622e-07,9183
-3.30358e-07,-2.51336e-07,9199
7.51473e-08,5.71726e-08,9207
-4.19709e-08,-3.19316e-08,9211
2.2715e-08,1.72822e-08,9213
-1.58972e-09,-1.20817e-09,9214
4.40439e-07,3.35084e-07,9471
-7.93745e-07,-6.03879e-07,9599
1.47338e-06,1.12094e-06,9663
-6.93329e-06,-5.27483e-06,9695
6.96154e-06,5.29632e-06,9711
-1.59721e-06,-1.21515e-06,9719
9.05186e-07,6.88662e-07,9723
-4.92022e-07,-3.7433e-07,9725
3.4251e-08,2.6059e-08,9726
7.71742e-07,5.87139e-07,9855
-1.04019e-05,-7.91372e-06,9919
5.81679e-05,4.4254e-05,9951
-5.85958e-05,-4.45795e-05,9967
1.33519e-05,1.01581e-05,9975
-7.43503e-06,-5.65655e-06,9979
4.00762e-06,3.04899e-06,9981
-2.85597e-07,-2.17281e-07,9982
9.35377e-06,7.11632e-06,10047
-6.45068e-05,-4.90766e-05,10079
6.6476e-05,5.05747e-05,10095
-1.59731e-05,-1.21523e-05,10103
9.48554e-06,7.21657e-06,10107
-5.21628e-06,-3.96853e-06,10109
3.6324e-07,2.76351e-07,10110
1.39659e-05,1.06252e-05,10143
-1.87006e-05,-1.42274e-05,10159
7.15095e-06,5.44042e-06,10167
-6.52591e-06,-4.9649e-06,10171
3.99822e-06,3.04183e-06,10173
-2.42778e-07,-1.84706e-07,10174
2.6721e-06,2.03292e-06,10191
-8.81549e-06,-6.7068e-06,10199
1.47473e-05,1.12197e-05,10203
-1.01554e-05,-7.72617e-06,10205
5.52912e-07,4.20653e-07,10206
5.56493e-06,4.23379e-06,10215
-1.26909e-05,-9.65524e-06,10219
9.09445e-06,6.91903e-06,10221
-4.77609e-07,-3.63363e-07,10222
1.53034e-06,1.16428e-06,10227
-1.35742e-06,-1.03272e-06,10229
7.55868e-08,5.75062e-08,10230
7.03645e-08,5.35329e-08,10233
-4.79172e-08,-3.64551e-08,10234
2.93885e-08,2.2358e-08,10236
-6.17114e-07,-4.69498e-07,10495
1.08315e-06,8.24059e-07,10623
-1.99615e-06,-1.51866e-06,10687
9.63999e-06,7.33408e-06,10719
-9.74051e-06,-7.41056e-06,10735
2.27117e-06,1.7279e-06,10743
-1.30319e-06,-9.91467e-07,10747
7.09947e-07,5.40125e-07,10749
-4.94218e-08,-3.7599e-08,10750
-1.23273e-06,-9.3786e-07,10879
1.72505e-05,1.31242e-05,10943
-9.79453e-05,-7.45165e-05,10975
9.89699e-05,7.5296e-05,10991
-2.27406e-05,-1.7301e-05,10999
1.26866e-05,9.65193e-06,11003
-6.83042e-06,-5.19656e-06,11005
4.88219e-07,3.71435e-07,11006
-1.58428e-05,-1.20532e-05,11071
0.000110854,8.43376e-05,11103
-0.000114623,-8.72047e-05,11119
2.77983e-05,2.11489e-05,11127
-1.65474e-05,-1.25892e-05,11131
9.09134e-06,6.91667e-06,11133
-6.33997e-07,-4.82345e-07,11134
-2.47633e-05,-1.88399e-05,11167
3.33128e-05,2.53443e-05,11183
-1.28544e-05,-9.77959e-06,11191
1.1703e-05,8.90363e-06,11195
-7.15349e-06,-5.44236e-06,11197
4.33642e-07,3.29912e-07,11198
-4.82849e-06,-3.6735e-06,11215
1.59302e-05,1.21196e-05,11223
-2.63908e-05,-2.00781e-05,11227
1.81085e-05,1.37769e-05,11229
-9.81405e-07,-7.4665e-07,11230
-1.00408e-05,-7.63898e-06,11239
2.26602e-05,1.72398e-05,11243
-1.61819e-05,-1.23111e-05,11245
8.44912e-07,6.42808e-07,11246
-2.72181e-06,-2.07075e-06,11251
2.40656e-06,1.83091e-06,11253
-1.3286e-07,-1.01079e-07,11254
-1.24149e-07,-9.44512e-08,11257
8.45406e-08,6.43191e-08,11258
-5.18614e-08,-3.94556e-08,11260
4.11918e-07,3.13386e-07,11391
-7.71066e-06,-5.86625e-06,11455
5.21227e-05,3.96548e-05,11487
-5.44774e-05,-4.14462e-05,11503
1.41249e-05,1.07462e-05,11511
-8.99033e-06,-6.83982e-06,11515
5.03604e-06,3.8314e-06,11517
-3.46209e-07,-2.63395e-07,11518
9.29973e-06,7.07521e-06,11583
-7.70641e-05,-5.86301e-05,11615
8.26488e-05,6.2879e-05,11631
-2.279e-05,-1.73386e-05,11639
1.53768e-05,1.16986e-05,11643
-8.75007e-06,-6.65703e-06,11645
5.88137e-07,4.47454e-07,11646
2.59061e-05,1.97093e-05,11679
-3.67753e-05,-2.79786e-05,11695
1.67917e-05,1.27751e-05,11703
-1.69625e-05,-1.2905e-05,11707
1.0582e-05,8.05077e-06,11709
-6.25806e-07,-4.76112e-07,11710
7.09318e-06,5.39647e-06,11727
-2.75511e-05,-2.09608e-05,11735
4.8397e-05,3.68203e-05,11739
-3.33125e-05,-2.53441e-05,11741
1.77287e-06,1.34879e-06,11742
1.79493e-05,1.36558e-05,11751
-4.25141e-05,-3.23446e-05,11755
3.03419e-05,2.30841e-05,11757
-1.55602e-06,-1.18382e-06,11758
5.00927e-06,3.81104e-06,11763
-4.43538e-06,-3.37443e-06,11765
2.41651e-07,1.83849e-07,11766
2.29059e-07,1.74269e-07,11769
-1.55135e-07,-1.18024e-07,11770
9.53966e-08,7.25795e-08,11772
-1.54053e-06,-1.17203e-06,11839
1.72118e-05,1.30947e-05,11871
-2.03839e-05,-1.5508e-05,11887
7.60238e-06,5.78387e-06,11895
-6.64401e-06,-5.05475e-06,11899
4.04815e-06,3.07982e-06,11901
-2.52018e-07,-1.91735e-07,11902
-4.68385e-05,-3.56346e-05,11935
7.34548e-05,5.58842e-05,11951
-4.60677e-05,-3.50482e-05,11959
5.71399e-05,4.34719e-05,11963
-3.73523e-05,-2.84175e-05,11965
2.15109e-06,1.63654e-06,11966
-2.35848e-05,-1.79433e-05,11983
0.000119188,9.06781e-05,11991
-0.000235009,-0.000178794,11995
0.000165077,0.00012559,11997
-8.83199e-06,-6.71935e-06,11998
-8.18068e-05,-6.22384e-05,12007
0.000213524,0.000162448,12011
-0.000154695,-0.000117691,12013
8.02967e-06,6.10895e-06,12014
-2.4838e-05,-1.88967e-05,12019
2.23523e-05,1.70056e-05,12021
-1.25784e-06,-9.56964e-07,12022
-1.18057e-06,-8.98175e-07,12025
7.96846e-07,6.06238e-07,12026
-4.90324e-07,-3.73035e-07,12028
3.02595e-05,2.30213e-05,12063
-4.85895e-05,-3.69668e-05,12079
3.36844e-05,2.5627e-05,12087
-4.45465e-05,-3.38909e-05,12091
2.95403e-05,2.24742e-05,12093
-1.69148e-06,-1.28687e-06,12094
2.06613e-05,1.5719e-05,12111
-0.00011413,-8.683e-05,12119
0.000233339,0.000177523,12123
-0.000165001,-0.000125532,12125
8.85138e-06,6.7341e-06,12126
8.02493e-05,6.10535e-05,12135
-0.000216168,-0.00016446,12139
0.000157468,0.000119801,12141
-8.21684e-06,-6.25135e-06,12142
2.52426e-05,1.92045e-05,12147
-2.28879e-05,-1.74131e-05,12149
1.30883e-06,9.95756e-07,12150
1.23072e-06,9.36325e-07,12153
-8.29108e-07,-6.30783e-07,12154
5.0965e-07,3.87742e-07,12156
-1.93053e-06,-1.46874e-06,12175
1.4353e-05,1.09198e-05,12183
-3.52153e-05,-2.67917e-05,12187
2.55411e-05,1.94316e-05,12189
-1.36905e-06,-1.04157e-06,12190
-1.24233e-05,-9.45165e-06,12199
4.01713e-05,3.05622e-05,12203
-2.9987e-05,-2.2814e-05,12205
1.58439e-06,1.2054e-06,12206
-5.62371e-06,-4.2785e-06,12211
5.27682e-06,4.01459e-06,12213
-3.26078e-07,-2.48079e-07,12214
-3.30251e-07,-2.51253e-07,12217
2.21641e-07,1.68625e-07,12218
-1.3443e-07,-1.02272e-07,12220
7.12926e-07,5.42392e-07,12231
-3.14356e-06,-2.39161e-06,12235
2.46964e-06,1.8789e-06,12237
-1.36069e-07,-1.0352e-07,12238
3.15263e-06,2.39851e-06,12243
-3.00502e-06,-2.28621e-06,12245
2.04995e-07,1.5596e-07,12246
2.23444e-07,1.69995e-07,12249
-1.60605e-07,-1.22187e-07,12250
9.47556e-08,7.209e-08,12252
-1.75902e-06,-1.33826e-06,12259
1.64039e-06,1.248e-06,12261
-1.11444e-07,-8.47859e-08,12262
-1.28529e-07,-9.77847e-08,12265
9.83112e-08,7.47948e-08,12266
-5.74573e-08,-4.37132e-08,12268
9.90594e-09,7.53636e-09,12273
-8.14511e-09,-6.19648e-09,12274
5.01756e-09,3.81884e-09,12276
2.25445e-07,1.71518e-07,12543
-3.78044e-07,-2.87615e-07,12671
6.59924e-07,5.02069e-07,12735
-3.49171e-06,-2.65648e-06,12767
3.63312e-06,2.76407e-06,12783
-9.30731e-07,-7.08098e-07,12791
5.84115e-07,4.44392e-07,12795
-3.25897e-07,-2.47942e-07,12797
2.25517e-08,1.71583e-08,12798
5.02325e-07,3.82169e-07,12927
-8.09548e-06,-6.15902e-06,12991
4.93409e-05,3.75384e-05,13023
-5.08648e-05,-3.86978e-05,13039
1.25748e-05,9.56687e-06,13047
-7.42541e-06,-5.64923e-06,13051
4.05133e-06,3.08224e-06,13053
-2.91332e-07,-2.21646e-07,13054
8.13244e-06,6.18714e-06,13119
-6.12076e-05,-4.65666e-05,13151
6.48225e-05,4.93168e-05,13167
-1.71772e-05,-1.30684e-05,13175
1.10138e-05,8.3793e-06,13179
-6.17096e-06,-4.69485e-06,13181
4.29437e-07,3.26714e-07,13182
1.69153e-05,1.28691e-05,13215
-2.36357e-05,-1.7982e-05,13231
1.03375e-05,7.86474e-06,13239
-1.02947e-05,-7.83218e-06,13243
6.43133e-06,4.89294e-06,13245
-3.89674e-07,-2.96463e-07,13246
4.01886e-06,3.05754e-06,13263
-1.4946e-05,-1.13709e-05,13271
2.65197e-05,2.01761e-05,13275
-1.84267e-05,-1.4019e-05,13277
1.00988e-06,7.68318e-07,13278
9.64283e-06,7.33624e-06,13287
-2.31888e-05,-1.7642e-05,13291
1.67262e-05,1.27253e-05,13293
-8.86401e-07,-6.74371e-07,13294
2.78477e-06,2.11864e-06,13299
-2.48926e-06,-1.89382e-06,13301
1.41354e-07,1.07542e-07,13302
1.30436e-07,9.92356e-08,13305
-8.91616e-08,-6.78329e-08,13306
5.46682e-08,4.15927e-08,13308
-1.31576e-06,-1.00102e-06,13439
2.67899e-05,2.03817e-05,13503
-0.0001948,-0.000148204,13535
0.000210266,0.00015997,13551
-6.24163e-05,-4.74862e-05,13559
4.65431e-05,3.54098e-05,13563
-2.75082e-05,-2.09282e-05,13565
1.85873e-06,1.41412e-06,13566
-3.48223e-05,-2.64927e-05,13631
0.00030829,0.000234546,13663
-0.000341444,-0.000259769,13679
0.000107396,8.17063e-05,13687
-8.38071e-05,-6.37602e-05,13691
5.00505e-05,3.80783e-05,13693
-3.32835e-06,-2.5322e-06,13694
-0.000127971,-9.73598e-05,13727
0.000188702,0.000143564,13743
-9.89671e-05,-7.52939e-05,13751
0.000113723,8.65201e-05,13755
-7.37617e-05,-5.61177e-05,13757
4.44703e-06,3.38329e-06,13758
-4.25597e-05,-3.23793e-05,13775
0.000188709,0.000143569,13783
-0.000371497,-0.000282634,13787
0.000263783,0.000200685,13789
-1.47234e-05,-1.12015e-05,13790
-0.000126663,-9.63645e-05,13799
0.000334787,0.000254705,13803
-0.000245868,-0.000187055,13805
1.33584e-05,1.0163e-05,13806
-4.04672e-05,-3.07873e-05,13811
3.68762e-05,2.80553e-05,13813
-2.19325e-06,-1.66862e-06,13814
-1.99504e-06,-1.51782e-06,13817
1.36482e-06,1.03836e-06,13818
-8.35596e-07,-6.35717e-07,13820
8.36366e-06,6.36305e-06,13887
-0.000100128,-7.61774e-05,13919
0.000123226,9.37497e-05,13935
-5.2323e-05,-3.98072e-05,13943
5.17636e-05,3.93816e-05,13947
-3.28028e-05,-2.49563e-05,13949
2.06981e-06,1.57471e-06,13950
0.00032803,0.000249564,13983
-0.000528377,-0.000401988,13999
0.000364315,0.00027717,14007
-0.000498609,-0.000379341,14011
0.000336551,0.000256047,14013
-2.01225e-05,-1.53092e-05,14014
0.00018604,0.000141539,14031
-0.00101079,-0.000769006,14039
0.0021697,0.0016507,14043
-0.00156587,-0.00119131,14045
8.85167e-05,6.73433e-05,14046
0.000705075,0.000536419,14055
-0.00199797,-0.00152005,14059
0.00148514,0.00112989,14061
-8.20463e-05,-6.24206e-05,14062
0.000238677,0.000181585,14067
-0.00022021,-0.000167535,14069
1.3475e-05,1.02517e-05,14070
1.20916e-05,9.19926e-06,14073
-8.27261e-06,-6.29378e-06,14074
5.06298e-06,3.8519e-06,14076
-0.000219437,-0.000166947,14111
0.000361262,0.000274847,14127
-0.000272896,-0.000207619,14135
0.000395868,0.000301175,14139
-0.000270644,-0.000205906,14141
1.61468e-05,1.22845e-05,14142
-0.000166433,-0.000126622,14159
0.000976843,0.00074318,14167
-0.00216263,-0.00164532,14171
0.00156966,0.00119419,14173
-8.90513e-05,-6.775e-05,14174
-0.000696439,-0.000529849,14183
0.0020266,0.00154183,14187
-0.00151349,-0.00115146,14189
8.40897e-05,6.39752e-05,14190
-0.000243227,-0.000185047,14195
0.000225922,0.000171881,14197
-1.40356e-05,-1.06783e-05,14198
-1.26189e-05,-9.60041e-06,14201
8.63164e-06,6.56693e-06,14202
-5.27488e-06,-4.01311e-06,14204
1.55284e-05,1.1814e-05,14223
-0.000122432,-9.31461e-05,14231
0.000324887,0.000247173,14235
-0.00024172,-0.0001839,14237
1.37843e-05,1.04871e-05,14238
0.000107522,8.18024e-05,14247
-0.00037476,-0.000285116,14251
0.000286693,0.000218115,14253
-1.62168e-05,-1.23377e-05,14254
5.41446e-05,4.11931e-05,14259
-5.20446e-05,-3.95954e-05,14261
3.5059e-06,2.66728e-06,14262
3.39406e-06,2.58219e-06,14265
-2.33957e-06,-1.77993e-06,14266
1.4083e-06,1.07143e-06,14268
-6.27585e-06,-4.77465e-06,14279
2.96548e-05,2.25613e-05,14283
-2.38337e-05,-1.81326e-05,14285
1.41413e-06,1.07587e-06,14286
-2.99575e-05,-2.27916e-05,14291
2.92494e-05,2.22529e-05,14293
-2.17553e-06,-1.65514e-06,14294
-2.26871e-06,-1.72603e-06,14297
1.70923e-06,1.30038e-06,14298
-1.00376e-06,-7.63656e-07,14300
1.66137e-05,1.26397e-05,14307
-1.58632e-05,-1.20687e-05,14309
1.17635e-06,8.94962e-07,14310
1.30018e-06,9.89171e-07,14313
-1.05413e-06,-8.01982e-07,14314
6.15144e-07,4.68e-07,14316
-1.02947e-07,-7.83217e-08,14321
9.20681e-08,7.0046e-08,14322
-5.74581e-08,-4.37123e-08,14324
8.90085e-07,6.77175e-07,14463
-1.80888e-05,-1.37619e-05,14527
0.00013561,0.000103171,14559
-0.000148798,-0.000113205,14575
4.73376e-05,3.60143e-05,14583
-3.85131e-05,-2.93006e-05,14587
2.34311e-05,1.78264e-05,14589
-1.56644e-06,-1.19175e-06,14590
2.4143e-05,1.83679e-05,14655
-0.000219534,-0.000167021,14687
0.000246799,0.000187764,14703
-8.25475e-05,-6.28019e-05,14711
6.9308e-05,5.27293e-05,14715
-4.24067e-05,-3.22629e-05,14717
2.80375e-06,2.13309e-06,14718
9.97237e-05,7.58695e-05,14751
-0.000149275,-0.000113568,14767
8.27322e-05,6.29424e-05,14775
-0.000100184,-7.62197e-05,14779
6.60091e-05,5.02196e-05,14781
-4.01465e-06,-3.05434e-06,14782
3.59233e-05,2.73303e-05,14799
-0.000167765,-0.000127635,14807
0.000344967,0.00026245,14811
-0.000247856,-0.000188568,14813
1.4096e-05,1.07242e-05,14814
0.000113996,8.67281e-05,14823
-0.000313994,-0.000238886,14827
0.000233105,0.000177345,14829
-1.2949e-05,-9.85159e-06,14830
3.83649e-05,2.91879e-05,14835
-3.53448e-05,-2.68903e-05,14837
2.17212e-06,1.65254e-06,14838
1.94863e-06,1.48251e-06,14841
-1.33837e-06,-1.01823e-06,14842
8.17579e-07,6.22013e-07,14844
-7.53184e-06,-5.73021e-06,14911
9.29756e-05,7.07356e-05,14943
-0.000116338,-8.85093e-05,14959
5.21512e-05,3.96765e-05,14967
-5.44265e-05,-4.14076e-05,14971
3.50756e-05,2.66854e-05,14973
-2.22713e-06,-1.6944e-06,14974
-0.000332973,-0.000253325,15007
0.000541885,0.000412265,15023
-0.000389125,-0.000296045,15031
0.000556928,0.000423709,15035
-0.00038134,-0.000290122,15037
2.31677e-05,1.76259e-05,15038
-0.000199512,-0.000151788,15055
0.00112201,0.000853625,15063
-0.00250361,-0.00190474,15067
0.00182869,0.00139126,15069
-0.000105799,-8.04918e-05,15070
-0.000789227,-0.000600442,15079
0.00232096,0.00176578,15083
-0.00174489,-0.0013275,15085
9.89559e-05,7.52854e-05,15086
-0.000280705,-0.000213559,15091
0.000261904,0.000199256,15093
-1.66045e-05,-1.26327e-05,15094
-1.46552e-05,-1.11497e-05,15097
1.00767e-05,7.6663e-06,15098
-6.14998e-06,-4.67888e-06,15100
0.000228543,0.000173875,15135
-0.000379905,-0.000289031,15151
0.000298533,0.000227123,15159
-0.00045328,-0.000344854,15163
0.000314494,0.000239266,15165
-1.91092e-05,-1.45382e-05,15166
0.000182708,0.000139004,15183
-0.00110791,-0.000842893,15191
0.00255367,0.00194282,15195
-0.00187722,-0.00142818,15197
0.000109225,8.30982e-05,15198
0.000796552,0.000606015,15207
-0.00241001,-0.00183353,15211
0.00182185,0.00138606,15213
-0.000104147,-7.92349e-05,15214
0.000293765,0.000223496,15219
-0.000276238,-0.000210161,15221
1.78428e-05,1.35748e-05,15222
1.57732e-05,1.20002e-05,15225
-1.08534e-05,-8.25727e-06,15226
6.61005e-06,5.02891e-06,15228
-1.74205e-05,-1.32535e-05,15247
0.000142961,0.000108764,15255
-0.000399477,-0.000303921,15259
0.000301964,0.000229733,15261
-1.78071e-05,-1.35476e-05,15262
-0.000127259,-9.68184e-05,15271
0.000466697,0.000355062,15275
-0.000362684,-0.000275929,15277
2.13122e-05,1.62142e-05,15278
-6.98379e-05,-5.31325e-05,15283
6.83545e-05,5.20039e-05,15285
-4.86556e-06,-3.7017e-06,15286
-4.64668e-06,-3.53518e-06,15289
3.24502e-06,2.4688e-06,15290
-1.94074e-06,-1.4765e-06,15292
7.74462e-06,5.89209e-06,15303
-3.88513e-05,-2.95579e-05,15307
3.18368e-05,2.42214e-05,15309
-1.99056e-06,-1.51441e-06,15310
4.07875e-05,3.1031e-05,15315
-4.10891e-05,-3.12605e-05,15317
3.31545e-06,2.52239e-06,15318
3.49979e-06,2.66263e-06,15321
-2.69935e-06,-2.05365e-06,15322
1.57103e-06,1.19523e-06,15324
-2.26066e-05,-1.71991e-05,15331
2.2382e-05,1.70282e-05,15333
-1.82041e-06,-1.38496e-06,15334
-2.08796e-06,-1.58852e-06,15337
1.73499e-06,1.31997e-06,15338
-1.00376e-06,-7.63656e-07,15340
1.59605e-07,1.21428e-07,15345
-1.51067e-07,-1.1493e-07,15346
9.47561e-08,7.20904e-08,15348
6.31407e-07,4.80372e-07,15423
-8.92203e-06,-6.78786e-06,15455
1.17574e-05,8.94496e-06,15471
-6.2381e-06,-4.74593e-06,15479
7.73878e-06,5.88764e-06,15483
-5.25948e-06,-4.0014e-06,15485
3.42388e-07,2.60488e-07,15486
4.61695e-05,3.51256e-05,15519
-7.74409e-05,-5.89168e-05,15535
6.45284e-05,4.90931e-05,15543
-0.00010863,-8.26457e-05,15547
7.81069e-05,5.94235e-05,15549
-4.99666e-06,-3.80144e-06,15550
3.63394e-05,2.76469e-05,15567
-0.000234353,-0.000178295,15575
0.000598318,0.000455199,15579
-0.000454615,-0.00034587,15581
2.82801e-05,2.15155e-05,15582
0.000170931,0.000130044,15591
-0.00057105,-0.000434453,15595
0.000445651,0.00033905,15597
-2.74445e-05,-2.08797e-05,15598
7.26648e-05,5.52832e-05,15603
-7.05798e-05,-5.36969e-05,15605
5.04044e-06,3.83475e-06,15606
4.28313e-06,3.25859e-06,15609
-3.00062e-06,-2.28286e-06,15610
1.80832e-06,1.37576e-06,15612
-4.02704e-05,-3.06376e-05,15647
6.88136e-05,5.23532e-05,15663
-6.31688e-05,-4.80587e-05,15671
0.000114181,8.68686e-05,15675
-8.34491e-05,-6.34879e-05,15677
5.38442e-06,4.09645e-06,15678
-4.24838e-05,-3.23216e-05,15695
0.000295727,0.000224989,15703
-0.00078832,-0.000599752,15707
0.000604774,0.00046011,15709
-3.81048e-05,-2.899e-05,15710
-0.000221055,-0.000168178,15719
0.000768626,0.000584769,15723
-0.000605303,-0.000460513,15725
3.78683e-05,2.88101e-05,15726
-0.000100227,-7.62526e-05,15731
9.8547e-05,7.49743e-05,15733
-7.2538e-06,-5.51867e-06,15734
-6.18307e-06,-4.70406e-06,15737
4.35039e-06,3.30976e-06,15738
-2.61044e-06,-1.98601e-06,15740
5.41668e-06,4.121e-06,15759
-5.25759e-05,-3.99996e-05,15767
0.000178542,0.000135834,15771
-0.000142526,-0.000108434,15773
9.36235e-06,7.12285e-06,15774
4.99639e-05,3.80124e-05,15783
-0.00022149,-0.000168509,15787
0.000181673,0.000138216,15789
-1.20562e-05,-9.17236e-06,15790
3.89299e-05,2.96177e-05,15795
-4.06333e-05,-3.09137e-05,15797
3.44898e-06,2.62397e-06,15798
3.24521e-06,2.46895e-06,15801
-2.37781e-06,-1.80903e-06,15802
1.39006e-06,1.05755e-06,15804
-3.99888e-06,-3.04234e-06,15815
2.49956e-05,1.90166e-05,15819
-2.19015e-05,-1.66626e-05,15821
1.61476e-06,1.22851e-06,15822
-3.19327e-05,-2.42943e-05,15827
3.5792e-05,2.72305e-05,15829
-3.66147e-06,-2.78564e-06,15830
-4.1063e-06,-3.12406e-06,15833
3.40867e-06,2.59331e-06,15834
-1.94074e-06,-1.47651e-06,15836
1.79235e-05,1.36361e-05,15843
-2.01513e-05,-1.5331e-05,15845
2.14347e-06,1.63075e-06,15846
2.77435e-06,2.11072e-06,15849
-2.4787e-06,-1.88579e-06,15850
1.4083e-06,1.07143e-06,15852
-1.89914e-07,-1.44486e-07,15857
2.10564e-07,1.60196e-07,15858
-1.34428e-07,-1.02272e-07,15860
1.95455e-06,1.48702e-06,15903
-4.75231e-06,-3.61555e-06,15919
5.13891e-06,3.90967e-06,15927
-1.10932e-05,-8.43967e-06,15931
8.49578e-06,6.46357e-06,15933
-5.77206e-07,-4.39136e-07,15934
4.0561e-06,3.08587e-06,15951
-3.35235e-05,-2.55046e-05,15959
0.000103938,7.90761e-05,15963
-8.28594e-05,-6.30392e-05,15965
5.57016e-06,4.23776e-06,15966
2.68067e-05,2.03945e-05,15975
-0.000108373,-8.24501e-05,15979
8.87508e-05,6.75214e-05,15981
-6.00504e-06,-4.56862e-06,15982
1.63892e-05,1.24689e-05,15987
-1.70061e-05,-1.29382e-05,15989
1.44137e-06,1.09659e-06,15990
1.24757e-06,9.49147e-07,15993
-9.12133e-07,-6.93949e-07,15994
5.3547e-07,4.07383e-07,15996
-3.93745e-06,-2.9956e-06,16015
4.38885e-05,3.33902e-05,16023
-0.000177839,-0.000135299,16027
0.000148808,0.000113213,16029
-1.07286e-05,-8.16229e-06,16030
-4.53704e-05,-3.45177e-05,16039
0.000240286,0.000182809,16043
-0.000206931,-0.000157433,16045
1.52816e-05,1.16262e-05,16046
-5.38852e-05,-4.09957e-05,16051
6.01163e-05,4.57363e-05,16053
-6.00711e-06,-4.57019e-06,16054
-5.82765e-06,-4.43366e-06,16057
4.55911e-06,3.46856e-06,16058
-2.61044e-06,-1.98602e-06,16060
5.49842e-06,4.18318e-06,16071
-4.27765e-05,-3.25443e-05,16075
4.00627e-05,3.04796e-05,16077
-3.44092e-06,-2.61784e-06,16078
7.35934e-05,5.59896e-05,16083
-9.03676e-05,-6.87514e-05,16085
1.10798e-05,8.42951e-06,16086
1.31332e-05,9.99167e-06,16089
-1.17333e-05,-8.92663e-06,16090
6.61006e-06,5.02891e-06,16092
-4.30394e-05,-3.27443e-05,16099
5.38288e-05,4.09528e-05,16101
-6.96135e-06,-5.29617e-06,16102
-9.75441e-06,-7.42112e-06,16105
9.34028e-06,7.10606e-06,16106
-5.27488e-06,-4.01311e-06,16108
6.27108e-07,4.77102e-07,16113
-7.84049e-07,-5.96501e-07,16114
5.0965e-07,3.8774e-07,16116
2.2548e-06,1.71545e-06,16143
-2.49382e-05,-1.89729e-05,16151
0.000103192,7.85085e-05,16155
-8.70988e-05,-6.62645e-05,16157
6.40992e-06,4.87665e-06,16158
2.60001e-05,1.97808e-05,16167
-0.000141651,-0.000107768,16171
0.000123238,9.37591e-05,16173
-9.32491e-06,-7.09437e-06,16174
3.41942e-05,2.60148e-05,16179
-3.8804e-05,-2.9522e-05,16181
4.03329e-06,3.06852e-06,16182
3.97222e-06,3.02206e-06,16185
-3.1711e-06,-2.41256e-06,16186
1.80832e-06,1.37576e-06,16188
-3.88469e-06,-2.95546e-06,16199
3.22569e-05,2.4541e-05,16203
-3.08113e-05,-2.34412e-05,16205
2.75903e-06,2.09906e-06,16206
-6.22514e-05,-4.73607e-05,16211
7.81222e-05,5.94351e-05,16213
-9.9656e-06,-7.5818e-06,16214
-1.2018e-05,-9.14327e-06,16217
1.0931e-05,8.31629e-06,16218
-6.14998e-06,-4.67888e-06,16220
3.72584e-05,2.83461e-05,16227
-4.77792e-05,-3.63503e-05,16229
6.44022e-06,4.89971e-06,16230
9.21587e-06,7.0114e-06,16233
-8.96779e-06,-6.82267e-06,16234
5.06298e-06,3.8519e-06,16236
-5.81257e-07,-4.42219e-07,16241
7.49714e-07,5.7038e-07,16242
-4.90323e-07,-3.73036e-07,16244
2.66454e-07,2.02717e-07,16263
-2.51036e-06,-1.90987e-06,16267
2.46393e-06,1.87455e-06,16269
-2.32659e-07,-1.77005e-07,16270
6.52483e-06,4.96407e-06,16275
-8.44581e-06,-6.42555e-06,16277
1.14126e-06,8.6827e-07,16278
1.5228e-06,1.15854e-06,16281
-1.45127e-06,-1.10412e-06,16282
8.17582e-07,6.22013e-07,16284
-4.69621e-06,-3.57287e-06,16291
6.25644e-06,4.75989e-06,16293
-9.00992e-07,-6.85473e-07,16294
-1.44298e-06,-1.09782e-06,16297
1.47382e-06,1.12128e-06,16298
-8.35593e-07,-6.35718e-07,16300
1.01695e-07,7.73705e-08,16305
-1.42531e-07,-1.08437e-07,16306
9.53984e-08,7.2579e-08,16308
-2.96721e-07,-2.25745e-07,16325
4.48214e-08,3.40964e-08,16326
8.2291e-08,6.26059e-08,16329
-9.43856e-08,-7.18095e-08,16330
5.46684e-08,4.15911e-08,16332
-6.03579e-08,-4.59209e-08,16337
7.87106e-08,5.98834e-08,16338
-5.18617e-08,-3.9455e-08,16340
3.65462e-08,2.78032e-08,16353
-4.57909e-08,-3.48361e-08,16354
2.9389e-08,2.23602e-08,16356
-1.59113e-09,-1.21068e-09,16895
2.27151e-08,1.72825e-08,17151
-4.19701e-08,-3.19304e-08,17279
7.5148e-08,5.71727e-08,17343
-3.30358e-07,-2.51336e-07,17375
3.32048e-07,2.52622e-07,17391
-7.81079e-08,-5.94245e-08,17399
4.45219e-08,3.38719e-08,17403
-2.41438e-08,-1.83694e-08,17405
1.72225e-09,1.30937e-09,17406
-4.17077e-07,-3.17312e-07,17663
7.47398e-07,5.68617e-07,17791
-1.39112e-06,-1.05836e-06,17855
6.7046e-06,5.10084e-06,17887
-6.78983e-06,-5.16568e-06,17903
1.6073e-06,1.22283e-06,17911
-9.31984e-07,-7.09051e-07,17915
5.08523e-07,3.86883e-07,17917
-3.59639e-08,-2.73604e-08,17918
-7.45101e-07,-5.6687e-07,18047
1.03858e-05,7.90148e-06,18111
-5.93635e-05,-4.51636e-05,18143
6.02877e-05,4.58667e-05,18159
-1.42093e-05,-1.08104e-05,18167
8.10812e-06,6.16863e-06,18171
-4.39022e-06,-3.34007e-06,18173
3.18018e-07,2.41947e-07,18174
-9.54189e-06,-7.25945e-06,18239
6.73807e-05,5.12631e-05,18271
-7.01367e-05,-5.33598e-05,18287
1.75897e-05,1.33822e-05,18295
-1.08495e-05,-8.25428e-06,18299
6.0265e-06,4.58495e-06,18301
-4.24278e-07,-3.22791e-07,18302
-1.57421e-05,-1.19765e-05,18335
2.14788e-05,1.6341e-05,18351
-8.85324e-06,-6.73552e-06,18359
8.65319e-06,6.58332e-06,18363
-5.40245e-06,-4.11017e-06,18365
3.30789e-07,2.51663e-07,18366
-3.35001e-06,-2.54868e-06,18383
1.20754e-05,9.1869e-06,18391
-2.163e-05,-1.64561e-05,18395
1.51203e-05,1.15035e-05,18397
-8.37801e-07,-6.37397e-07,18398
-7.77414e-06,-5.91454e-06,18407
1.89379e-05,1.44079e-05,18411
-1.37498e-05,-1.04608e-05,18413
7.37677e-07,5.61223e-07,18414
-2.30078e-06,-1.75043e-06,18419
2.0679e-06,1.57326e-06,18421
-1.19178e-07,-9.06704e-08,18422
-1.09224e-07,-8.30966e-08,18425
7.46926e-08,5.68258e-08,18426
-4.57909e-08,-3.48383e-08,18428
6.06121e-07,4.61136e-07,18687
-1.05749e-06,-8.04534e-07,18815
1.94723e-06,1.48145e-06,18879
-9.62263e-06,-7.32087e-06,18911
9.80575e-06,7.46019e-06,18927
-2.35939e-06,-1.79502e-06,18935
1.38704e-06,1.05526e-06,18939
-7.59094e-07,-5.77515e-07,18941
5.36199e-08,4.07942e-08,18942
1.22424e-06,9.31395e-07,19071
-1.76459e-05,-1.3425e-05,19135
0.000102112,7.76863e-05,19167
-0.000103938,-7.90757e-05,19183
2.4628e-05,1.87369e-05,19191
-1.40404e-05,-1.06819e-05,19195
7.58754e-06,5.77258e-06,19197
-5.51222e-07,-4.19368e-07,19198
1.64977e-05,1.25514e-05,19263
-0.00011777,-8.95994e-05,19295
0.000122856,9.34682e-05,19311
-3.09534e-05,-2.35493e-05,19319
1.90516e-05,1.44944e-05,19323
-1.05589e-05,-8.03317e-06,19325
7.44756e-07,5.66608e-07,19326
2.80242e-05,2.13207e-05,19359
-3.83053e-05,-2.91426e-05,19375
1.57734e-05,1.20004e-05,19383
-1.52739e-05,-1.16204e-05,19387
9.50048e-06,7.22794e-06,19389
-5.81198e-07,-4.42175e-07,19390
5.97409e-06,4.54507e-06,19407
-2.1312e-05,-1.62141e-05,19415
3.76707e-05,2.86597e-05,19419
-2.62382e-05,-1.99619e-05,19421
1.44838e-06,1.10192e-06,19422
1.36741e-05,1.04032e-05,19431
-3.28778e-05,-2.50133e-05,19435
2.37929e-05,1.81015e-05,19437
-1.27043e-06,-9.66535e-07,19438
3.98385e-06,3.03091e-06,19443
-3.56977e-06,-2.71587e-06,19445
2.0422e-07,1.5537e-07,19446
1.87725e-07,1.42821e-07,19449
-1.28385e-07,-9.76742e-08,19450
7.87113e-08,5.98836e-08,19452
-4.55001e-07,-3.46163e-07,19583
8.70516e-06,6.62286e-06,19647
-5.97787e-05,-4.54795e-05,19679
6.29722e-05,4.79091e-05,19695
-1.69189e-05,-1.28719e-05,19703
1.11633e-05,8.49302e-06,19707
-6.32111e-06,-4.80909e-06,19709
4.38307e-07,3.33464e-07,19710
-1.06453e-05,-8.09893e-06,19775
8.95188e-05,6.81056e-05,19807
-9.68124e-05,-7.36546e-05,19823
2.77162e-05,2.10864e-05,19831
-1.94296e-05,-1.4782e-05,19835
1.11861e-05,8.51034e-06,19837
-7.57984e-07,-5.76671e-07,19838
-3.14841e-05,-2.3953e-05,19871
4.51904e-05,3.43807e-05,19887
-2.16087e-05,-1.64398e-05,19895
2.28728e-05,1.74016e-05,19899
-1.447e-05,-1.10088e-05,19901
8.66271e-07,6.59056e-07,19902
-9.12563e-06,-6.94275e-06,19919
3.72005e-05,2.8302e-05,19927
-6.84958e-05,-5.21114e-05,19931
4.77476e-05,3.63262e-05,19933
-2.59375e-06,-1.97332e-06,19934
-2.45011e-05,-1.86404e-05,19943
6.0779e-05,4.62405e-05,19947
-4.38927e-05,-3.33935e-05,19949
2.30577e-06,1.75422e-06,19950
-7.24397e-06,-5.51119e-06,19955
6.48843e-06,4.93638e-06,19957
-3.66029e-07,-2.78474e-07,19958
-3.4072e-07,-2.59219e-07,19961
2.32012e-07,1.76515e-07,19962
-1.42532e-07,-1.08437e-07,19964
1.86108e-06,1.4159e-06,20031
-2.11318e-05,-1.6077e-05,20063
2.53093e-05,1.92552e-05,20079
-9.86948e-06,-7.50867e-06,20087
9.02631e-06,6.86719e-06,20091
-5.57742e-06,-4.24329e-06,20093
3.50724e-07,2.66828e-07,20094
6.03077e-05,4.5882e-05,20127
-9.54974e-05,-7.26541e-05,20143
6.23976e-05,4.74719e-05,20151
-8.08711e-05,-6.15265e-05,20155
5.35783e-05,4.07622e-05,20157
-3.13651e-06,-2.38625e-06,20158
3.18616e-05,2.42402e-05,20175
-0.000166767,-0.000126876,20183
0.000342205,0.000260349,20187
-0.000243192,-0.00018502,20189
1.33055e-05,1.01228e-05,20190
0.000115358,8.77641e-05,20199
-0.000312972,-0.000238108,20203
0.000229255,0.000174417,20205
-1.22023e-05,-9.28349e-06,20206
3.68543e-05,2.80386e-05,20211
-3.35141e-05,-2.54974e-05,20213
1.94971e-06,1.48333e-06,20214
1.79675e-06,1.36697e-06,20217
-1.22011e-06,-9.28256e-07,20218
7.49714e-07,5.70381e-07,20220
-3.94177e-05,-2.99889e-05,20255
6.38894e-05,4.86069e-05,20271
-4.60967e-05,-3.50703e-05,20279
6.36774e-05,4.84456e-05,20283
-4.27906e-05,-3.2555e-05,20285
2.4934e-06,1.89697e-06,20286
-2.81979e-05,-2.14529e-05,20303
0.000160832,0.00012236,20311
-0.000341838,-0.000260069,20315
0.000244519,0.000186029,20317
-1.34193e-05,-1.02094e-05,20318
-0.00011391,-8.66626e-05,20327
0.000318597,0.000242387,20331
-0.000234628,-0.000178505,20333
1.25575e-05,9.55369e-06,20334
-3.76884e-05,-2.86733e-05,20339
3.45256e-05,2.6267e-05,20341
-2.04044e-06,-1.55236e-06,20342
-1.88434e-06,-1.4336e-06,20345
1.2775e-06,9.7192e-07,20346
-7.8405e-07,-5.965e-07,20348
2.66873e-06,2.03036e-06,20367
-2.04525e-05,-1.55602e-05,20375
5.21786e-05,3.96973e-05,20379
-3.82766e-05,-2.91207e-05,20381
2.10262e-06,1.59967e-06,20382
1.78427e-05,1.35747e-05,20391
-5.98955e-05,-4.55684e-05,20395
4.51979e-05,3.43865e-05,20397
-2.45272e-06,-1.86602e-06,20398
8.52397e-06,6.48502e-06,20403
-8.08066e-06,-6.14775e-06,20405
5.1584e-07,3.92451e-07,20406
5.14128e-07,3.91148e-07,20409
-3.4791e-07,-2.64688e-07,20410
2.10563e-07,1.60197e-07,20412
-1.03974e-06,-7.9103e-07,20423
4.75678e-06,3.61894e-06,20427
-3.77634e-06,-2.87303e-06,20429
2.14105e-07,1.62892e-07,20430
-4.81039e-06,-3.65973e-06,20435
4.64181e-06,3.53147e-06,20437
-3.27474e-07,-2.49141e-07,20438
-3.53589e-07,-2.69008e-07,20441
2.56565e-07,1.95193e-07,20442
-1.51068e-07,-1.14931e-07,20444
2.67806e-06,2.03746e-06,20451
-2.53019e-06,-1.92496e-06,20453
1.78015e-07,1.35434e-07,20454
2.04301e-07,1.55432e-07,20457
-1.57792e-07,-1.20048e-07,20458
9.20681e-08,7.00451e-08,20460
-1.57146e-08,-1.19559e-08,20465
1.31923e-08,1.00376e-08,20466
-8.14466e-09,-6.19629e-09,20468
4.9508e-07,3.76656e-07,20863
-8.57412e-07,-6.52318e-07,20927
4.63133e-06,3.5235e-06,20959
-4.85882e-06,-3.69657e-06,20975
1.28519e-06,9.7777e-07,20983
-8.32239e-07,-6.33165e-07,20987
4.68359e-07,3.56326e-07,20989
-3.26827e-08,-2.48639e-08,20990
-6.6398e-07,-5.05153e-07,21119
1.09548e-05,8.33439e-06,21183
-6.76527e-05,-5.147e-05,21215
7.01474e-05,5.3368e-05,21231
-1.77956e-05,-1.35389e-05,21239
1.07432e-05,8.17337e-06,21243
-5.89388e-06,-4.48405e-06,21245
4.28466e-07,3.25977e-07,21246
-1.11484e-05,-8.4817e-06,21311
8.50018e-05,6.46692e-05,21343
-9.06216e-05,-6.89446e-05,21359
2.47399e-05,1.8822e-05,21367
-1.63286e-05,-1.24227e-05,21371
9.22618e-06,7.01926e-06,21373
-6.47327e-07,-4.92483e-07,21374
-2.443e-05,-1.85863e-05,21407
3.44719e-05,2.62261e-05,21423
-1.5711e-05,-1.19529e-05,21431
1.63094e-05,1.24081e-05,21435
-1.0312e-05,-7.84536e-06,21437
6.30431e-07,4.7963e-07,21438
-6.11082e-06,-4.6491e-06,21455
2.37761e-05,1.80888e-05,21463
-4.39686e-05,-3.34512e-05,21467
3.08634e-05,2.34808e-05,21469
-1.71556e-06,-1.3052e-06,21470
-1.54958e-05,-1.17892e-05,21479
3.87918e-05,2.95127e-05,21483
-2.82399e-05,-2.14849e-05,21485
1.52129e-06,1.15739e-06,21486
-4.6961e-06,-3.57278e-06,21491
4.23491e-06,3.22191e-06,21493
-2.46197e-07,-1.87305e-07,21494
-2.24582e-07,-1.70859e-07,21497
1.53987e-07,1.17153e-07,21498
-9.43856e-08,-7.18084e-08,21500
1.8969e-06,1.44316e-06,21631
-3.9027e-05,-2.96916e-05,21695
0.000286903,0.000218275,21727
-0.000311927,-0.000237313,21743
9.57906e-05,7.28773e-05,21751
-7.4178e-05,-5.64344e-05,21755
4.43484e-05,3.37402e-05,21757
-3.01053e-06,-2.2904e-06,21758
5.11601e-05,3.89224e-05,21823
-0.000457418,-0.000348003,21855
0.000510331,0.000388258,21871
-0.000166043,-0.000126325,21879
0.000134449,0.000102289,21883
-8.1199e-05,-6.1776e-05,21885
5.42797e-06,4.12959e-06,21886
0.0001961,0.000149192,21919
-0.000291588,-0.000221839,21935
0.000158589,0.000120654,21943
-0.000189094,-0.000143862,21947
0.000123917,9.42754e-05,21949
-7.53511e-06,-5.73269e-06,21950
6.80738e-05,5.17903e-05,21967
-0.000312651,-0.000237864,21975
0.000635907,0.000483796,21979
-0.000455142,-0.000346271,21981
2.56961e-05,1.95495e-05,21982
0.00021146,0.000160878,21991
-0.000576482,-0.000438586,21995
0.00042642,0.000324419,21997
-2.34633e-05,-1.78508e-05,21998
7.01988e-05,5.3407e-05,22003
-6.43833e-05,-4.89826e-05,22005
3.89252e-06,2.96142e-06,22006
3.51176e-06,2.67174e-06,22009
-2.40761e-06,-1.8317e-06,22010
1.47382e-06,1.12128e-06,22012
-1.27514e-05,-9.70124e-06,22079
0.000154196,0.000117312,22111
-0.000191428,-0.000145638,22127
8.41749e-05,6.404e-05,22135
-8.62456e-05,-6.56154e-05,22139
5.51987e-05,4.1995e-05,22141
-3.50484e-06,-2.66647e-06,22142
-0.000521444,-0.000396713,22175
0.000845556,0.000643297,22191
-0.00060121,-0.000457399,22199
0.000849002,0.000645918,22203
-0.000577852,-0.000439628,22205
3.48308e-05,2.64992e-05,22206
-0.000305967,-0.000232779,22223
0.00170517,0.00129729,22231
-0.00375621,-0.00285772,22235
0.00272825,0.00207564,22237
-0.000155669,-0.000118433,22238
-0.00119582,-0.000909773,22247
0.00347214,0.0026416,22251
-0.00259597,-0.00197501,22253
0.000144864,0.000110212,22254
-0.000417564,-0.000317682,22259
0.000387171,0.000294559,22261
-2.39763e-05,-1.82411e-05,22262
-2.13847e-05,-1.62694e-05,22265
1.46526e-05,1.11476e-05,22266
-8.96779e-06,-6.82267e-06,22268
0.000351448,0.000267381,22303
-0.000582162,-0.000442907,22319
0.000452886,0.000344554,22327
-0.000677032,-0.000515084,22331
0.000466523,0.000354929,22333
-2.80547e-05,-2.1344e-05,22334
0.000275227,0.000209392,22351
-0.00165297,-0.00125758,22359
0.00375028,0.0028532,22363
-0.00273847,-0.00208342,22365
0.000156735,0.000119244,22366
0.00118424,0.00090097,22375
-0.00352624,-0.00268275,22379
0.00264795,0.00201455,22381
-0.000148505,-0.000112982,22382
0.000426011,0.000324108,22387
-0.000397496,-0.000302414,22389
2.49557e-05,1.89863e-05,22390
2.23151e-05,1.69773e-05,22393
-1.52824e-05,-1.16268e-05,22394
9.34027e-06,7.10606e-06,22396
-2.59005e-05,-1.9705e-05,22415
0.000208275,0.000158455,22423
-0.000564941,-0.000429806,22427
0.000422452,0.0003214,22429
-2.42646e-05,-1.84604e-05,22430
-0.000183736,-0.000139786,22439
0.00065336,0.000497075,22443
-0.000502063,-0.000381968,22445
2.85985e-05,2.17577e-05,22446
-9.49098e-05,-7.22071e-05,22451
9.14974e-05,6.9611e-05,22453
-6.19137e-06,-4.71037e-06,22454
-5.97494e-06,-4.54572e-06,22457
4.11494e-06,3.13064e-06,22458
-2.4787e-06,-1.88579e-06,22460
1.07899e-05,8.20896e-06,22471
-5.18343e-05,-3.94354e-05,22475
4.17848e-05,3.17898e-05,22477
-2.48727e-06,-1.89231e-06,22478
5.22787e-05,3.97735e-05,22483
-5.11195e-05,-3.88916e-05,22485
3.79154e-06,2.88459e-06,22486
3.942e-06,2.99906e-06,22489
-2.95021e-06,-2.24451e-06,22490
1.73499e-06,1.31998e-06,22492
-2.89505e-05,-2.20255e-05,22499
2.76745e-05,2.10547e-05,22501
-2.04291e-06,-1.55424e-06,22502
-2.2451e-06,-1.70807e-06,22505
1.80401e-06,1.37248e-06,22506
-1.05413e-06,-8.01982e-07,22508
1.78537e-07,1.35831e-07,22513
-1.57793e-07,-1.20047e-07,22514
9.83127e-08,7.47964e-08,22516
-1.31576e-06,-1.00102e-06,22655
2.69645e-05,2.05145e-05,22719
-0.000204545,-0.000155617,22751
0.000226241,0.000172123,22767
-7.46484e-05,-5.67923e-05,22775
6.31453e-05,4.80408e-05,22779
-3.88454e-05,-2.95535e-05,22781
2.60498e-06,1.98186e-06,22782
-3.63012e-05,-2.76178e-05,22847
0.000333479,0.00025371,22879
-0.000377841,-0.000287461,22895
0.00013092,9.96034e-05,22903
-0.00011408,-8.67919e-05,22907
7.05448e-05,5.36703e-05,22909
-4.68204e-06,-3.56208e-06,22910
-0.000156434,-0.000119015,22943
0.000236078,0.000179607,22959
-0.000135506,-0.000103093,22967
0.000169767,0.000129158,22971
-0.000112856,-8.58607e-05,22973
6.90873e-06,5.25614e-06,22974
-5.87272e-05,-4.46795e-05,22991
0.000283221,0.000215474,22999
-0.000598983,-0.000455705,23003
0.000433117,0.000329514,23005
-2.48241e-05,-1.88861e-05,23006
-0.000193753,-0.000147407,23015
0.000547855,0.000416806,23019
-0.00040901,-0.000311174,23021
2.29121e-05,1.74315e-05,23022
-6.73384e-05,-5.12309e-05,23027
6.23355e-05,4.74247e-05,23029
-3.87042e-06,-2.94461e-06,23030
-3.45547e-06,-2.62891e-06,23033
2.37513e-06,1.80699e-06,23034
-1.45127e-06,-1.10412e-06,23036
1.17601e-05,8.94708e-06,23103
-0.000146519,-0.000111471,23135
0.000184905,0.000140675,23151
-8.57149e-05,-6.52116e-05,23159
9.23649e-05,7.0271e-05,23163
-6.00295e-05,-4.56703e-05,23165
3.82796e-06,2.9123e-06,23166
0.000540513,0.000411221,23199
-0.0008851,-0.000673381,23215
0.000654094,0.000497633,23223
-0.00096218,-0.000732024,23227
0.000663203,0.000504563,23229
-4.04874e-05,-3.08027e-05,23230
0.000334328,0.000254356,23247
-0.00192371,-0.00146355,23255
0.0043851,0.00333617,23259
-0.00321791,-0.00244818,23261
0.000187074,0.000142325,23262
0.00135945,0.00103427,23271
-0.00407754,-0.00310218,23275
0.00307809,0.0023418,23277
-0.000175445,-0.000133478,23278
0.000495592,0.000377045,23283
-0.000463889,-0.000352925,23285
2.95687e-05,2.24958e-05,23286
2.60386e-05,1.98101e-05,23289
-1.79013e-05,-1.36193e-05,23290
1.0931e-05,8.31629e-06,23292
-0.000373696,-0.000284307,23327
0.000624666,0.000475244,23343
-0.00050443,-0.000383769,23351
0.000786007,0.000597992,23355
-0.000548659,-0.000417418,23357
3.34816e-05,2.54727e-05,23358
-0.000307747,-0.000234133,23375
0.00190495,0.00144928,23383
-0.00447861,-0.00340732,23387
0.00330617,0.00251532,23389
-0.00019314,-0.00014694,23390
-0.00137537,-0.00104638,23399
0.0042377,0.00322403,23403
-0.00321538,-0.00244626,23405
0.000184554,0.000140408,23406
-0.00051894,-0.000394808,23411
0.000489291,0.000372251,23413
-3.17181e-05,-2.41311e-05,23414
-2.79971e-05,-2.13001e-05,23417
1.92529e-05,1.46475e-05,23418
-1.17333e-05,-8.92663e-06,23420
2.96065e-05,2.25246e-05,23439
-0.000247076,-0.000187975,23447
0.000701782,0.000533914,23451
-0.00053204,-0.000404775,23453
3.14173e-05,2.39022e-05,23454
0.00022074,0.000167939,23463
-0.00082123,-0.00062479,23467
0.000639714,0.000486692,23469
-3.76132e-05,-2.8616e-05,23470
0.000123183,9.37176e-05,23475
-0.00012065,-9.179e-05,23477
8.55832e-06,6.51115e-06,23478
8.17969e-06,6.22309e-06,23481
-5.69164e-06,-4.33018e-06,23482
3.40867e-06,2.59331e-06,23484
-1.34942e-05,-1.02664e-05,23495
6.83835e-05,5.2026e-05,23499
-5.60758e-05,-4.26623e-05,23501
3.4915e-06,2.65632e-06,23502
-7.15204e-05,-5.44126e-05,23507
7.1954e-05,5.47424e-05,23509
-5.74185e-06,-4.36838e-06,23510
-6.06124e-06,-4.61137e-06,23513
4.62983e-06,3.52236e-06,23514
-2.69935e-06,-2.05365e-06,23516
3.95949e-05,3.01237e-05,23523
-3.913e-05,-2.977e-05,23525
3.14148e-06,2.39003e-06,23526
3.59245e-06,2.73313e-06,23529
-2.95021e-06,-2.24451e-06,23530
1.70923e-06,1.30038e-06,23532
-2.75522e-07,-2.09616e-07,23537
2.56565e-07,1.95195e-07,23538
-1.60603e-07,-1.22186e-07,23540
-1.01272e-06,-7.70471e-07,23615
1.44482e-05,1.09921e-05,23647
-1.92166e-05,-1.46199e-05,23663
1.05383e-05,8.01748e-06,23671
-1.3406e-05,-1.01992e-05,23675
9.15441e-06,6.96465e-06,23677
-5.95155e-07,-4.52792e-07,23678
-7.71388e-05,-5.8687e-05,23711
0.000130089,9.89717e-05,23727
-0.000111139,-8.45542e-05,23735
0.000190356,0.000144822,23739
-0.000137185,-0.00010437,23741
8.74695e-06,6.65466e-06,23742
-6.25063e-05,-4.75546e-05,23759
0.000409675,0.000311679,23767
-0.00105586,-0.000803294,23771
0.000802603,0.000610618,23773
-4.96534e-05,-3.77762e-05,23774
-0.000299629,-0.000227957,23783
0.00100881,0.000767498,23787
-0.000787275,-0.000598957,23789
4.81796e-05,3.66549e-05,23790
-0.000128388,-9.76771e-05,23795
0.000124576,9.47771e-05,23797
-8.81672e-06,-6.70774e-06,23798
-7.52976e-06,-5.72862e-06,23801
5.25269e-06,3.99623e-06,23802
-3.1711e-06,-2.41256e-06,23804
6.7902e-05,5.16596e-05,23839
-0.000116546,-8.86681e-05,23855
0.000109395,8.32271e-05,23863
-0.000200556,-0.000152583,23867
0.000146772,0.000111664,23869
-9.42477e-06,-7.17034e-06,23870
7.34796e-05,5.5903e-05,23887
-0.00051837,-0.000394375,23895
0.00139146,0.00105862,23899
-0.00106718,-0.000811908,23901
6.67701e-05,5.07985e-05,23902
0.000388324,0.000295436,23911
-0.0013575,-0.00103279,23915
0.00106832,0.000812778,23917
-6.63094e-05,-5.0448e-05,23918
0.000176859,0.000134554,23923
-0.000173585,-0.000132063,23925
1.26351e-05,9.61275e-06,23926
1.08325e-05,8.24137e-06,23929
-7.58296e-06,-5.7691e-06,23930
4.55911e-06,3.46856e-06,23932
-9.45598e-06,-7.19408e-06,23951
9.24359e-05,7.0325e-05,23959
-0.000314083,-0.000238953,23963
0.000250182,0.000190338,23965
-1.62469e-05,-1.23606e-05,23966
-8.79035e-05,-6.68768e-05,23975
0.000389278,0.000296161,23979
-0.000318475,-0.000242295,23981
2.08661e-05,1.58748e-05,23982
-6.80317e-05,-5.17583e-05,23987
7.07191e-05,5.38029e-05,23989
-5.89975e-06,-4.48851e-06,23990
-5.58979e-06,-4.25269e-06,23993
4.05802e-06,3.08733e-06,23994
-2.37781e-06,-1.80903e-06,23996
7.0213e-06,5.34179e-06,24007
-4.36429e-05,-3.32034e-05,24011
3.80826e-05,2.89732e-05,24013
-2.76017e-06,-2.09993e-06,24014
5.52089e-05,4.20028e-05,24019
-6.15158e-05,-4.6801e-05,24021
6.16323e-06,4.68897e-06,24022
6.94995e-06,5.2875e-06,24025
-5.69164e-06,-4.33018e-06,24026
3.24502e-06,2.4688e-06,24028
-3.09511e-05,-2.35475e-05,24035
3.457e-05,2.63008e-05,24037
-3.59738e-06,-2.73687e-06,24038
-4.67324e-06,-3.55539e-06,24041
4.11494e-06,3.13063e-06,24042
-2.33957e-06,-1.77993e-06,24044
3.19637e-07,2.4318e-07,24049
-3.47909e-07,-2.64688e-07,24050
2.21641e-07,1.68624e-07,24052
5.79813e-06,4.4112e-06,24111
-9.0016e-06,-6.84839e-06,24119
1.94903e-05,1.48282e-05,24123
-1.48951e-05,-1.13322e-05,24125
1.0007e-06,7.61331e-07,24126
-7.10392e-06,-5.40464e-06,24143
5.90178e-05,4.49006e-05,24151
-0.000182439,-0.000138799,24155
0.000144982,0.000110302,24157
-9.61458e-06,-7.31475e-06,24158
-4.71903e-05,-3.59022e-05,24167
0.000189966,0.000144526,24171
-0.000155031,-0.000117947,24173
1.03344e-05,7.86242e-06,24174
-2.85395e-05,-2.17128e-05,24179
2.94751e-05,2.24245e-05,24181
-2.45117e-06,-1.86485e-06,24182
-2.13905e-06,-1.62738e-06,24185
1.54972e-06,1.17902e-06,24186
-9.12133e-07,-6.93949e-07,24188
6.88791e-06,5.2403e-06,24207
-7.6853e-05,-5.84696e-05,24215
0.00030878,0.000234919,24219
-0.000257179,-0.000195661,24221
1.82228e-05,1.38638e-05,24222
7.93095e-05,6.03384e-05,24231
-0.000416078,-0.000316551,24235
0.000356583,0.000271287,24237
-2.5853e-05,-1.96689e-05,24238
9.23036e-05,7.02244e-05,24243
-0.000102394,-7.79012e-05,24245
1.00252e-05,7.62713e-06,24246
9.80852e-06,7.4623e-06,24249
-7.58296e-06,-5.7691e-06,24250
4.35039e-06,3.30976e-06,24252
-9.5274e-06,-7.24842e-06,24263
7.32271e-05,5.5711e-05,24267
-6.81968e-05,-5.1884e-05,24269
5.74145e-06,4.36808e-06,24270
-0.00012449,-9.47118e-05,24275
0.000151999,0.000115641,24277
-1.82828e-05,-1.39095e-05,24278
-2.18412e-05,-1.66168e-05,24281
1.92529e-05,1.46475e-05,24282
-1.08534e-05,-8.25727e-06,24284
7.26923e-05,5.53041e-05,24291
-9.0382e-05,-6.87624e-05,24293
1.14664e-05,8.72364e-06,24294
1.61815e-05,1.23109e-05,24297
-1.52824e-05,-1.16268e-05,24298
8.63164e-06,6.56693e-06,24300
-1.03762e-06,-7.89423e-07,24305
1.2775e-06,9.71921e-07,24306
-8.29108e-07,-6.30783e-07,24308
-3.93745e-06,-2.9956e-06,24335
4.35876e-05,3.31613e-05,24343
-0.000178691,-0.000135948,24347
0.000150088,0.000114186,24349
-1.08501e-05,-8.25474e-06,24350
-4.53453e-05,-3.44986e-05,24359
0.00024451,0.000186023,24363
-0.000211646,-0.00016102,24365
1.57159e-05,1.19566e-05,24366
-5.83325e-05,-4.43792e-05,24371
6.58202e-05,5.00758e-05,24373
-6.7051e-06,-5.10122e-06,24374
-6.65958e-06,-5.06659e-06,24377
5.25269e-06,3.99623e-06,24378
-3.00062e-06,-2.28286e-06,24380
6.70228e-06,5.09908e-06,24391
-5.49635e-05,-4.18161e-05,24395
5.2208e-05,3.97197e-05,24397
-4.58425e-06,-3.48768e-06,24398
0.000104872,7.97865e-05,24403
-0.000130926,-9.9608e-05,24405
1.64026e-05,1.2479e-05,24406
1.99414e-05,1.51713e-05,24409
-1.79013e-05,-1.36193e-05,24410
1.00767e-05,7.6663e-06,24412
-6.26693e-05,-4.76786e-05,24419
7.99438e-05,6.0821e-05,24421
-1.05844e-05,-8.05259e-06,24422
-1.5261e-05,-1.16105e-05,24425
1.46526e-05,1.11476e-05,24426
-8.27261e-06,-6.29378e-06,24428
9.59706e-07,7.30142e-07,24433
-1.22011e-06,-9.28256e-07,24434
7.96846e-07,6.06239e-07,24436
-4.59121e-07,-3.49298e-07,24455
4.27223e-06,3.2503e-06,24459
-4.16971e-06,-3.1723e-06,24461
3.86155e-07,2.93785e-07,24462
-1.09716e-05,-8.34713e-06,24467
1.41339e-05,1.0753e-05,24469
-1.87722e-06,-1.42819e-06,24470
-2.52484e-06,-1.92089e-06,24473
2.37513e-06,1.80699e-06,24474
-1.33837e-06,-1.01823e-06,24476
7.87983e-06,5.99495e-06,24483
-1.04498e-05,-7.95014e-06,24485
1.47978e-06,1.12581e-06,24486
2.38825e-06,1.81697e-06,24489
-2.40761e-06,-1.83171e-06,24490
1.36482e-06,1.03836e-06,24492
-1.67663e-07,-1.27557e-07,24497
2.32013e-07,1.76516e-07,24498
-1.55133e-07,-1.18024e-07,24500
-7.35315e-08,-5.59439e-08,24518
-1.35903e-07,-1.03395e-07,24521
1.53987e-07,1.17152e-07,24522
-8.91611e-08,-6.78334e-08,24524
9.96773e-08,7.58343e-08,24529
-1.28386e-07,-9.76753e-08,24530
8.45413e-08,6.43193e-08,24532
-6.03576e-08,-4.59195e-08,24545
7.46918e-08,5.68263e-08,24546
-4.79167e-08,-3.64545e-08,24548
1.22014e-07,9.28281e-08,25023
-7.05105e-07,-5.36441e-07,25055
7.63246e-07,5.80677e-07,25071
-2.31176e-07,-1.75878e-07,25079
1.81274e-07,1.37912e-07,25083
-1.09281e-07,-8.31422e-08,25085
7.60987e-09,5.7907e-09,25086
1.05865e-07,8.05417e-08,25215
-1.87857e-06,-1.42921e-06,25279
1.20888e-05,9.19711e-06,25311
-1.28184e-05,-9.75223e-06,25327
3.63973e-06,2.76909e-06,25335
-2.57161e-06,-1.95647e-06,25339
1.50013e-06,1.1413e-06,25341
-1.09283e-07,-8.31421e-08,25342
2.00235e-06,1.52339e-06,25407
-1.59345e-05,-1.2123e-05,25439
1.7444e-05,1.32714e-05,25455
-5.42121e-06,-4.12444e-06,25463
4.26481e-06,3.24465e-06,25467
-2.57161e-06,-1.95647e-06,25469
1.81273e-07,1.37914e-07,25470
5.38839e-06,4.09947e-06,25503
-7.91154e-06,-6.01908e-06,25519
4.29297e-06,3.26608e-06,25527
-5.42121e-06,-4.12444e-06,25531
3.63973e-06,2.76909e-06,25533
-2.31175e-07,-1.75878e-07,25534
1.68348e-06,1.28079e-06,25551
-7.91154e-06,-6.01908e-06,25559
1.7444e-05,1.32714e-05,25563
-1.28184e-05,-9.75223e-06,25565
7.63247e-07,5.80676e-07,25566
5.38839e-06,4.09947e-06,25575
-1.59345e-05,-1.2123e-05,25579
1.20888e-05,9.19711e-06,25581
-7.05105e-07,-5.36442e-07,25582
2.00235e-06,1.52339e-06,25587
-1.87857e-06,-1.42921e-06,25589
1.22014e-07,9.28287e-08,25590
1.05867e-07,8.05435e-08,25593
-7.35322e-08,-5.5943e-08,25594
4.48195e-08,3.41001e-08,25596
-4.55002e-07,-3.46164e-07,25727
9.50408e-06,7.23068e-06,25791
-7.3577e-05,-5.59772e-05,25823
8.31411e-05,6.32535e-05,25839
-3.05965e-05,-2.32777e-05,25847
2.97972e-05,2.26697e-05,25851
-1.91931e-05,-1.4602e-05,25853
1.31099e-06,9.97395e-07,25854
-1.29407e-05,-9.84524e-06,25919
0.000121162,9.21799e-05,25951
-0.000140366,-0.00010679,25967
5.43042e-05,4.13145e-05,25975
-5.43927e-05,-4.13818e-05,25979
3.51919e-05,2.67739e-05,25981
-2.38362e-06,-1.81345e-06,25982
-6.14419e-05,-4.67448e-05,26015
9.50104e-05,7.22837e-05,26031
-6.12104e-05,-4.65687e-05,26039
8.74601e-05,6.65394e-05,26043
-6.04222e-05,-4.5969e-05,26045
3.83629e-06,2.91864e-06,26046
-2.62483e-05,-1.99696e-05,26063
0.000141238,0.000107453,26071
-0.00033348,-0.00025371,26075
0.000248217,0.000188843,26077
-1.49365e-05,-1.13637e-05,26078
-9.90085e-05,-7.53254e-05,26087
0.0003103,0.000236075,26091
-0.000237818,-0.000180931,26093
1.40547e-05,1.06928e-05,26094
-3.9188e-05,-2.98141e-05,26099
3.7149e-05,2.82628e-05,26101
-2.46651e-06,-1.87651e-06,26102
-2.13117e-06,-1.62139e-06,26105
1.47978e-06,1.12581e-06,26106
-9.00992e-07,-6.85472e-07,26108
4.21439e-06,3.20629e-06,26175
-5.3547e-05,-4.07384e-05,26207
6.94426e-05,5.28317e-05,26223
-3.61402e-05,-2.74953e-05,26231
4.44138e-05,3.37899e-05,26235
-3.00326e-05,-2.28487e-05,26237
1.9715e-06,1.49991e-06,26238
0.000214996,0.000163568,26271
-0.000359257,-0.000273322,26287
0.000294789,0.000224275,26295
-0.000488465,-0.000371623,26299
0.000348213,0.000264919,26301
-2.20995e-05,-1.68133e-05,26302
0.000148482,0.000112965,26319
-0.000933114,-0.000709911,26327
0.00234345,0.00178289,26331
-0.00176504,-0.00134284,26333
0.000107466,8.17596e-05,26334
0.000672367,0.000511535,26343
-0.00220747,-0.00167944,26347
0.00170669,0.00129844,26349
-0.000102265,-7.78031e-05,26350
0.000275513,0.00020961,26355
-0.000263438,-0.000200423,26357
1.78375e-05,1.35708e-05,26358
1.52497e-05,1.16019e-05,26361
-1.05844e-05,-8.05258e-06,26362
6.44022e-06,4.8997e-06,26364
-0.000151701,-0.000115414,26399
0.000258155,0.000196404,26415
-0.00023059,-0.000175432,26423
0.000403595,0.000307054,26427
-0.000291027,-0.000221412,26429
1.84794e-05,1.40591e-05,26430
-0.00013855,-0.000105408,26447
0.000931315,0.000708542,26455
-0.00240657,-0.00183091,26459
0.00182243,0.0013865,26461
-0.000111475,-8.481e-05,26462
-0.000685056,-0.000521189,26471
0.00230559,0.00175408,26475
-0.00179102,-0.0013626,26477
0.000108021,8.21823e-05,26478
-0.000290484,-0.000220999,26483
0.000279694,0.000212791,26485
-1.92388e-05,-1.46368e-05,26486
-1.65146e-05,-1.25642e-05,26489
1.14664e-05,8.72364e-06,26490
-6.96135e-06,-5.29617e-06,26492
1.39046e-05,1.05786e-05,26511
-0.000125199,-9.52509e-05,26519
0.000390271,0.000296917,26523
-0.000303213,-0.000230683,26525
1.87701e-05,1.42803e-05,26526
0.000114226,8.69028e-05,26535
-0.000463521,-0.000352645,26539
0.000369451,0.000281077,26541
-2.28359e-05,-1.73735e-05,26542
7.24392e-05,5.51116e-05,26547
-7.24928e-05,-5.51523e-05,26549
5.44667e-06,4.14381e-06,26550
5.11191e-06,3.88913e-06,26553
-3.59738e-06,-2.73687e-06,26554
2.14347e-06,1.63075e-06,26556
-7.31027e-06,-5.56163e-06,26567
4.02867e-05,3.065e-05,26571
-3.37891e-05,-2.57067e-05,26573
2.21853e-06,1.68785e-06,26574
-4.35859e-05,-3.316e-05,26579
4.51503e-05,3.43502e-05,26581
-3.84216e-06,-2.9231e-06,26582
-4.07208e-06,-3.09802e-06,26585
3.14148e-06,2.39003e-06,26586
-1.82041e-06,-1.38496e-06,26588
2.40817e-05,1.83213e-05,26595
-2.45969e-05,-1.87133e-05,26597
2.11821e-06,1.61153e-06,26598
2.46979e-06,1.87901e-06,26601
-2.04291e-06,-1.55424e-06,26602
1.17635e-06,8.94963e-07,26604
-1.86286e-07,-1.41726e-07,26609
1.78016e-07,1.35435e-07,26610
-1.11443e-07,-8.47862e-08,26612
4.11918e-07,3.13386e-07,26751
-8.45354e-06,-6.43143e-06,26815
6.8246e-05,5.19214e-05,26847
-7.90755e-05,-6.01604e-05,26863
3.20612e-05,2.43921e-05,26871
-3.45224e-05,-2.62645e-05,26875
2.28459e-05,1.73811e-05,26877
-1.54743e-06,-1.17728e-06,26878
1.1859e-05,9.02232e-06,26943
-0.000114856,-8.73823e-05,26975
0.000135933,0.000103418,26991
-5.70644e-05,-4.34145e-05,26999
6.20788e-05,4.72294e-05,27003
-4.10848e-05,-3.12572e-05,27005
2.77023e-06,2.10759e-06,27006
6.43679e-05,4.8971e-05,27039
-0.000101122,-7.69334e-05,27055
6.89139e-05,5.24295e-05,27063
-0.00010313,-7.84608e-05,27067
7.20955e-05,5.48501e-05,27069
-4.60428e-06,-3.50292e-06,27070
2.98253e-05,2.2691e-05,27087
-0.000167717,-0.000127599,27095
0.0004086,0.000310862,27099
-0.000306409,-0.000233115,27101
1.86303e-05,1.41739e-05,27102
0.000118753,9.03472e-05,27111
-0.000382845,-0.000291268,27115
0.000295368,0.000224715,27117
-1.76655e-05,-1.34398e-05,27118
4.87303e-05,3.70739e-05,27123
-4.64987e-05,-3.53761e-05,27125
3.14075e-06,2.38947e-06,27126
2.70014e-06,2.05426e-06,27129
-1.87722e-06,-1.42819e-06,27130
1.14126e-06,8.68271e-07,27132
-5.10267e-06,-3.8821e-06,27199
6.66816e-05,5.07312e-05,27231
-8.79837e-05,-6.69377e-05,27247
4.83052e-05,3.67505e-05,27255
-6.21582e-05,-4.72898e-05,27259
4.25519e-05,3.23734e-05,27261
-2.80343e-06,-2.13284e-06,27262
-0.000291182,-0.000221531,27295
0.000490861,0.000373446,27311
-0.000417993,-0.000318008,27319
0.000717264,0.000545693,27323
-0.000516149,-0.000392685,27325
3.30301e-05,2.51292e-05,27326
-0.000211622,-0.000161001,27343
0.00136826,0.00104097,27351
-0.00352618,-0.00268271,27355
0.00267417,0.0020345,27357
-0.000164631,-0.000125251,27358
-0.000992429,-0.000755037,27367
0.00333619,0.00253816,27371
-0.00259561,-0.00197473,27373
0.000157459,0.000119794,27374
-0.000419464,-0.000319127,27379
0.000403504,0.000306985,27381
-2.77719e-05,-2.11288e-05,27382
-2.36036e-05,-1.79576e-05,27385
1.64026e-05,1.2479e-05,27386
-9.9656e-06,-7.5818e-06,27388
0.000211059,0.000160573,27423
-0.000361921,-0.000275349,27439
0.00033493,0.000254814,27447
-0.000606966,-0.000461778,27451
0.000441793,0.000336115,27453
-2.83095e-05,-2.15378e-05,27454
0.000202266,0.000153883,27471
-0.00139684,-0.00106271,27479
0.00370643,0.00281984,27483
-0.00282684,-0.00215065,27485
0.000174945,0.000133098,27486
0.00103444,0.000787001,27495
-0.00356805,-0.00271457,27499
0.00279013,0.00212272,27501
-0.000170485,-0.000129705,27502
0.000453889,0.000345318,27507
-0.000439882,-0.000334661,27509
3.07934e-05,2.34275e-05,27510
2.62934e-05,2.00039e-05,27513
-1.82828e-05,-1.39095e-05,27514
1.10798e-05,8.4295e-06,27516
-2.09428e-05,-1.59333e-05,27535
0.000194582,0.000148037,27543
-0.00062658,-0.000476701,27547
0.00049087,0.000373452,27549
-3.08228e-05,-2.34499e-05,27550
-0.000179483,-0.00013655,27559
0.000751022,0.000571375,27563
-0.000603405,-0.000459069,27565
3.78942e-05,2.88298e-05,27566
-0.000120052,-9.1335e-05,27571
0.0001212,9.22086e-05,27573
-9.31067e-06,-7.08353e-06,27574
-8.72953e-06,-6.6414e-06,27577
6.16323e-06,4.68897e-06,27578
-3.66147e-06,-2.78564e-06,27580
1.19127e-05,9.06319e-06,27591
-6.78324e-05,-5.16067e-05,27595
5.74095e-05,4.3677e-05,27597
-3.84566e-06,-2.92576e-06,27598
7.51632e-05,5.7184e-05,27603
-7.89906e-05,-6.00958e-05,27605
6.91966e-06,5.26446e-06,27606
7.41846e-06,5.64394e-06,27609
-5.74185e-06,-4.36838e-06,27610
3.31546e-06,2.52239e-06,27612
-4.15422e-05,-3.16052e-05,27619
4.31658e-05,3.28404e-05,27621
-3.84216e-06,-2.9231e-06,27622
-4.5761e-06,-3.48149e-06,27625
3.79154e-06,2.8846e-06,27626
-2.17553e-06,-1.65514e-06,27628
3.38482e-07,2.57516e-07,27633
-3.27472e-07,-2.4914e-07,27634
2.04995e-07,1.5596e-07,27636
6.25844e-07,4.76139e-07,27711
-9.33583e-06,-7.10267e-06,27743
1.30529e-05,9.93058e-06,27759
-8.59958e-06,-6.54254e-06,27767
1.30529e-05,9.93058e-06,27771
-9.33583e-06,-7.10267e-06,27773
6.25843e-07,4.76139e-07,27774
6.01768e-05,4.57824e-05,27807
-0.000104246,-7.93101e-05,27823
0.000103151,7.84772e-05,27831
-0.000204105,-0.000155282,27835
0.000152429,0.000115967,27837
-1.00768e-05,-7.66637e-06,27838
5.79689e-05,4.41026e-05,27855
-0.00042462,-0.000323049,27863
0.00121402,0.000923621,27867
-0.000946062,-0.000719761,27869
6.08412e-05,4.62878e-05,27870
0.000318453,0.000242278,27879
-0.00117801,-0.00089623,27883
0.00094018,0.000715286,27885
-5.99549e-05,-4.56135e-05,27886
0.000154741,0.000117726,27891
-0.000153177,-0.000116537,27893
1.13808e-05,8.65849e-06,27894
9.56515e-06,7.27714e-06,27897
-6.7051e-06,-5.10122e-06,27898
4.03329e-06,3.06852e-06,27900
-5.68056e-05,-4.32176e-05,27935
9.95703e-05,7.57528e-05,27951
-0.000107143,-8.1514e-05,27959
0.000225032,0.000171204,27963
-0.000170162,-0.000129459,27965
1.13099e-05,8.60456e-06,27966
-7.18111e-05,-5.46337e-05,27983
0.000561155,0.000426925,27991
-0.00166138,-0.00126397,27995
0.00130395,0.000992042,27997
-8.45385e-05,-6.43167e-05,27998
-0.000430672,-0.000327654,28007
0.00164562,0.00125198,28011
-0.00132238,-0.00100606,28013
8.52124e-05,6.48294e-05,28014
-0.000221721,-0.000168685,28019
0.000221659,0.000168637,28021
-1.68445e-05,-1.28152e-05,28022
-1.42687e-05,-1.08556e-05,28025
1.00252e-05,7.62713e-06,28026
-6.00711e-06,-4.57019e-06,28028
1.04048e-05,7.91597e-06,28047
-0.000111508,-8.48351e-05,28055
0.000413507,0.000314595,28059
-0.000335502,-0.000255249,28061
2.23786e-05,1.70256e-05,28062
0.000109146,8.3038e-05,28071
-0.000522323,-0.000397382,28075
0.000434366,0.000330465,28077
-2.92215e-05,-2.22316e-05,28078
9.53967e-05,7.25775e-05,28083
-0.000100517,-7.64734e-05,28085
8.58803e-06,6.53375e-06,28086
8.15178e-06,6.20185e-06,28089
-5.89975e-06,-4.48851e-06,28090
3.44898e-06,2.62397e-06,28092
-9.42257e-06,-7.16867e-06,28103
6.23242e-05,4.7416e-05,28107
-5.50726e-05,-4.18991e-05,28109
4.06378e-06,3.09171e-06,28110
-8.14131e-05,-6.19389e-05,28115
9.19486e-05,6.99543e-05,28117
-9.31067e-06,-7.08353e-06,28118
-1.06404e-05,-8.09519e-06,28121
8.55833e-06,6.51115e-06,28122
-4.86556e-06,-3.7017e-06,28124
4.56596e-05,3.47377e-05,28131
-5.1804e-05,-3.94123e-05,28133
5.44667e-06,4.14381e-06,28134
7.20335e-06,5.48029e-06,28137
-6.19136e-06,-4.71037e-06,28138
3.5059e-06,2.66728e-06,28140
-4.85956e-07,-3.69714e-07,28145
5.1584e-07,3.92451e-07,28146
-3.26078e-07,-2.48079e-07,28148
7.85429e-06,5.97553e-06,28215
-2.69453e-05,-2.04999e-05,28219
2.10887e-05,1.60442e-05,28221
-1.44643e-06,-1.10044e-06,28222
8.79878e-06,6.69408e-06,28239
-7.99972e-05,-6.08617e-05,28247
0.000267433,0.000203462,28251
-0.000215805,-0.000164184,28253
1.45527e-05,1.10716e-05,28254
6.56345e-05,4.99346e-05,28263
-0.000283274,-0.000215514,28267
0.000234277,0.000178237,28269
-1.58722e-05,-1.20755e-05,28270
4.41384e-05,3.35804e-05,28275
-4.60648e-05,-3.5046e-05,28277
3.8831e-06,2.95425e-06,28278
3.40829e-06,2.59302e-06,28281
-2.45117e-06,-1.86485e-06,28282
1.44137e-06,1.09659e-06,28284
-9.45598e-06,-7.19408e-06,28303
0.000116863,8.89088e-05,28311
-0.000501412,-0.000381473,28315
0.000421258,0.000320492,28317
-2.98521e-05,-2.27114e-05,28318
-0.000124759,-9.49161e-05,28327
0.000688717,0.000523974,28331
-0.000593709,-0.000451692,28333
4.28933e-05,3.26331e-05,28334
-0.00015725,-0.000119635,28339
0.000174605,0.000132839,28341
-1.68445e-05,-1.28152e-05,28342
-1.67078e-05,-1.27112e-05,28345
1.26351e-05,9.61274e-06,28346
-7.25379e-06,-5.51867e-06,28348
1.6269e-05,1.23774e-05,28359
-0.000127415,-9.69371e-05,28363
0.000118466,9.01285e-05,28365
-9.76846e-06,-7.43182e-06,28366
0.000217235,0.000165272,28371
-0.000264111,-0.000200935,28373
3.07934e-05,2.34275e-05,28374
3.73987e-05,2.84528e-05,28377
-3.17181e-05,-2.41311e-05,28378
1.78428e-05,1.35748e-05,28380
-0.000126636,-9.63444e-05,28387
0.000156788,0.000119284,28389
-1.92388e-05,-1.46368e-05,28390
-2.76025e-05,-2.09999e-05,28393
2.49557e-05,1.89863e-05,28394
-1.40356e-05,-1.06783e-05,28396
1.74678e-06,1.32895e-06,28401
-2.04044e-06,-1.55236e-06,28402
1.30883e-06,9.95755e-07,28404
5.41668e-06,4.121e-06,28431
-6.71915e-05,-5.11191e-05,28439
0.000295117,0.000224524,28443
-0.000249878,-0.000190107,28445
1.80024e-05,1.36962e-05,28446
7.27725e-05,5.53651e-05,28455
-0.000412877,-0.000314116,28459
0.000359028,0.000273147,28461
-2.64423e-05,-2.01172e-05,28462
0.000101254,7.7034e-05,28467
-0.000114109,-8.68137e-05,28469
1.13808e-05,8.65849e-06,28470
1.14764e-05,8.73123e-06,28473
-8.81672e-06,-6.70774e-06,28474
5.04044e-06,3.83475e-06,28476
-1.18285e-05,-8.99907e-06,28487
9.77935e-05,7.44011e-05,28491
-9.24379e-05,-7.03265e-05,28493
7.88892e-06,6.00187e-06,28494
-0.000185556,-0.000141171,28499
0.000230012,0.000174992,28501
-2.77719e-05,-2.11288e-05,28502
-3.43421e-05,-2.61274e-05,28505
2.95687e-05,2.24958e-05,28506
-1.66045e-05,-1.26327e-05,28508
0.000110598,8.41423e-05,28515
-0.000140067,-0.000106563,28517
1.78375e-05,1.35708e-05,28518
2.61539e-05,1.98978e-05,28521
-2.39763e-05,-1.82411e-05,28522
1.3475e-05,1.02517e-05,28524
-1.62158e-06,-1.23369e-06,28529
1.94971e-06,1.48334e-06,28530
-1.25784e-06,-9.56962e-07,28532
7.81892e-07,5.94862e-07,28551
-7.41296e-06,-5.63976e-06,28555
7.21785e-06,5.49132e-06,28557
-6.5232e-07,-4.96282e-07,28558
1.91187e-05,1.45455e-05,28563
-2.44881e-05,-1.86305e-05,28565
3.14075e-06,2.38947e-06,28566
4.29816e-06,3.27003e-06,28569
-3.87042e-06,-2.94461e-06,28570
2.17212e-06,1.65254e-06,28572
-1.3722e-05,-1.04396e-05,28579
1.80841e-05,1.37583e-05,28581
-2.46651e-06,-1.87651e-06,28582
-4.05064e-06,-3.08172e-06,28585
3.89252e-06,2.96142e-06,28586
-2.19325e-06,-1.66862e-06,28588
2.80054e-07,2.13063e-07,28593
-3.66029e-07,-2.78474e-07,28594
2.41652e-07,1.83848e-07,28596
2.29144e-07,1.74332e-07,28617
-2.46198e-07,-1.87305e-07,28618
1.41354e-07,1.07541e-07,28620
-1.67664e-07,-1.27557e-07,28625
2.0422e-07,1.5537e-07,28626
-1.32859e-07,-1.01079e-07,28628
1.01694e-07,7.737e-08,28641
-1.19179e-07,-9.067e-08,28642
7.55865e-08,5.75055e-08,28644
-4.13737e-06,-3.1477e-06,29135
2.63917e-05,2.00787e-05,29143
-7.1674e-05,-5.45294e-05,29147
5.53128e-05,4.20818e-05,29149
-3.53148e-06,-2.68674e-06,29150
-1.92903e-05,-1.4676e-05,29159
6.87692e-05,5.23194e-05,29163
-5.44858e-05,-4.14526e-05,29165
3.44359e-06,2.61988e-06,29166
-9.10501e-06,-6.92707e-06,29171
8.93281e-06,6.79605e-06,29173
-6.52319e-07,-4.96284e-07,29174
-5.49456e-07,-4.18025e-07,29177
3.86156e-07,2.93784e-07,29178
-2.32658e-07,-1.77006e-07,29180
6.38809e-07,4.86003e-07,29247
-8.79597e-06,-6.69195e-06,29279
1.21501e-05,9.24376e-06,29295
-7.8243e-06,-5.95271e-06,29303
1.18006e-05,8.97786e-06,29307
-8.45051e-06,-6.42912e-06,29309
5.73613e-07,4.36404e-07,29310
4.72602e-05,3.59554e-05,29343
-8.1664e-05,-6.21298e-05,29359
7.94349e-05,6.04338e-05,29367
-0.000157131,-0.000119545,29371
0.000117643,8.95027e-05,29373
-7.8757e-06,-5.99181e-06,29374
4.07693e-05,3.10172e-05,29391
-0.000294479,-0.000224039,29399
0.000846679,0.000644151,29403
-0.000662033,-0.000503673,29405
4.30977e-05,3.27886e-05,29406
0.000219502,0.000166997,29415
-0.000816195,-0.000620959,29419
0.000653382,0.000497091,29421
-4.21536e-05,-3.20703e-05,29422
0.000106658,8.11454e-05,29427
-0.000105601,-8.03408e-05,29429
7.88892e-06,6.00186e-06,29430
6.52709e-06,4.96579e-06,29433
-4.58424e-06,-3.48768e-06,29434
2.75903e-06,2.09906e-06,29436
-3.72585e-05,-2.83462e-05,29471
6.5214e-05,4.96146e-05,29487
-6.88815e-05,-5.24048e-05,29495
0.000144457,0.000109902,29499
-0.000109485,-8.32963e-05,29501
7.3694e-06,5.60662e-06,29502
-4.22169e-05,-3.21185e-05,29519
0.000325734,0.000247817,29527
-0.00096944,-0.000737547,29531
0.000763455,0.000580834,29533
-5.01265e-05,-3.81361e-05,29534
-0.000248458,-0.000189026,29543
0.000953784,0.000725636,29547
-0.000768771,-0.000584879,29549
5.01472e-05,3.81518e-05,29550
-0.000127618,-9.70918e-05,29555
0.000127654,9.7119e-05,29557
-9.76846e-06,-7.43182e-06,29558
-8.14687e-06,-6.19812e-06,29561
5.74145e-06,4.36808e-06,29562
-3.44092e-06,-2.61784e-06,29564
5.17826e-06,3.9396e-06,29583
-5.46806e-05,-4.16008e-05,29591
0.000202121,0.000153773,29595
-0.000164262,-0.00012497,29597
1.10782e-05,8.42823e-06,29598
5.29272e-05,4.02669e-05,29607
-0.000252332,-0.000191974,29611
0.000210121,0.000159859,29613
-1.42817e-05,-1.08655e-05,29614
4.49921e-05,3.42298e-05,29619
-4.73529e-05,-3.60259e-05,29621
4.06378e-06,3.09171e-06,29622
3.791e-06,2.88418e-06,29625
-2.76017e-06,-2.09993e-06,29626
1.61477e-06,1.22851e-06,29628
2.70471e-05,2.05774e-05,29643
-2.38639e-05,-1.81556e-05,29645
1.76934e-06,1.34611e-06,29646
-3.39427e-05,-2.58235e-05,29651
3.80413e-05,2.89417e-05,29653
-3.84565e-06,-2.92576e-06,29654
-4.27758e-06,-3.25437e-06,29657
3.4915e-06,2.65632e-06,29658
-1.99056e-06,-1.51441e-06,29660
1.89094e-05,1.43862e-05,29667
-2.12069e-05,-1.61342e-05,29669
2.21853e-06,1.68785e-06,29670
2.83572e-06,2.1574e-06,29673
-2.48727e-06,-1.89231e-06,29674
1.41413e-06,1.07587e-06,29676
-1.98794e-07,-1.5124e-07,29681
2.14105e-07,1.62892e-07,29682
-1.36068e-07,-1.03519e-07,29684
-5.95155e-07,-4.52792e-07,29759
9.15441e-06,6.96465e-06,29791
-1.3406e-05,-1.01992e-05,29807
1.05383e-05,8.01748e-06,29815
-1.92166e-05,-1.46199e-05,29819
1.44482e-05,1.09921e-05,29821
-1.01272e-06,-7.70472e-07,29822
-7.34524e-05,-5.58824e-05,29855
0.000129843,9.87844e-05,29871
-0.000148417,-0.000112916,29879
0.000342944,0.000260911,29883
-0.00026691,-0.000203064,29885
1.86076e-05,1.41566e-05,29886
-8.5118e-05,-6.47576e-05,29903
0.000702652,0.000534576,29911
-0.0022587,-0.00171841,29915
0.00181738,0.00138266,29917
-0.000124162,-9.44623e-05,29918
-0.000544971,-0.000414613,29927
0.00224895,0.001711,29931
-0.00185072,-0.00140802,29933
0.000126193,9.60073e-05,29934
-0.000315428,-0.000239977,29939
0.00032329,0.000245958,29941
-2.64423e-05,-2.01172e-05,29942
-2.19261e-05,-1.66813e-05,29945
1.57159e-05,1.19566e-05,29946
-9.32491e-06,-7.09437e-06,29948
7.75151e-05,5.89732e-05,29983
-0.000137697,-0.00010476,29999
0.000169552,0.000128995,30007
-0.000414373,-0.000315254,30011
0.000326135,0.000248123,30013
-2.28938e-05,-1.74176e-05,30014
0.000115545,8.79065e-05,30031
-0.00101281,-0.000770544,30039
0.00336766,0.0025621,30043
-0.00272772,-0.00207524,30045
0.000187833,0.000142903,30046
0.00080444,0.000612015,30055
-0.0034271,-0.00260733,30059
0.0028387,0.00215968,30061
-0.000195506,-0.00014874,30062
0.000496237,0.000377536,30067
-0.000513527,-0.00039069,30069
4.28933e-05,3.26331e-05,30070
3.59311e-05,2.73363e-05,30073
-2.5853e-05,-1.96689e-05,30074
1.52816e-05,1.16262e-05,30076
-2.09429e-05,-1.59333e-05,30095
0.000253968,0.000193219,30103
-0.00106458,-0.000809929,30107
0.000891601,0.000678328,30109
-6.34875e-05,-4.83011e-05,30110
-0.000261149,-0.000198681,30119
0.00139925,0.00106455,30123
-0.0012,-0.000912956,30125
8.66553e-05,6.59271e-05,30126
-0.000284757,-0.000216643,30131
0.000311035,0.000236635,30133
-2.92215e-05,-2.22316e-05,30134
-2.77109e-05,-2.10824e-05,30137
2.08661e-05,1.58748e-05,30138
-1.20562e-05,-9.17236e-06,30140
-0.000194423,-0.000147917,30155
0.000177701,0.000135194,30157
-1.42817e-05,-1.08655e-05,30158
0.000284534,0.000216473,30163
-0.000336317,-0.000255869,30165
3.78942e-05,2.88298e-05,30166
4.38709e-05,3.33769e-05,30169
-3.76132e-05,-2.8616e-05,30170
2.13122e-05,1.62142e-05,30172
-0.000161652,-0.000122985,30179
0.000193279,0.000147046,30181
-2.28359e-05,-1.73735e-05,30182
-3.09965e-05,-2.35821e-05,30185
2.85985e-05,2.17577e-05,30186
-1.62168e-05,-1.23377e-05,30188
2.0802e-06,1.58261e-06,30193
-2.45272e-06,-1.86602e-06,30194
1.5844e-06,1.2054e-06,30196
5.37916e-05,4.09245e-05,30267
-6.18926e-05,-4.70877e-05,30269
4.49767e-06,3.42182e-06,30270
-2.1792e-05,-1.65793e-05,30287
0.000224104,0.000170498,30295
-0.000843757,-0.000641928,30299
0.000701872,0.000533982,30301
-5.02136e-05,-3.82023e-05,30302
-0.000192433,-0.000146402,30311
0.000928296,0.000706245,30315
-0.000790707,-0.000601568,30317
5.71613e-05,4.34881e-05,30318
-0.000159557,-0.000121391,30323
0.000172277,0.000131068,30325
-1.58722e-05,-1.20755e-05,30326
-1.39055e-05,-1.05792e-05,30329
1.03344e-05,7.86242e-06,30330
-6.00504e-06,-4.56862e-06,30332
2.96065e-05,2.25246e-05,30351
-0.000420892,-0.000320213,30359
0.00201895,0.00153601,30363
-0.00174286,-0.00132596,30365
0.000130896,9.95854e-05,30366
0.00047474,0.000361181,30375
-0.00288284,-0.00219326,30379
0.00254841,0.00193882,30381
-0.000195506,-0.00014874,30382
0.000722268,0.000549499,30387
-0.000823295,-0.00062636,30389
8.52124e-05,6.48294e-05,30390
8.4121e-05,6.3999e-05,30393
-6.63094e-05,-5.0448e-05,30394
3.78683e-05,2.88101e-05,30396
0.000601738,0.0004578,30411
-0.000572232,-0.000435352,30413
5.01472e-05,3.81518e-05,30414
-0.00110078,-0.000837473,30419
0.00137029,0.00104252,30421
-0.000170485,-0.000129705,30422
-0.000205609,-0.000156427,30425
0.000184554,0.000140408,30426
-0.000104147,-7.92349e-05,30428
0.00064756,0.000492662,30435
-0.000822372,-0.000625658,30437
0.000108021,8.21823e-05,30438
0.000154295,0.000117387,30441
-0.000148505,-0.000112982,30442
8.40897e-05,6.39752e-05,30444
-9.90079e-06,-7.53249e-06,30449
1.25575e-05,9.55369e-06,30450
-8.21684e-06,-6.25135e-06,30452
-1.74205e-05,-1.32535e-05,30479
0.000251825,0.000191588,30487
-0.0012423,-0.000945142,30491
0.00108094,0.000822379,30493
-8.25179e-05,-6.27794e-05,30494
-0.000290343,-0.000220892,30503
0.00181336,0.0013796,30507
-0.00161606,-0.00122949,30509
0.000126193,9.60073e-05,30510
-0.000487713,-0.000371051,30515
0.000563061,0.000428376,30517
-5.99549e-05,-4.56135e-05,30518
-6.0114e-05,-4.57346e-05,30521
4.81796e-05,3.66549e-05,30522
-2.74445e-05,-2.08797e-05,30524
-0.000485116,-0.000369075,30539
0.000467597,0.000355746,30541
-4.21536e-05,-3.20703e-05,30542
0.000974616,0.000741485,30547
-0.00123142,-0.000936865,30549
0.000157459,0.000119794,30550
0.000192708,0.000146611,30553
-0.000175445,-0.000133478,30554
9.89559e-05,7.52854e-05,30556
-0.000585437,-0.000445399,30563
0.000756434,0.000575493,30565
-0.000102265,-7.78031e-05,30566
-0.000148595,-0.000113051,30569
0.000144864,0.000110212,30570
-8.20463e-05,-6.24206e-05,30572
9.37506e-06,7.13252e-06,30577
-1.22023e-05,-9.28349e-06,30578
8.02967e-06,6.10895e-06,30580
3.59298e-05,2.73353e-05,30603
-3.5796e-05,-2.72335e-05,30605
3.4436e-06,2.61988e-06,30606
-9.9357e-05,-7.55906e-05,30611
0.000129689,9.8667e-05,30613
-1.76655e-05,-1.34398e-05,30614
-2.38899e-05,-1.81754e-05,30617
2.29121e-05,1.74315e-05,30618
-1.2949e-05,-9.85159e-06,30620
7.22098e-05,5.4937e-05,30627
-9.69207e-05,-7.3737e-05,30629
1.40547e-05,1.06928e-05,30630
2.2802e-05,1.73477e-05,30633
-2.34633e-05,-1.78508e-05,30634
1.33584e-05,1.0163e-05,30636
-1.62158e-06,-1.23369e-06,30641
2.30577e-06,1.75422e-06,30642
-1.55602e-06,-1.18382e-06,30644
-1.3126e-06,-9.98618e-07,30665
1.52129e-06,1.15739e-06,30666
-8.86402e-07,-6.74372e-07,30668
9.59706e-07,7.30142e-07,30673
-1.27042e-06,-9.66536e-07,30674
8.44912e-07,6.42807e-07,30676
-5.81258e-07,-4.42218e-07,30689
7.37677e-07,5.61224e-07,30690
-4.77608e-07,-3.63363e-07,30692
3.42388e-07,2.60487e-07,30783
-5.25948e-06,-4.0014e-06,30815
7.73878e-06,5.88764e-06,30831
-6.2381e-06,-4.74593e-06,30839
1.17574e-05,8.94496e-06,30843
-8.92203e-06,-6.78786e-06,30845
6.31407e-07,4.80371e-07,30846
4.30982e-05,3.2789e-05,30879
-7.63106e-05,-5.80569e-05,30895
8.91135e-05,6.77973e-05,30903
-0.000211646,-0.00016102,30907
0.000165959,0.000126261,30909
-1.16914e-05,-8.89481e-06,30910
5.141e-05,3.91126e-05,30927
-0.000434714,-0.00033073,30935
0.00143231,0.0010897,30939
-0.00116014,-0.000882628,30941
8.02581e-05,6.10601e-05,30942
0.00034033,0.000258922,30951
-0.00143929,-0.001095,30955
0.00119252,0.000907268,30957
-8.25179e-05,-6.27794e-05,30958
0.000207121,0.000157577,30963
-0.000214366,-0.000163089,30965
1.80024e-05,1.36962e-05,30966
1.49855e-05,1.1401e-05,30969
-1.08501e-05,-8.25474e-06,30970
6.40992e-06,4.87665e-06,30972
-4.65232e-05,-3.53947e-05,31007
8.26994e-05,6.29175e-05,31023
-0.000104098,-7.91975e-05,31031
0.000261965,0.000199302,31035
-0.000207799,-0.000158093,31037
1.47525e-05,1.12237e-05,31038
-7.13453e-05,-5.42793e-05,31055
0.000641124,0.000487765,31063
-0.00218647,-0.00166346,31067
0.00178295,0.00135646,31069
-0.000124355,-9.46089e-05,31070
-0.00051415,-0.000391164,31079
0.00224545,0.00170833,31083
-0.00187268,-0.00142473,31085
0.000130896,9.95854e-05,31086
-0.000333621,-0.000253818,31091
0.000348506,0.000265143,31093
-2.98521e-05,-2.27114e-05,31094
-2.50803e-05,-1.9081e-05,31097
1.82228e-05,1.38638e-05,31098
-1.07286e-05,-8.1623e-06,31100
1.39046e-05,1.05786e-05,31119
-0.000174066,-0.000132429,31127
0.000751565,0.000571789,31131
-0.000634187,-0.000482487,31133
4.58607e-05,3.48907e-05,31134
0.000181616,0.000138173,31143
-0.00100025,-0.000760989,31147
0.000864237,0.000657509,31149
-6.34875e-05,-4.83011e-05,31150
0.000210612,0.000160233,31155
-0.000232274,-0.000176713,31157
2.23786e-05,1.70256e-05,31158
2.1281e-05,1.61905e-05,31161
-1.62469e-05,-1.23606e-05,31162
9.36235e-06,7.12285e-06,31164
0.000146082,0.000111139,31179
-0.000134723,-0.000102497,31181
1.10782e-05,8.42823e-06,31182
-0.000221958,-0.000168865,31187
0.000265597,0.000202065,31189
-3.08228e-05,-2.34499e-05,31190
-3.58574e-05,-2.72802e-05,31193
3.14173e-05,2.39022e-05,31194
-1.78071e-05,-1.35476e-05,31196
0.000126814,9.64795e-05,31203
-0.000153795,-0.000117007,31205
1.87701e-05,1.42803e-05,31206
2.56774e-05,1.95353e-05,31209
-2.42646e-05,-1.84604e-05,31210
1.37843e-05,1.04871e-05,31212
-1.72339e-06,-1.31115e-06,31217
2.10262e-06,1.59967e-06,31218
-1.36905e-06,-1.04157e-06,31220
3.59528e-05,2.73528e-05,31293
-3.74851e-06,-2.85186e-06,31294
1.72658e-05,1.31358e-05,31311
-0.000183933,-0.000139935,31319
0.000714378,0.000543497,31323
-0.000598741,-0.00045552,31325
4.34514e-05,3.30577e-05,31326
0.00016033,0.000121979,31335
-0.000796465,-0.000605948,31339
0.000683505,0.000520009,31341
-5.02136e-05,-3.82023e-05,31342
0.000141472,0.000107631,31347
-0.00015419,-0.000117307,31349
1.45527e-05,1.10716e-05,31350
1.27846e-05,9.72645e-06,31353
-9.61458e-06,-7.31475e-06,31354
5.57016e-06,4.23776e-06,31356
-2.59005e-05,-1.9705e-05,31375
0.000381338,0.000290121,31383
-0.00187835,-0.00142904,31387
0.00163205,0.00124166,31389
-0.000124355,-9.46089e-05,31390
-0.000436584,-0.000332152,31399
0.00271162,0.00206299,31403
-0.00241174,-0.00183485,31405
0.000187833,0.000142903,31406
-0.000697923,-0.000530978,31411
0.000801094,0.00060947,31413
-8.45385e-05,-6.43167e-05,31414
-8.34587e-05,-6.34951e-05,31417
6.67701e-05,5.07985e-05,31418
-3.81048e-05,-2.899e-05,31420
-0.000587604,-0.000447048,31435
0.000562223,0.000427738,31437
-5.01265e-05,-3.81361e-05,31438
0.00109973,0.000836675,31443
-0.00137823,-0.00104855,31445
0.000174945,0.000133098,31446
0.000210686,0.00016029,31449
-0.00019314,-0.00014694,31450
0.000109225,8.30982e-05,31452
-0.000649328,-0.000494007,31459
0.000830657,0.000631962,31461
-0.000111475,-8.481e-05,31462
-0.000159092,-0.000121036,31465
0.000156735,0.000119244,31466
-8.90513e-05,-6.775e-05,31468
1.02619e-05,7.80725e-06,31473
-1.34193e-05,-1.02094e-05,31474
8.85138e-06,6.7341e-06,31476
1.55284e-05,1.1814e-05,31503
-0.000233213,-0.000177428,31511
0.00118272,0.000899814,31515
-0.00103592,-0.000788124,31517
8.02581e-05,6.10601e-05,31518
0.000273432,0.000208027,31527
-0.00174688,-0.00132902,31531
0.00156623,0.00119158,31533
-0.000124162,-9.44623e-05,31534
0.000482546,0.00036712,31539
-0.000560749,-0.000426616,31541
6.08412e-05,4.62878e-05,31542
6.09746e-05,4.63893e-05,31545
-4.96534e-05,-3.77762e-05,31546
2.82801e-05,2.15155e-05,31548
0.000485236,0.000369166,31563
-0.000470306,-0.000357808,31565
4.30977e-05,3.27886e-05,31566
-0.000994015,-0.000756244,31571
0.00126322,0.000961054,31573
-0.000164631,-0.000125251,31574
-0.000200973,-0.0001529,31577
0.000187074,0.000142325,31578
-0.000105799,-8.04918e-05,31580
0.000599118,0.000455807,31587
-0.000778879,-0.000592569,31589
0.000107466,8.17596e-05,31590
0.000155795,0.000118528,31593
-0.000155669,-0.000118433,31594
8.85167e-05,6.73433e-05,31596
-9.90079e-06,-7.53249e-06,31601
1.33055e-05,1.01228e-05,31602
-8.83199e-06,-6.71935e-06,31604
-3.5796e-05,-2.72335e-05,31627
3.59298e-05,2.73353e-05,31629
-3.53148e-06,-2.68674e-06,31630
0.000101708,7.73791e-05,31635
-0.000133627,-0.000101663,31637
1.86303e-05,1.41739e-05,31638
2.51235e-05,1.91139e-05,31641
-2.48241e-05,-1.88861e-05,31642
1.4096e-05,1.07242e-05,31644
-7.43819e-05,-5.65896e-05,31651
0.000100484,7.64483e-05,31653
-1.49365e-05,-1.13637e-05,31654
-2.41573e-05,-1.83788e-05,31657
2.56961e-05,1.95495e-05,31658
-1.47234e-05,-1.12015e-05,31660
1.74678e-06,1.32895e-06,31665
-2.59375e-06,-1.97332e-06,31666
1.77287e-06,1.34879e-06,31668
1.41845e-06,1.07915e-06,31689
-1.71557e-06,-1.3052e-06,31690
1.00988e-06,7.68317e-07,31692
-1.03762e-06,-7.89421e-07,31697
1.44838e-06,1.10193e-06,31698
-9.81403e-07,-7.46649e-07,31700
6.27108e-07,4.77103e-07,31713
-8.378e-07,-6.37396e-07,31714
5.52912e-07,4.20654e-07,31716
1.99414e-07,1.51713e-07,31806
-1.2883e-06,-9.80138e-07,31823
1.46199e-05,1.11228e-05,31831
-5.96952e-05,-4.5416e-05,31835
5.06041e-05,3.84995e-05,31837
-3.74851e-06,-2.85186e-06,31838
-1.31739e-05,-1.00226e-05,31847
6.87326e-05,5.22916e-05,31851
-5.96952e-05,-4.5416e-05,31853
4.49767e-06,3.42182e-06,31854
-1.31739e-05,-1.00226e-05,31859
1.46199e-05,1.11228e-05,31861
-1.44643e-06,-1.10044e-06,31862
-1.2883e-06,-9.80139e-07,31865
1.0007e-06,7.6133e-07,31866
-5.77204e-07,-4.39136e-07,31868
2.66873e-06,2.03036e-06,31887
-4.15057e-05,-3.15774e-05,31895
0.000213969,0.000162787,31899
-0.000188161,-0.000143152,31901
1.47525e-05,1.12237e-05,31902
4.90044e-05,3.72824e-05,31911
-0.0003168,-0.00024102,31915
0.000285085,0.000216892,31917
-2.28938e-05,-1.74176e-05,31918
8.76001e-05,6.66459e-05,31923
-0.000102199,-7.77528e-05,31925
1.13099e-05,8.60456e-06,31926
1.12397e-05,8.55113e-06,31929
-9.42477e-06,-7.17034e-06,31930
5.38442e-06,4.09645e-06,31932
8.12382e-05,6.18058e-05,31947
-7.8977e-05,-6.00855e-05,31949
7.3694e-06,5.60662e-06,31950
-0.000164944,-0.000125489,31955
0.000210606,0.000160228,31957
-2.83095e-05,-2.15378e-05,31958
-3.4132e-05,-2.59676e-05,31961
3.34816e-05,2.54727e-05,31962
-1.91092e-05,-1.45382e-05,31964
9.90369e-05,7.5347e-05,31971
-0.000129354,-9.84125e-05,31973
1.84794e-05,1.40591e-05,31974
2.6435e-05,2.01117e-05,31977
-2.80547e-05,-2.1344e-05,31978
1.61468e-05,1.22845e-05,31980
-1.72339e-06,-1.31115e-06,31985
2.4934e-06,1.89697e-06,31986
-1.69148e-06,-1.28687e-06,31988
-1.93053e-06,-1.46874e-06,32015
3.0776e-05,2.34143e-05,32023
-0.000164257,-0.000124966,32027
0.000145863,0.000110972,32029
-1.16914e-05,-8.89481e-06,32030
-3.73854e-05,-2.84427e-05,32039
0.000249463,0.000189791,32043
-0.000226595,-0.000172393,32045
1.86076e-05,1.41566e-05,32046
-7.45421e-05,-5.67114e-05,32051
8.81379e-05,6.70551e-05,32053
-1.00768e-05,-7.66637e-06,32054
-1.01569e-05,-7.72738e-06,32057
8.74695e-06,6.65466e-06,32058
-4.99666e-06,-3.80144e-06,32060
-8.30611e-05,-6.31927e-05,32075
8.18383e-05,6.22624e-05,32077
-7.8757e-06,-5.99181e-06,32078
0.000184305,0.000140219,32083
-0.000238488,-0.000181441,32085
3.30301e-05,2.51292e-05,32086
4.02402e-05,3.06146e-05,32089
-4.04874e-05,-3.08027e-05,32090
2.31677e-05,1.76259e-05,32092
-0.00011306,-8.60158e-05,32099
0.000149899,0.000114043,32101
-2.20995e-05,-1.68133e-05,32102
-3.19898e-05,-2.43378e-05,32105
3.48308e-05,2.64992e-05,32106
-2.01225e-05,-1.53092e-05,32108
2.0802e-06,1.58261e-06,32113
-3.1365e-06,-2.38624e-06,32114
2.15109e-06,1.63654e-06,32116
7.21785e-06,5.49132e-06,32139
-7.41295e-06,-5.63976e-06,32141
7.81893e-07,5.94862e-07,32142
-2.26077e-05,-1.71999e-05,32147
3.03396e-05,2.30823e-05,32149
-4.60428e-06,-3.50292e-06,32150
-6.18288e-06,-4.70391e-06,32153
6.90873e-06,5.25614e-06,32154
-4.01465e-06,-3.05434e-06,32156
1.70197e-05,1.29486e-05,32163
-2.34964e-05,-1.7876e-05,32165
3.83629e-06,2.91864e-06,32166
6.1704e-06,4.69442e-06,32169
-7.53511e-06,-5.73269e-06,32170
4.44703e-06,3.38329e-06,32172
-4.85958e-07,-3.69714e-07,32177
8.66271e-07,6.59056e-07,32178
-6.25805e-07,-4.76112e-07,32180
-4.30029e-07,-3.27164e-07,32201
6.30432e-07,4.7963e-07,32202
-3.89672e-07,-2.96463e-07,32204
3.19637e-07,2.43179e-07,32209
-5.81198e-07,-4.42174e-07,32210
4.33642e-07,3.29914e-07,32212
-1.89915e-07,-1.44486e-07,32225
3.30789e-07,2.51665e-07,32226
-2.42778e-07,-1.84705e-07,32228
5.49009e-06,4.17684e-06,32331
-5.55185e-06,-4.22383e-06,32333
5.73614e-07,4.36403e-07,32334
-1.40965e-05,-1.07245e-05,32339
1.87011e-05,1.42277e-05,32341
-2.80343e-06,-2.13285e-06,32342
-3.44324e-06,-2.61961e-06,32345
3.82796e-06,2.9123e-06,32346
-2.22713e-06,-1.6944e-06,32348
9.00145e-06,6.84828e-06,32355
-1.22591e-05,-9.32672e-06,32357
1.9715e-06,1.49991e-06,32358
2.8813e-06,2.19209e-06,32361
-3.50484e-06,-2.66647e-06,32362
2.06981e-06,1.57471e-06,32364
-1.98795e-07,-1.51241e-07,32369
3.50721e-07,2.66829e-07,32370
-2.5202e-07,-1.91736e-07,32372
-4.16971e-06,-3.1723e-06,32395
4.27223e-06,3.2503e-06,32397
-4.59121e-07,-3.493e-07,32398
1.26991e-05,9.66146e-06,32403
-1.71537e-05,-1.30505e-05,32405
2.77023e-06,2.10759e-06,32406
3.6871e-06,2.80514e-06,32409
-4.68204e-06,-3.56209e-06,32410
2.80375e-06,2.13309e-06,32412
-9.60727e-06,-7.30919e-06,32419
1.34023e-05,1.01964e-05,32421
-2.38362e-06,-1.81345e-06,32422
-3.79952e-06,-2.89066e-06,32425
5.42797e-06,4.12959e-06,32426
-3.32835e-06,-2.5322e-06,32428
3.38481e-07,2.57515e-07,32433
-7.57983e-07,-5.76672e-07,32434
5.88137e-07,4.47453e-07,32436
3.35895e-07,2.55548e-07,32457
-6.47325e-07,-4.92484e-07,32458
4.29438e-07,3.26713e-07,32460
-2.75523e-07,-2.09617e-07,32465
7.44756e-07,5.66609e-07,32466
-6.33997e-07,-4.82343e-07,32468
1.59606e-07,1.21428e-07,32481
-4.24278e-07,-3.2279e-07,32482
3.6324e-07,2.76351e-07,32484
2.46393e-06,1.87455e-06,32523
-2.51036e-06,-1.90987e-06,32525
2.66455e-07,2.02717e-07,32526
-7.17477e-06,-5.45855e-06,32531
9.64963e-06,7.34141e-06,32533
-1.54742e-06,-1.17728e-06,32534
-2.03947e-06,-1.55162e-06,32537
2.60498e-06,1.98186e-06,32538
-1.56644e-06,-1.19175e-06,32540
5.30156e-06,4.03341e-06,32547
-7.37189e-06,-5.60852e-06,32549
1.31099e-06,9.97394e-07,32550
2.06976e-06,1.57467e-06,32553
-3.01052e-06,-2.2904e-06,32554
1.85873e-06,1.41412e-06,32556
-1.86286e-07,-1.41726e-07,32561
4.38308e-07,3.33464e-07,32562
-3.46209e-07,-2.63395e-07,32564
-2.02333e-07,-1.53935e-07,32585
4.28467e-07,3.25976e-07,32586
-2.91332e-07,-2.21646e-07,32588
1.78538e-07,1.3583e-07,32593
-5.5122e-07,-4.19368e-07,32594
4.8822e-07,3.71436e-07,32596
-1.02947e-07,-7.83212e-08,32609
3.1802e-07,2.41948e-07,32610
-2.85596e-07,-2.17281e-07,32612
1.53152e-08,1.16525e-08,32649
-3.26826e-08,-2.4865e-08,32650
2.25524e-08,1.71575e-08,32652
-1.57143e-08,-1.19557e-08,32657
5.36197e-08,4.07923e-08,32658
-4.94199e-08,-3.76014e-08,32660
9.90506e-09,7.53488e-09,32673
-3.59641e-08,-2.73631e-08,32674
3.42526e-08,2.60578e-08,32676
1.85055e-07,1.4079e-07,37503
-3.24978e-06,-2.47242e-06,37567
2.07898e-05,1.58168e-05,37599
-2.20328e-05,-1.67625e-05,37615
6.26809e-06,4.76875e-06,37623
-4.39571e-06,-3.34424e-06,37627
2.55299e-06,1.94231e-06,37629
-2.02333e-07,-1.53934e-07,37630
3.43037e-06,2.60982e-06,37695
-2.71191e-05,-2.06321e-05,37727
2.96682e-05,2.25715e-05,37743
-9.24888e-06,-7.03652e-06,37751
7.28402e-06,5.54166e-06,37755
-4.39571e-06,-3.34424e-06,37757
3.35896e-07,2.55549e-07,37758
8.9581e-06,6.8153e-06,37791
-1.31418e-05,-9.99826e-06,37807
7.18084e-06,5.46316e-06,37815
-9.24888e-06,-7.03652e-06,37819
6.26809e-06,4.76875e-06,37821
-4.30029e-07,-3.27166e-07,37822
2.77395e-06,2.11041e-06,37839
-1.31418e-05,-9.99826e-06,37847
2.96682e-05,2.25715e-05,37851
-2.20328e-05,-1.67625e-05,37853
1.41845e-06,1.07915e-06,37854
8.9581e-06,6.8153e-06,37863
-2.71191e-05,-2.06321e-05,37867
2.07898e-05,1.58168e-05,37869
-1.3126e-06,-9.98619e-07,37870
3.43037e-06,2.60982e-06,37875
-3.24978e-06,-2.47242e-06,37877
2.29145e-07,1.74333e-07,37878
-1.35903e-07,-1.03394e-07,37882
8.22916e-08,6.26076e-08,37884
-6.63979e-07,-5.05152e-07,38015
1.40123e-05,1.06605e-05,38079
-0.000107201,-8.1558e-05,38111
0.000120669,9.18048e-05,38127
-4.41427e-05,-3.35836e-05,38135
4.30933e-05,3.27853e-05,38139
-2.79067e-05,-2.12314e-05,38141
2.06976e-06,1.57467e-06,38142
-1.8915e-05,-1.43905e-05,38207
0.000175343,0.0001334,38239
-0.000202635,-0.000154164,38255
7.84055e-05,5.96507e-05,38263
-7.93902e-05,-6.03998e-05,38267
5.17625e-05,3.93807e-05,38269
-3.79952e-06,-2.89066e-06,38270
-8.66244e-05,-6.59036e-05,38303
0.000133894,0.000101866,38319
-8.72192e-05,-6.63561e-05,38327
0.000128213,9.75439e-05,38331
-8.97154e-05,-6.82552e-05,38333
6.1704e-06,4.69443e-06,38334
-3.69194e-05,-2.80882e-05,38351
0.000201453,0.000153265,38359
-0.000490158,-0.000372911,38363
0.000369562,0.000281162,38365
-2.41573e-05,-1.83788e-05,38366
-0.000141577,-0.000107711,38375
0.000456859,0.000347577,38379
-0.000354567,-0.000269753,38381
2.2802e-05,1.73477e-05,38382
-5.81739e-05,-4.42585e-05,38387
5.58113e-05,4.24611e-05,38389
-4.05064e-06,-3.08172e-06,38390
2.38825e-06,1.81697e-06,38394
-1.44299e-06,-1.09782e-06,38396
-6.89462e-05,-5.24541e-05,38495
8.93283e-05,6.79607e-05,38511
-4.69703e-05,-3.57349e-05,38519
5.92722e-05,4.50941e-05,38523
-4.05801e-05,-3.08732e-05,38525
2.8813e-06,2.19209e-06,38526
0.000270886,0.00020609,38559
-0.00045321,-0.000344801,38575
0.000377715,0.000287365,38583
-0.000644762,-0.000490533,38587
0.000465547,0.000354187,38589
-3.19898e-05,-2.43378e-05,38590
0.000188041,0.000143061,38607
-0.00119895,-0.000912157,38615
0.00309495,0.00235463,38619
-0.00235926,-0.00179492,38621
0.000155795,0.000118528,38622
0.000866041,0.000658882,38631
-0.00291915,-0.00222088,38635
0.00228341,0.00173721,38637
-0.000148595,-0.000113051,38638
0.000366787,0.000279051,38643
-0.000354567,-0.000269753,38645
2.61539e-05,1.98978e-05,38646
-1.5261e-05,-1.16105e-05,38650
9.21587e-06,7.01141e-06,38652
-0.000189729,-0.000144345,38687
0.000323191,0.000245883,38703
-0.0002929,-0.000222837,38711
0.000527097,0.000401014,38715
-0.000384721,-0.000292694,38717
2.6435e-05,2.01117e-05,38718
-0.000173918,-0.000132317,38735
0.00118368,0.000900544,38743
-0.00313508,-0.00238516,38747
0.00240092,0.00182661,38749
-0.000159092,-0.000121036,38750
-0.000872113,-0.000663501,38759
0.00300433,0.00228569,38763
-0.00235926,-0.00179492,38765
0.000154295,0.000117387,38766
-0.000380081,-0.000289164,38771
0.000369562,0.000281162,38773
-2.76025e-05,-2.09999e-05,38774
1.61815e-05,1.23109e-05,38778
-9.7544e-06,-7.42112e-06,38780
1.72658e-05,1.31358e-05,38799
-0.000155762,-0.000118503,38807
0.000491317,0.000373793,38811
-0.000384721,-0.000292694,38813
2.56774e-05,1.95353e-05,38814
0.000141578,0.000107712,38823
-0.000579926,-0.000441206,38827
0.000465547,0.000354187,38829
-3.09965e-05,-2.35821e-05,38830
8.93097e-05,6.79466e-05,38835
-8.97154e-05,-6.82552e-05,38837
7.20335e-06,5.48029e-06,38838
-4.67324e-06,-3.55539e-06,38842
2.77435e-06,2.11072e-06,38844
4.8275e-05,3.67275e-05,38859
-4.05801e-05,-3.08732e-05,38861
2.83571e-06,2.1574e-06,38862
-5.04368e-05,-3.83722e-05,38867
5.17625e-05,3.93807e-05,38869
-4.57611e-06,-3.48149e-06,38870
3.59245e-06,2.73312e-06,38874
-2.08796e-06,-1.58852e-06,38876
2.77267e-05,2.10944e-05,38883
-2.79067e-05,-2.12314e-05,38885
2.46979e-06,1.87901e-06,38886
-2.2451e-06,-1.70807e-06,38890
1.30018e-06,9.89171e-07,38892
2.04303e-07,1.55431e-07,38898
-1.28529e-07,-9.77844e-08,38900
5.02325e-07,3.82168e-07,39039
-1.04692e-05,-7.96492e-06,39103
8.32038e-05,6.33013e-05,39135
-9.58695e-05,-7.29373e-05,39151
3.84867e-05,2.92806e-05,39159
-4.16039e-05,-3.16522e-05,39163
2.77267e-05,2.10944e-05,39165
-2.03947e-06,-1.55162e-06,39166
1.45404e-05,1.10623e-05,39231
-0.000139063,-0.000105799,39263
0.000163982,0.000124757,39279
-6.86484e-05,-5.22275e-05,39287
7.55452e-05,5.74746e-05,39291
-5.04368e-05,-3.83722e-05,39293
3.6871e-06,2.80514e-06,39294
7.57057e-05,5.75967e-05,39327
-0.000118854,-9.04241e-05,39343
8.18514e-05,6.22723e-05,39351
-0.00012608,-9.59211e-05,39355
8.93097e-05,6.79466e-05,39357
-6.18287e-06,-4.70391e-06,39358
3.49629e-05,2.65997e-05,39375
-0.000199271,-0.000151604,39383
0.000500246,0.000380586,39387
-0.000380081,-0.000289164,39389
2.51235e-05,1.91139e-05,39390
0.000141431,0.0001076,39399
-0.000469383,-0.000357106,39403
0.000366787,0.000279051,39405
-2.38899e-05,-1.81754e-05,39406
6.02274e-05,4.58209e-05,39411
-5.81739e-05,-4.42585e-05,39413
4.29816e-06,3.27003e-06,39414
-2.52484e-06,-1.92089e-06,39418
1.5228e-06,1.15855e-06,39420
7.17253e-05,5.45684e-05,39519
-9.45893e-05,-7.19633e-05,39535
5.25436e-05,3.9975e-05,39543
-6.95833e-05,-5.29388e-05,39547
4.8275e-05,3.67275e-05,39549
-3.44324e-06,-2.61961e-06,39550
-0.000307357,-0.000233836,39583
0.000518881,0.000394764,39599
-0.000449038,-0.000341627,39607
0.000795036,0.000604861,39611
-0.000579926,-0.000441206,39613
4.02402e-05,3.06146e-05,39614
-0.000224656,-0.000170918,39631
0.0014744,0.00112172,39639
-0.00391129,-0.0029757,39643
0.00300433,0.00228569,39645
-0.000200973,-0.0001529,39646
-0.00107223,-0.000815753,39655
0.00370578,0.00281934,39659
-0.00291915,-0.00222088,39661
0.000192708,0.000146611,39662
-0.000469383,-0.000357106,39667
0.000456859,0.000347577,39669
-3.43421e-05,-2.61274e-05,39670
1.99414e-05,1.51713e-05,39674
-1.2018e-05,-9.14327e-06,39676
0.000221237,0.000168317,39711
-0.000379833,-0.000288976,39727
0.000356855,0.000271494,39735
-0.000666231,-0.000506867,39739
0.000491317,0.000373793,39741
-3.4132e-05,-2.59676e-05,39742
0.000212918,0.000161987,39759
-0.00148991,-0.00113352,39767
0.00406068,0.00308935,39771
-0.00313508,-0.00238516,39773
0.000210686,0.00016029,39774
0.00110551,0.00084107,39783
-0.00391129,-0.0029757,39787
0.00309495,0.00235463,39789
-0.000205609,-0.000156427,39790
0.000500246,0.000380586,39795
-0.000490158,-0.000372911,39797
3.73987e-05,2.84528e-05,39798
-2.18412e-05,-1.66168e-05,39802
1.31332e-05,9.99167e-06,39804
-2.1792e-05,-1.65793e-05,39823
0.000203435,0.000154773,39831
-0.000666231,-0.000506867,39835
0.000527097,0.000401014,39837
-3.58574e-05,-2.72802e-05,39838
-0.00018721,-0.000142429,39847
0.000795036,0.000604861,39851
-0.000644762,-0.000490533,39853
4.38709e-05,3.33769e-05,39854
-0.00012608,-9.59211e-05,39859
0.000128213,9.75439e-05,39861
-1.06404e-05,-8.09519e-06,39862
6.94995e-06,5.2875e-06,39866
-4.1063e-06,-3.12406e-06,39868
-6.95833e-05,-5.29388e-05,39883
5.92722e-05,4.50941e-05,39885
-4.27758e-06,-3.25437e-06,39886
7.55452e-05,5.74746e-05,39891
-7.93902e-05,-6.03998e-05,39893
7.41846e-06,5.64394e-06,39894
-6.06124e-06,-4.61137e-06,39898
3.49979e-06,2.66263e-06,39900
-4.16039e-05,-3.16522e-05,39907
4.30933e-05,3.27853e-05,39909
-4.07208e-06,-3.09803e-06,39910
3.942e-06,2.99906e-06,39914
-2.26871e-06,-1.72603e-06,39916
-3.53587e-07,-2.69008e-07,39922
2.23446e-07,1.69996e-07,39924
-8.45051e-06,-6.42912e-06,40031
1.18006e-05,8.97786e-06,40047
-7.8243e-06,-5.95271e-06,40055
1.21501e-05,9.24376e-06,40059
-8.79597e-06,-6.69195e-06,40061
6.38808e-07,4.86004e-07,40062
5.3338e-05,4.05794e-05,40095
-9.24495e-05,-7.03353e-05,40111
9.22731e-05,7.02012e-05,40119
-0.00018721,-0.000142429,40123
0.000141578,0.000107712,40125
-1.01569e-05,-7.72738e-06,40126
5.11186e-05,3.88909e-05,40143
-0.000377484,-0.000287189,40151
0.00110551,0.00084107,40155
-0.000872113,-0.000663501,40157
6.09746e-05,4.63893e-05,40158
0.000283288,0.000215525,40167
-0.00107223,-0.000815753,40171
0.000866041,0.000658882,40173
-6.0114e-05,-4.57346e-05,40174
0.000141431,0.0001076,40179
-0.000141577,-0.000107711,40181
1.14764e-05,8.73124e-06,40182
-6.65958e-06,-5.06659e-06,40186
3.97222e-06,3.02206e-06,40188
-4.971e-05,-3.78192e-05,40223
8.71731e-05,6.6321e-05,40239
-9.45321e-05,-7.19198e-05,40247
0.000203435,0.000154773,40251
-0.000155762,-0.000118503,40253
1.12397e-05,8.55113e-06,40254
-6.24701e-05,-4.75271e-05,40271
0.000491728,0.000374105,40279
-0.00148991,-0.00113352,40283
0.00118368,0.000900544,40285
-8.34587e-05,-6.34951e-05,40286
-0.000377484,-0.000287189,40295
0.0014744,0.00112172,40299
-0.00119895,-0.000912157,40301
8.4121e-05,6.3999e-05,40302
-0.000199271,-0.000151604,40307
0.000201453,0.000153265,40309
-1.67078e-05,-1.27112e-05,40310
9.80853e-06,7.4623e-06,40314
-5.82765e-06,-4.43366e-06,40316
8.79878e-06,6.69408e-06,40335
-9.45321e-05,-7.19198e-05,40343
0.000356855,0.000271494,40347
-0.0002929,-0.000222837,40349
2.1281e-05,1.61905e-05,40350
9.22731e-05,7.02012e-05,40359
-0.000449038,-0.000341627,40363
0.000377715,0.000287365,40365
-2.77109e-05,-2.10824e-05,40366
8.18514e-05,6.22723e-05,40371
-8.72192e-05,-6.63561e-05,40373
8.15178e-06,6.20185e-06,40374
-5.58979e-06,-4.25269e-06,40378
3.24522e-06,2.46895e-06,40380
5.25436e-05,3.9975e-05,40395
-4.69703e-05,-3.57349e-05,40397
3.791e-06,2.88418e-06,40398
-6.86484e-05,-5.22275e-05,40403
7.84055e-05,5.96507e-05,40405
-8.72953e-06,-6.6414e-06,40406
8.17969e-06,6.22309e-06,40410
-4.64668e-06,-3.53518e-06,40412
3.84867e-05,2.92806e-05,40419
-4.41427e-05,-3.35836e-05,40421
5.11191e-06,3.88913e-06,40422
-5.97494e-06,-4.54572e-06,40426
3.39406e-06,2.58219e-06,40428
5.14128e-07,3.91148e-07,40434
-3.30249e-07,-2.51253e-07,40436
4.84888e-06,3.68901e-06,40527
-6.24701e-05,-4.75271e-05,40535
0.000212918,0.000161987,40539
-0.000173918,-0.000132317,40541
1.27846e-05,9.72645e-06,40542
5.11186e-05,3.88909e-05,40551
-0.000224656,-0.000170918,40555
0.000188041,0.000143061,40557
-1.39055e-05,-1.05792e-05,40558
3.49629e-05,2.65997e-05,40563
-3.69194e-05,-2.80882e-05,40565
3.40829e-06,2.59302e-06,40566
-2.13905e-06,-1.62738e-06,40570
1.24757e-06,9.49146e-07,40572
-7.10392e-06,-5.40464e-06,40591
8.71731e-05,6.6321e-05,40599
-0.000379833,-0.000288976,40603
0.000323191,0.000245883,40605
-2.50803e-05,-1.9081e-05,40606
-9.24495e-05,-7.03353e-05,40615
0.000518881,0.000394764,40619
-0.00045321,-0.000344801,40621
3.59311e-05,2.73363e-05,40622
-0.000118854,-9.04241e-05,40627
0.000133894,0.000101866,40629
-1.42687e-05,-1.08556e-05,40630
1.08325e-05,8.24137e-06,40634
-6.18307e-06,-4.70406e-06,40636
-9.45893e-05,-7.19633e-05,40651
8.93283e-05,6.79607e-05,40653
-8.14687e-06,-6.19812e-06,40654
0.000163982,0.000124757,40659
-0.000202635,-0.000154164,40661
2.62934e-05,2.00039e-05,40662
-2.79971e-05,-2.13001e-05,40666
1.57732e-05,1.20002e-05,40668
-9.58695e-05,-7.29373e-05,40675
0.000120669,9.18048e-05,40677
-1.65146e-05,-1.25642e-05,40678
2.23151e-05,1.69773e-05,40682
-1.26189e-05,-9.60041e-06,40684
-1.88434e-06,-1.4336e-06,40690
1.23071e-06,9.36324e-07,40692
4.0561e-06,3.08587e-06,40719
-4.971e-05,-3.78192e-05,40727
0.000221237,0.000168317,40731
-0.000189729,-0.000144345,40733
1.49855e-05,1.1401e-05,40734
5.3338e-05,4.05794e-05,40743
-0.000307357,-0.000233836,40747
0.000270886,0.00020609,40749
-2.19261e-05,-1.66813e-05,40750
7.57057e-05,5.75967e-05,40755
-8.66244e-05,-6.59036e-05,40757
9.56515e-06,7.27714e-06,40758
-7.52976e-06,-5.72862e-06,40762
4.28313e-06,3.25859e-06,40764
7.17253e-05,5.45684e-05,40779
-6.89462e-05,-5.24541e-05,40781
6.52709e-06,4.96579e-06,40782
-0.000139063,-0.000105799,40787
0.000175343,0.0001334,40789
-2.36036e-05,-1.79576e-05,40790
2.60386e-05,1.98101e-05,40794
-1.46552e-05,-1.11497e-05,40796
8.32038e-05,6.33013e-05,40803
-0.000107201,-8.1558e-05,40805
1.52497e-05,1.16019e-05,40806
-2.13847e-05,-1.62694e-05,40810
1.20916e-05,9.19926e-06,40812
1.79675e-06,1.36696e-06,40818
-1.18057e-06,-8.98176e-07,40820
-5.55184e-06,-4.22383e-06,40843
5.49009e-06,4.17684e-06,40845
-5.49456e-07,-4.18024e-07,40846
1.45404e-05,1.10623e-05,40851
-1.8915e-05,-1.43905e-05,40853
2.70014e-06,2.05426e-06,40854
-3.45546e-06,-2.62891e-06,40858
1.94863e-06,1.48251e-06,40860
-1.04692e-05,-7.96492e-06,40867
1.40123e-05,1.06605e-05,40869
-2.13117e-06,-1.62139e-06,40870
3.51176e-06,2.67173e-06,40874
-1.99504e-06,-1.51782e-06,40876
-3.40721e-07,-2.59218e-07,40882
2.29061e-07,1.74268e-07,40884
-2.24581e-07,-1.7086e-07,40906
1.30435e-07,9.92355e-08,40908
1.87726e-07,1.42821e-07,40914
-1.24148e-07,-9.44514e-08,40916
-1.09222e-07,-8.30963e-08,40930
7.03663e-08,5.35342e-08,40932
4.23491e-06,3.22191e-06,41663
-2.82399e-05,-2.14849e-05,41695
3.08634e-05,2.34808e-05,41711
-1.0312e-05,-7.84535e-06,41719
9.22619e-06,7.01926e-06,41723
-5.89388e-06,-4.48405e-06,41725
4.6836e-07,3.56325e-07,41726
-4.6961e-06,-3.57278e-06,41791
3.87918e-05,2.95127e-05,41823
-4.39686e-05,-3.34512e-05,41839
1.63094e-05,1.24081e-05,41847
-1.63286e-05,-1.24227e-05,41851
1.07432e-05,8.17337e-06,41853
-8.32241e-07,-6.33164e-07,41854
-1.54958e-05,-1.17892e-05,41887
2.37761e-05,1.80888e-05,41903
-1.5711e-05,-1.19529e-05,41911
2.47399e-05,1.8822e-05,41915
-1.77956e-05,-1.35389e-05,41917
1.28519e-06,9.77771e-07,41918
-6.11082e-06,-4.6491e-06,41935
3.44719e-05,2.62261e-05,41943
-9.06216e-05,-6.89446e-05,41947
7.01474e-05,5.33679e-05,41949
-4.85882e-06,-3.69658e-06,41950
-2.443e-05,-1.85863e-05,41959
8.50018e-05,6.46692e-05,41963
-6.76527e-05,-5.147e-05,41965
4.63133e-06,3.5235e-06,41966
-1.11484e-05,-8.4817e-06,41971
1.09548e-05,8.33439e-06,41973
-8.57413e-07,-6.52318e-07,41974
4.95079e-07,3.76655e-07,41978
-2.96721e-07,-2.25745e-07,41980
1.22424e-06,9.31395e-07,42111
-2.59404e-05,-1.97354e-05,42175
0.000210463,0.00016012,42207
-0.000248773,-0.000189265,42223
0.000112344,8.54708e-05,42231
-0.000139549,-0.000106169,42235
9.71867e-05,7.39393e-05,42237
-7.37189e-06,-5.60852e-06,42238
3.64775e-05,2.7752e-05,42303
-0.000355378,-0.00027037,42335
0.000429979,0.000327127,42351
-0.000202125,-0.000153776,42359
0.00025481,0.000193859,42363
-0.000177627,-0.000135138,42365
1.34023e-05,1.01964e-05,42366
0.000209825,0.000159635,42399
-0.000337035,-0.000256415,42415
0.000257212,0.000195686,42423
-0.000443653,-0.00033753,42427
0.000325153,0.000247376,42429
-2.34964e-05,-1.7876e-05,42430
0.000108766,8.27491e-05,42447
-0.000675548,-0.000513955,42455
0.0018508,0.00140808,42459
-0.00144282,-0.0010977,42461
0.000100484,7.64483e-05,42462
0.000488628,0.000371747,42471
-0.00175763,-0.0013372,42475
0.00140651,0.00107007,42477
-9.69207e-05,-7.3737e-05,42478
0.00023118,0.000175881,42483
-0.000228478,-0.000173826,42485
1.80841e-05,1.37583e-05,42486
-1.04498e-05,-7.95014e-06,42490
6.25644e-06,4.75988e-06,42492
0.000184804,0.000140599,42591
-0.000250277,-0.00019041,42607
0.000154372,0.000117446,42615
-0.000229797,-0.000174829,42619
0.000165352,0.000125799,42621
-1.22591e-05,-9.32672e-06,42622
-0.00085848,-0.000653129,42655
0.00147326,0.00112085,42671
-0.00139151,-0.00105866,42679
0.00273361,0.00207973,42683
-0.00205857,-0.00156616,42685
0.000149899,0.000114043,42686
-0.000687785,-0.000523265,42703
0.00484692,0.00368752,42711
-0.0139722,-0.01063,42715
0.0110131,0.00837877,42717
-0.000778879,-0.000592569,42718
-0.00358256,-0.0027256,42727
0.0133751,0.0101757,42731
-0.010795,-0.00821283,42733
0.000756434,0.000575493,42734
-0.00173942,-0.00132334,42739
0.00173349,0.00131883,42741
-0.000140067,-0.000106563,42742
7.99438e-05,6.0821e-05,42746
-4.77792e-05,-3.63503e-05,42748
0.000631112,0.000480148,42783
-0.00109835,-0.000835625,42799
0.00112219,0.00085376,42807
-0.00232403,-0.00176812,42811
0.00176945,0.00134619,42813
-0.000129354,-9.84125e-05,42814
0.000661376,0.000503173,42831
-0.00495833,-0.00377228,42839
0.0147069,0.011189,42843
-0.0116608,-0.0088715,42845
0.000830657,0.000631962,42846
0.00374097,0.00284612,42855
-0.0143265,-0.0108995,42859
0.0116269,0.00884568,42861
-0.000822372,-0.000625658,42862
0.00189162,0.00143914,42867
-0.00190118,-0.00144641,42869
0.000156788,0.000119284,42870
-9.0382e-05,-6.87624e-05,42874
5.38288e-05,4.09528e-05,42876
-7.13453e-05,-5.42793e-05,42895
0.000716871,0.000545393,42903
-0.00258335,-0.00196541,42907
0.00210641,0.00160255,42909
-0.000153795,-0.000117007,42910
-0.000676049,-0.000514336,42919
0.00314648,0.00239383,42923
-0.00262912,-0.00200023,42925
0.000193279,0.000147046,42926
-0.000533591,-0.000405955,42931
0.000561998,0.000427567,42933
-5.1804e-05,-3.94123e-05,42934
3.457e-05,2.63008e-05,42938
-2.01513e-05,-1.5331e-05,42940
-0.000299845,-0.000228121,42955
0.000264971,0.000201589,42957
-2.12069e-05,-1.61342e-05,42958
0.000356467,0.000271199,42963
-0.000396634,-0.000301758,42965
4.31658e-05,3.28404e-05,42966
-3.913e-05,-2.977e-05,42970
2.2382e-05,1.70282e-05,42972
-0.0001977,-0.000150409,42979
0.000218936,0.000166566,42981
-2.45969e-05,-1.87132e-05,42982
2.76745e-05,2.10547e-05,42986
-1.58632e-05,-1.20687e-05,42988
-2.53018e-06,-1.92496e-06,42994
1.64039e-06,1.248e-06,42996
-1.23274e-06,-9.37861e-07,43135
2.54062e-05,1.93289e-05,43199
-0.000216163,-0.000164456,43231
0.000263124,0.000200184,43247
-0.00013159,-0.000100113,43255
0.000179133,0.000136284,43259
-0.000127507,-9.70073e-05,43261
9.64963e-06,7.34141e-06,43262
-3.68062e-05,-2.80021e-05,43327
0.000371713,0.000282798,43359
-0.000460658,-0.000350468,43375
0.000235453,0.000179132,43383
-0.000320056,-0.000243498,43387
0.000227316,0.000172941,43389
-1.71537e-05,-1.30505e-05,43390
-0.00024125,-0.000183543,43423
0.000392924,0.000298935,43439
-0.000314676,-0.000239405,43447
0.00056371,0.000428869,43451
-0.000417064,-0.000317301,43453
3.03396e-05,2.30823e-05,43454
-0.000134275,-0.000102156,43471
0.000863387,0.000656862,43479
-0.00242317,-0.00184354,43483
0.00190043,0.00144584,43485
-0.000133627,-0.000101663,43486
-0.00062964,-0.000479028,43495
0.00231412,0.00176058,43499
-0.00186195,-0.00141656,43501
0.000129689,9.8667e-05,43502
-0.000306652,-0.0002333,43507
0.00030479,0.000231884,43509
-2.44881e-05,-1.86305e-05,43510
1.41339e-05,1.0753e-05,43514
-8.44581e-06,-6.42555e-06,43516
-0.000250997,-0.000190958,43615
0.000345379,0.000262764,43631
-0.000223252,-0.00016985,43639
0.000345379,0.000262764,43643
-0.000250997,-0.000190958,43645
1.87011e-05,1.42277e-05,43646
0.00125817,0.000957214,43679
-0.00217401,-0.00165398,43695
0.0021182,0.00161152,43703
-0.00428261,-0.0032582,43707
0.00324963,0.00247231,43709
-0.000238488,-0.000181441,43710
0.00105294,0.000801074,43727
-0.0075921,-0.00577605,43735
0.0223273,0.0169866,43739
-0.0176948,-0.0134622,43741
0.00126322,0.000961054,43742
0.00564194,0.00429237,43751
-0.0214452,-0.0163155,43755
0.0173951,0.0132342,43757
-0.00123142,-0.000936865,43758
0.00280575,0.0021346,43763
-0.00280993,-0.00213779,43765
0.000230012,0.000174992,43766
-0.000130926,-9.9608e-05,43770
7.81222e-05,5.94351e-05,43772
-0.000949777,-0.000722588,43807
0.00166209,0.00126452,43823
-0.00174858,-0.00133032,43831
0.00372513,0.00283407,43835
-0.00285736,-0.00217387,43837
0.000210606,0.000160228,43838
-0.00103644,-0.00078852,43855
0.00794176,0.00604207,43863
-0.0240387,-0.0182886,43867
0.019165,0.0145807,43869
-0.00137823,-0.00104855,43870
-0.00602555,-0.00458422,43879
0.0235061,0.0178834,43883
-0.0191746,-0.014588,43885
0.00137029,0.00104252,43886
-0.00312821,-0.00237994,43891
0.00316021,0.00240428,43893
-0.000264111,-0.000200935,43894
0.000151999,0.000115641,43898
-9.03676e-05,-6.87514e-05,43900
0.000115545,8.79065e-05,43919
-0.00119023,-0.000905527,43927
0.00439129,0.00334088,43931
-0.00360156,-0.00274005,43933
0.000265597,0.000202065,43934
0.00113268,0.00086174,43943
-0.00538708,-0.00409848,43947
0.00452624,0.00344355,43949
-0.000336317,-0.000255869,43950
0.000929281,0.000706994,43955
-0.000984459,-0.000748974,43957
9.19486e-05,6.99543e-05,43958
-6.15158e-05,-4.6801e-05,43962
3.5792e-05,2.72305e-05,43964
0.000529034,0.000402488,43979
-0.000470104,-0.000357654,43981
3.80413e-05,2.89417e-05,43982
-0.000639451,-0.000486493,43987
0.000717081,0.000545553,43989
-7.89906e-05,-6.00958e-05,43990
7.1954e-05,5.47424e-05,43994
-4.10891e-05,-3.12605e-05,43996
0.000354844,0.000269964,44003
-0.000396634,-0.000301758,44005
4.51503e-05,3.43502e-05,44006
-5.11195e-05,-3.88916e-05,44010
2.92494e-05,2.22529e-05,44012
4.64181e-06,3.53147e-06,44018
-3.00502e-06,-2.28621e-06,44020
4.25519e-05,3.23734e-05,44127
-6.21582e-05,-4.72898e-05,44143
4.83052e-05,3.67505e-05,44151
-8.79837e-05,-6.69377e-05,44155
6.66816e-05,5.07312e-05,44157
-5.10267e-06,-3.8821e-06,44158
-0.000319494,-0.00024307,44191
0.000564502,0.000429471,44207
-0.000635159,-0.000483227,44215
0.00147218,0.00112003,44219
-0.00115698,-0.000880231,44221
8.81379e-05,6.70551e-05,44222
-0.000351841,-0.00026768,44239
0.00285133,0.00216928,44247
-0.00923221,-0.00702384,44251
0.00750874,0.00571263,44253
-0.000560749,-0.000426616,44254
-0.00218969,-0.00166591,44263
0.00909271,0.00691771,44267
-0.00755994,-0.00575158,44269
0.000563061,0.000428376,44270
-0.00125041,-0.000951309,44275
0.00128975,0.000981236,44277
-0.000114109,-8.68138e-05,44278
6.58202e-05,5.00758e-05,44282
-3.8804e-05,-2.9522e-05,44284
0.00031855,0.000242352,44319
-0.000565992,-0.000430605,44335
0.000684888,0.000521061,44343
-0.00167616,-0.00127522,44347
0.00133205,0.00101342,44349
-0.000102199,-7.77528e-05,44350
0.000451726,0.000343672,44367
-0.0038829,-0.0029541,44375
0.0129877,0.00988097,44379
-0.0106343,-0.00809058,44381
0.000801094,0.00060947,44382
0.00305103,0.00232122,44391
-0.013063,-0.00993827,44395
0.0109334,0.00831809,44397
-0.000823295,-0.00062636,44398
0.00185041,0.00140779,44403
-0.00192815,-0.00146693,44405
0.000174605,0.000132839,44406
-0.000102394,-7.79012e-05,44410
6.01163e-05,4.57363e-05,44412
-7.18111e-05,-5.46337e-05,44431
0.000843641,0.00064184,44439
-0.00352109,-0.00267883,44443
0.00297843,0.00226598,44445
-0.000232274,-0.000176713,44446
-0.00085026,-0.000646875,44455
0.00454079,0.00345462,44459
-0.00393311,-0.0029923,44461
0.000311035,0.000236635,44462
-0.000891664,-0.000678375,44467
0.00098159,0.000746791,44469
-0.000100517,-7.64734e-05,44470
7.07191e-05,5.38029e-05,44474
-4.06333e-05,-3.09137e-05,44476
-0.000583515,-0.000443937,44491
0.000538366,0.000409587,44493
-4.73529e-05,-3.60259e-05,44494
0.000828177,0.000630075,44499
-0.000984459,-0.000748974,44501
0.0001212,9.22086e-05,44502
-0.00012065,-9.179e-05,44506
6.83545e-05,5.20039e-05,44508
-0.000468437,-0.000356385,44515
0.000561998,0.000427567,44517
-7.24928e-05,-5.51523e-05,44518
9.14974e-05,6.9611e-05,44522
-5.20446e-05,-3.95954e-05,44524
-8.08066e-06,-6.14775e-06,44530
5.27682e-06,4.01459e-06,44532
0.000439686,0.000334512,44631
-0.00233639,-0.00177752,44635
0.00196467,0.00149471,44637
-0.00015419,-0.000117307,44638
-0.000524064,-0.000398707,44647
0.00252326,0.00191969,44651
-0.00217243,-0.00165278,44653
0.000172277,0.000131068,44654
-0.000420205,-0.000319691,44659
0.000457703,0.000348219,44661
-4.60648e-05,-3.5046e-05,44662
2.94751e-05,2.24245e-05,44666
-1.70061e-05,-1.29382e-05,44668
7.34796e-05,5.5903e-05,44687
-0.00100088,-0.00076147,44695
0.0048009,0.00365251,44699
-0.00419991,-0.00319528,44701
0.000348506,0.000265143,44702
0.00110415,0.000840037,44711
-0.00674253,-0.0051297,44715
0.00604627,0.00459998,44717
-0.000513527,-0.00039069,44718
0.00166547,0.00126709,44723
-0.00192815,-0.00146693,44725
0.000221659,0.000168637,44726
-0.000173585,-0.000132063,44730
9.8547e-05,7.49743e-05,44732
0.00134765,0.00102529,44747
-0.00130501,-0.000992848,44749
0.000127654,9.7119e-05,44750
-0.00249358,-0.00189711,44755
0.00316021,0.00240428,44757
-0.000439882,-0.000334661,44758
0.000489291,0.000372251,44762
-0.000276238,-0.000210161,44764
0.00147076,0.00111895,44771
-0.00190118,-0.00144641,44773
0.000279694,0.000212791,44774
-0.000397496,-0.000302414,44778
0.000225922,0.000171881,44780
3.45256e-05,2.6267e-05,44786
-2.28879e-05,-1.74131e-05,44788
-4.24838e-05,-3.23216e-05,44815
0.000583905,0.000444234,44823
-0.00287509,-0.00218736,44827
0.00253643,0.00192971,44829
-0.000214366,-0.000163089,44830
-0.000655929,-0.000499029,44839
0.00412147,0.00313561,44843
-0.00372945,-0.00283735,44845
0.00032329,0.000245958,44846
-0.00109801,-0.000835362,44851
0.00128975,0.000981236,44853
-0.000153177,-0.000116537,44854
0.000124576,9.47771e-05,44858
-7.05798e-05,-5.36969e-05,44860
-0.00106147,-0.000807563,44875
0.00104427,0.000794479,44877
-0.000105601,-8.03408e-05,44878
0.00218013,0.00165864,44883
-0.00280993,-0.00213779,44885
0.000403504,0.000306985,44886
-0.000463889,-0.000352925,44890
0.000261904,0.000199256,44892
-0.00131538,-0.00100074,44899
0.00173349,0.00131883,44901
-0.000263438,-0.000200423,44902
0.000387171,0.000294558,44906
-0.00022021,-0.000167535,44908
-3.35141e-05,-2.54974e-05,44914
2.23523e-05,1.70056e-05,44916
8.18383e-05,6.22624e-05,44939
-8.30611e-05,-6.31927e-05,44941
8.9328e-06,6.79605e-06,44942
-0.000229307,-0.000174456,44947
0.00030479,0.000231884,44949
-4.64987e-05,-3.53761e-05,44950
6.23355e-05,4.74247e-05,44954
-3.53448e-05,-2.68903e-05,44956
0.000167189,0.000127197,44963
-0.000228478,-0.000173826,44965
3.7149e-05,2.82628e-05,44966
-6.43833e-05,-4.89826e-05,44970
3.68762e-05,2.80553e-05,44972
6.48843e-06,4.93638e-06,44978
-4.43538e-06,-3.37443e-06,44980
-2.48926e-06,-1.89382e-06,45004
-3.56977e-06,-2.71587e-06,45010
2.40656e-06,1.8309e-06,45012
2.0679e-06,1.57326e-06,45026
-1.35742e-06,-1.03272e-06,45028
-0.000295012,-0.000224444,45775
0.0023517,0.00178916,45783
-0.00763291,-0.0058071,45787
0.00622656,0.00473715,45789
-0.000470306,-0.000357808,45790
-0.00179245,-0.00136369,45799
0.0074556,0.0056722,45803
-0.0062143,-0.00472782,45805
0.000467597,0.000355746,45806
-0.00101364,-0.000771172,45811
0.00104427,0.000794479,45813
-9.24379e-05,-7.03265e-05,45814
5.2208e-05,3.97197e-05,45818
-3.08113e-05,-2.34412e-05,45820
0.000248381,0.000188968,45855
-0.000441457,-0.00033586,45871
0.000523901,0.000398582,45879
-0.00127718,-0.000971679,45883
0.00101716,0.00077385,45885
-7.8977e-05,-6.00855e-05,45886
0.000316177,0.000240546,45903
-0.00267827,-0.00203762,45911
0.00898069,0.00683248,45915
-0.00737611,-0.00561172,45917
0.000562223,0.000427738,45918
0.00208896,0.00158928,45927
-0.0089584,-0.00681553,45931
0.00751763,0.00571939,45933
-0.000572232,-0.000435352,45934
0.00125316,0.000953403,45939
-0.00130501,-0.000992848,45941
0.000118466,9.01285e-05,45942
-6.81968e-05,-5.1884e-05,45946
4.00627e-05,3.04796e-05,45948
-4.22169e-05,-3.21185e-05,45967
0.000487496,0.000370886,45975
-0.0020223,-0.00153856,45979
0.00171254,0.0013029,45981
-0.000134723,-0.000102497,45982
-0.000485025,-0.000369006,45991
0.00257322,0.0019577,45995
-0.00223042,-0.0016969,45997
0.000177701,0.000135194,45998
-0.000490282,-0.000373006,46003
0.000538366,0.000409587,46005
-5.50726e-05,-4.18991e-05,46006
3.80826e-05,2.89732e-05,46010
-2.19015e-05,-1.66626e-05,46012
0.000271429,0.000206502,46029
-2.38639e-05,-1.81556e-05,46030
0.000399038,0.000303587,46035
-0.000470104,-0.000357654,46037
5.74095e-05,4.3677e-05,46038
-5.60758e-05,-4.26623e-05,46042
3.18368e-05,2.42214e-05,46044
-0.000223693,-0.000170185,46051
0.000264971,0.000201589,46053
-3.37891e-05,-2.57067e-05,46054
4.17848e-05,3.17898e-05,46058
-2.38337e-05,-1.81326e-05,46060
-3.77634e-06,-2.87303e-06,46066
2.46964e-06,1.8789e-06,46068
-6.00295e-05,-4.56703e-05,46175
9.23649e-05,7.0271e-05,46191
-8.57149e-05,-6.52116e-05,46199
0.000184905,0.000140675,46203
-0.000146519,-0.000111471,46205
1.17601e-05,8.94708e-06,46206
0.000573166,0.000436063,46239
-0.00102821,-0.000782261,46255
0.00130979,0.000996486,46263
-0.00346954,-0.00263962,46267
0.00282585,0.0021499,46269
-0.000226595,-0.000172393,46270
0.00074092,0.00056369,46287
-0.00664304,-0.00505401,46295
0.0237337,0.0180565,46299
-0.019849,-0.0151011,46301
0.00156623,0.00119158,46302
0.00525543,0.00399832,46311
-0.0239187,-0.0181973,46315
0.020431,0.0155438,46317
-0.00161606,-0.00122949,46318
0.00350317,0.0026652,46323
-0.00372945,-0.00283735,46325
0.000359028,0.000273147,46326
-0.000211646,-0.00016102,46330
0.000123238,9.37591e-05,46332
-0.00063942,-0.000486469,46367
0.0011447,0.000870887,46383
-0.00154527,-0.00117564,46391
0.00429392,0.0032668,46395
-0.00353034,-0.00268587,46397
0.000285085,0.000216892,46398
-0.00103644,-0.00078852,46415
0.0098001,0.00745589,46423
-0.0360702,-0.0274421,46427
0.0303413,0.0230836,46429
-0.00241174,-0.00183485,46430
-0.0079342,-0.00603631,46439
0.0371507,0.0282642,46443
-0.0319198,-0.0242845,46445
0.00254841,0.00193882,46446
-0.00562751,-0.00428139,46451
0.00604627,0.00459998,46453
-0.000593709,-0.000451692,46454
0.000356583,0.000271287,46458
-0.000206931,-0.000157433,46460
0.000202266,0.000153883,46479
-0.00262715,-0.00199873,46487
0.0120775,0.00918852,46491
-0.0104861,-0.00797779,46493
0.000864237,0.000657509,46494
0.00275933,0.00209929,46503
-0.0161007,-0.0122493,46507
0.0143048,0.0108831,46509
-0.0012,-0.000912956,46510
0.00346869,0.00263897,46515
-0.00393311,-0.0029923,46517
0.000434366,0.000330465,46518
-0.000318475,-0.000242295,46522
0.000181673,0.000138216,46524
-0.00223042,-0.0016969,46541
0.000210121,0.000159859,46542
-0.00367845,-0.00279855,46547
0.00452624,0.00344355,46549
-0.000603405,-0.000459069,46550
0.000639714,0.000486692,46554
-0.000362684,-0.000275929,46556
0.00210711,0.00160308,46563
-0.00262912,-0.00200023,46565
0.000369451,0.000281077,46566
-0.000502063,-0.000381968,46570
0.000286693,0.000218115,46572
4.51979e-05,3.43865e-05,46578
-2.9987e-05,-2.2814e-05,46580
0.00680651,0.00517838,46683
-0.00829381,-0.00630991,46685
0.000683505,0.000520009,46686
0.00204458,0.00155551,46695
-0.0107273,-0.0081613,46699
0.0094579,0.00719554,46701
-0.000790707,-0.000601568,46702
0.00194063,0.00147643,46707
-0.00217243,-0.00165278,46709
0.000234277,0.000178237,46710
-0.000155031,-0.000117947,46714
8.87508e-05,6.75214e-05,46716
-0.000307747,-0.000234133,46735
0.00464419,0.00353329,46743
-0.0241499,-0.0183732,46747
0.0215684,0.0164092,46749
-0.00187268,-0.00142473,46750
-0.00533826,-0.00406133,46759
0.0349171,0.0265648,46763
-0.0319198,-0.0242845,46765
0.0028387,0.00215968,46766
-0.00926117,-0.00704587,46771
0.0109334,0.00831809,46773
-0.00132238,-0.00100606,46774
0.00106832,0.000812778,46778
-0.000605303,-0.000460513,46780
0.00751763,0.00571939,46797
-0.000768771,-0.000584879,46798
0.0148842,0.0113238,46803
-0.0191746,-0.014588,46805
0.00279013,0.00212272,46806
-0.00321538,-0.00244626,46810
0.00182185,0.00138606,46812
-0.00884038,-0.00672574,46819
0.0116269,0.00884568,46821
-0.00179102,-0.0013626,46822
0.00264795,0.00201455,46826
-0.00151349,-0.00115146,46828
-0.000234628,-0.000178505,46834
0.000157468,0.000119801,46836
0.000182708,0.000139004,46863
-0.00280308,-0.00213258,46871
0.014991,0.0114051,46875
-0.013498,-0.0102693,46877
0.00119252,0.000907268,46878
0.00329611,0.00250767,46887
-0.022166,-0.0168638,46891
0.020431,0.0155438,46893
-0.00185072,-0.00140802,46894
0.00632429,0.0048115,46899
-0.00755994,-0.00575158,46901
0.00094018,0.000715286,46902
-0.000787275,-0.000598957,46906
0.000445651,0.00033905,46908
-0.0062143,-0.00472782,46925
0.000653382,0.000497091,46926
-0.0133221,-0.0101354,46931
0.0173951,0.0132342,46933
-0.00259561,-0.00197473,46934
0.00307809,0.0023418,46938
-0.00174489,-0.0013275,46940
0.00808251,0.00614915,46947
-0.010795,-0.00821283,46949
0.00170669,0.00129844,46950
-0.00259597,-0.00197501,46954
0.00148514,0.00112989,46956
0.000229255,0.000174417,46962
-0.000154695,-0.000117691,46964
0.000485236,0.000369166,46989
-5.44858e-05,-4.14526e-05,46990
0.00138335,0.00105245,46995
-0.00186195,-0.00141656,46997
0.000295368,0.000224715,46998
-0.00040901,-0.000311174,47002
0.000233105,0.000177345,47004
-0.001017,-0.000773731,47011
0.00140651,0.00107007,47013
-0.000237818,-0.000180931,47014
0.00042642,0.000324419,47018
-0.000245868,-0.000187055,47020
-4.38927e-05,-3.33935e-05,47026
3.03419e-05,2.30841e-05,47028
1.67262e-05,1.27253e-05,47052
2.37929e-05,1.81015e-05,47058
-1.61819e-05,-1.23111e-05,47060
-1.37498e-05,-1.04608e-05,47074
9.09445e-06,6.91903e-06,47076
3.50756e-05,2.66854e-05,47199
-5.44265e-05,-4.14076e-05,47215
5.21512e-05,3.96765e-05,47223
-0.000116338,-8.85093e-05,47227
9.29756e-05,7.07356e-05,47229
-7.53184e-06,-5.7302e-06,47230
-0.000346967,-0.000263971,47263
0.000623229,0.000474151,47279
-0.000810096,-0.000616319,47287
0.00219905,0.00167303,47291
-0.00180256,-0.00137138,47293
0.000145863,0.000110972,47294
-0.000461817,-0.000351349,47311
0.00423309,0.00322052,47319
-0.0154479,-0.0117527,47323
0.0129921,0.00988434,47325
-0.00103592,-0.000788124,47326
-0.0033795,-0.00257111,47335
0.01571,0.0119521,47339
-0.013498,-0.0102693,47341
0.00108094,0.000822379,47342
-0.00236144,-0.00179657,47347
0.00253643,0.00192971,47349
-0.000249878,-0.000190107,47350
0.000150088,0.000114186,47354
-8.70988e-05,-6.62645e-05,47356
0.000397838,0.000302674,47391
-0.000712127,-0.000541784,47407
0.000979208,0.000744978,47415
-0.00278922,-0.00212203,47419
0.00230806,0.00175596,47421
-0.000188161,-0.000143152,47422
0.000661376,0.000503173,47439
-0.00639163,-0.00486274,47447
0.0240251,0.0182782,47451
-0.0203211,-0.0154602,47453
0.00163205,0.00124166,47454
0.00522148,0.00397249,47463
-0.0249604,-0.0189898,47467
0.0215684,0.0164092,47469
-0.00174286,-0.00132596,47470
0.00387683,0.00294948,47475
-0.00419991,-0.00319528,47477
0.000421258,0.000320492,47478
-0.000257179,-0.000195661,47482
0.000148808,0.000113213,47484
-0.00013855,-0.000105408,47503
0.00184862,0.00140643,47511
-0.00870277,-0.00662104,47515
0.00760155,0.00578324,47517
-0.000634187,-0.000482487,47518
-0.00196677,-0.00149631,47527
0.0117318,0.00892548,47531
-0.0104861,-0.00797779,47533
0.000891601,0.000678328,47534
-0.00260612,-0.00198273,47539
0.00297843,0.00226598,47541
-0.000335502,-0.000255249,47542
0.000250182,0.000190338,47546
-0.000142526,-0.000108434,47548
0.00171254,0.0013029,47565
-0.000164262,-0.00012497,47566
0.00289917,0.00220568,47571
-0.00360156,-0.00274005,47573
0.00049087,0.000373452,47574
-0.00053204,-0.000404775,47578
0.000301964,0.000229733,47580
-0.00166978,-0.00127037,47587
0.00210641,0.00160255,47589
-0.000303213,-0.000230683,47590
0.000422452,0.0003214,47594
-0.00024172,-0.0001839,47596
-3.82766e-05,-2.91207e-05,47602
2.55411e-05,1.94316e-05,47604
0.00508241,0.00386668,47709
-0.000598741,-0.00045552,47710
-0.00174193,-0.00132526,47719
0.00935236,0.00711525,47723
-0.00829381,-0.00630991,47725
0.000701872,0.000533982,47726
-0.00174193,-0.00132526,47731
0.00196467,0.00149471,47733
-0.000215805,-0.000164184,47734
0.000144982,0.000110302,47738
-8.28594e-05,-6.30392e-05,47740
0.000275227,0.000209392,47759
-0.00426826,-0.00324728,47767
0.022643,0.0172267,47771
-0.0203211,-0.0154602,47773
0.00178295,0.00135646,47774
0.00496629,0.00377834,47783
-0.0330391,-0.0251361,47787
0.0303413,0.0230836,47789
-0.00272772,-0.00207524,47790
0.00896174,0.00681807,47795
-0.0106343,-0.00809058,47797
0.00130395,0.000992042,47798
-0.00106718,-0.000811908,47802
0.000604774,0.00046011,47804
-0.00737611,-0.00561172,47821
0.000763455,0.000580834,47822
-0.0148075,-0.0112655,47827
0.019165,0.0145807,47829
-0.00282684,-0.00215065,47830
0.00330617,0.00251532,47834
-0.00187722,-0.00142818,47836
0.00882167,0.0067115,47843
-0.0116608,-0.0088715,47845
0.00182243,0.0013865,47846
-0.00273847,-0.00208342,47850
0.00156966,0.00119419,47852
0.000244519,0.000186029,47858
-0.000165001,-0.000125532,47860
-0.000166433,-0.000126622,47887
0.00262967,0.00200065,47895
-0.0143586,-0.0109239,47899
0.0129921,0.00988434,47901
-0.00116014,-0.000882628,47902
-0.00313456,-0.00238477,47911
0.0214389,0.0163106,47915
-0.019849,-0.0151011,47917
0.00181738,0.00138266,47918
-0.0062519,-0.00475643,47923
0.00750874,0.00571263,47925
-0.000946062,-0.000719761,47926
0.000802603,0.000610618,47930
-0.000454615,-0.00034587,47932
0.00622656,0.00473715,47949
-0.000662033,-0.000503673,47950
0.0134989,0.0102699,47955
-0.0176948,-0.0134622,47957
0.00267417,0.0020345,47958
-0.00321791,-0.00244818,47962
0.00182869,0.00139126,47964
-0.00821195,-0.00624763,47971
0.0110131,0.00837877,47973
-0.00176504,-0.00134284,47974
0.00272825,0.00207564,47978
-0.00156587,-0.00119131,47980
-0.000243192,-0.00018502,47986
0.000165077,0.00012559,47988
-0.000485116,-0.000369075,48013
5.53128e-05,4.20818e-05,48014
-0.00140556,-0.00106935,48019
0.00190043,0.00144584,48021
-0.000306409,-0.000233115,48022
0.000433117,0.000329514,48026
-0.000247856,-0.000188568,48028
0.00103862,0.000790178,48035
-0.00144282,-0.0010977,48037
0.000248217,0.000188843,48038
-0.000455142,-0.000346271,48042
0.000263783,0.000200685,48044
4.77476e-05,3.63262e-05,48050
-3.33125e-05,-2.53441e-05,48052
-1.84267e-05,-1.4019e-05,48076
-2.62382e-05,-1.99619e-05,48082
1.81085e-05,1.37769e-05,48084
1.51203e-05,1.15035e-05,48098
-1.01554e-05,-7.72618e-06,48100
3.59528e-05,2.73528e-05,48222
0.000141472,0.000107631,48231
-0.000796465,-0.000605948,48235
0.000714378,0.000543497,48237
-6.18926e-05,-4.70877e-05,48238
0.00016033,0.000121979,48243
-0.000183933,-0.000139935,48245
2.10887e-05,1.60442e-05,48246
-1.48951e-05,-1.13322e-05,48250
8.49578e-06,6.46357e-06,48252
-2.81979e-05,-2.14529e-05,48271
0.00045984,0.000349845,48279
-0.00254368,-0.00193523,48283
0.00230806,0.00175596,48285
-0.000207799,-0.000158093,48286
-0.000551137,-0.000419304,48295
0.00380352,0.00289371,48299
-0.00353034,-0.00268587,48301
0.000326135,0.000248123,48302
-0.00110648,-0.000841808,48307
0.00133205,0.00101342,48309
-0.000170162,-0.000129459,48310
0.000146772,0.000111664,48314
-8.34491e-05,-6.34879e-05,48316
0.00101716,0.00077385,48333
-0.000109485,-8.32963e-05,48334
0.00217373,0.00165376,48339
-0.00285736,-0.00217387,48341
0.000441793,0.000336115,48342
-0.000548659,-0.000417418,48346
0.000314494,0.000239266,48348
-0.00131588,-0.00100112,48355
0.00176945,0.00134619,48357
-0.000291027,-0.000221412,48358
0.000466523,0.000354929,48362
-0.000270644,-0.000205906,48364
-4.27906e-05,-3.2555e-05,48370
2.95403e-05,2.24742e-05,48372
2.06613e-05,1.5719e-05,48399
-0.000344015,-0.000261725,48407
0.00196739,0.00149679,48411
-0.00180256,-0.00137138,48413
0.000165959,0.000126261,48414
0.00042403,0.000322601,48423
-0.00301659,-0.00229501,48427
0.00282585,0.0021499,48429
-0.00026691,-0.000203064,48430
0.000948867,0.000721895,48435
-0.00115698,-0.000880231,48437
0.000152429,0.000115967,48438
-0.000137185,-0.00010437,48442
7.81069e-05,5.94235e-05,48444
-0.00106147,-0.000807563,48461
0.000117643,8.95027e-05,48462
-0.0024427,-0.0018584,48467
0.00324963,0.00247231,48469
-0.000516149,-0.000392685,48470
0.000663203,0.000504563,48474
-0.00038134,-0.000290122,48476
0.00151069,0.00114933,48483
-0.00205857,-0.00156616,48485
0.000348213,0.000264919,48486
-0.000577852,-0.000439628,48490
0.000336551,0.000256047,48492
5.35783e-05,4.07622e-05,48498
-3.73523e-05,-2.84175e-05,48500
9.77935e-05,7.44011e-05,48525
-1.18285e-05,-8.99907e-06,48526
0.000303251,0.000230713,48531
-0.000417064,-0.000317301,48533
7.20955e-05,5.48501e-05,48534
-0.000112856,-8.58607e-05,48538
6.60091e-05,5.02196e-05,48540
-0.000230054,-0.000175024,48547
0.000325153,0.000247376,48549
-6.04222e-05,-4.5969e-05,48550
0.000123917,9.42754e-05,48554
-7.37617e-05,-5.61177e-05,48556
-1.447e-05,-1.10088e-05,48562
1.0582e-05,8.05077e-06,48564
6.43133e-06,4.89294e-06,48588
9.50048e-06,7.22794e-06,48594
-7.15349e-06,-5.44236e-06,48596
-5.40245e-06,-4.11017e-06,48610
3.99822e-06,3.04183e-06,48612
-0.000118693,-9.03011e-05,48739
0.000165352,0.000125799,48741
-3.00326e-05,-2.28487e-05,48742
5.51987e-05,4.1995e-05,48746
-3.28028e-05,-2.49563e-05,48748
-5.57742e-06,-4.24329e-06,48754
4.04815e-06,3.07982e-06,48756
-5.49635e-05,-4.18161e-05,48781
6.70228e-06,5.09908e-06,48782
-0.000164811,-0.000125388,48787
0.000227316,0.000172941,48789
-4.10848e-05,-3.12572e-05,48790
7.05448e-05,5.36703e-05,48794
-4.24067e-05,-3.22629e-05,48796
0.000124927,9.50441e-05,48803
-0.000177627,-0.000135138,48805
3.51919e-05,2.67739e-05,48806
-8.1199e-05,-6.1776e-05,48810
5.00505e-05,3.80783e-05,48812
1.11861e-05,8.51034e-06,48818
-8.75007e-06,-6.65703e-06,48820
-6.17096e-06,-4.69485e-06,48844
-1.05589e-05,-8.03317e-06,48850
9.09134e-06,6.91667e-06,48852
6.0265e-06,4.58495e-06,48866
-5.21628e-06,-3.96853e-06,48868
3.22569e-05,2.4541e-05,48909
-3.88469e-06,-2.95546e-06,48910
9.28583e-05,7.06463e-05,48915
-0.000127507,-9.70073e-05,48917
2.28459e-05,1.73811e-05,48918
-3.88454e-05,-2.95535e-05,48922
2.34312e-05,1.78264e-05,48924
-6.86037e-05,-5.21935e-05,48931
9.71867e-05,7.39393e-05,48933
-1.91931e-05,-1.4602e-05,48934
4.43484e-05,3.37402e-05,48938
-2.75082e-05,-2.09282e-05,48940
-6.32111e-06,-4.80909e-06,48946
5.03603e-06,3.8314e-06,48948
4.05133e-06,3.08224e-06,48972
7.58754e-06,5.77258e-06,48978
-6.83042e-06,-5.19656e-06,48980
-4.39022e-06,-3.34007e-06,48994
4.00763e-06,3.04899e-06,48996
-3.25897e-07,-2.47942e-07,49036
-7.59093e-07,-5.77517e-07,49042
7.09947e-07,5.40125e-07,49044
5.08524e-07,3.86883e-07,49058
-4.92021e-07,-3.7433e-07,49060
2.78477e-06,2.11864e-06,49983
-2.31888e-05,-1.7642e-05,50015
2.65197e-05,2.01761e-05,50031
-1.02947e-05,-7.83217e-06,50039
1.10138e-05,8.3793e-06,50043
-7.42541e-06,-5.64923e-06,50045
5.84115e-07,4.44392e-07,50046
9.64283e-06,7.33624e-06,50079
-1.4946e-05,-1.13709e-05,50095
1.03375e-05,7.86474e-06,50103
-1.71772e-05,-1.30684e-05,50107
1.25748e-05,9.56687e-06,50109
-9.30731e-07,-7.08097e-07,50110
4.01886e-06,3.05754e-06,50127
-2.36357e-05,-1.7982e-05,50135
6.48225e-05,4.93168e-05,50139
-5.08648e-05,-3.86978e-05,50141
3.63312e-06,2.76407e-06,50142
1.69153e-05,1.28691e-05,50151
-6.12076e-05,-4.65666e-05,50155
4.93409e-05,3.75384e-05,50157
-3.49171e-06,-2.65648e-06,50158
8.13244e-06,6.18714e-06,50163
-8.09547e-06,-6.15902e-06,50165
6.59924e-07,5.02069e-07,50166
-3.78045e-07,-2.87615e-07,50170
2.25445e-07,1.71518e-07,50172
-7.45102e-07,-5.66871e-07,50303
1.58121e-05,1.20298e-05,50367
-0.000129648,-9.86359e-05,50399
0.000154914,0.000117858,50415
-7.33643e-05,-5.58153e-05,50423
9.66253e-05,7.35123e-05,50427
-6.86037e-05,-5.21935e-05,50429
5.30156e-06,4.03341e-06,50430
-2.23894e-05,-1.70338e-05,50495
0.000219973,0.000167355,50527
-0.000268865,-0.000204552,50543
0.000132116,0.000100513,50551
-0.000175943,-0.000133857,50555
0.000124927,9.50441e-05,50557
-9.60728e-06,-7.30919e-06,50558
-0.0001342,-0.000102099,50591
0.000217257,0.000165288,50607
-0.000171852,-0.000130744,50615
0.000309427,0.000235411,50619
-0.000230054,-0.000175024,50621
1.70197e-05,1.29486e-05,50622
-7.25051e-05,-5.51617e-05,50639
0.000464391,0.000353308,50647
-0.00131689,-0.00100188,50651
0.00103862,0.000790178,50653
-7.43819e-05,-5.65896e-05,50654
-0.000338376,-0.000257435,50663
0.00125691,0.000956257,50667
-0.001017,-0.000773731,50669
7.22098e-05,5.4937e-05,50670
-0.00016727,-0.000127258,50675
0.000167189,0.000127197,50677
-1.3722e-05,-1.04396e-05,50678
7.87983e-06,5.99496e-06,50682
-4.69621e-06,-3.57286e-06,50684
0.000162333,0.000123503,50799
-0.000104055,-7.91645e-05,50807
0.000162333,0.000123503,50811
-0.000118693,-9.03011e-05,50813
9.00145e-06,6.84828e-06,50814
0.000571632,0.000434896,50847
-0.00098648,-0.000750511,50863
0.000962968,0.000732624,50871
-0.00197646,-0.00150369,50875
0.00151069,0.00114933,50877
-0.00011306,-8.60158e-05,50878
0.000474656,0.000361117,50895
-0.00344161,-0.00261837,50903
0.010287,0.00782635,50907
-0.00821195,-0.00624763,50909
0.000599118,0.000455807,50910
0.00256161,0.00194887,50919
-0.00989335,-0.00752683,50923
0.00808251,0.00614915,50925
-0.000585437,-0.000445399,50926
0.00130362,0.000991789,50931
-0.00131538,-0.00100074,50933
0.000110598,8.41423e-05,50934
-6.26693e-05,-4.76786e-05,50938
3.72584e-05,2.83461e-05,50940
-0.000425792,-0.000323942,50975
0.000744371,0.000566315,50991
-0.000785649,-0.000597719,50999
0.00170211,0.00129496,51003
-0.00131588,-0.00100112,51005
9.90369e-05,7.5347e-05,51006
-0.000461817,-0.000351349,51023
0.00356344,0.00271106,51031
-0.010979,-0.00835278,51035
0.00882167,0.0067115,51037
-0.000649328,-0.000494007,51038
-0.00270899,-0.00206099,51047
0.0107536,0.00818133,51051
-0.00884038,-0.00672574,51053
0.00064756,0.000492662,51054
-0.00144363,-0.00109831,51059
0.00147076,0.00111895,51061
-0.000126636,-9.63444e-05,51062
7.26923e-05,5.53041e-05,51066
-4.30394e-05,-3.27443e-05,51068
5.141e-05,3.91126e-05,51087
-0.000534642,-0.000406754,51095
0.00201638,0.00153405,51099
-0.00166978,-0.00127037,51101
0.000126814,9.64795e-05,51102
0.000510607,0.000388469,51111
-0.00248297,-0.00188904,51115
0.00210711,0.00160308,51117
-0.000161652,-0.000122985,51118
0.000436614,0.000332175,51123
-0.000468437,-0.000356385,51125
4.56596e-05,3.47377e-05,51126
-3.09511e-05,-2.35475e-05,51130
1.79235e-05,1.36361e-05,51132
-0.000223693,-0.000170185,51149
1.89094e-05,1.43862e-05,51150
-0.000310236,-0.000236027,51155
0.000354844,0.000269964,51157
-4.15422e-05,-3.16052e-05,51158
3.95949e-05,3.01237e-05,51162
-2.26066e-05,-1.71991e-05,51164
0.000172911,0.00013155,51171
-0.0001977,-0.000150409,51173
2.40817e-05,1.83213e-05,51174
-2.89505e-05,-2.20255e-05,51178
1.66137e-05,1.26397e-05,51180
2.67806e-06,2.03746e-06,51186
-1.75902e-06,-1.33826e-06,51188
7.71741e-07,5.87139e-07,51327
-1.58967e-05,-1.20942e-05,51391
0.000136949,0.00010419,51423
-0.000168755,-0.000128388,51439
8.87382e-05,6.75118e-05,51447
-0.000128043,-9.74144e-05,51451
9.28583e-05,7.06463e-05,51453
-7.17477e-06,-5.45855e-06,51454
2.31947e-05,1.76465e-05,51519
-0.000236445,-0.000179887,51551
0.00029631,0.000225432,51567
-0.000158644,-0.000120696,51575
0.000227883,0.000173373,51579
-0.000164811,-0.000125388,51581
1.26991e-05,9.66146e-06,51582
0.000158536,0.000120614,51615
-0.000260208,-0.000197965,51631
0.000215982,0.000164319,51639
-0.000404,-0.000307362,51643
0.000303251,0.000230713,51645
-2.26077e-05,-1.71999e-05,51646
9.19494e-05,6.99549e-05,51663
-0.00060953,-0.000463729,51671
0.00177111,0.00134745,51675
-0.00140556,-0.00106935,51677
0.000101708,7.73791e-05,51678
0.000447816,0.000340697,51687
-0.00170004,-0.00129338,51691
0.00138335,0.00105245,51693
-9.9357e-05,-7.55906e-05,51694
0.00022806,0.000173507,51699
-0.000229307,-0.000174456,51701
1.91187e-05,1.45455e-05,51702
-1.09716e-05,-8.34713e-06,51706
6.52483e-06,4.96407e-06,51708
-0.000229797,-0.000174829,51823
0.000154372,0.000117446,51831
-0.000250277,-0.00019041,51835
0.000184804,0.000140599,51837
-1.40965e-05,-1.07245e-05,51838
-0.000858961,-0.000653495,51871
0.00149217,0.00113524,51887
-0.00150215,-0.00114283,51895
0.00317211,0.00241333,51899
-0.0024427,-0.0018584,51901
0.000184305,0.000140219,51902
-0.000744457,-0.000566381,51919
0.00551968,0.00419936,51927
-0.0168209,-0.0127973,51931
0.0134989,0.0102699,51933
-0.000994015,-0.000756244,51934
-0.00412977,-0.00314192,51943
0.0162281,0.0123463,51947
-0.0133221,-0.0101354,51949
0.000974616,0.000741485,51950
-0.00215053,-0.00163612,51955
0.00218013,0.00165864,51957
-0.000185556,-0.000141171,51958
0.000104872,7.97865e-05,51962
-6.22514e-05,-4.73607e-05,51964
0.000656916,0.00049978,51999
-0.00115441,-0.000878272,52015
0.00125375,0.000953851,52023
-0.0027918,-0.002124,52027
0.00217373,0.00165376,52029
-0.000164944,-0.000125489,52030
0.00074092,0.00056369,52047
-0.00583794,-0.00444149,52055
0.0183339,0.0139484,52059
-0.0148075,-0.0112655,52061
0.00109973,0.000836675,52062
0.00446163,0.0033944,52071
-0.0180194,-0.0137091,52075
0.0148842,0.0113238,52077
-0.00110078,-0.000837473,52078
0.00243624,0.00185349,52083
-0.00249358,-0.00189711,52085
0.000217235,0.000165272,52086
-0.00012449,-9.47118e-05,52090
7.35934e-05,5.59896e-05,52092
-8.5118e-05,-6.47576e-05,52111
0.000905302,0.000688752,52119
-0.00348403,-0.00265064,52123
0.00289917,0.00220568,52125
-0.000221958,-0.000168865,52126
-0.000871472,-0.000663013,52135
0.00431537,0.00328312,52139
-0.00367845,-0.00279855,52141
0.000284534,0.000216473,52142
-0.000768703,-0.000584827,52147
0.000828177,0.000630075,52149
-8.14131e-05,-6.19389e-05,52150
5.52089e-05,4.20028e-05,52154
-3.19327e-05,-2.42943e-05,52156
0.000399038,0.000303587,52173
-3.39427e-05,-2.58235e-05,52174
0.000556705,0.000423539,52179
-0.000639451,-0.000486493,52181
7.51632e-05,5.7184e-05,52182
-7.15204e-05,-5.44126e-05,52186
4.07875e-05,3.1031e-05,52188
-0.000310236,-0.000236027,52195
0.000356467,0.000271199,52197
-4.35859e-05,-3.316e-05,52198
5.22787e-05,3.97735e-05,52202
-2.99575e-05,-2.27916e-05,52204
-4.81039e-06,-3.65973e-06,52210
3.15263e-06,2.39851e-06,52212
4.44138e-05,3.37899e-05,52335
-3.61402e-05,-2.74953e-05,52343
6.94426e-05,5.28317e-05,52347
-5.3547e-05,-4.07384e-05,52349
4.21439e-06,3.20629e-06,52350
0.000236528,0.00017995,52383
-0.000419829,-0.000319405,52399
0.000489384,0.000372322,52407
-0.00118887,-0.000904487,52411
0.000948867,0.000721895,52413
-7.45421e-05,-5.67114e-05,52414
0.000270416,0.000205732,52431
-0.00225708,-0.00171718,52439
0.00758675,0.00577198,52443
-0.0062519,-0.00475643,52445
0.000482546,0.00036712,52446
0.0017466,0.00132881,52455
-0.00751079,-0.00571419,52459
0.00632429,0.0048115,52461
-0.000487713,-0.000371051,52462
0.00105042,0.000799157,52467
-0.00109801,-0.000835362,52469
0.000101254,7.7034e-05,52470
-5.83325e-05,-4.43792e-05,52474
3.41942e-05,2.60148e-05,52476
-0.000240348,-0.000182856,52511
0.000428196,0.000325771,52527
-0.000535146,-0.000407138,52535
0.00137135,0.00104332,52539
-0.00110648,-0.000841808,52541
8.76001e-05,6.66459e-05,52542
-0.000351841,-0.00026768,52559
0.00311166,0.00236734,52567
-0.0108027,-0.00821866,52571
0.00896174,0.00681807,52573
-0.000697923,-0.000530978,52574
-0.00246418,-0.00187474,52583
0.0109254,0.00831201,52587
-0.00926117,-0.00704587,52589
0.000722268,0.000549499,52590
-0.00157686,-0.00119967,52595
0.00166547,0.00126709,52597
-0.00015725,-0.000119635,52598
9.23036e-05,7.02244e-05,52602
-5.38852e-05,-4.09957e-05,52604
5.79689e-05,4.41026e-05,52623
-0.000701575,-0.000533756,52631
0.00304052,0.00231322,52635
-0.00260612,-0.00198273,52637
0.000210612,0.000160233,52638
0.000714586,0.000543655,52647
-0.00395283,-0.0030073,52651
0.00346869,0.00263897,52653
-0.000284757,-0.000216643,52654
0.000798346,0.000607379,52659
-0.000891664,-0.000678375,52661
9.53967e-05,7.25775e-05,52662
-6.80317e-05,-5.17583e-05,52666
3.89299e-05,2.96177e-05,52668
-0.000490282,-0.000373006,52685
4.49921e-05,3.42298e-05,52686
-0.000768703,-0.000584827,52691
0.000929281,0.000706994,52693
-0.000120052,-9.1335e-05,52694
0.000123183,9.37176e-05,52698
-6.98379e-05,-5.31325e-05,52700
0.000436614,0.000332175,52707
-0.000533591,-0.000405955,52709
7.24392e-05,5.51116e-05,52710
-9.49098e-05,-7.22071e-05,52714
5.41446e-05,4.11931e-05,52716
8.52397e-06,6.48502e-06,52722
-5.62371e-06,-4.2785e-06,52724
0.000315404,0.000239959,52839
-0.00222516,-0.0016929,52843
0.00194063,0.00147643,52845
-0.000159557,-0.000121391,52846
0.000380349,0.000289368,52851
-0.000420205,-0.000319691,52853
4.41384e-05,3.35804e-05,52854
-2.85395e-05,-2.17128e-05,52858
1.63892e-05,1.24689e-05,52860
-6.25063e-05,-4.75546e-05,52879
0.000879346,0.000669004,52887
-0.00437444,-0.00332806,52891
0.00387683,0.00294948,52893
-0.000333621,-0.000253818,52894
-0.000981697,-0.000746873,52903
0.00619637,0.00471418,52907
-0.00562751,-0.00428139,52909
0.000496237,0.000377536,52910
-0.00157686,-0.00119967,52915
0.00185041,0.00140779,52917
-0.000221721,-0.000168685,52918
0.000176859,0.000134554,52922
-0.000100227,-7.62526e-05,52924
0.00125316,0.000953403,52941
-0.000127618,-9.70918e-05,52942
0.00243624,0.00185349,52947
-0.00312821,-0.00237994,52949
0.000453889,0.000345318,52950
-0.00051894,-0.000394808,52954
0.000293765,0.000223496,52956
-0.00144363,-0.00109831,52963
0.00189162,0.00143914,52965
-0.000290484,-0.000220999,52966
0.000426011,0.000324108,52970
-0.000243227,-0.000185047,52972
-3.76884e-05,-2.86733e-05,52978
2.52426e-05,1.92045e-05,52980
3.63394e-05,2.76469e-05,53007
-0.000516725,-0.000393123,53015
0.00264155,0.00200968,53019
-0.00236144,-0.00179657,53021
0.000207121,0.000157577,53022
0.000588199,0.0004475,53031
-0.00382206,-0.00290781,53035
0.00350317,0.0026652,53037
-0.000315428,-0.000239977,53038
0.00105042,0.000799157,53043
-0.00125041,-0.000951309,53045
0.000154741,0.000117726,53046
-0.000128388,-9.76771e-05,53050
7.26648e-05,5.52832e-05,53052
-0.00101364,-0.000771172,53069
0.000106658,8.11454e-05,53070
-0.00215053,-0.00163612,53075
0.00280575,0.0021346,53077
-0.000419464,-0.000319127,53078
0.000495592,0.000377045,53082
-0.000280705,-0.000213559,53084
0.00130362,0.000991789,53091
-0.00173942,-0.00132334,53093
0.000275513,0.00020961,53094
-0.000417564,-0.000317682,53098
0.000238677,0.000181585,53100
3.68543e-05,2.80386e-05,53106
-2.4838e-05,-1.88967e-05,53108
8.12382e-05,6.18058e-05,53133
-9.10501e-06,-6.92706e-06,53134
0.00022806,0.000173507,53139
-0.000306652,-0.0002333,53141
4.87303e-05,3.70739e-05,53142
-6.73384e-05,-5.12309e-05,53146
3.83649e-05,2.91879e-05,53148
-0.00016727,-0.000127258,53155
0.00023118,0.000175881,53157
-3.9188e-05,-2.98141e-05,53158
7.01988e-05,5.3407e-05,53162
-4.04672e-05,-3.07873e-05,53164
-7.24397e-06,-5.51119e-06,53170
5.00927e-06,3.81104e-06,53172
3.98385e-06,3.03091e-06,53202
-2.72181e-06,-2.07075e-06,53204
-2.30078e-06,-1.75043e-06,53218
1.53034e-06,1.16428e-06,53220
-0.000295012,-0.000224444,54095
0.00257322,0.0019577,54103
-0.0089584,-0.00681553,54107
0.0074556,0.0056722,54109
-0.000587604,-0.000447048,54110
-0.0020223,-0.00153856,54119
0.00898069,0.00683248,54123
-0.00763291,-0.0058071,54125
0.000601738,0.0004578,54126
-0.00127718,-0.000971679,54131
0.00134765,0.00102529,54133
-0.000127415,-9.69371e-05,54134
7.32271e-05,5.5711e-05,54138
-4.27765e-05,-3.25443e-05,54140
4.07693e-05,3.10172e-05,54159
-0.000485025,-0.000369006,54167
0.00208896,0.00158928,54171
-0.00179245,-0.00136369,54173
0.000146082,0.000111139,54174
0.000487496,0.000370886,54183
-0.00267827,-0.00203762,54187
0.0023517,0.00178916,54189
-0.000194423,-0.000147917,54190
0.000523901,0.000398582,54195
-0.000583515,-0.000443937,54197
6.23242e-05,4.7416e-05,54198
-4.36429e-05,-3.32034e-05,54202
2.49956e-05,1.90166e-05,54204
2.70471e-05,2.05774e-05,54222
-0.000441457,-0.00033586,54227
0.000529034,0.000402488,54229
-6.78324e-05,-5.16067e-05,54230
6.83835e-05,5.2026e-05,54234
-3.88513e-05,-2.95579e-05,54236
0.000248381,0.000188968,54243
-0.000299845,-0.000228121,54245
4.02867e-05,3.065e-05,54246
-5.18343e-05,-3.94354e-05,54250
2.96548e-05,2.25613e-05,54252
4.75678e-06,3.61894e-06,54258
-3.14356e-06,-2.39161e-06,54260
-8.62456e-05,-6.56154e-05,54383
8.41749e-05,6.404e-05,54391
-0.000191428,-0.000145638,54395
0.000154196,0.000117312,54397
-1.27514e-05,-9.70124e-06,54398
-0.000557828,-0.000424394,54431
0.00100413,0.000763936,54447
-0.00132029,-0.00100447,54455
0.00365135,0.00277794,54459
-0.00301659,-0.00229501,54461
0.000249463,0.000189791,54462
-0.000744457,-0.000566381,54479
0.00685142,0.00521254,54487
-0.0253226,-0.0192653,54491
0.0214389,0.0163106,54493
-0.00174688,-0.00132902,54494
-0.00545823,-0.0041526,54503
0.0256419,0.0195083,54507
-0.022166,-0.0168638,54509
0.00181336,0.0013796,54510
-0.00382206,-0.00290781,54515
0.00412147,0.00313561,54517
-0.000412877,-0.000314116,54518
0.00024451,0.000186023,54522
-0.000141651,-0.000107768,54524
0.000634253,0.000482538,54559
-0.00113692,-0.000864966,54575
0.00157627,0.00119923,54583
-0.00456291,-0.00347145,54587
0.00380352,0.00289371,54589
-0.0003168,-0.00024102,54590
0.00105294,0.000801074,54607
-0.0102023,-0.00776186,54615
0.0388077,0.0295248,54619
-0.0330391,-0.0251361,54621
0.00271162,0.00206299,54622
0.0083167,0.00632733,54631
-0.0401635,-0.0305563,54635
0.0349171,0.0265648,54637
-0.00288284,-0.00219326,54638
0.00619637,0.00471418,54643
-0.00674253,-0.0051297,54645
0.000688717,0.000523974,54646
-0.000416078,-0.000316551,54650
0.000240286,0.000182809,54652
-0.000211622,-0.000161001,54671
0.00281492,0.00214158,54679
-0.0133527,-0.0101587,54683
0.0117318,0.00892548,54685
-0.00100025,-0.000760989,54686
-0.00298098,-0.00226792,54695
0.0179098,0.0136258,54699
-0.0161007,-0.0122493,54701
0.00139925,0.00106455,54702
-0.00395283,-0.0030073,54707
0.00454079,0.00345462,54709
-0.000522323,-0.000397382,54710
0.000389278,0.000296161,54714
-0.00022149,-0.000168509,54716
-0.000252332,-0.000191974,54734
0.00431537,0.00328312,54739
-0.00538708,-0.00409848,54741
0.000751022,0.000571375,54742
-0.00082123,-0.00062479,54746
0.000466697,0.000355062,54748
-0.00248297,-0.00188904,54755
0.00314648,0.00239383,54757
-0.000463521,-0.000352645,54758
0.00065336,0.000497075,54762
-0.00037476,-0.000285116,54764
-5.98955e-05,-4.55684e-05,54770
4.01713e-05,3.05622e-05,54772
0.00850338,0.00646935,54891
-0.0107273,-0.0081613,54893
0.000928296,0.000706245,54894
-0.00222516,-0.0016929,54899
0.00252326,0.00191969,54901
-0.000283274,-0.000215514,54902
0.000189966,0.000144526,54906
-0.000108373,-8.24501e-05,54908
0.000334328,0.000254356,54927
-0.00515802,-0.00392421,54935
0.0276188,0.0210123,54939
-0.0249604,-0.0189898,54941
0.00224545,0.00170833,54942
0.00597569,0.00454629,54951
-0.0401635,-0.0305563,54955
0.0371507,0.0282642,54957
-0.0034271,-0.00260733,54958
0.0109254,0.00831201,54963
-0.013063,-0.00993827,54965
0.00164562,0.00125198,54966
-0.0013575,-0.00103279,54970
0.000768626,0.000584769,54972
0.000953784,0.000725636,54990
-0.0180194,-0.0137091,54995
0.0235061,0.0178834,54997
-0.00356805,-0.00271457,54998
0.0042377,0.00322403,55002
-0.00241001,-0.00183353,55004
0.0107536,0.00818133,55011
-0.0143265,-0.0108995,55013
0.00230559,0.00175408,55014
-0.00352624,-0.00268275,55018
0.0020266,0.00154183,55020
0.000318597,0.000242387,55026
-0.000216168,-0.00016446,55028
-0.000199512,-0.000151788,55055
0.00312915,0.00238065,55063
-0.0172384,-0.013115,55067
0.01571,0.0119521,55069
-0.00143929,-0.001095,55070
-0.00371011,-0.00282264,55079
0.0256419,0.0195083,55083
-0.0239187,-0.0181973,55085
0.00224895,0.001711,55086
-0.00751079,-0.00571419,55091
0.00909271,0.00691771,55093
-0.00117801,-0.00089623,55094
0.00100881,0.000767498,55098
-0.00057105,-0.000434453,55100
-0.000816195,-0.000620959,55118
0.0162281,0.0123463,55123
-0.0214452,-0.0163155,55125
0.00333619,0.00253816,55126
-0.00407754,-0.00310218,55130
0.00232096,0.00176578,55132
-0.00989335,-0.00752683,55139
0.0133751,0.0101757,55141
-0.00220747,-0.00167944,55142
0.00347214,0.0026416,55146
-0.00199797,-0.00152005,55148
-0.000312972,-0.000238108,55154
0.000213524,0.000162448,55156
6.87692e-05,5.23194e-05,55182
-0.00170004,-0.00129338,55187
0.00231412,0.00176058,55189
-0.000382845,-0.000291268,55190
0.000547855,0.000416806,55194
-0.000313994,-0.000238886,55196
0.00125691,0.000956257,55203
-0.00175763,-0.0013372,55205
0.0003103,0.000236075,55206
-0.000576482,-0.000438586,55210
0.000334787,0.000254705,55212
6.0779e-05,4.62405e-05,55218
-4.25141e-05,-3.23446e-05,55220
-3.28778e-05,-2.50133e-05,55250
2.26602e-05,1.72398e-05,55252
1.89379e-05,1.44079e-05,55266
-1.26909e-05,-9.65524e-06,55268
5.17636e-05,3.93816e-05,55407
-5.2323e-05,-3.98072e-05,55415
0.000123226,9.37497e-05,55419
-0.000100128,-7.61774e-05,55421
8.36366e-06,6.36305e-06,55422
0.000345263,0.000262675,55455
-0.000622193,-0.000473363,55471
0.000834792,0.000635108,55479
-0.00236614,-0.00180015,55483
0.00196739,0.00149679,55485
-0.000164257,-0.000124966,55486
0.000474656,0.000361117,55503
-0.00446676,-0.0033983,55511
0.0168637,0.0128299,55515
-0.0143586,-0.0109239,55517
0.00118272,0.000899814,55518
0.00359204,0.00273282,55527
-0.0172384,-0.013115,55531
0.014991,0.0114051,55533
-0.0012423,-0.000945142,55534
0.00264155,0.00200968,55539
-0.00287509,-0.00218736,55541
0.000295117,0.000224524,55542
-0.000178691,-0.000135948,55546
0.000103192,7.85085e-05,55548
-0.000404218,-0.000307528,55583
0.00072427,0.000551023,55599
-0.00102209,-0.000777604,55607
0.00303202,0.00230676,55611
-0.00254368,-0.00193523,55613
0.000213969,0.000162787,55614
-0.000687785,-0.000523265,55631
0.00681012,0.00518112,55639
-0.0264497,-0.0201229,55643
0.022643,0.0172267,55645
-0.00187835,-0.00142904,55646
-0.00560247,-0.00426234,55655
0.0276188,0.0210123,55659
-0.0241499,-0.0183732,55661
0.00201895,0.00153601,55662
-0.00437444,-0.00332806,55667
0.0048009,0.00365251,55669
-0.000501412,-0.000381473,55670
0.00030878,0.000234919,55674
-0.000177839,-0.000135299,55676
0.000148482,0.000112965,55695
-0.00202771,-0.00154268,55703
0.00984537,0.00749033,55707
-0.00870277,-0.00662104,55709
0.000751565,0.000571789,55710
0.00217482,0.00165459,55719
-0.0133527,-0.0101587,55723
0.0120775,0.00918852,55725
-0.00106458,-0.000809929,55726
0.00304052,0.00231322,55731
-0.00352109,-0.00267883,55733
0.000413507,0.000314595,55734
-0.000314083,-0.000238953,55738
0.000178542,0.000135834,55740
0.000202121,0.000153773,55758
-0.00348403,-0.00265064,55763
0.00439129,0.00334088,55765
-0.00062658,-0.000476701,55766
0.000701782,0.000533914,55770
-0.000399477,-0.000303921,55772
0.00201638,0.00153405,55779
-0.00258335,-0.00196541,55781
0.000390271,0.000296917,55782
-0.000564941,-0.000429806,55786
0.000324887,0.000247173,55788
5.21786e-05,3.96973e-05,55794
-3.52153e-05,-2.67917e-05,55796
0.00680651,0.00517838,55917
-0.000843757,-0.000641928,55918
0.00204458,0.00155551,55923
-0.00233639,-0.00177752,55925
0.000267433,0.000203462,55926
-0.000182439,-0.000138799,55930
0.000103938,7.90761e-05,55932
-0.000305967,-0.000232779,55951
0.00484388,0.00368521,55959
-0.0264497,-0.0201229,55963
0.0240251,0.0182782,55965
-0.00218647,-0.00166346,55966
-0.00567781,-0.00431966,55975
0.0388077,0.0295248,55979
-0.0360702,-0.0274421,55981
0.00336766,0.0025621,55982
-0.0108027,-0.00821866,55987
0.0129877,0.00988097,55989
-0.00166138,-0.00126397,55990
0.00139146,0.00105862,55994
-0.00078832,-0.000599752,55996
-0.00096944,-0.000737547,56014
0.0183339,0.0139484,56019
-0.0240387,-0.0182886,56021
0.00370643,0.00281984,56022
-0.00447861,-0.00340732,56026
0.00255367,0.00194282,56028
-0.010979,-0.00835278,56035
0.0147069,0.011189,56037
-0.00240657,-0.00183091,56038
0.00375028,0.0028532,56042
-0.00216263,-0.00164532,56044
-0.000341838,-0.000260069,56050
0.000233339,0.000177523,56052
0.00018604,0.000141539,56079
-0.00299949,-0.002282,56087
0.0168637,0.0128299,56091
-0.0154479,-0.0117527,56093
0.00143231,0.0010897,56094
0.00360285,0.00274104,56103
-0.0253226,-0.0192653,56107
0.0237337,0.0180565,56109
-0.0022587,-0.00171841,56110
0.00758675,0.00577198,56115
-0.00923221,-0.00702384,56117
0.00121402,0.000923621,56118
-0.00105586,-0.000803294,56122
0.000598318,0.000455199,56124
0.000846679,0.000644151,56142
-0.0168209,-0.0127973,56147
0.0223273,0.0169866,56149
-0.00352618,-0.00268271,56150
0.0043851,0.00333617,56154
-0.00250361,-0.00190474,56156
0.010287,0.00782635,56163
-0.0139722,-0.01063,56165
0.00234345,0.00178289,56166
-0.00375621,-0.00285772,56170
0.0021697,0.0016507,56172
0.000342205,0.000260349,56178
-0.000235009,-0.000178794,56180
-7.1674e-05,-5.45294e-05,56206
0.00177111,0.00134745,56211
-0.00242317,-0.00184354,56213
0.0004086,0.000310862,56214
-0.000598983,-0.000455705,56218
0.000344967,0.00026245,56220
-0.00131689,-0.00100188,56227
0.0018508,0.00140808,56229
-0.00033348,-0.00025371,56230
0.000635907,0.000483796,56234
-0.000371497,-0.000282634,56236
-6.84958e-05,-5.21114e-05,56242
4.8397e-05,3.68203e-05,56244
3.76707e-05,2.86597e-05,56274
-2.63908e-05,-2.00781e-05,56276
-2.163e-05,-1.64561e-05,56290
1.47473e-05,1.12197e-05,56292
5.37916e-05,4.09245e-05,56430
-0.000192433,-0.000146402,56435
0.000224104,0.000170498,56437
-2.69453e-05,-2.04999e-05,56438
1.94903e-05,1.48282e-05,56442
-1.10932e-05,-8.43967e-06,56444
3.18616e-05,2.42402e-05,56463
-0.000530788,-0.000403822,56471
0.00303202,0.00230676,56475
-0.00278922,-0.00212203,56477
0.000261965,0.000199302,56478
0.000641423,0.000487993,56487
-0.00456291,-0.00347145,56491
0.00429392,0.0032668,56493
-0.000414373,-0.000315254,56494
0.00137135,0.00104332,56499
-0.00167616,-0.00127522,56501
0.000225032,0.000171204,56502
-0.000200556,-0.000152583,56506
0.000114181,8.68686e-05,56508
0.000144457,0.000109902,56526
-0.0027918,-0.002124,56531
0.00372513,0.00283407,56533
-0.000606966,-0.000461778,56534
0.000786007,0.000597992,56538
-0.00045328,-0.000344854,56540
0.00170211,0.00129496,56547
-0.00232403,-0.00176812,56549
0.000403595,0.000307054,56550
-0.000677032,-0.000515084,56554
0.000395868,0.000301175,56556
6.36774e-05,4.84456e-05,56562
-4.45465e-05,-3.38909e-05,56564
-2.35848e-05,-1.79433e-05,56591
0.000400443,0.000304656,56599
-0.00236614,-0.00180015,56603
0.00219905,0.00167303,56605
-0.000211646,-0.00016102,56606
-0.000497675,-0.00037863,56615
0.00365135,0.00277794,56619
-0.00346954,-0.00263962,56621
0.000342944,0.000260911,56622
-0.00118887,-0.000904487,56627
0.00147218,0.00112003,56629
-0.000204105,-0.000155282,56630
0.000190356,0.000144822,56634
-0.00010863,-8.26457e-05,56636
-0.000157131,-0.000119545,56654
0.00317211,0.00241333,56659
-0.00428261,-0.0032582,56661
0.000717264,0.000545693,56662
-0.00096218,-0.000732024,56666
0.000556928,0.000423709,56668
-0.00197646,-0.00150369,56675
0.00273361,0.00207973,56677
-0.000488465,-0.000371623,56678
0.000849002,0.000645918,56682
-0.000498609,-0.000379341,56684
-8.08711e-05,-6.15265e-05,56690
5.71399e-05,4.34719e-05,56692
1.6269e-05,1.23774e-05,56718
-0.000404,-0.000307362,56723
0.00056371,0.000428869,56725
-0.00010313,-7.84608e-05,56726
0.000169767,0.000129158,56730
-0.000100184,-7.62197e-05,56732
0.000309427,0.000235411,56739
-0.000443653,-0.00033753,56741
8.74601e-05,6.65394e-05,56742
-0.000189094,-0.000143862,56746
0.000113723,8.65202e-05,56748
2.28728e-05,1.74016e-05,56754
-1.69625e-05,-1.2905e-05,56756
-1.52739e-05,-1.16204e-05,56786
1.1703e-05,8.90363e-06,56788
8.65319e-06,6.58332e-06,56802
-6.52591e-06,-4.9649e-06,56804
9.02631e-06,6.86719e-06,56946
-6.64401e-06,-5.05475e-06,56948
-9.5274e-06,-7.24842e-06,56974
0.000227883,0.000173373,56979
-0.000320056,-0.000243498,56981
6.20788e-05,4.72294e-05,56982
-0.00011408,-8.67919e-05,56986
6.9308e-05,5.27293e-05,56988
-0.000175943,-0.000133857,56995
0.00025481,0.000193859,56997
-5.43927e-05,-4.13818e-05,56998
0.000134449,0.000102289,57002
-8.38071e-05,-6.37602e-05,57004
-1.94296e-05,-1.4782e-05,57010
1.53768e-05,1.16986e-05,57012
1.90516e-05,1.44944e-05,57042
-1.65474e-05,-1.25892e-05,57044
-1.08495e-05,-8.25428e-06,57058
9.48554e-06,7.21657e-06,57060
5.49842e-06,4.18318e-06,57102
-0.000128043,-9.74144e-05,57107
0.000179133,0.000136284,57109
-3.45224e-05,-2.62645e-05,57110
6.31453e-05,4.80408e-05,57114
-3.85131e-05,-2.93006e-05,57116
9.66253e-05,7.35123e-05,57123
-0.000139549,-0.000106169,57125
2.97972e-05,2.26697e-05,57126
-7.4178e-05,-5.64344e-05,57130
4.65431e-05,3.54098e-05,57132
1.11633e-05,8.49302e-06,57138
-8.99032e-06,-6.83982e-06,57140
-1.40404e-05,-1.06819e-05,57170
1.26866e-05,9.65193e-06,57172
8.10812e-06,6.16863e-06,57186
-7.43503e-06,-5.65655e-06,57188
1.38705e-06,1.05526e-06,57234
-1.30319e-06,-9.91468e-07,57236
-9.31983e-07,-7.09051e-07,57250
9.05187e-07,6.88664e-07,57252
-4.13737e-06,-3.1477e-06,58255
5.29272e-05,4.02669e-05,58263
-0.000248458,-0.000189026,58267
0.000219502,0.000166997,58269
-1.92903e-05,-1.4676e-05,58270
-5.46806e-05,-4.16008e-05,58279
0.000325734,0.000247817,58283
-0.000294479,-0.000224039,58285
2.63917e-05,2.00787e-05,58286
-6.88815e-05,-5.24048e-05,58291
7.94349e-05,6.04338e-05,58293
-9.42257e-06,-7.16867e-06,58294
7.0213e-06,5.34179e-06,58298
-3.99888e-06,-3.04234e-06,58300
6.5214e-05,4.96146e-05,58323
-8.1664e-05,-6.21298e-05,58325
1.19127e-05,9.06318e-06,58326
-1.34942e-05,-1.02664e-05,58330
7.74462e-06,5.89209e-06,58332
-3.72585e-05,-2.83462e-05,58339
4.72602e-05,3.59554e-05,58341
-7.31027e-06,-5.56163e-06,58342
1.079e-05,8.20896e-06,58346
-6.27585e-06,-4.77465e-06,58348
-1.03974e-06,-7.91029e-07,58354
7.12926e-07,5.42393e-07,58356
-9.86948e-06,-7.50867e-06,58487
2.53093e-05,1.92552e-05,58491
-2.11318e-05,-1.6077e-05,58493
1.86108e-06,1.41591e-06,58494
6.42763e-05,4.89012e-05,58527
-0.000116305,-8.84846e-05,58543
0.000163469,0.000124367,58551
-0.000497675,-0.00037863,58555
0.00042403,0.000322601,58557
-3.73854e-05,-2.84427e-05,58558
9.19494e-05,6.99549e-05,58575
-0.000901022,-0.000685495,58583
0.00360285,0.00274104,58587
-0.00313456,-0.00238477,58589
0.000273432,0.000208027,58590
0.000732383,0.000557195,58599
-0.00371011,-0.00282264,58603
0.00329611,0.00250767,58605
-0.000290343,-0.000220892,58606
0.000588199,0.0004475,58611
-0.000655929,-0.000499029,58613
7.27725e-05,5.53651e-05,58614
-4.53453e-05,-3.44986e-05,58618
2.60001e-05,1.97808e-05,58620
-7.68283e-05,-5.84508e-05,58655
0.000137768,0.000104814,58671
-0.000201942,-0.000153637,58679
0.000641423,0.000487993,58683
-0.000551137,-0.000419304,58685
4.90044e-05,3.72824e-05,58686
-0.000134275,-0.000102156,58703
0.00138151,0.00105105,58711
-0.00567781,-0.00431966,58715
0.00496629,0.00377834,58717
-0.000436584,-0.000332152,58718
-0.00114893,-0.000874106,58727
0.00597569,0.00454629,58731
-0.00533826,-0.00406133,58733
0.00047474,0.000361181,58734
-0.000981697,-0.000746873,58739
0.00110415,0.000840037,58741
-0.000124759,-9.49161e-05,58742
7.93095e-05,6.03384e-05,58746
-4.53704e-05,-3.45177e-05,58748
2.98253e-05,2.2691e-05,58767
-0.000423338,-0.000322074,58775
0.00217482,0.00165459,58779
-0.00196677,-0.00149631,58781
0.000181616,0.000138173,58782
0.000460125,0.000350062,58791
-0.00298098,-0.00226792,58795
0.00275933,0.00209929,58797
-0.000261149,-0.000198681,58798
0.000714586,0.000543655,58803
-0.00085026,-0.000646875,58805
0.000109146,8.3038e-05,58806
-8.79035e-05,-6.68768e-05,58810
4.99639e-05,3.80124e-05,58812
-0.000871472,-0.000663013,58835
0.00113268,0.00086174,58837
-0.000179483,-0.00013655,58838
0.00022074,0.000167939,58842
-0.000127259,-9.68184e-05,58844
0.000510607,0.000388469,58851
-0.000676049,-0.000514336,58853
0.000114226,8.69028e-05,58854
-0.000183736,-0.000139786,58858
0.000107522,8.18024e-05,58860
1.78427e-05,1.35747e-05,58866
-1.24233e-05,-9.45165e-06,58868
0.000315404,0.000239959,58995
-0.000524064,-0.000398707,58997
6.56345e-05,4.99346e-05,58998
-4.71903e-05,-3.59022e-05,59002
2.68067e-05,2.03945e-05,59004
-5.87272e-05,-4.46795e-05,59023
0.000966261,0.000735129,59031
-0.00560247,-0.00426234,59035
0.00522148,0.00397249,59037
-0.00051415,-0.000391164,59038
-0.00114893,-0.000874106,59047
0.0083167,0.00632733,59051
-0.0079342,-0.00603631,59053
0.00080444,0.000612015,59054
-0.00246418,-0.00187474,59059
0.00305103,0.00232122,59061
-0.000430672,-0.000327654,59062
0.000388324,0.000295436,59066
-0.000221055,-0.000168178,59068
0.00446163,0.0033944,59091
-0.00602555,-0.00458422,59093
0.00103444,0.000787001,59094
-0.00137537,-0.00104638,59098
0.000796552,0.000606015,59100
-0.00270899,-0.00206099,59107
0.00374097,0.00284612,59109
-0.000685056,-0.000521189,59110
0.00118424,0.00090097,59114
-0.000696439,-0.000529849,59116
-0.00011391,-8.66626e-05,59122
8.02493e-05,6.10535e-05,59124
3.59233e-05,2.73303e-05,59151
-0.000600888,-0.000457154,59159
0.00359204,0.00273282,59163
-0.0033795,-0.00257111,59165
0.00034033,0.000258922,59166
0.000732383,0.000557195,59175
-0.00545823,-0.0041526,59179
0.00525543,0.00399832,59181
-0.000544971,-0.000414613,59182
0.0017466,0.00132881,59187
-0.00218969,-0.00166591,59189
0.000318453,0.000242278,59190
-0.000299629,-0.000227957,59194
0.000170931,0.000130044,59196
-0.00412977,-0.00314192,59219
0.00564194,0.00429237,59221
-0.000992429,-0.000755037,59222
0.00135945,0.00103427,59226
-0.000789227,-0.000600442,59228
0.00256161,0.00194887,59235
-0.00358256,-0.0027256,59237
0.000672367,0.000511535,59238
-0.00119582,-0.000909773,59242
0.000705075,0.000536419,59244
0.000115358,8.77641e-05,59250
-8.18068e-05,-6.22384e-05,59252
0.000447816,0.000340697,59283
-0.00062964,-0.000479028,59285
0.000118753,9.03472e-05,59286
-0.000193753,-0.000147407,59290
0.000113996,8.67281e-05,59292
-0.000338376,-0.000257435,59299
0.000488628,0.000371747,59301
-9.90085e-05,-7.53254e-05,59302
0.00021146,0.000160878,59306
-0.000126663,-9.63645e-05,59308
-2.45011e-05,-1.86404e-05,59314
1.79493e-05,1.36558e-05,59316
1.36741e-05,1.04032e-05,59346
-1.00408e-05,-7.63899e-06,59348
-7.77414e-06,-5.91454e-06,59362
5.56493e-06,4.23379e-06,59364
7.60238e-06,5.78387e-06,59511
-2.03839e-05,-1.5508e-05,59515
1.72118e-05,1.30947e-05,59517
-1.54053e-06,-1.17203e-06,59518
-4.90768e-05,-3.73375e-05,59551
8.88453e-05,6.75933e-05,59567
-0.00012764,-9.71083e-05,59575
0.000400443,0.000304656,59579
-0.000344015,-0.000261725,59581
3.0776e-05,2.34143e-05,59582
-7.25051e-05,-5.51617e-05,59599
0.000730113,0.000555468,59607
-0.00299949,-0.002282,59611
0.00262967,0.00200065,59613
-0.000233213,-0.000177428,59614
-0.000600888,-0.000457154,59623
0.00312915,0.00238065,59627
-0.00280308,-0.00213258,59629
0.000251825,0.000191588,59630
-0.000516725,-0.000393123,59635
0.000583905,0.000444234,59637
-6.71915e-05,-5.11191e-05,59638
4.35876e-05,3.31613e-05,59642
-2.49382e-05,-1.89729e-05,59644
6.0728e-05,4.62017e-05,59679
-0.00010874,-8.2729e-05,59695
0.000162256,0.000123444,59703
-0.000530788,-0.000403822,59707
0.00045984,0.000349845,59709
-4.15057e-05,-3.15774e-05,59710
0.000108766,8.27491e-05,59727
-0.00114843,-0.00087372,59735
0.00484388,0.00368521,59739
-0.00426826,-0.00324728,59741
0.000381338,0.000290121,59742
0.000966261,0.000735129,59751
-0.00515802,-0.00392421,59755
0.00464419,0.00353329,59757
-0.000420892,-0.000320213,59758
0.000879346,0.000669004,59763
-0.00100088,-0.00076147,59765
0.000116863,8.89088e-05,59766
-7.6853e-05,-5.84696e-05,59770
4.38885e-05,3.33902e-05,59772
-2.62483e-05,-1.99697e-05,59791
0.00038388,0.000292055,59799
-0.00202771,-0.00154268,59803
0.00184862,0.00140643,59805
-0.000174066,-0.000132429,59806
-0.000423338,-0.000322074,59815
0.00281492,0.00214158,59819
-0.00262715,-0.00199873,59821
0.000253968,0.000193219,59822
-0.000701575,-0.000533756,59827
0.000843641,0.00064184,59829
-0.000111508,-8.48351e-05,59830
9.24359e-05,7.0325e-05,59834
-5.25759e-05,-3.99996e-05,59836
0.000905302,0.000688752,59859
-0.00119023,-0.000905527,59861
0.000194582,0.000148037,59862
-0.000247076,-0.000187975,59866
0.000142961,0.000108764,59868
-0.000534642,-0.000406754,59875
0.000716871,0.000545393,59877
-0.000125199,-9.52509e-05,59878
0.000208275,0.000158455,59882
-0.000122432,-9.31461e-05,59884
-2.04525e-05,-1.55602e-05,59890
1.4353e-05,1.09198e-05,59892
0.000439686,0.000334512,60021
-7.99972e-05,-6.08617e-05,60022
5.90178e-05,4.49006e-05,60026
-3.35235e-05,-2.55046e-05,60028
6.80738e-05,5.17903e-05,60047
-0.00114843,-0.00087372,60055
0.00681012,0.00518112,60059
-0.00639163,-0.00486274,60061
0.000641124,0.000487765,60062
0.00138151,0.00105105,60071
-0.0102023,-0.00776186,60075
0.0098001,0.00745589,60077
-0.00101281,-0.000770544,60078
0.00311166,0.00236734,60083
-0.0038829,-0.0029541,60085
0.000561155,0.000426925,60086
-0.00051837,-0.000394375,60090
0.000295727,0.000224989,60092
-0.00583794,-0.00444149,60115
0.00794176,0.00604207,60117
-0.00139684,-0.00106271,60118
0.00190495,0.00144928,60122
-0.00110791,-0.000842893,60124
0.00356344,0.00271106,60131
-0.00495833,-0.00377228,60133
0.000931315,0.000708542,60134
-0.00165297,-0.00125758,60138
0.000976843,0.00074318,60140
0.000160832,0.00012236,60146
-0.00011413,-8.683e-05,60148
-4.25597e-05,-3.23793e-05,60175
0.000730113,0.000555468,60183
-0.00446676,-0.0033983,60187
0.00423309,0.00322052,60189
-0.000434714,-0.00033073,60190
-0.000901022,-0.000685495,60199
0.00685142,0.00521254,60203
-0.00664304,-0.00505401,60205
0.000702652,0.000534576,60206
-0.00225708,-0.00171718,60211
0.00285133,0.00216928,60213
-0.00042462,-0.000323049,60214
0.000409675,0.000311679,60218
-0.000234353,-0.000178295,60220
0.00551968,0.00419936,60243
-0.0075921,-0.00577605,60245
0.00136826,0.00104097,60246
-0.00192371,-0.00146355,60250
0.00112201,0.000853625,60252
-0.00344161,-0.00261837,60259
0.00484692,0.00368752,60261
-0.000933114,-0.000709911,60262
0.00170517,0.00129729,60266
-0.00101079,-0.000769006,60268
-0.000166767,-0.000126876,60274
0.000119188,9.06781e-05,60276
-0.00060953,-0.000463729,60307
0.000863387,0.000656862,60309
-0.000167717,-0.000127599,60310
0.000283221,0.000215474,60314
-0.000167765,-0.000127635,60316
0.000464391,0.000353308,60323
-0.000675548,-0.000513955,60325
0.000141238,0.000107453,60326
-0.000312651,-0.000237864,60330
0.000188709,0.000143569,60332
3.72005e-05,2.8302e-05,60338
-2.75511e-05,-2.09608e-05,60340
-2.1312e-05,-1.62141e-05,60370
1.59302e-05,1.21196e-05,60372
1.20754e-05,9.1869e-06,60386
-8.81549e-06,-6.7068e-06,60388
7.8543e-06,5.97553e-06,60534
-9.0016e-06,-6.84839e-06,60538
5.13891e-06,3.90966e-06,60540
-9.12563e-06,-6.94275e-06,60559
0.000162256,0.000123444,60567
-0.00102209,-0.000777604,60571
0.000979208,0.000744978,60573
-0.000104098,-7.91975e-05,60574
-0.000201942,-0.000153637,60583
0.00157627,0.00119923,60587
-0.00154527,-0.00117564,60589
0.000169552,0.000128995,60590
-0.000535146,-0.000407138,60595
0.000684888,0.000521061,60597
-0.000107143,-8.1514e-05,60598
0.000109395,8.32271e-05,60602
-6.31688e-05,-4.80587e-05,60604
0.00125375,0.000953851,60627
-0.00174858,-0.00133032,60629
0.00033493,0.000254814,60630
-0.00050443,-0.000383769,60634
0.000298533,0.000227123,60636
-0.000785649,-0.000597719,60643
0.00112219,0.00085376,60645
-0.00023059,-0.000175432,60646
0.000452886,0.000344554,60650
-0.000272896,-0.000207619,60652
-4.60967e-05,-3.50703e-05,60658
3.36844e-05,2.5627e-05,60660
7.09318e-06,5.39647e-06,60687
-0.00012764,-9.71083e-05,60695
0.000834792,0.000635108,60699
-0.000810096,-0.000616319,60701
8.91135e-05,6.77973e-05,60702
0.000163469,0.000124367,60711
-0.00132029,-0.00100447,60715
0.00130979,0.000996486,60717
-0.000148417,-0.000112916,60718
0.000489384,0.000372322,60723
-0.000635159,-0.000483227,60725
0.000103151,7.84772e-05,60726
-0.000111139,-8.45542e-05,60730
6.45284e-05,4.90931e-05,60732
-0.00150215,-0.00114283,60755
0.0021182,0.00161152,60757
-0.000417993,-0.000318008,60758
0.000654094,0.000497633,60762
-0.000389125,-0.000296045,60764
0.000962968,0.000732624,60771
-0.00139151,-0.00105866,60773
0.000294789,0.000224275,60774
-0.00060121,-0.000457399,60778
0.000364315,0.00027717,60780
6.23976e-05,4.74719e-05,60786
-4.60677e-05,-3.50482e-05,60788
0.000215982,0.000164319,60819
-0.000314676,-0.000239405,60821
6.89139e-05,5.24295e-05,60822
-0.000135506,-0.000103093,60826
8.27322e-05,6.29424e-05,60828
-0.000171852,-0.000130744,60835
0.000257212,0.000195686,60837
-6.12104e-05,-4.65687e-05,60838
0.000158589,0.000120654,60842
-9.89671e-05,-7.52939e-05,60844
-2.16087e-05,-1.64398e-05,60850
1.67917e-05,1.27751e-05,60852
1.57734e-05,1.20004e-05,60882
-1.28544e-05,-9.77959e-06,60884
-8.85324e-06,-6.73552e-06,60898
7.15095e-06,5.44042e-06,60900
-0.000158644,-0.000120696,61075
0.000235453,0.000179132,61077
-5.70644e-05,-4.34145e-05,61078
0.00013092,9.96034e-05,61082
-8.25475e-05,-6.28019e-05,61084
0.000132116,0.000100513,61091
-0.000202125,-0.000153776,61093
5.43042e-05,4.13145e-05,61094
-0.000166043,-0.000126325,61098
0.000107396,8.17063e-05,61100
2.77162e-05,2.10864e-05,61106
-2.279e-05,-1.73386e-05,61108
-3.09534e-05,-2.35493e-05,61138
2.77983e-05,2.11489e-05,61140
1.75897e-05,1.33822e-05,61154
-1.59731e-05,-1.21523e-05,61156
8.87382e-05,6.75118e-05,61203
-0.00013159,-0.000100113,61205
3.20612e-05,2.43921e-05,61206
-7.46484e-05,-5.67923e-05,61210
4.73376e-05,3.60143e-05,61212
-7.33643e-05,-5.58153e-05,61219
0.000112344,8.54708e-05,61221
-3.05965e-05,-2.32777e-05,61222
9.57906e-05,7.28773e-05,61226
-6.24163e-05,-4.74862e-05,61228
-1.69189e-05,-1.28719e-05,61234
1.41249e-05,1.07462e-05,61236
2.4628e-05,1.87369e-05,61266
-2.27406e-05,-1.7301e-05,61268
-1.42092e-05,-1.08104e-05,61282
1.33519e-05,1.01581e-05,61284
-2.35939e-06,-1.79502e-06,61330
2.27117e-06,1.7279e-06,61332
1.6073e-06,1.22283e-06,61346
-1.5972e-06,-1.21515e-06,61348
5.97409e-06,4.54507e-06,62418
-4.82848e-06,-3.6735e-06,62420
-3.35001e-06,-2.54868e-06,62434
2.6721e-06,2.03293e-06,62436
5.79813e-06,4.4112e-06,62586
-4.75231e-06,-3.61555e-06,62588
-0.00010874,-8.2729e-05,62615
0.00072427,0.000551023,62619
-0.000712127,-0.000541784,62621
8.26994e-05,6.29175e-05,62622
0.000137768,0.000104814,62631
-0.00113692,-0.000864966,62635
0.0011447,0.000870887,62637
-0.000137697,-0.00010476,62638
0.000428196,0.000325771,62643
-0.000565992,-0.000430605,62645
9.95703e-05,7.57528e-05,62646
-0.000116546,-8.86681e-05,62650
6.88136e-05,5.23532e-05,62652
-0.00115441,-0.000878272,62675
0.00166209,0.00126452,62677
-0.000361921,-0.000275349,62678
0.000624666,0.000475244,62682
-0.000379905,-0.000289031,62684
0.000744371,0.000566315,62691
-0.00109835,-0.000835625,62693
0.000258155,0.000196404,62694
-0.000582162,-0.000442907,62698
0.000361262,0.000274847,62700
6.38894e-05,4.86069e-05,62706
-4.85895e-05,-3.69668e-05,62708
8.88453e-05,6.75933e-05,62743
-0.000622193,-0.000473363,62747
0.000623229,0.000474151,62749
-7.63106e-05,-5.80569e-05,62750
-0.000116305,-8.84846e-05,62759
0.00100413,0.000763936,62763
-0.00102821,-0.000782261,62765
0.000129843,9.87844e-05,62766
-0.000419829,-0.000319405,62771
0.000564502,0.000429471,62773
-0.000104246,-7.93101e-05,62774
0.000130089,9.89717e-05,62778
-7.74409e-05,-5.89168e-05,62780
0.00149217,0.00113524,62803
-0.00217401,-0.00165398,62805
0.000490861,0.000373446,62806
-0.0008851,-0.000673381,62810
0.000541885,0.000412265,62812
-0.00098648,-0.000750511,62819
0.00147326,0.00112085,62821
-0.000359257,-0.000273322,62822
0.000845556,0.000643297,62826
-0.000528377,-0.000401988,62828
-9.54974e-05,-7.26541e-05,62834
7.34548e-05,5.58842e-05,62836
-0.000260208,-0.000197965,62867
0.000392924,0.000298935,62869
-0.000101122,-7.69334e-05,62870
0.000236078,0.000179607,62874
-0.000149275,-0.000113568,62876
0.000217257,0.000165288,62883
-0.000337035,-0.000256415,62885
9.50104e-05,7.22837e-05,62886
-0.000291588,-0.000221839,62890
0.000188702,0.000143564,62892
4.51904e-05,3.43807e-05,62898
-3.67753e-05,-2.79786e-05,62900
-3.83053e-05,-2.91426e-05,62930
3.33128e-05,2.53443e-05,62932
2.14788e-05,1.6341e-05,62946
-1.87006e-05,-1.42274e-05,62948
0.00029631,0.000225432,63123
-0.000460658,-0.000350468,63125
0.000135933,0.000103418,63126
-0.000377841,-0.000287461,63130
0.000246799,0.000187764,63132
-0.000268865,-0.000204552,63139
0.000429979,0.000327127,63141
-0.000140366,-0.00010679,63142
0.000510331,0.000388258,63146
-0.000341444,-0.000259769,63148
-9.68124e-05,-7.36546e-05,63154
8.26488e-05,6.2879e-05,63156
0.000122856,9.34682e-05,63186
-0.000114623,-8.72047e-05,63188
-7.01367e-05,-5.33598e-05,63202
6.6476e-05,5.05747e-05,63204
-0.000168755,-0.000128388,63251
0.000263124,0.000200184,63253
-7.90755e-05,-6.01604e-05,63254
0.000226241,0.000172123,63258
-0.000148798,-0.000113205,63260
0.000154914,0.000117858,63267
-0.000248773,-0.000189265,63269
8.31411e-05,6.32535e-05,63270
-0.000311927,-0.000237313,63274
0.000210266,0.00015997,63276
6.29722e-05,4.79091e-05,63282
-5.44774e-05,-4.14462e-05,63284
-0.000103938,-7.90757e-05,63314
9.89699e-05,7.5296e-05,63316
6.02877e-05,4.58667e-05,63330
-5.85958e-05,-4.45795e-05,63332
9.80575e-06,7.46019e-06,63378
-9.74051e-06,-7.41055e-06,63380
-6.78983e-06,-5.16568e-06,63394
6.96154e-06,5.29632e-06,63396
1.95455e-06,1.48702e-06,63612
6.0728e-05,4.62017e-05,63639
-0.000404218,-0.000307528,63643
0.000397838,0.000302674,63645
-4.65232e-05,-3.53947e-05,63646
-7.68283e-05,-5.84508e-05,63655
0.000634253,0.000482538,63659
-0.00063942,-0.000486469,63661
7.75151e-05,5.89732e-05,63662
-0.000240348,-0.000182856,63667
0.00031855,0.000242352,63669
-5.68056e-05,-4.32176e-05,63670
6.7902e-05,5.16596e-05,63674
-4.02705e-05,-3.06376e-05,63676
0.000656916,0.00049978,63699
-0.000949777,-0.000722588,63701
0.000211059,0.000160573,63702
-0.000373696,-0.000284307,63706
0.000228543,0.000173875,63708
-0.000425792,-0.000323942,63715
0.000631112,0.000480148,63717
-0.000151701,-0.000115414,63718
0.000351448,0.000267381,63722
-0.000219437,-0.000166947,63724
-3.94177e-05,-2.99889e-05,63730
3.02595e-05,2.30213e-05,63732
-4.90768e-05,-3.73375e-05,63767
0.000345263,0.000262675,63771
-0.000346967,-0.000263971,63773
4.30982e-05,3.2789e-05,63774
6.42763e-05,4.89012e-05,63783
-0.000557828,-0.000424394,63787
0.000573166,0.000436063,63789
-7.34524e-05,-5.58824e-05,63790
0.000236528,0.00017995,63795
-0.000319494,-0.00024307,63797
6.01768e-05,4.57824e-05,63798
-7.71388e-05,-5.8687e-05,63802
4.61695e-05,3.51256e-05,63804
-0.000858961,-0.000653495,63827
0.00125817,0.000957214,63829
-0.000291182,-0.000221531,63830
0.000540513,0.000411221,63834
-0.000332973,-0.000253325,63836
0.000571632,0.000434896,63843
-0.00085848,-0.000653129,63845
0.000214996,0.000163568,63846
-0.000521444,-0.000396713,63850
0.00032803,0.000249564,63852
6.03077e-05,4.5882e-05,63858
-4.68385e-05,-3.56346e-05,63860
0.000158536,0.000120614,63891
-0.00024125,-0.000183543,63893
6.43679e-05,4.8971e-05,63894
-0.000156434,-0.000119015,63898
9.97237e-05,7.58695e-05,63900
-0.0001342,-0.000102099,63907
0.000209825,0.000159635,63909
-6.14419e-05,-4.67448e-05,63910
0.0001961,0.000149192,63914
-0.000127971,-9.73598e-05,63916
-3.14841e-05,-2.3953e-05,63922
2.59061e-05,1.97093e-05,63924
2.80242e-05,2.13207e-05,63954
-2.47633e-05,-1.88399e-05,63956
-1.57421e-05,-1.19765e-05,63970
1.39659e-05,1.06252e-05,63972
-0.000236445,-0.000179887,64147
0.000371713,0.000282798,64149
-0.000114856,-8.73823e-05,64150
0.000333479,0.00025371,64154
-0.000219534,-0.000167021,64156
0.000219973,0.000167355,64163
-0.000355378,-0.00027037,64165
0.000121162,9.21799e-05,64166
-0.000457418,-0.000348003,64170
0.00030829,0.000234546,64172
8.95188e-05,6.81056e-05,64178
-7.70641e-05,-5.86301e-05,64180
-0.00011777,-8.95994e-05,64210
0.000110854,8.43376e-05,64212
6.73807e-05,5.12631e-05,64226
-6.45068e-05,-4.90766e-05,64228
0.000136949,0.00010419,64275
-0.000216163,-0.000164456,64277
6.8246e-05,5.19214e-05,64278
-0.000204545,-0.000155617,64282
0.00013561,0.000103171,64284
-0.000129648,-9.86359e-05,64291
0.000210463,0.00016012,64293
-7.3577e-05,-5.59772e-05,64294
0.000286903,0.000218275,64298
-0.0001948,-0.000148204,64300
-5.97787e-05,-4.54795e-05,64306
5.21227e-05,3.96548e-05,64308
0.000102112,7.76863e-05,64338
-9.79453e-05,-7.45165e-05,64340
-5.93635e-05,-4.51636e-05,64354
5.81679e-05,4.4254e-05,64356
-9.62263e-06,-7.32087e-06,64402
9.63999e-06,7.33408e-06,64404
6.7046e-06,5.10084e-06,64418
-6.93329e-06,-5.27482e-06,64420
2.31947e-05,1.76465e-05,64659
-3.68062e-05,-2.80021e-05,64661
1.1859e-05,9.02232e-06,64662
-3.63012e-05,-2.76178e-05,64666
2.4143e-05,1.83679e-05,64668
-2.23894e-05,-1.70338e-05,64675
3.64775e-05,2.7752e-05,64677
-1.29407e-05,-9.84524e-06,64678
5.11601e-05,3.89224e-05,64682
-3.48223e-05,-2.64927e-05,64684
-1.06453e-05,-8.09893e-06,64690
9.29973e-06,7.07521e-06,64692
1.64977e-05,1.25514e-05,64722
-1.58428e-05,-1.20532e-05,64724
-9.54189e-06,-7.25945e-06,64738
9.35377e-06,7.11632e-06,64740
-1.58967e-05,-1.20942e-05,64787
2.54062e-05,1.93289e-05,64789
-8.45354e-06,-6.43143e-06,64790
2.69645e-05,2.05145e-05,64794
-1.80888e-05,-1.37619e-05,64796
1.58121e-05,1.20298e-05,64803
-2.59404e-05,-1.97354e-05,64805
9.50408e-06,7.23068e-06,64806
-3.9027e-05,-2.96916e-05,64810
2.67899e-05,2.03817e-05,64812
8.70516e-06,6.62286e-06,64818
-7.71066e-06,-5.86625e-06,64820
-1.76459e-05,-1.3425e-05,64850
1.72505e-05,1.31242e-05,64852
1.03858e-05,7.90147e-06,64866
-1.04019e-05,-7.91372e-06,64868
1.94723e-06,1.48145e-06,64914
-1.99615e-06,-1.51866e-06,64916
-1.39113e-06,-1.05836e-06,64930
1.47338e-06,1.12094e-06,64932
-1.05749e-06,-8.04535e-07,65170
1.08315e-06,8.24059e-07,65172
7.47397e-07,5.68618e-07,65186
-7.93746e-07,-6.03879e-07,65188
6.06122e-07,4.61135e-07,65298
-6.17114e-07,-4.69498e-07,65300
-4.17077e-07,-3.17311e-07,65314
4.40439e-07,3.35085e-07,65316
2.24702e-05,1.70953e-05,74943
-0.00018239,-0.000138762,74975
0.000219031,0.000166638,74991
-0.000110695,-8.42166e-05,74999
0.00017403,0.000132402,75003
-0.000135232,-0.000102884,75005
1.33721e-05,1.01735e-05,75006
-3.17602e-05,-2.41631e-05,75071
0.000308704,0.000234861,75103
-0.000379458,-0.00028869,75119
0.000199177,0.000151533,75127
-0.000315857,-0.000240303,75131
0.000245228,0.000186569,75133
-2.41388e-05,-1.83647e-05,75134
-0.000189975,-0.000144532,75167
0.000309984,0.000235835,75183
-0.000265195,-0.000201759,75191
0.000567409,0.000431683,75195
-0.000458609,-0.000348909,75197
4.4154e-05,3.35922e-05,75198
0.000761237,0.000579147,75223
-0.00252799,-0.00192329,75227
0.00215041,0.00163603,75229
-0.000203847,-0.000155087,75230
-0.000567044,-0.000431406,75239
0.0024486,0.00186288,75243
-0.00213188,-0.00162193,75245
0.00020193,0.000153627,75246
-0.000344206,-0.000261871,75251
0.000369835,0.00028137,75253
-4.11524e-05,-3.13086e-05,75254
-1.28669e-05,-9.78912e-06,75260
0.000819887,0.000623768,75423
-0.00142649,-0.00108527,75439
0.00152046,0.00115676,75447
-0.00374276,-0.00284748,75451
0.00311192,0.00236754,75453
-0.000305584,-0.000232488,75454
-0.00574735,-0.00437257,75479
0.0202046,0.0153716,75483
-0.0174144,-0.0132488,75485
0.00168645,0.00128304,75486
0.00437017,0.00332481,75495
-0.0196868,-0.0149777,75499
0.0173253,0.013181,75501
-0.00167714,-0.00127597,75502
0.00274282,0.00208673,75507
-0.00297625,-0.00226432,75509
0.000338987,0.000257901,75510
0.000104071,7.91767e-05,75516
-0.00061965,-0.000471428,75551
0.00108977,0.000829092,75567
-0.00125563,-0.000955276,75575
0.00327023,0.00248798,75579
-0.00274999,-0.00209219,75581
0.000272333,0.00020719,75582
0.00601774,0.00457828,75607
-0.0218475,-0.0166215,75611
0.0189598,0.0144245,75613
-0.00185478,-0.00141111,75614
-0.00467715,-0.00355837,75623
0.0216983,0.016508,75627
-0.0192246,-0.014626,75629
0.00188416,0.00143346,75630
-0.0030975,-0.00235657,75635
0.00339689,0.00258434,75637
-0.000396871,-0.000301939,75638
-0.00012453,-9.47417e-05,75644
-0.000949755,-0.000722571,75671
0.00423552,0.00322237,75675
-0.00378819,-0.00288204,75677
0.000384824,0.000292773,75678
0.000934015,0.000710596,75687
-0.00532403,-0.00405051,75691
0.00487277,0.00370719,75693
-0.000503054,-0.000382722,75694
0.00102605,0.000780619,75699
-0.00118865,-0.000904324,75701
0.000158155,0.000120324,75702
6.22602e-05,4.73674e-05,75708
-0.000798146,-0.000607227,75731
0.000993665,0.000755978,75733
-0.000161369,-0.000122769,75734
-9.91552e-05,-7.5437e-05,75740
0.00044841,0.000341149,75747
-0.000561471,-0.000427166,75749
9.61099e-05,7.31202e-05,75750
7.83029e-05,5.95726e-05,75756
-9.11225e-06,-6.93258e-06,75764
-2.23777e-05,-1.70249e-05,75967
0.000190613,0.000145018,75999
-0.000236588,-0.000179996,76015
0.00013438,0.000102236,76023
-0.00023404,-0.000178057,76027
0.000185915,0.000141443,76029
-1.85219e-05,-1.40914e-05,76030
3.25907e-05,2.47949e-05,76095
-0.000328226,-0.000249713,76127
0.00041453,0.000315373,76143
-0.0002397,-0.000182363,76151
0.00041453,0.000315373,76155
-0.000328226,-0.000249713,76157
3.25907e-05,2.47949e-05,76158
0.000222787,0.000169496,76191
-0.000368993,-0.000280729,76207
0.000333585,0.00025379,76215
-0.000746947,-0.000568275,76219
0.000610335,0.000464341,76221
-5.94193e-05,-4.52061e-05,76222
-0.00100268,-0.00076284,76247
0.00342718,0.00260739,76251
-0.00293636,-0.00223398,76253
0.000281771,0.00021437,76254
0.000753811,0.000573497,76263
-0.0033392,-0.00254046,76267
0.00292651,0.00222648,76269
-0.000280823,-0.00021365,76270
0.000474061,0.000360664,76275
-0.000512797,-0.000390134,76277
5.8003e-05,4.41285e-05,76278
1.81431e-05,1.38032e-05,76284
-0.00122774,-0.000934062,76447
0.00215146,0.00163683,76463
-0.00237785,-0.00180906,76471
0.00605829,0.00460913,76475
-0.00507988,-0.00386476,76477
0.000503974,0.000383422,76478
0.00926034,0.00704524,76503
-0.0333124,-0.0253439,76507
0.0288847,0.0219754,76509
-0.00282645,-0.00215035,76510
-0.00708317,-0.00538886,76519
0.0325634,0.0247742,76523
-0.0288152,-0.0219226,76525
0.00281964,0.00214518,76526
-0.00456716,-0.00347468,76531
0.00498143,0.00378986,76533
-0.000574295,-0.000436922,76534
-0.00017582,-0.000133763,76540
0.000954796,0.000726406,76575
-0.00168817,-0.00128435,76591
0.00201092,0.0015299,76599
-0.00541212,-0.00411752,76603
0.00458745,0.00349012,76605
-0.000458836,-0.000349081,76606
-0.00991297,-0.00754176,76631
0.0368044,0.0280007,76635
-0.0321236,-0.0244396,76637
0.00317355,0.00241443,76638
0.00775107,0.00589699,76647
-0.0366827,-0.0279081,76651
0.0326732,0.0248577,76653
-0.00323492,-0.00246112,76654
0.00527889,0.00401617,76659
-0.00581799,-0.00442631,76661
0.000687494,0.000523044,76662
0.000215374,0.000163856,76668
0.0016218,0.00123386,76695
-0.00739123,-0.00562322,76699
0.00664346,0.00505433,76701
-0.000680337,-0.000517598,76702
-0.00160852,-0.00122376,76711
0.00934437,0.00710917,76715
-0.00859082,-0.00653587,76717
0.000893945,0.000680111,76718
-0.00182448,-0.00138806,76723
0.00212189,0.00161433,76725
-0.000284325,-0.000216313,76726
-0.000111905,-8.51373e-05,76732
0.00144555,0.00109977,76755
-0.00180571,-0.00137378,76757
0.000293797,0.00022352,76758
0.000179726,0.000136735,76764
-0.00081228,-0.000617981,76771
0.00102101,0.000776781,76773
-0.000174999,-0.000133139,76774
-0.000141769,-0.000107858,76780
1.64164e-05,1.24895e-05,76788
0.000347896,0.000264678,76959
-0.000622159,-0.000473337,76975
0.000808417,0.000615041,76983
-0.00241244,-0.00183538,76987
0.00209967,0.00159742,76989
-0.000218016,-0.000165866,76990
-0.00397606,-0.00302498,77015
0.0159437,0.0121299,77019
-0.0142113,-0.0108119,77021
0.0014589,0.00110993,77022
0.00315637,0.00240136,77031
-0.0160184,-0.0121867,77035
0.0145557,0.0110739,77037
-0.00150118,-0.00114209,77038
0.00239725,0.00182382,77043
-0.00269977,-0.00205398,77045
0.000336657,0.000256128,77046
0.000107069,8.14579e-05,77052
-0.000363616,-0.000276638,77087
0.000649607,0.000494219,77103
-0.000899802,-0.000684567,77111
0.00282992,0.002153,77115
-0.00248772,-0.00189265,77117
0.000260585,0.000198252,77118
0.00556692,0.0042353,77143
-0.0230445,-0.0175322,77147
0.0206689,0.0157248,77149
-0.00214046,-0.00162845,77150
-0.00452596,-0.00344334,77159
0.0236709,0.0180088,77163
-0.0216469,-0.0164689,77165
0.00225681,0.00171697,77166
-0.00367358,-0.00279485,77171
0.00417986,0.00318003,77173
-0.000533234,-0.000405683,77174
-0.000174258,-0.000132575,77180
-0.00134595,-0.001024,77207
0.00690389,0.00525246,77211
-0.00638084,-0.00485453,77213
0.000687046,0.000522703,77214
0.00141618,0.00107743,77223
-0.00916397,-0.00697192,77227
0.00865734,0.00658648,77229
-0.000950805,-0.00072337,77230
0.00203852,0.0015509,77235
-0.00245009,-0.00186402,77237
0.000353442,0.000268898,77238
0.000148319,0.000112841,77244
-0.00215249,-0.00163761,77267
0.00280394,0.00213323,77269
-0.000491569,-0.000373984,77270
-0.000322457,-0.000245324,77276
0.00123864,0.000942358,77283
-0.00163674,-0.00124522,77285
0.000304021,0.000231298,77286
0.000264796,0.000201456,77292
-3.01964e-05,-2.29734e-05,77300
0.00129703,0.000986778,77463
-0.0106944,-0.00813626,77467
0.0101887,0.00775153,77469
-0.00116485,-0.000886214,77470
-0.00212069,-0.00161342,77479
0.015488,0.0117832,77483
-0.0150978,-0.0114863,77485
0.00177344,0.00134923,77486
-0.00438102,-0.00333307,77491
0.00550673,0.00418951,77493
-0.000881986,-0.000671012,77494
-0.000426411,-0.000324412,77500
0.00741144,0.0056386,77523
-0.0101419,-0.00771594,77525
0.00196434,0.00149447,77526
0.0014437,0.00109837,77532
-0.00446429,-0.00339642,77539
0.00623748,0.00474546,77541
-0.00128452,-0.000977261,77542
-0.00124801,-0.000949486,77548
0.000141359,0.000107546,77556
-0.00109457,-0.000832745,77591
0.00655881,0.00498993,77595
-0.00630315,-0.00479542,77597
0.000735263,0.000559386,77598
0.00129304,0.000983745,77607
-0.00971359,-0.00739007,77611
0.00955409,0.00726872,77613
-0.00114634,-0.000872133,77614
0.00297918,0.00226655,77619
-0.00379425,-0.00288666,77621
0.000626804,0.000476871,77622
0.000318332,0.000242186,77628
-0.00667239,-0.00507633,77651
0.00925038,0.00703766,77653
-0.00183996,-0.00139984,77654
-0.00140152,-0.00106627,77660
0.00411371,0.0031297,77667
-0.00583148,-0.00443657,77669
0.00123373,0.000938622,77670
0.0012401,0.000943468,77676
-0.000140868,-0.000107172,77684
0.000728751,0.000554432,77715
-0.00103736,-0.000789217,77717
0.000219271,0.000166821,77718
0.000199249,0.000151588,77724
-0.00054522,-0.000414802,77731
0.000796453,0.000605939,77733
-0.000180196,-0.000137092,77734
-0.00021789,-0.00016577,77740
2.94471e-05,2.24033e-05,77748
-1.59373e-05,-1.21251e-05,77780
8.88817e-06,6.7621e-06,77796
0.011977,0.00911204,79063
-0.0531091,-0.0404053,79067
0.0485855,0.0369637,79069
-0.00524412,-0.00398971,79070
-0.00982027,-0.00747123,79079
0.0546405,0.0415703,79083
-0.0509202,-0.03874,79085
0.00554324,0.00421728,79086
-0.00878142,-0.00668088,79091
0.0101885,0.00775135,79093
-0.00137168,-0.00104357,79094
-0.000459004,-0.000349209,79100
0.000942135,0.000716774,79135
-0.00168817,-0.00128435,79151
0.00261909,0.00199259,79159
-0.00939924,-0.00715091,79163
0.00852598,0.00648654,79165
-0.000937852,-0.000713515,79166
-0.0181167,-0.0137831,79191
0.0824508,0.0627284,79195
-0.0757788,-0.0576523,79197
0.00823152,0.00626251,79198
0.0152051,0.011568,79207
-0.0867437,-0.0659943,79211
0.081235,0.0618034,79213
-0.00891587,-0.00678317,79214
0.0144754,0.0110128,79219
-0.0169354,-0.0128844,79221
0.0023213,0.00176604,79222
0.000797491,0.000606729,79228
0.00539966,0.00410805,79255
-0.0301555,-0.0229422,79259
0.0284861,0.0216721,79261
-0.00321657,-0.00244716,79262
-0.0059106,-0.00449677,79271
0.0412691,0.0313974,79275
-0.039825,-0.0302987,79277
0.00459953,0.00349931,79278
-0.0100325,-0.00763268,79283
0.0123544,0.00939923,79285
-0.00190277,-0.00144762,79286
-0.000851185,-0.000647579,79292
-0.016013,-0.0121826,79317
0.00301248,0.00229189,79318
0.00214387,0.00163105,79324
-0.00699546,-0.00532213,79331
0.00951643,0.00724007,79333
-0.0019068,-0.00145069,79334
-0.00181448,-0.00138045,79340
0.000212513,0.00016168,79348
0.0469228,0.0356987,79515
-0.0642513,-0.0488822,79517
0.0076454,0.0058166,79518
0.0127869,0.00972822,79527
-0.0984051,-0.0748664,79531
0.0973927,0.0740961,79533
-0.0119157,-0.00906545,79534
0.0296116,0.0225284,79539
-0.0377968,-0.0287557,79541
0.00635216,0.00483271,79542
0.00323262,0.00245937,79548
0.0736067,0.0559997,79573
-0.0149541,-0.011377,79574
-0.0116347,-0.00885164,79580
0.0322276,0.0245187,79587
-0.0456313,-0.0347161,79589
0.009883,0.00751896,79590
0.0102045,0.00776354,79596
-0.00118559,-0.000901992,79604
0.00658808,0.00501219,79639
-0.0420022,-0.0319552,79643
0.0410065,0.0311976,79645
-0.00497746,-0.00378684,79646
-0.00806742,-0.00613767,79655
0.0637328,0.0484878,79659
-0.0635956,-0.0483834,79661
0.00793893,0.00603992,79662
-0.0207082,-0.0157548,79667
0.0267379,0.0203421,79669
-0.00462093,-0.00351559,79670
-0.00246508,-0.00187543,79676
-0.068066,-0.0517844,79701
0.014148,0.0107638,79702
0.0113623,0.00864442,79708
-0.03013,-0.0229228,79715
0.0431718,0.032845,79717
-0.00956741,-0.00727886,79718
-0.0101746,-0.00774079,79724
0.0011854,0.000901846,79732
0.00754064,0.0057369,79765
-0.00166882,-0.00126963,79766
-0.00160243,-0.00121912,79772
0.00395325,0.00300762,79779
-0.00583148,-0.00443657,79781
0.00138389,0.00105286,79782
0.00177142,0.00134769,79788
-0.000245698,-0.000186927,79796
0.000130896,9.95854e-05,79828
-7.2675e-05,-5.52909e-05,79844
0.000500571,0.000380833,80031
-0.00090663,-0.000689762,80047
0.00137632,0.0010471,80055
-0.00485602,-0.00369445,80059
0.00439713,0.00334532,80061
-0.000484741,-0.000368789,80062
-0.00790819,-0.00601653,80087
0.0357959,0.0272334,80091
-0.0329129,-0.02504,80093
0.0035891,0.00273058,80094
0.00655236,0.00498502,80103
-0.0372149,-0.028313,80107
0.034871,0.0265297,80109
-0.00384355,-0.00292416,80110
0.00617619,0.00469883,80115
-0.00723174,-0.00550189,80117
0.000998773,0.000759864,80118
0.000346809,0.000263851,80124
-0.000609169,-0.000463454,80159
0.00108977,0.000829091,80175
-0.00171803,-0.00130707,80183
0.00631535,0.0048047,80187
-0.00576157,-0.00438338,80189
0.000639896,0.000486831,80190
0.0122486,0.00931869,80215
-0.0568569,-0.0432565,80219
0.0525104,0.0399497,80221
-0.00576157,-0.00438338,80222
-0.0103834,-0.00789964,80231
0.0603988,0.0459513,80235
-0.0568569,-0.0432565,80237
0.00631535,0.0048047,80238
-0.0103834,-0.00789964,80243
0.0122486,0.00931869,80245
-0.00171803,-0.00130707,80246
-0.000609169,-0.000463454,80252
-0.00395169,-0.00300643,80279
0.0225272,0.0171386,80283
-0.0213918,-0.0162748,80285
0.00244609,0.00186098,80286
0.0043811,0.00333313,80295
-0.0311758,-0.0237185,80299
0.0302469,0.0230118,80301
-0.00354268,-0.00269526,80302
0.00782944,0.00595661,80307
-0.00971282,-0.00738949,80309
0.00152882,0.00116312,80310
0.000704035,0.000535628,80316
0.0132404,0.0100732,80341
-0.00255479,-0.00194368,80342
-0.00188026,-0.0014305,80348
0.00577489,0.00439352,80355
-0.00793073,-0.00603367,80357
0.00163326,0.00124258,80358
0.00161043,0.00122521,80364
-0.000190689,-0.000145076,80372
0.0441834,0.0336146,80541
-0.00752959,-0.00572849,80542
-0.0123129,-0.00936765,80551
0.0960869,0.0731027,80555
-0.0955068,-0.0726613,80557
0.011841,0.00900862,80558
-0.0295966,-0.022517,80563
0.037973,0.0288897,80565
-0.00650024,-0.00494537,80566
-0.00339397,-0.00258212,80572
-0.0761007,-0.0578972,80597
0.0157843,0.0120087,80598
0.012636,0.00961347,80604
-0.0332912,-0.0253278,80611
0.0473836,0.0360493,80613
-0.0104932,-0.00798318,80614
-0.0111648,-0.00849415,80620
0.00131276,0.000998744,80628
-0.00640846,-0.00487554,80663
0.0415459,0.031608,80667
-0.0407462,-0.0309996,80669
0.00501346,0.00381423,80670
0.00793893,0.00603992,80679
-0.0635956,-0.0483834,80683
0.0637328,0.0484878,80685
-0.00806742,-0.00613767,80686
0.0211408,0.0160839,80691
-0.0274314,-0.0208698,80693
0.00483025,0.00367484,80694
0.00264684,0.00201371,80700
0.0716559,0.0545156,80725
-0.0152111,-0.0115726,80726
-0.0125841,-0.00957395,80732
0.0316976,0.0241155,80739
-0.0456313,-0.0347161,80741
0.0103442,0.00786985,80742
0.0113514,0.00863608,80748
-0.00134155,-0.00102064,80756
-0.00801282,-0.00609613,80789
0.00182212,0.00138626,80790
0.00182242,0.00138649,80796
-0.00420607,-0.00319997,80803
0.00623748,0.00474546,80805
-0.00152458,-0.00115989,80806
-0.00203775,-0.00155031,80812
0.000290844,0.000221273,80820
-0.000160195,-0.000121876,80852
8.8781e-05,6.75443e-05,80868
0.000668027,0.000508233,81054
0.00144953,0.0011028,81063
-0.0117273,-0.00892206,81067
0.0118038,0.00898031,81069
-0.00152683,-0.00116161,81070
0.00392876,0.00298899,81075
-0.00512812,-0.00390146,81077
0.000935667,0.000711853,81078
0.000542592,0.000412803,81084
0.0124533,0.00947441,81109
-0.00278675,-0.00212015,81110
-0.00249216,-0.00189603,81116
0.00546485,0.00415764,81123
-0.00793073,-0.00603367,81125
0.00190564,0.0014498,81126
0.00227278,0.00172913,81132
-0.000279571,-0.000212697,81140
0.000895759,0.000681491,81175
-0.0060749,-0.00462176,81179
0.00604777,0.00460113,81181
-0.000781982,-0.00059493,81182
-0.00114634,-0.000872133,81191
0.00955409,0.00726872,81195
-0.00971359,-0.00739007,81197
0.00129304,0.000983745,81198
-0.00348119,-0.00264848,81203
0.0046016,0.00350088,81205
-0.0008705,-0.000662274,81206
-0.000536892,-0.000408466,81212
-0.0146003,-0.0111079,81237
0.00336811,0.00256245,81238
0.00314941,0.00239606,81244
-0.00648475,-0.00493358,81251
0.00951643,0.00724007,81253
-0.00235943,-0.00179505,81254
-0.00293981,-0.0022366,81260
0.000368982,0.00028072,81268
0.00202712,0.00154223,81301
-0.00051874,-0.000394656,81302
-0.000622663,-0.000473721,81308
0.00107886,0.000820793,81315
-0.00163674,-0.00124522,81317
0.00045563,0.000346642,81318
0.000737651,0.000561203,81324
-0.000121546,-9.24717e-05,81332
8.84902e-05,6.73231e-05,81364
-4.9213e-05,-3.74411e-05,81380
-0.00066162,-0.000503358,81571
0.00102101,0.000776781,81573
-0.000322904,-0.000245664,81574
-0.000639969,-0.000486887,81580
0.000131414,9.99796e-05,81588
-0.00015435,-0.000117429,81620
8.8781e-05,6.75443e-05,81636
0.000685648,0.000521639,81685
-0.000194249,-0.000147784,81686
-0.000282602,-0.000215003,81692
0.00036415,0.000277044,81699
-0.000561471,-0.000427166,81701
0.000179265,0.000136384,81702
0.00036415,0.000277044,81708
-7.94717e-05,-6.04618e-05,81716
0.000123523,9.3976e-05,81748
-7.2675e-05,-5.52909e-05,81764
-1.26573e-05,-9.62964e-06,81812
8.88817e-06,6.7621e-06,81828
2.27449e-05,1.73043e-05,83263
-0.00022289,-0.000169574,83295
0.000278956,0.000212229,83311
-0.000159286,-0.000121184,83319
0.000278956,0.000212229,83323
-0.00022289,-0.000169574,83325
2.27449e-05,1.73043e-05,83326
0.000144293,0.000109778,83359
-0.000238728,-0.000181624,83375
0.000218792,0.000166456,83383
-0.000506189,-0.000385107,83387
0.000418533,0.000318419,83389
-4.18294e-05,-3.18237e-05,83390
-0.000657692,-0.00050037,83415
0.00231513,0.00176134,83419
-0.00200426,-0.00152484,83421
0.000197336,0.000150132,83422
0.000496012,0.000377365,83431
-0.00225806,-0.00171793,83435
0.00199859,0.00152052,83437
-0.000196818,-0.000149739,83438
0.000323213,0.0002459,83443
-0.000352741,-0.000268364,83445
4.09486e-05,3.11536e-05,83446
1.27472e-05,9.69806e-06,83452
0.00116235,0.000884312,83631
-0.00131934,-0.00100375,83639
0.00350441,0.00266615,83643
-0.00297831,-0.00226589,83645
0.000303894,0.000231202,83646
0.00519704,0.0039539,83671
-0.0193679,-0.0147351,83675
0.0169937,0.0129288,83677
-0.00171098,-0.00130171,83678
-0.00399764,-0.00304139,83687
0.0189907,0.0144481,83691
-0.0169966,-0.012931,83693
0.00171248,0.00130285,83694
-0.00269734,-0.00205213,83699
0.00297432,0.00226285,83701
-0.000353947,-0.000269282,83702
-0.000108135,-8.22692e-05,83708
0.000511846,0.000389411,83743
-0.00090663,-0.000689762,83759
0.00110948,0.000844087,83767
-0.00311762,-0.00237188,83771
0.00267923,0.00203835,83773
-0.000275836,-0.000209856,83774
-0.00554192,-0.00421628,83799
0.0213482,0.0162417,83803
-0.0188629,-0.0143509,83805
0.00191943,0.0014603,83806
0.00436094,0.00331779,83815
-0.0213593,-0.0162501,83819
0.0192512,0.0146462,83821
-0.00196509,-0.00149503,83822
0.00312216,0.00237533,83827
-0.00348188,-0.002649,83829
0.000425854,0.000323988,83830
0.000133749,0.000101756,83836
0.000926557,0.000704922,83863
-0.00439521,-0.00334386,83867
0.00400319,0.00304562,83869
-0.000423968,-0.000322554,83870
-0.000928349,-0.000706286,83879
0.00560027,0.00426067,83883
-0.00521674,-0.00396888,83885
0.000562387,0.000427862,83886
-0.00112831,-0.000858416,83891
0.0013317,0.00101316,83893
-0.000186443,-0.000141845,83894
-7.53958e-05,-5.73609e-05,83900
-0.00120024,-0.000913141,83925
0.000206658,0.000157225,83926
0.000133749,0.000101756,83932
-0.000533385,-0.000405797,83939
0.000685648,0.000521639,83941
-0.000125038,-9.51285e-05,83942
-0.000108135,-8.22692e-05,83948
1.27472e-05,9.69805e-06,83956
1.64164e-05,1.24895e-05,84159
-0.000141769,-0.000107858,84191
0.000179726,0.000136735,84207
-0.000111905,-8.51373e-05,84215
0.000215374,0.000163856,84219
-0.00017582,-0.000133763,84221
1.81431e-05,1.38032e-05,84222
-2.41388e-05,-1.83647e-05,84287
0.000245228,0.000186569,84319
-0.000315857,-0.000240303,84335
0.000199177,0.000151533,84343
-0.000379458,-0.00028869,84347
0.000308704,0.000234861,84349
-3.17602e-05,-2.41631e-05,84350
-0.000174999,-0.000133139,84383
0.000293797,0.00022352,84399
-0.000284325,-0.000216313,84407
0.000687494,0.000523044,84411
-0.000574295,-0.000436922,84413
5.8003e-05,4.41285e-05,84414
0.000893945,0.000680111,84439
-0.00323492,-0.00246112,84443
0.00281964,0.00214518,84445
-0.000280823,-0.00021365,84446
-0.000680337,-0.000517598,84455
0.00317355,0.00241443,84459
-0.00282645,-0.00215035,84461
0.000281771,0.00021437,84462
-0.000458836,-0.000349081,84467
0.000503974,0.000383422,84469
-5.94193e-05,-4.52061e-05,84470
-1.85219e-05,-1.40914e-05,84476
-0.00180571,-0.00137378,84655
0.00212189,0.00161433,84663
-0.00581799,-0.00442631,84667
0.00498143,0.00378986,84669
-0.000512797,-0.000390134,84670
-0.00859082,-0.00653587,84695
0.0326732,0.0248577,84699
-0.0288152,-0.0219226,84701
0.00292651,0.00222648,84702
0.00664346,0.00505433,84711
-0.0321236,-0.0244396,84715
0.0288847,0.0219754,84717
-0.00293636,-0.00223398,84718
0.00458745,0.00349012,84723
-0.00507988,-0.00386476,84725
0.000610335,0.000464341,84726
0.000185915,0.000141443,84732
-0.00081228,-0.000617981,84767
0.00144555,0.00109977,84783
-0.00182448,-0.00138806,84791
0.00527889,0.00401617,84795
-0.00456716,-0.00347468,84797
0.000474061,0.000360664,84798
0.00934437,0.00710917,84823
-0.0366827,-0.0279081,84827
0.0325634,0.0247742,84829
-0.0033392,-0.00254046,84830
-0.00739123,-0.00562322,84839
0.0368044,0.0280007,84843
-0.0333124,-0.0253439,84845
0.00342718,0.00260739,84846
-0.00541212,-0.00411752,84851
0.00605829,0.00460913,84853
-0.000746947,-0.000568275,84854
-0.00023404,-0.000178057,84860
-0.00160852,-0.00122376,84887
0.00775107,0.00589699,84891
-0.00708317,-0.00538886,84893
0.000753811,0.000573497,84894
0.0016218,0.00123386,84903
-0.00991297,-0.00754176,84907
0.00926034,0.00704524,84909
-0.00100268,-0.00076284,84910
0.00201092,0.0015299,84915
-0.00237785,-0.00180906,84917
0.000333585,0.00025379,84918
0.00013438,0.000102236,84924
0.00215146,0.00163683,84949
-0.000368993,-0.000280729,84950
-0.000236588,-0.000179996,84956
0.000954796,0.000726406,84963
-0.00122774,-0.000934062,84965
0.000222787,0.000169496,84966
0.000190613,0.000145018,84972
-2.23777e-05,-1.70249e-05,84980
0.000581183,0.000442162,85167
-0.000799854,-0.000608527,85175
0.00255202,0.00194157,85179
-0.00226149,-0.00172054,85181
0.000242764,0.000184694,85182
0.00407868,0.00310305,85207
-0.0171793,-0.01307,85211
0.0155378,0.0118211,85213
-0.00164834,-0.00125405,85214
-0.00327256,-0.00248975,85223
0.0173617,0.0132087,85227
-0.0159963,-0.0121699,85229
0.00170624,0.0012981,85230
-0.00265088,-0.00201678,85235
0.00302581,0.00230203,85237
-0.000391577,-0.000297911,85238
-0.000125038,-9.51285e-05,85244
0.000347255,0.000264191,85279
-0.000622159,-0.000473337,85295
0.000906014,0.000689293,85303
-0.00303524,-0.0023092,85307
0.00271416,0.00206493,85309
-0.000293734,-0.000223472,85310
-0.0057941,-0.00440814,85335
0.0251445,0.0191298,85339
-0.0228714,-0.0174005,85341
0.00244577,0.00186073,85342
0.0047611,0.00362223,85351
-0.0259874,-0.0197711,85355
0.0240853,0.018324,85357
-0.00259497,-0.00197425,85358
0.00412024,0.00313467,85363
-0.00474964,-0.00361351,85365
0.000628313,0.000478018,85366
0.000206658,0.000157225,85372
0.0014659,0.00111525,85399
-0.00783571,-0.00596138,85403
0.00733318,0.00557906,85405
-0.000814583,-0.000619732,85406
-0.00156195,-0.00118833,85415
0.0104859,0.00797762,85419
-0.0100256,-0.00762748,85421
0.00113665,0.000864762,85422
-0.0023986,-0.00182485,85427
0.00291733,0.00221949,85429
-0.000435798,-0.000331554,85430
-0.000186443,-0.000141845,85436
-0.00345352,-0.00262743,85461
0.000628313,0.000478018,85462
0.000425854,0.000323988,85468
-0.00151404,-0.00115187,85475
0.00202712,0.00154223,85477
-0.000391577,-0.000297911,85478
-0.000353947,-0.000269282,85484
4.09486e-05,3.11536e-05,85492
0.0017545,0.00133482,85671
-0.0186587,-0.0141955,85675
0.0183747,0.0139795,85677
-0.00222316,-0.00169137,85678
0.00541641,0.00412079,85683
-0.00687481,-0.00523033,85685
0.00113665,0.000864762,85686
0.000562387,0.000427862,85692
0.0129733,0.00987004,85717
-0.00259497,-0.00197425,85718
-0.00196509,-0.00149503,85724
0.00568462,0.00432484,85731
-0.00801282,-0.00609613,85733
0.00170624,0.0012981,85734
0.00171248,0.00130285,85740
-0.000196818,-0.000149739,85748
0.00127611,0.00097086,85783
-0.00790733,-0.00601587,85787
0.00768035,0.00584319,85789
-0.000922878,-0.000702123,85790
-0.00152683,-0.00116161,85799
0.0118038,0.00898031,85803
-0.0117273,-0.00892206,85805
0.00144953,0.0011028,85806
-0.00371652,-0.00282752,85811
0.00477792,0.00363503,85813
-0.000814583,-0.000619732,85814
-0.000423968,-0.000322554,85820
-0.0119141,-0.00906421,85845
0.00244577,0.00186073,85846
0.00191943,0.0014603,85852
-0.00527715,-0.00401484,85859
0.00754064,0.0057369,85861
-0.00164834,-0.00125405,85862
-0.00171098,-0.00130171,85868
0.000197336,0.000150132,85876
0.001345,0.00102327,85909
-0.000293734,-0.000223472,85910
-0.000275836,-0.000209856,85916
0.000705001,0.000536363,85923
-0.00103736,-0.000789217,85925
0.000242764,0.000184694,85926
0.000303894,0.000231202,85932
-4.18294e-05,-3.18237e-05,85940
-1.26573e-05,-9.62964e-06,85988
0.0244493,0.018601,87383
-0.115133,-0.0875929,87387
0.106916,0.0813411,87389
-0.0119141,-0.00906421,87390
-0.0206886,-0.0157398,87399
0.121723,0.0926067,87403
-0.115133,-0.0875929,87405
0.0129733,0.00987004,87406
-0.0206886,-0.0157398,87411
0.0244493,0.018601,87413
-0.00345352,-0.00262743,87414
-0.00120024,-0.000913141,87420
-0.00752632,-0.005726,87447
0.0432566,0.0329095,87451
-0.0412439,-0.0313782,87453
0.00477792,0.00363503,87454
0.0083115,0.00632337,87463
-0.059542,-0.0452994,87467
0.0579804,0.0441114,87469
-0.00687481,-0.00523033,87470
0.0147937,0.011255,87475
-0.0183867,-0.0139886,87477
0.00291733,0.00221949,87478
0.0013317,0.00101316,87484
-0.00474964,-0.00361351,87510
-0.00348188,-0.002649,87516
0.0106264,0.00808453,87523
-0.0146003,-0.0111079,87525
0.00302581,0.00230203,87526
0.00297432,0.00226285,87532
-0.000352741,-0.000268364,87540
0.103705,0.0788988,87723
-0.146352,-0.111344,87725
0.0183747,0.0139795,87726
-0.0450533,-0.0342764,87731
0.0579804,0.0441114,87733
-0.0100256,-0.00762748,87734
-0.00521674,-0.00396888,87740
0.0240853,0.018324,87766
0.0192512,0.0146462,87772
-0.050223,-0.0382095,87779
0.0716559,0.0545156,87781
-0.0159963,-0.0121699,87782
-0.0169966,-0.012931,87788
0.00199859,0.00152052,87796
-0.00959538,-0.00730014,87831
0.0626245,0.0476446,87835
-0.0616596,-0.0469105,87837
0.00768035,0.00584319,87838
0.011841,0.00900862,87847
-0.0955068,-0.0726613,87851
0.0960869,0.0731027,87853
-0.0123129,-0.00936765,87854
0.031688,0.0241082,87859
-0.0412439,-0.0313782,87861
0.00733318,0.00557906,87862
0.00400319,0.00304562,87868
-0.0228714,-0.0174005,87894
-0.0188629,-0.0143509,87900
0.047168,0.0358853,87907
-0.068066,-0.0517844,87909
0.0155378,0.0118211,87910
0.0169937,0.0129288,87916
-0.00200426,-0.00152484,87924
0.00271416,0.00206493,87958
0.00267923,0.00203835,87964
-0.00623106,-0.00474057,87971
0.00925038,0.00703766,87973
-0.00226149,-0.00172054,87974
-0.00297831,-0.00226589,87980
0.000418533,0.000318419,87988
0.000123523,9.3976e-05,88036
0.00116235,0.000884312,88239
-0.00183637,-0.00139711,88247
0.00679513,0.00516972,88251
-0.00623106,-0.00474057,88253
0.000705001,0.000536363,88254
0.0108322,0.00824114,88279
-0.050767,-0.0386234,88283
0.047168,0.0358853,88285
-0.00527715,-0.00401484,88286
-0.00905285,-0.00688738,88295
0.0530616,0.0403691,88299
-0.050223,-0.0382095,88301
0.00568462,0.00432484,88302
-0.00898106,-0.00683277,88307
0.0106264,0.00808453,88309
-0.00151404,-0.00115187,88310
-0.000533385,-0.000405797,88316
0.000797491,0.000606729,88351
-0.00142649,-0.00108527,88367
0.0023213,0.00176604,88375
-0.00891587,-0.00678317,88379
0.00823152,0.00626251,88381
-0.000937852,-0.000713515,88382
-0.0169354,-0.0128844,88407
0.081235,0.0618034,88411
-0.0757788,-0.0576523,88413
0.00852598,0.00648654,88414
0.0144754,0.0110128,88423
-0.0867437,-0.0659943,88427
0.0824508,0.0627284,88429
-0.00939924,-0.00715091,88430
0.0152051,0.011568,88435
-0.0181167,-0.0137831,88437
0.00261909,0.00199259,88438
0.000942135,0.000716774,88444
0.00564424,0.00429412,88471
-0.0330694,-0.0251591,88475
0.031688,0.0241082,88477
-0.00371652,-0.00282752,88478
-0.0063114,-0.00480169,88487
0.0460285,0.0350183,88491
-0.0450533,-0.0342764,88493
0.00541641,0.00412079,88494
-0.011817,-0.00899034,88499
0.0147937,0.011255,88501
-0.0023986,-0.00182485,88502
-0.00112831,-0.000858416,88508
0.00412024,0.00313467,88534
0.00312216,0.00237533,88540
-0.00898106,-0.00683277,88547
0.0124533,0.00947441,88549
-0.00265088,-0.00201678,88550
-0.00269734,-0.00205213,88556
0.000323213,0.0002459,88564
0.103705,0.0788988,88749
-0.0186587,-0.0141955,88750
0.0460285,0.0350183,88755
-0.059542,-0.0452994,88757
0.0104859,0.00797762,88758
0.00560027,0.00426067,88764
-0.0259874,-0.0197711,88790
-0.0213593,-0.0162501,88796
0.0530616,0.0403691,88803
-0.0761007,-0.0578972,88805
0.0173617,0.0132087,88806
0.0189907,0.0144481,88812
-0.00225806,-0.00171793,88820
0.00955032,0.00726586,88855
-0.0633199,-0.0481736,88859
0.0626245,0.0476446,88861
-0.00790733,-0.00601587,88862
-0.0119157,-0.00906545,88871
0.0973927,0.0740961,88875
-0.0984051,-0.0748664,88877
0.0127869,0.00972822,88878
-0.0330694,-0.0251591,88883
0.0432566,0.0329095,88885
-0.00783571,-0.00596138,88886
-0.00439521,-0.00334386,88892
0.0251445,0.0191298,88918
0.0213482,0.0162417,88924
-0.050767,-0.0386234,88931
0.0736067,0.0559997,88933
-0.0171793,-0.01307,88934
-0.0193679,-0.0147351,88940
0.00231513,0.00176134,88948
-0.00303524,-0.0023092,88982
-0.00311762,-0.00237188,88988
0.00679513,0.00516972,88995
-0.0101419,-0.00771594,88997
0.00255202,0.00194157,88998
0.00350441,0.00266615,89004
-0.000506189,-0.000385107,89012
-0.00015435,-0.000117429,89060
0.0017545,0.00133482,89262
-0.0063114,-0.00480169,89267
0.0083115,0.00632337,89269
-0.00156195,-0.00118833,89270
-0.000928349,-0.000706286,89276
0.0047611,0.00362223,89302
0.00436094,0.00331779,89308
-0.00905285,-0.00688738,89315
0.0132404,0.0100732,89317
-0.00327256,-0.00248975,89318
-0.00399764,-0.00304139,89324
0.000496012,0.000377365,89332
-0.00137578,-0.00104669,89367
0.00955032,0.00726586,89371
-0.00959538,-0.00730014,89373
0.00127611,0.00097086,89374
0.00177344,0.00134923,89383
-0.0150978,-0.0114863,89387
0.015488,0.0117832,89389
-0.00212069,-0.00161342,89390
0.00564424,0.00429412,89395
-0.00752632,-0.005726,89397
0.0014659,0.00111525,89398
0.000926557,0.000704922,89404
-0.0057941,-0.00440814,89430
-0.00554192,-0.00421628,89436
0.0108322,0.00824114,89443
-0.016013,-0.0121826,89445
0.00407868,0.00310305,89446
0.00519704,0.0039539,89452
-0.000657692,-0.00050037,89460
0.000906014,0.000689293,89494
0.00110948,0.000844087,89500
-0.00183637,-0.00139711,89507
0.00280394,0.00213323,89509
-0.000799854,-0.000608527,89510
-0.00131934,-0.00100375,89516
0.000218792,0.000166456,89524
8.84902e-05,6.73231e-05,89572
-0.000238728,-0.000181624,89780
-0.000160195,-0.000121876,89828
0.000347255,0.000264191,89878
0.000511846,0.000389411,89884
-0.000639969,-0.000486887,89891
0.000993665,0.000755978,89893
-0.000322904,-0.000245664,89894
-0.00066162,-0.000503358,89900
0.000144293,0.000109778,89908
0.000130896,9.95854e-05,89956
-1.59373e-05,-1.21251e-05,90020
0.00166358,0.00126565,91543
-0.0102466,-0.00779561,91547
0.0099973,0.00760592,91549
-0.00124745,-0.000949059,91550
-0.00189164,-0.00143915,91559
0.0144459,0.0109904,91563
-0.0144008,-0.0109561,91565
0.00184964,0.0014072,91566
-0.00392142,-0.0029834,91571
0.00501811,0.00381777,91573
-0.000888462,-0.00067594,91574
-0.000456977,-0.000347667,91580
0.00141341,0.00107532,91612
-0.00323422,-0.00246059,91619
0.0046016,0.00350088,91621
-0.00109429,-0.000832535,91622
-0.00125635,-0.000955827,91628
0.000157187,0.000119587,91636
0.0106395,0.0080945,91827
-0.0199015,-0.015141,91829
0.0038513,0.00293006,91830
0.00227082,0.00172763,91836
-0.0094036,-0.00715423,91868
0.018699,0.0142261,91875
-0.0274314,-0.0208698,91877
0.00697652,0.00530771,91878
0.0085512,0.00650573,91884
-0.00106117,-0.000807336,91892
0.00279491,0.00212636,91927
-0.0194245,-0.0147781,91931
0.0195954,0.0149081,91933
-0.00266832,-0.00203005,91934
-0.00354268,-0.00269526,91943
0.0302469,0.0230118,91947
-0.0311758,-0.0237185,91949
0.0043811,0.00333313,91950
-0.0109265,-0.00831287,91955
0.0146151,0.0111191,91957
-0.00291511,-0.00221781,91958
-0.00181161,-0.00137827,91964
0.00947816,0.00721096,91996
-0.0180455,-0.013729,92003
0.0267379,0.0203421,92005
-0.00695678,-0.0052927,92006
-0.008785,-0.00668361,92012
0.00109829,0.000835573,92020
-0.00144278,-0.00109766,92060
0.00249032,0.00189463,92067
-0.00379425,-0.00288666,92069
0.00107084,0.000814695,92070
0.0016592,0.00126231,92076
-0.000253846,-0.000193126,92084
-7.94717e-05,-6.04618e-05,92132
0.000405265,0.000308325,92343
-0.00166055,-0.00126334,92347
0.00156521,0.00119081,92349
-0.000188994,-0.000143786,92350
-0.00258524,-0.00196685,92375
0.0131269,0.00998694,92379
-0.0124917,-0.00950365,92381
0.00149517,0.00113752,92382
0.00222446,0.00169236,92391
-0.0140702,-0.0107046,92395
0.0136496,0.0103846,92397
-0.00166512,-0.00126682,92398
0.00260836,0.00198444,92403
-0.00319127,-0.00242791,92405
0.000510343,0.000388268,92406
0.000203696,0.000154972,92412
-0.000174258,-0.000132575,92447
0.000309984,0.000235835,92463
-0.000533234,-0.000405683,92471
0.00225681,0.00171697,92475
-0.00214046,-0.00162845,92477
0.000260585,0.000198252,92478
0.00417986,0.00318003,92503
-0.0216469,-0.0164689,92507
0.0206689,0.0157248,92509
-0.00248772,-0.00189265,92510
-0.00367358,-0.00279485,92519
0.0236709,0.0180088,92523
-0.0230445,-0.0175322,92525
0.00282992,0.002153,92526
-0.00452596,-0.00344334,92531
0.00556692,0.0042353,92533
-0.000899802,-0.000684567,92534
-0.000363616,-0.000276638,92540
-0.00160418,-0.00122045,92567
0.0100871,0.00767424,92571
-0.00990075,-0.00753246,92573
0.00125734,0.000956581,92574
0.00184964,0.0014072,92583
-0.0144008,-0.0109561,92587
0.0144459,0.0109904,92589
-0.00189164,-0.00143915,92590
0.00406416,0.003092,92595
-0.00524555,-0.0039908,92597
0.000955043,0.000726594,92598
0.000510343,0.000388268,92604
-0.00166512,-0.00126682,92636
0.00357,0.00271605,92643
-0.00512812,-0.00390146,92645
0.00125734,0.000956581,92646
0.00149517,0.00113752,92652
-0.000188994,-0.000143786,92660
0.0187299,0.0142496,92853
-0.00524555,-0.0039908,92854
-0.00319127,-0.00242791,92860
0.0136496,0.0103846,92892
-0.0257303,-0.0195755,92899
0.037973,0.0288897,92901
-0.00990075,-0.00753246,92902
-0.0124917,-0.00950365,92908
0.00156521,0.00119081,92916
-0.00359194,-0.00273274,92951
0.0253656,0.0192981,92955
-0.0257303,-0.0195755,92957
0.00357,0.00271605,92958
0.00459953,0.00349931,92967
-0.039825,-0.0302987,92971
0.0412691,0.0313974,92973
-0.0059106,-0.00449677,92974
0.0147871,0.01125,92979
-0.0199015,-0.015141,92981
0.00406416,0.003092,92982
0.00260836,0.00198444,92988
-0.0140702,-0.0107046,93020
0.0253656,0.0192981,93027
-0.0377968,-0.0287557,93029
0.0100871,0.00767424,93030
0.0131269,0.00998694,93036
-0.00166055,-0.00126334,93044
0.00222446,0.00169236,93084
-0.00359194,-0.00273274,93091
0.00550673,0.00418951,93093
-0.00160418,-0.00122045,93094
-0.00258524,-0.00196685,93100
0.000405265,0.000308325,93108
0.000131414,9.99796e-05,93156
0.000799754,0.00060845,93366
0.000784957,0.000597193,93372
-0.00416032,-0.00316516,93404
0.00643435,0.00489524,93411
-0.00971282,-0.00738949,93413
0.00277637,0.00211226,93414
0.00392469,0.0029859,93420
-0.000513945,-0.000391008,93428
0.000717262,0.000545691,93463
-0.00535278,-0.00407238,93467
0.00555109,0.00422325,93469
-0.000832027,-0.000633003,93470
-0.000950805,-0.00072337,93479
0.00865734,0.00658648,93483
-0.00916397,-0.00697192,93485
0.00141618,0.00107743,93486
-0.00363724,-0.0027672,93491
0.00501811,0.00381777,93493
-0.00112463,-0.000855614,93494
-0.000832027,-0.000633003,93500
0.00555109,0.00422325,93532
-0.00810684,-0.00616766,93539
0.0123544,0.00939923,93541
-0.00363724,-0.0027672,93542
-0.00535278,-0.00407238,93548
0.000717262,0.000545691,93556
-0.00126758,-0.000964369,93596
0.00155772,0.00118511,93603
-0.00245009,-0.00186402,93605
0.000814369,0.00061957,93606
0.00155772,0.00118511,93612
-0.000278556,-0.000211925,93620
-0.000121546,-9.24717e-05,93668
0.000290844,0.000221273,93924
-0.000796206,-0.000605752,93980
0.000737651,0.000561203,93987
-0.00118865,-0.000904324,93989
0.00045563,0.000346642,93990
0.00107886,0.000820793,93996
-0.000253846,-0.000193126,94004
-0.000245698,-0.000186927,94052
2.94471e-05,2.24033e-05,94116
0.000368982,0.00028072,95716
-0.00134155,-0.00102064,95972
0.0029428,0.00223887,96028
-0.00203775,-0.00155031,96035
0.00339689,0.00258434,96037
-0.00152458,-0.00115989,96038
-0.00420607,-0.00319997,96044
0.00109829,0.000835573,96052
0.0011854,0.000901846,96100
-0.000140868,-0.000107172,96164
0.000463903,0.000352936,96444
-0.00405928,-0.00308829,96476
0.00464854,0.00353659,96483
-0.00723174,-0.00550189,96485
0.00238616,0.00181539,96486
0.00398415,0.00303113,96492
-0.0005695,-0.000433274,96500
-0.00293981,-0.0022366,96539
0.00314941,0.00239606,96541
-0.000536892,-0.000408466,96542
-0.000503054,-0.000382722,96551
0.00487277,0.00370719,96555
-0.00532403,-0.00405051,96557
0.000934015,0.000710596,96558
-0.00235943,-0.00179505,96563
0.00336811,0.00256245,96565
-0.0008705,-0.000662274,96566
-0.000781982,-0.00059493,96572
0.00604777,0.00460113,96604
-0.00648475,-0.00493358,96611
0.0101885,0.00775135,96613
-0.00348119,-0.00264848,96614
-0.0060749,-0.00462176,96620
0.000895759,0.000681491,96628
-0.00191238,-0.00145493,96668
0.0016592,0.00126231,96675
-0.00269977,-0.00205398,96677
0.00107084,0.000814695,96678
0.00249032,0.00189463,96684
-0.000513945,-0.000391008,96692
-0.000279571,-0.000212697,96740
0.00131276,0.000998744,96996
-0.00272785,-0.00207534,97052
0.00177142,0.00134769,97059
-0.00297625,-0.00226432,97061
0.00138389,0.00105286,97062
0.00395325,0.00300762,97068
-0.00106117,-0.000807336,97076
-0.00118559,-0.000901992,97124
0.000141359,0.000107546,97188
-0.000190689,-0.000145076,97508
0.000365379,0.000277979,97564
-0.00021789,-0.00016577,97571
0.000369835,0.00028137,97573
-0.000180196,-0.000137092,97574
-0.00054522,-0.000414802,97580
0.000157187,0.000119587,97588
0.000212513,0.00016168,97636
-3.01964e-05,-2.29734e-05,97700
-9.11225e-06,-6.93258e-06,98084
0.0113514,0.00863608,112356
-0.0218699,-0.0166386,112412
-0.0192246,-0.014626,112421
0.0103442,0.00786985,112422
0.0316976,0.0241155,112428
-0.008785,-0.00668361,112436
-0.0101746,-0.00774079,112484
0.0012401,0.000943468,112548
0.0188837,0.0143667,112860
0.034871,0.0265297,112869
-0.0140796,-0.0107117,112870
-0.026642,-0.0202691,112876
0.00398415,0.00303113,112884
-0.0125841,-0.00957395,112925
0.00264684,0.00201371,112926
0.00188416,0.00143346,112935
0.0216983,0.016508,112941
-0.00467715,-0.00355837,112942
-0.0152111,-0.0115726,112949
0.00483025,0.00367484,112950
0.00501346,0.00381423,112956
-0.0407462,-0.0309996,112988
-0.0509202,-0.03874,112997
0.0211408,0.0160839,112998
0.0415459,0.031608,113004
-0.00640846,-0.00487554,113012
0.0136604,0.0103928,113052
0.0145557,0.0110739,113061
-0.00695678,-0.0052927,113062
-0.0180455,-0.013729,113068
0.00392469,0.0029859,113076
0.00227278,0.00172913,113124
-0.0111648,-0.00849415,113380
0.0205528,0.0156365,113436
0.0173253,0.013181,113445
-0.00956741,-0.00727886,113446
-0.03013,-0.0229228,113452
0.0085512,0.00650573,113460
0.0102045,0.00776354,113508
-0.00124801,-0.000949486,113572
0.00161043,0.00122521,113892
-0.00272785,-0.00207534,113948
-0.00213188,-0.00162193,113957
0.00123373,0.000938622,113958
0.00411371,0.0031297,113964
-0.00125635,-0.000955827,113972
-0.00181448,-0.00138045,114020
0.000264796,0.000201456,114084
7.83029e-05,5.95726e-05,114468
0.0228402,0.0173767,116509
-0.00387989,-0.00295181,116510
-0.00384355,-0.00292416,116519
-0.0372149,-0.028313,116525
0.00655236,0.00498502,116526
0.0195954,0.0149081,116533
-0.00506806,-0.00385577,116534
-0.00387989,-0.00295181,116540
0.0410065,0.0311976,116581
-0.0140796,-0.0107117,116582
-0.0218699,-0.0166386,116588
0.0029428,0.00223887,116596
-0.00630315,-0.00479542,116645
0.00238616,0.00181539,116646
0.00464854,0.00353659,116652
-0.000796206,-0.000605752,116660
-0.000282602,-0.000215003,116708
0.00182242,0.00138649,116967
0.012636,0.00961347,116973
-0.00188026,-0.0014305,116974
-0.00339397,-0.00258212,116981
0.000704035,0.000535628,116982
0.000346809,0.000263851,116988
-0.00012453,-9.47417e-05,117023
0.000219031,0.000166638,117039
-0.000396871,-0.000301939,117047
-0.00185478,-0.00141111,117053
0.000272333,0.00020719,117054
0.0189598,0.0144245,117085
-0.00274999,-0.00209219,117086
-0.0030975,-0.00235657,117095
-0.0218475,-0.0166215,117101
0.00327023,0.00248798,117102
0.00601774,0.00457828,117109
-0.00125563,-0.000955276,117110
-0.00061965,-0.000471428,117116
-0.0104932,-0.00798318,117149
0.00163326,0.00124258,117150
0.00182212,0.00138626,117159
0.0157843,0.0120087,117165
-0.00255479,-0.00194368,117166
-0.00650024,-0.00494537,117173
0.00152882,0.00116312,117174
0.000998773,0.000759864,117180
-0.00752959,-0.00572849,117221
0.00244609,0.00186098,117222
0.0035891,0.00273058,117228
-0.000484741,-0.000368789,117236
0.0441834,0.0336146,117477
-0.0213918,-0.0162748,117478
-0.0329129,-0.02504,117484
0.00439713,0.00334532,117492
-0.0332912,-0.0253278,117533
0.00577489,0.00439352,117534
0.00554324,0.00421728,117543
0.0546405,0.0415703,117549
-0.00982027,-0.00747123,117550
-0.0295966,-0.022517,117557
0.00782944,0.00595661,117558
0.00617619,0.00469883,117564
-0.0642513,-0.0488822,117605
0.0225272,0.0171386,117606
0.0357959,0.0272334,117612
-0.00485602,-0.00369445,117620
0.0101887,0.00775153,117669
-0.00395169,-0.00300643,117670
-0.00790819,-0.00601653,117676
0.00137632,0.0010471,117684
0.000500571,0.000380833,117732
0.00564521,0.00429486,117990
0.0136604,0.0103928,117996
-0.00191238,-0.00145493,118004
0.00947816,0.00721096,118045
-0.00181161,-0.00137827,118046
-0.00150118,-0.00114209,118055
-0.0160184,-0.0121867,118061
0.00315637,0.00240136,118062
0.0099973,0.00760592,118069
-0.00291511,-0.00221781,118070
-0.00266832,-0.00203005,118076
0.0284861,0.0216721,118117
-0.0109265,-0.00831287,118118
-0.0194245,-0.0147781,118124
0.00279491,0.00212636,118132
-0.00638084,-0.00485453,118181
0.00277637,0.00211226,118182
0.00643435,0.00489524,118188
-0.00126758,-0.000964369,118196
-0.000622663,-0.000473721,118244
-0.00378819,-0.00288204,118565
0.00190564,0.0014498,118566
0.00546485,0.00415764,118572
-0.00144278,-0.00109766,118580
-0.00160243,-0.00121912,118628
0.000199249,0.000151588,118692
0.0113623,0.00864442,120676
-0.00140152,-0.00106627,120740
0.0188837,0.0143667,121068
-0.00405928,-0.00308829,121076
-0.00246508,-0.00187543,121118
-0.00167714,-0.00127597,121127
-0.0196868,-0.0149777,121133
0.00437017,0.00332481,121134
0.014148,0.0107638,121141
-0.00462093,-0.00351559,121142
-0.00497746,-0.00378684,121148
0.0485855,0.0369637,121189
-0.0207082,-0.0157548,121190
-0.0420022,-0.0319552,121196
0.00658808,0.00501219,121204
-0.0142113,-0.0108119,121253
0.00697652,0.00530771,121254
0.018699,0.0142261,121260
-0.00416032,-0.00316516,121268
-0.00249216,-0.00189603,121316
-0.0174144,-0.0132488,121637
0.009883,0.00751896,121638
0.0322276,0.0245187,121644
-0.0094036,-0.00715423,121652
-0.0116347,-0.00885164,121700
0.0014437,0.00109837,121764
0.00215041,0.00163603,122149
-0.00128452,-0.000977261,122150
-0.00446429,-0.00339642,122156
0.00141341,0.00107532,122164
0.00214387,0.00163105,122212
-0.000322457,-0.000245324,122276
-9.91552e-05,-7.5437e-05,122660
0.000318332,0.000242186,124836
0.000463903,0.000352936,125172
0.00020193,0.000153627,125223
0.0024486,0.00186288,125229
-0.000567044,-0.000431406,125230
-0.00183996,-0.00139984,125237
0.000626804,0.000476871,125238
0.000735263,0.000559386,125244
-0.00667239,-0.00507633,125285
0.00297918,0.00226655,125286
0.00655881,0.00498993,125292
-0.00109457,-0.000832745,125300
0.00209967,0.00159742,125349
-0.00109429,-0.000832535,125350
-0.00323422,-0.00246059,125356
0.000784957,0.000597193,125364
0.000542592,0.000412803,125412
0.00311192,0.00236754,125733
-0.0019068,-0.00145069,125734
-0.00699546,-0.00532213,125740
0.00227082,0.00172763,125748
0.00323262,0.00245937,125796
-0.000426411,-0.000324412,125860
-0.000458609,-0.000348909,126245
0.000304021,0.000231298,126246
0.00123864,0.000942358,126252
-0.000456977,-0.000347667,126260
-0.000851185,-0.000647579,126308
0.000148319,0.000112841,126372
6.22602e-05,4.73674e-05,126756
-0.000135232,-0.000102884,129317
9.61099e-05,7.31202e-05,129318
0.00044841,0.000341149,129324
-0.000194249,-0.000147784,129332
-0.000459004,-0.000349209,129380
0.000107069,8.14579e-05,129444
0.000104071,7.91767e-05,129828
-1.28669e-05,-9.78912e-06,130340
1.33721e-05,1.01735e-05,149823
0.00017403,0.000132402,149871
-0.000110695,-8.42166e-05,149879
-0.00018239,-0.000138762,149885
2.24702e-05,1.70953e-05,149886
-0.000161369,-0.000122769,149935
0.000158155,0.000120324,149943
0.000338987,0.000257901,149949
-4.11524e-05,-3.13086e-05,149950
0.000384824,0.000292773,149991
0.00168645,0.00128304,149997
-0.000203847,-0.000155087,149998
-0.000305584,-0.000232488,150005
4.4154e-05,3.35922e-05,150006
-0.000798146,-0.000607227,150319
0.00102605,0.000780619,150327
0.00274282,0.00208673,150333
-0.000344206,-0.000261871,150334
0.00423552,0.00322237,150375
0.0202046,0.0153716,150381
-0.00252799,-0.00192329,150382
-0.00374276,-0.00284748,150389
0.000567409,0.000431683,150390
-0.000949755,-0.000722571,150439
-0.00574735,-0.00437257,150445
0.000761237,0.000579147,150446
0.00152046,0.00115676,150453
-0.000265195,-0.000201759,150454
0.000819887,0.000623768,150501
-0.000189975,-0.000144532,150502
0.000347896,0.000264678,150831
-0.00051874,-0.000394656,150839
-0.00166882,-0.00126963,150845
0.000219271,0.000166821,150846
-0.00278675,-0.00212015,150887
-0.0149541,-0.011377,150893
0.00196434,0.00149447,150894
0.00301248,0.00229189,150901
-0.000491569,-0.000373984,150902
0.000935667,0.000711853,150951
0.00635216,0.00483271,150957
-0.000881986,-0.000671012,150958
-0.00190277,-0.00144762,150965
0.000353442,0.000268898,150966
-0.00137168,-0.00104357,151013
0.000336657,0.000256128,151014
0.000668027,0.000508233,151335
0.0076454,0.0058166,151341
-0.00116485,-0.000886214,151342
-0.00321657,-0.00244716,151349
0.000687046,0.000522703,151350
-0.00524412,-0.00398971,151397
0.0014589,0.00110993,151398
0.000728751,0.000554432,151461
-0.000218016,-0.000165866,151462
-0.00878142,-0.00668088,153959
-0.0531091,-0.0404053,153965
0.00741144,0.0056386,153966
0.011977,0.00911204,153973
-0.00215249,-0.00163761,153974
0.00392876,0.00298899,154023
0.0296116,0.0225284,154029
-0.00438102,-0.00333307,154030
-0.0100325,-0.00763268,154037
0.00203852,0.0015509,154038
0.00239725,0.00182382,154086
0.0469228,0.0356987,154413
-0.0106944,-0.00813626,154414
-0.0301555,-0.0229422,154421
0.00690389,0.00525246,154422
0.0159437,0.0121299,154470
-0.00241244,-0.00183538,154534
0.00129703,0.000986778,154926
0.00539966,0.00410805,154933
-0.00134595,-0.001024,154934
-0.00397606,-0.00302498,154982
0.000808417,0.000615041,155046
-0.00124745,-0.000949059,158119
-0.0102466,-0.00779561,158125
0.00166358,0.00126565,158126
0.0038513,0.00293006,158133
-0.000888462,-0.00067594,158134
0.0106395,0.0080945,158517
-0.00392142,-0.0029834,158518
0.000799754,0.00060845,159030
! m= 2 ; q= ( 0 0 0  ) 
[ 
energy=  -4.42005 
energy=  -4.17346 
energy=  -4.12332 
energy=  -4.01907 
energy=  -3.96738 
energy=  -3.92667 
energy=  -3.86956 
energy=  -3.77986 
energy=   -3.7048 
energy=  -3.57978 
energy=  -3.52874 
energy=  -3.37263 
energy=   -3.2558 
energy=  -3.13223 
energy=   -3.0088 
energy=  -2.86788 
energy=  -2.70544 
energy=  -2.55495 
energy=  -2.39056 
energy=   -2.2217 
energy=  -2.06003 
energy=  -1.88308 
energy=  -1.71012 
energy=  -1.52306 
energy=  -1.33833 
energy=  -1.15005 
energy= -0.966099 
energy= -0.767286 
energy=  -0.57622 
energy=  -0.39002 
energy= -0.205275 
energy= -0.00790032 
energy=  0.183245 
energy=  0.368823 
energy=  0.555127 
energy=  0.744263 
energy=  0.924862 
energy=    1.1101 
energy=   1.28376 
energy=   1.45673 
energy=   1.62436 
energy=    1.7866 
energy=   1.94613 
energy=   2.10235 
energy=   2.25445 
energy=   2.38588 
energy=   2.52513 
energy=   2.65322 
energy=   2.76396 
energy=   2.88389 
energy=   2.99755 
energy=   3.07688 
energy=   3.15644 
energy=   3.22476 
energy=   3.28848 
energy=   3.35043 
energy=   3.38377 
energy=   3.41679 
energy=   3.57291 
energy=    3.7455 
] 
! m= 2 ; q= ( 0 0 1  ) 
[ 
energy=  -4.53162 
energy=  -4.17912 
energy=  -4.13031 
energy=  -4.01074 
energy=  -3.95396 
energy=   -3.8807 
energy=  -3.81634 
energy=  -3.69081 
energy=  -3.60608 
energy=  -3.43824 
energy=  -3.31036 
energy=  -3.13767 
energy=  -2.99461 
energy=  -2.82724 
energy=  -2.66239 
energy=  -2.48014 
energy=  -2.30267 
energy=  -2.08649 
energy=  -1.88656 
energy=  -1.68575 
energy=  -1.46437 
energy=  -1.25163 
energy=  -1.03246 
energy=  -0.80917 
energy= -0.587834 
energy=  -0.37037 
energy= -0.144677 
energy= 0.0789828 
energy=  0.298646 
energy=  0.519093 
energy=  0.740879 
energy=  0.959478 
energy=   1.14956 
energy=   1.36832 
energy=   1.56715 
energy=     1.774 
energy=   1.94415 
energy=   2.13487 
energy=   2.30486 
energy=   2.41109 
energy=    2.5993 
energy=   2.74777 
energy=   2.87142 
energy=   2.98192 
energy=   3.12329 
energy=   3.17089 
energy=   3.28275 
energy=   3.33819 
energy=   3.40217 
energy=   3.43127 
energy=   3.48755 
energy=   3.66677 
] 
! m= 2 ; q= ( 0 0 2  ) 
[ 
energy=  -4.72729 
energy=  -4.21346 
energy=  -4.14914 
energy=  -3.99723 
energy=  -3.92396 
energy=  -3.84004 
energy=  -3.76408 
energy=  -3.63525 
energy=  -3.45273 
energy=  -3.32681 
energy=  -3.15265 
energy=  -2.99013 
energy=  -2.78881 
energy=  -2.59136 
energy=  -2.38321 
energy=  -2.17253 
energy=  -1.94054 
energy=  -1.71771 
energy=  -1.48606 
energy=  -1.23661 
energy=  -1.00208 
energy= -0.756175 
energy= -0.509243 
energy= -0.268568 
energy= -0.0141116 
energy=  0.227499 
energy=  0.469769 
energy=  0.723242 
energy=  0.960788 
energy=   1.18859 
energy=   1.40211 
energy=   1.64303 
energy=   1.82516 
energy=    2.0392 
energy=   2.25447 
energy=   2.38289 
energy=   2.56604 
energy=   2.75597 
energy=   2.85383 
energy=    3.0063 
energy=   3.11358 
energy=   3.25583 
energy=   3.32767 
energy=   3.34507 
energy=   3.40588 
energy=   3.49927 
energy=   3.59703 
] 
! m= 2 ; q= ( 0 0 3  ) 
[ 
energy=   -4.8227 
energy=  -4.21412 
energy=  -4.16936 
energy=   -4.0056 
energy=  -3.89322 
energy=  -3.80299 
energy=  -3.66148 
energy=  -3.51274 
energy=  -3.35004 
energy=  -3.16812 
energy=  -2.96334 
energy=  -2.73945 
energy=  -2.50845 
energy=  -2.27669 
energy=  -2.01995 
energy=  -1.76674 
energy=  -1.51064 
energy=  -1.23318 
energy= -0.969522 
energy= -0.689328 
energy= -0.415154 
energy= -0.135157 
energy=  0.140734 
energy=  0.415816 
energy=  0.693314 
energy=  0.950766 
energy=   1.21746 
energy=   1.45916 
energy=   1.71873 
energy=     1.917 
energy=   2.13985 
energy=    2.3394 
energy=   2.52225 
energy=   2.71409 
energy=   2.84156 
energy=   3.02424 
energy=   3.14546 
energy=   3.27566 
energy=   3.40504 
energy=   3.42858 
energy=   3.45005 
energy=   3.53715 
] 
! m= 2 ; q= ( 0 0 4  ) 
[ 
energy=  -4.72729 
energy=  -4.21346 
energy=  -4.14914 
energy=  -3.99768 
energy=  -3.92239 
energy=  -3.83144 
energy=  -3.69716 
energy=  -3.60916 
energy=  -3.42561 
energy=  -3.27608 
energy=  -3.12643 
energy=  -2.92889 
energy=  -2.73826 
energy=  -2.51419 
energy=  -2.31375 
energy=  -2.07733 
energy=  -1.85282 
energy=  -1.61607 
energy=  -1.37259 
energy=  -1.13694 
energy= -0.881988 
energy= -0.628524 
energy= -0.374615 
energy= -0.123801 
energy=  0.129913 
energy=  0.380486 
energy=  0.628391 
energy=  0.874758 
energy=   1.09692 
energy=   1.34499 
energy=   1.57025 
energy=   1.78645 
energy=   1.99556 
energy=   2.20295 
energy=   2.36628 
energy=   2.53318 
energy=   2.74446 
energy=   2.84726 
energy=   2.99794 
energy=   3.10783 
energy=   3.25794 
energy=   3.32921 
energy=   3.37851 
energy=    3.4137 
energy=   3.49927 
energy=   3.59703 
] 
! m= 2 ; q= ( 0 0 5  ) 
[ 
energy=  -4.53162 
energy=  -4.17912 
energy=  -4.13032 
energy=  -4.00687 
energy=  -3.96396 
energy=  -3.92357 
energy=  -3.84595 
energy=  -3.71476 
energy=  -3.62603 
energy=  -3.46932 
energy=  -3.37607 
energy=  -3.23152 
energy=  -3.07812 
energy=  -2.93629 
energy=   -2.7722 
energy=  -2.58974 
energy=  -2.42111 
energy=  -2.23951 
energy=  -2.03353 
energy=  -1.83284 
energy=  -1.64501 
energy=  -1.43067 
energy=  -1.22949 
energy=  -1.01696 
energy= -0.800922 
energy= -0.580715 
energy= -0.371021 
energy= -0.154522 
energy= 0.0596985 
energy=  0.275823 
energy=  0.486699 
energy=  0.696911 
energy=  0.910508 
energy=   1.09882 
energy=   1.31529 
energy=    1.4947 
energy=   1.70651 
energy=   1.84409 
energy=   2.04532 
energy=   2.20963 
energy=   2.38074 
energy=   2.53499 
energy=   2.65843 
energy=   2.75921 
energy=   2.89158 
energy=   3.00897 
energy=   3.16183 
energy=   3.18763 
energy=   3.28668 
energy=   3.34946 
energy=   3.40224 
energy=   3.44149 
energy=   3.48755 
energy=   3.66677 
] 
q-vector: ( 0, 0, 0, 3)
Groundstate 
1.82866e-10,1.27439e-10,2047
-2.99977e-10,-2.23738e-10,3071
5.37389e-10,3.84829e-10,3583
-3.03922e-09,-2.21667e-09,3839
3.81909e-09,2.77709e-09,3967
-3.22315e-09,-2.34779e-09,4031
1.0829e-08,7.8827e-09,4063
-1.04988e-08,-7.64351e-09,4079
2.3246e-09,1.69153e-09,4087
-1.16077e-09,-8.39509e-10,4091
5.89557e-10,4.31473e-10,4093
-5.17545e-11,-2.85707e-11,4094
4.17939e-10,3.00099e-10,5119
-7.51015e-09,-5.47231e-09,5631
4.38038e-08,3.18956e-08,5887
-5.45197e-08,-3.97011e-08,6015
4.41316e-08,3.21346e-08,6079
-1.35937e-07,-9.89866e-08,6111
1.30986e-07,9.53774e-08,6127
-2.93039e-08,-2.13407e-08,6135
1.45179e-08,1.05694e-08,6139
-7.34422e-09,-5.34844e-09,6141
5.88866e-10,4.31008e-10,6142
8.27291e-09,6.02063e-09,6655
-5.89187e-08,-4.29015e-08,6911
7.92851e-08,5.77317e-08,7039
-7.86698e-08,-5.72839e-08,7103
2.65852e-07,1.93581e-07,7135
-2.58286e-07,-1.88076e-07,7151
5.76175e-08,4.19537e-08,7159
-2.86192e-08,-2.08422e-08,7163
1.45179e-08,1.05696e-08,7165
-1.15831e-09,-8.41864e-10,7166
3.73648e-08,2.72075e-08,7423
-6.9741e-08,-5.07831e-08,7551
1.2112e-07,8.81946e-08,7615
-5.24478e-07,-3.81906e-07,7647
5.19129e-07,3.78006e-07,7663
-1.15317e-07,-8.3975e-08,7671
5.76166e-08,4.19554e-08,7675
-2.93035e-08,-2.13409e-08,7677
2.32227e-09,1.692e-09,7678
3.88617e-08,2.82965e-08,7807
-4.43514e-07,-3.22952e-07,7871
2.36839e-06,1.72458e-06,7903
-2.36428e-06,-1.72158e-06,7919
5.19127e-07,3.78009e-07,7927
-2.58287e-07,-1.88075e-07,7931
1.30986e-07,9.53766e-08,7933
-1.04992e-08,-7.64259e-09,7934
3.60157e-07,2.62251e-07,7999
-2.34251e-06,-1.70573e-06,8031
2.36839e-06,1.72458e-06,8047
-5.24476e-07,-3.81907e-07,8055
2.6585e-07,1.93582e-07,8059
-1.35935e-07,-9.89875e-08,8061
1.08257e-08,7.88341e-09,8062
3.60158e-07,2.62251e-07,8095
-4.43512e-07,-3.22954e-07,8111
1.21122e-07,8.81921e-08,8119
-7.86697e-08,-5.72839e-08,8123
4.41325e-08,3.21333e-08,8125
-3.22188e-09,-2.34883e-09,8126
3.88638e-08,2.82964e-08,8143
-6.9738e-08,-5.07858e-08,8151
7.92858e-08,5.77311e-08,8155
-5.45169e-08,-3.97029e-08,8157
3.81916e-09,2.77656e-09,8158
3.73666e-08,2.72059e-08,8167
-5.8917e-08,-4.29029e-08,8171
4.38049e-08,3.18935e-08,8173
-3.04012e-09,-2.21565e-09,8174
8.27252e-09,6.02158e-09,8179
-7.51057e-09,-5.47146e-09,8181
5.35158e-10,3.8735e-10,8182
4.15982e-10,2.9981e-10,8185
-3.06375e-10,-2.19253e-10,8186
1.80181e-10,1.30884e-10,8188
-1.78757e-09,-1.30103e-09,9215
3.99827e-08,2.91149e-08,9727
-2.88422e-07,-2.10018e-07,9983
4.52065e-07,3.29177e-07,10111
-6.38671e-07,-4.65058e-07,10175
2.4576e-06,1.78953e-06,10207
-2.42073e-06,-1.76269e-06,10223
5.44226e-07,3.96285e-07,10231
-2.69227e-07,-1.96042e-07,10235
1.35712e-07,9.88182e-08,10237
-1.09243e-08,-7.9513e-09,10238
-5.88075e-08,-4.28223e-08,10751
4.87965e-07,3.55317e-07,11007
-7.92761e-07,-5.7726e-07,11135
1.168e-06,8.505e-07,11199
-4.5224e-06,-3.29305e-06,11231
4.45475e-06,3.24379e-06,11247
-9.99857e-07,-7.2806e-07,11255
4.95219e-07,3.60601e-07,11259
-2.50059e-07,-1.82084e-07,11261
2.00366e-08,1.45911e-08,11262
-5.44937e-07,-3.96803e-07,11519
1.06022e-06,7.72014e-07,11647
-2.02893e-06,-1.47739e-06,11711
9.04966e-06,6.58963e-06,11743
-8.99373e-06,-6.5489e-06,11759
2.00952e-06,1.46326e-06,11767
-9.98111e-07,-7.26788e-07,11771
5.04783e-07,3.67565e-07,11773
-4.0194e-08,-2.92665e-08,11774
-7.02195e-07,-5.11314e-07,11903
8.27914e-06,6.02856e-06,11967
-4.46265e-05,-3.24954e-05,11999
4.46366e-05,3.25027e-05,12015
-9.8526e-06,-7.1743e-06,12023
4.88129e-06,3.55437e-06,12027
-2.46523e-06,-1.79509e-06,12029
1.97893e-07,1.44097e-07,12030
-6.78129e-06,-4.93789e-06,12095
4.44248e-05,3.23485e-05,12127
-4.49964e-05,-3.27648e-05,12143
1.00206e-05,7.29663e-06,12151
-5.06444e-06,-3.68774e-06,12155
2.58129e-06,1.8796e-06,12157
-2.05625e-07,-1.4973e-07,12158
-6.84523e-06,-4.98445e-06,12191
8.45151e-06,6.15408e-06,12207
-2.33287e-06,-1.69871e-06,12215
1.53269e-06,1.11605e-06,12219
-8.63728e-07,-6.28935e-07,12221
6.26075e-08,4.55879e-08,12222
-7.50301e-07,-5.46341e-07,12239
1.38728e-06,1.01016e-06,12247
-1.6645e-06,-1.21203e-06,12251
1.15834e-06,8.43461e-07,12253
-7.95735e-08,-5.79441e-08,12254
-7.52505e-07,-5.47947e-07,12263
1.2675e-06,9.22952e-07,12267
-9.50742e-07,-6.92296e-07,12269
6.45763e-08,4.70238e-08,12270
-1.7668e-07,-1.28653e-07,12275
1.61947e-07,1.17924e-07,12277
-1.137e-08,-8.27958e-09,12278
-9.05176e-09,-6.59169e-09,12281
6.47416e-09,4.71668e-09,12282
-3.85792e-09,-2.80588e-09,12284
3.10425e-08,2.26046e-08,12799
-3.16187e-07,-2.30237e-07,13055
5.99738e-07,4.36708e-07,13183
-1.08595e-06,-7.90745e-07,13247
4.45183e-06,3.24166e-06,13279
-4.40669e-06,-3.20879e-06,13295
9.90859e-07,7.21507e-07,13303
-4.89522e-07,-3.56453e-07,13307
2.46221e-07,1.79288e-07,13309
-1.99761e-08,-1.4545e-08,13310
3.32254e-06,2.41935e-06,13567
-6.41886e-06,-4.67398e-06,13695
1.29181e-05,9.40646e-06,13759
-5.93779e-05,-4.32368e-05,13791
5.92967e-05,4.31777e-05,13807
-1.33911e-05,-9.75091e-06,13815
6.6864e-06,4.86879e-06,13819
-3.37513e-06,-2.45765e-06,13821
2.75762e-07,2.00802e-07,13822
5.19805e-06,3.78503e-06,13951
-6.31997e-05,-4.60197e-05,14015
0.000342381,0.000249309,14047
-0.000343169,-0.000249883,14063
7.64346e-05,5.56568e-05,14071
-3.78149e-05,-2.75354e-05,14075
1.89757e-05,1.38174e-05,14077
-1.56785e-06,-1.14165e-06,14078
5.20388e-05,3.78927e-05,14143
-0.000341361,-0.000248567,14175
0.000346391,0.000252229,14191
-7.79019e-05,-5.67253e-05,14199
3.94495e-05,2.87256e-05,14203
-2.0035e-05,-1.45888e-05,14205
1.64237e-06,1.19592e-06,14206
5.19954e-05,3.78611e-05,14239
-6.43907e-05,-4.6887e-05,14255
1.80825e-05,1.3167e-05,14263
-1.22529e-05,-8.92208e-06,14267
7.01548e-06,5.10841e-06,14269
-5.26426e-07,-3.83322e-07,14270
5.73891e-06,4.17887e-06,14287
-1.08362e-05,-7.89053e-06,14295
1.38689e-05,1.00988e-05,14299
-9.90388e-06,-7.21164e-06,14301
7.21105e-07,5.25082e-07,14302
5.90522e-06,4.29996e-06,14311
-1.07301e-05,-7.8133e-06,14315
8.25307e-06,6.00959e-06,14317
-5.98583e-07,-4.35865e-07,14318
1.51543e-06,1.10348e-06,14323
-1.42294e-06,-1.03613e-06,14325
1.08681e-07,7.91385e-08,14326
8.24001e-08,6.00027e-08,14329
-6.04846e-08,-4.40414e-08,14330
3.57275e-08,2.60156e-08,14332
-2.95124e-06,-2.14899e-06,14591
5.54493e-06,4.03761e-06,14719
-1.1145e-05,-8.11536e-06,14783
5.19533e-05,3.78305e-05,14815
-5.20112e-05,-3.78726e-05,14831
1.1813e-05,8.60178e-06,14839
-5.95737e-06,-4.33794e-06,14843
3.02137e-06,2.20005e-06,14845
-2.48386e-07,-1.80863e-07,14846
-5.3543e-06,-3.89881e-06,14975
6.6916e-05,4.87258e-05,15039
-0.000365443,-0.000266102,15071
0.000366842,0.000267121,15087
-8.22045e-05,-5.98583e-05,15095
4.10254e-05,2.98732e-05,15099
-2.0665e-05,-1.50475e-05,15101
1.72159e-06,1.2536e-06,15102
-5.60029e-05,-4.07792e-05,15167
0.000370307,0.000269644,15199
-0.00037654,-0.000274183,15215
8.55076e-05,6.22635e-05,15223
-4.4107e-05,-3.21171e-05,15227
2.26257e-05,1.64752e-05,15229
-1.86702e-06,-1.3595e-06,15230
-5.77249e-05,-4.20331e-05,15263
7.20445e-05,5.24601e-05,15279
-2.11525e-05,-1.54024e-05,15287
1.58646e-05,1.1552e-05,15291
-9.51969e-06,-6.93189e-06,15293
7.16436e-07,5.21685e-07,15294
-6.81108e-06,-4.95958e-06,15311
1.488e-05,1.0835e-05,15319
-2.39193e-05,-1.74171e-05,15323
1.78586e-05,1.3004e-05,15325
-1.29559e-06,-9.43399e-07,15326
-8.59515e-06,-6.25867e-06,15335
1.99109e-05,1.44984e-05,15339
-1.57662e-05,-1.14804e-05,15341
1.13613e-06,8.27288e-07,15342
-2.75061e-06,-2.0029e-06,15347
2.66278e-06,1.93894e-06,15349
-2.09246e-07,-1.52366e-07,15350
-1.59627e-07,-1.16232e-07,15353
1.15905e-07,8.43984e-08,15354
-6.87239e-08,-5.0042e-08,15356
7.09943e-07,5.16954e-07,15487
-1.11293e-05,-8.10393e-06,15551
6.83823e-05,4.97935e-05,15583
-6.95905e-05,-5.06732e-05,15599
1.65088e-05,1.20211e-05,15607
-9.57944e-06,-6.9754e-06,15611
5.27272e-06,3.8394e-06,15613
-4.38301e-07,-3.19154e-07,15614
1.16522e-05,8.4847e-06,15679
-8.70375e-05,-6.33775e-05,15711
9.01743e-05,6.56616e-05,15727
-2.23153e-05,-1.62492e-05,15735
1.42124e-05,1.0349e-05,15739
-8.18113e-06,-5.9572e-06,15741
6.68504e-07,4.8678e-07,15742
1.86966e-05,1.36142e-05,15775
-2.47657e-05,-1.80334e-05,15791
9.93988e-06,7.23786e-06,15799
-1.22834e-05,-8.94435e-06,15803
8.67691e-06,6.31821e-06,15805
-6.52516e-07,-4.75139e-07,15806
3.71398e-06,2.70439e-06,15823
-1.50887e-05,-1.0987e-05,15831
3.94008e-05,2.86902e-05,15835
-3.14525e-05,-2.29026e-05,15837
2.28436e-06,1.66339e-06,15838
1.02825e-05,7.48734e-06,15847
-3.65216e-05,-2.65937e-05,15851
3.00628e-05,2.18906e-05,15853
-2.16681e-06,-1.57779e-06,15854
4.89503e-06,3.56438e-06,15859
-4.94406e-06,-3.60009e-06,15861
4.05674e-07,2.95396e-07,15862
3.10815e-07,2.26325e-07,15865
-2.23188e-07,-1.62518e-07,15866
1.32767e-07,9.66764e-08,15868
-1.02017e-06,-7.42853e-07,15935
9.69738e-06,7.06128e-06,15967
-1.07927e-05,-7.85887e-06,15983
3.63705e-06,2.64837e-06,15991
-3.90768e-06,-2.84543e-06,15995
2.70693e-06,1.97109e-06,15997
-2.11139e-07,-1.53741e-07,15998
-1.71155e-05,-1.24629e-05,16031
2.5524e-05,1.85857e-05,16047
-1.74493e-05,-1.27059e-05,16055
3.37216e-05,2.45548e-05,16059
-2.60471e-05,-1.89665e-05,16061
1.96381e-06,1.42997e-06,16062
-7.97633e-06,-5.80807e-06,16079
5.19194e-05,3.78058e-05,16087
-0.000162145,-0.000118068,16091
0.000132273,9.6316e-05,16093
-9.71504e-06,-7.07414e-06,16094
-3.82335e-05,-2.78402e-05,16103
0.000154904,0.000112796,16107
-0.000129206,-9.40831e-05,16109
9.42502e-06,6.86296e-06,16110
-2.04519e-05,-1.48924e-05,16115
2.09265e-05,1.52379e-05,16117
-1.75369e-06,-1.27697e-06,16118
-1.33293e-06,-9.70587e-07,16121
9.57308e-07,6.97078e-07,16122
-5.69102e-07,-4.14398e-07,16124
1.0424e-05,7.59039e-06,16159
-1.58926e-05,-1.15724e-05,16175
1.24624e-05,9.07469e-06,16183
-2.62637e-05,-1.91243e-05,16187
2.05746e-05,1.49816e-05,16189
-1.55148e-06,-1.12973e-06,16190
6.7923e-06,4.9459e-06,16207
-4.90331e-05,-3.57041e-05,16215
0.000157857,0.000114945,16219
-0.00012923,-9.41003e-05,16221
9.5023e-06,6.91923e-06,16222
3.69349e-05,2.68947e-05,16231
-0.000153045,-0.000111442,16235
0.000127954,9.31717e-05,16237
-9.3482e-06,-6.80702e-06,16238
2.02279e-05,1.47292e-05,16243
-2.07639e-05,-1.51195e-05,16245
1.74822e-06,1.27299e-06,16246
1.33381e-06,9.71228e-07,16249
-9.57855e-07,-6.97475e-07,16250
5.69102e-07,4.14398e-07,16252
-6.83507e-07,-4.97705e-07,16271
6.36579e-06,4.63534e-06,16279
-2.34638e-05,-1.70855e-05,16283
1.94105e-05,1.4134e-05,16285
-1.41957e-06,-1.03368e-06,16286
-5.83131e-06,-4.24615e-06,16295
2.75306e-05,2.00468e-05,16299
-2.32386e-05,-1.69215e-05,16301
1.69531e-06,1.23446e-06,16302
-4.22048e-06,-3.07319e-06,16307
4.39184e-06,3.19798e-06,16309
-3.77115e-07,-2.74602e-07,16310
-3.11501e-07,-2.26822e-07,16313
2.24939e-07,1.63794e-07,16314
-1.32767e-07,-9.66748e-08,16316
3.50306e-07,2.5508e-07,16327
-2.12254e-06,-1.54555e-06,16331
1.84619e-06,1.34433e-06,16333
-1.36791e-07,-9.96033e-08,16334
2.07116e-06,1.50814e-06,16339
-2.12913e-06,-1.55036e-06,16341
1.82926e-07,1.33203e-07,16342
1.54878e-07,1.12777e-07,16345
-1.16671e-07,-8.49551e-08,16346
6.87231e-08,5.00419e-08,16348
-1.11908e-06,-8.1487e-07,16355
1.11342e-06,8.10752e-07,16357
-9.22023e-08,-6.71368e-08,16358
-7.62627e-08,-5.55319e-08,16361
6.03192e-08,4.39246e-08,16362
-3.57273e-08,-2.60157e-08,16364
7.2323e-09,5.26648e-09,16369
-6.27083e-09,-4.56394e-09,16370
3.85495e-09,2.80817e-09,16372
1.78756e-09,1.30205e-09,17407
-3.96103e-08,-2.88463e-08,17919
3.0423e-07,2.21526e-07,18175
-5.1543e-07,-3.7532e-07,18303
8.28455e-07,6.03249e-07,18367
-3.32151e-06,-2.41861e-06,18399
3.28799e-06,2.39419e-06,18415
-7.44762e-07,-5.42311e-07,18423
3.67553e-07,2.67638e-07,18427
-1.84037e-07,-1.34009e-07,18429
1.5169e-08,1.10462e-08,18430
6.06817e-08,4.41845e-08,18943
-5.20572e-07,-3.79062e-07,19199
9.0255e-07,6.57203e-07,19327
-1.47815e-06,-1.07634e-06,19391
5.91866e-06,4.30975e-06,19423
-5.85633e-06,-4.26436e-06,19439
1.32492e-06,9.64756e-07,19447
-6.5456e-07,-4.76629e-07,19451
3.28273e-07,2.39035e-07,19453
-2.69515e-08,-1.96237e-08,19454
6.6519e-07,4.84365e-07,19711
-1.30797e-06,-9.52417e-07,19839
2.57758e-06,1.8769e-06,19903
-1.16374e-05,-8.47391e-06,19935
1.15958e-05,8.44364e-06,19951
-2.61137e-06,-1.9015e-06,19959
1.29286e-06,9.41412e-07,19963
-6.49278e-07,-4.72784e-07,19965
5.29567e-08,3.85618e-08,19966
9.01119e-07,6.5616e-07,20095
-1.077e-05,-7.84234e-06,20159
5.84077e-05,4.25303e-05,20191
-5.85371e-05,-4.26246e-05,20207
1.30252e-05,9.4845e-06,20215
-6.43568e-06,-4.68623e-06,20219
3.22845e-06,2.35084e-06,20221
-2.6548e-07,-1.93315e-07,20222
8.86037e-06,6.45179e-06,20287
-5.83554e-05,-4.24923e-05,20319
5.92279e-05,4.31275e-05,20335
-1.33102e-05,-9.69201e-06,20343
6.72879e-06,4.89966e-06,20347
-3.4136e-06,-2.48566e-06,20349
2.78178e-07,2.02559e-07,20350
9.05803e-06,6.59572e-06,20383
-1.12233e-05,-8.17236e-06,20399
3.15784e-06,2.29942e-06,20407
-2.1329e-06,-1.5531e-06,20411
1.21459e-06,8.84422e-07,20413
-8.93066e-08,-6.50302e-08,20414
1.01538e-06,7.39361e-07,20431
-1.97096e-06,-1.43518e-06,20439
2.56634e-06,1.86872e-06,20443
-1.81705e-06,-1.32311e-06,20445
1.25398e-07,9.13083e-08,20446
1.0886e-06,7.92673e-07,20455
-2.0143e-06,-1.46674e-06,20459
1.53008e-06,1.11414e-06,20461
-1.04184e-07,-7.58625e-08,20462
2.78872e-07,2.03064e-07,20467
-2.58986e-07,-1.88583e-07,20469
1.85195e-08,1.34853e-08,20470
1.47045e-08,1.0709e-08,20473
-1.05203e-08,-7.65842e-09,20474
6.2682e-09,4.56746e-09,20476
-4.358e-08,-3.17328e-08,20991
4.465e-07,3.25126e-07,21247
-8.70173e-07,-6.33628e-07,21375
1.63761e-06,1.19245e-06,21439
-6.80161e-06,-4.95268e-06,21471
6.74927e-06,4.91457e-06,21487
-1.52779e-06,-1.11248e-06,21495
7.52231e-07,5.47748e-07,21499
-3.75812e-07,-2.73654e-07,21501
3.1148e-08,2.268e-08,21502
-5.14599e-06,-3.74712e-06,21759
9.94447e-06,7.2412e-06,21887
-2.02231e-05,-1.47257e-05,21951
9.36443e-05,6.81883e-05,21983
-9.37037e-05,-6.82316e-05,21999
2.13059e-05,1.55142e-05,22007
-1.06127e-05,-7.7278e-06,22011
5.32528e-06,3.87767e-06,22013
-4.43722e-07,-3.23101e-07,22014
-8.19228e-06,-5.96532e-06,22143
0.000100367,7.30834e-05,22207
-0.000545975,-0.000397559,22239
0.000548093,0.000399101,22255
-0.000122868,-8.94683e-05,22263
6.05931e-05,4.41217e-05,22267
-3.02104e-05,-2.19981e-05,22269
2.54543e-06,1.85349e-06,22270
-8.28297e-05,-6.03135e-05,22335
0.000545265,0.000397042,22367
-0.000554183,-0.000403536,22383
0.000125505,9.1388e-05,22391
-6.34374e-05,-4.61928e-05,22395
3.20427e-05,2.33323e-05,22397
-2.67463e-06,-1.94757e-06,22398
-8.33922e-05,-6.07231e-05,22431
0.000103518,7.53777e-05,22447
-2.94037e-05,-2.14107e-05,22455
2.00957e-05,1.46329e-05,22459
-1.1512e-05,-8.38264e-06,22461
8.70496e-07,6.33863e-07,22462
-9.30862e-06,-6.7782e-06,22479
1.79124e-05,1.30432e-05,22487
-2.34169e-05,-1.70513e-05,22491
1.67399e-05,1.21894e-05,22493
-1.2099e-06,-8.81005e-07,22494
-9.80948e-06,-7.1429e-06,22503
1.82514e-05,1.329e-05,22507
-1.40312e-05,-1.0217e-05,22509
1.00636e-06,7.32793e-07,22510
-2.56986e-06,-1.87128e-06,22515
2.41285e-06,1.75695e-06,22517
-1.82565e-07,-1.32935e-07,22518
-1.39504e-07,-1.01582e-07,22521
1.0194e-07,7.42296e-08,22522
-6.032e-08,-4.39237e-08,22524
4.68759e-06,3.41333e-06,22783
-8.79622e-06,-6.40509e-06,22911
1.78083e-05,1.29673e-05,22975
-8.35839e-05,-6.08628e-05,23007
8.38408e-05,6.10498e-05,23023
-1.91719e-05,-1.39603e-05,23031
9.65139e-06,7.02778e-06,23035
-4.86871e-06,-3.54522e-06,23037
4.07402e-07,2.96656e-07,23038
8.61245e-06,6.27127e-06,23167
-0.000108432,-7.8956e-05,23231
0.000594645,0.000432999,23263
-0.000597856,-0.000435337,23279
0.000134828,9.81767e-05,23287
-6.71117e-05,-4.88683e-05,23291
3.36081e-05,2.44722e-05,23293
-2.84897e-06,-2.07451e-06,23294
9.09879e-05,6.62541e-05,23359
-0.000603898,-0.000439736,23391
0.000615066,0.000447868,23407
-0.000140658,-0.000102422,23415
7.24803e-05,5.27775e-05,23419
-3.70068e-05,-2.6947e-05,23421
3.10054e-06,2.2577e-06,23422
9.47113e-05,6.89653e-05,23455
-0.000118524,-8.63048e-05,23471
3.5233e-05,2.56554e-05,23479
-2.66508e-05,-1.94061e-05,23483
1.59911e-05,1.16442e-05,23485
-1.20612e-06,-8.78251e-07,23486
1.13333e-05,8.2525e-06,23503
-2.52445e-05,-1.83821e-05,23511
4.10362e-05,2.98811e-05,23515
-3.05759e-05,-2.22643e-05,23517
2.19323e-06,1.59703e-06,23518
1.46433e-05,1.06627e-05,23527
-3.42687e-05,-2.49532e-05,23531
2.70529e-05,1.96989e-05,23533
-1.92244e-06,-1.39985e-06,23534
4.71868e-06,3.43597e-06,23539
-4.55616e-06,-3.31763e-06,23541
3.5305e-07,2.57079e-07,23542
2.71871e-07,1.97965e-07,23545
-1.96401e-07,-1.4301e-07,23546
1.1667e-07,8.49548e-08,23548
-1.17616e-06,-8.56438e-07,23679
1.86231e-05,1.35606e-05,23743
-0.000115072,-8.3791e-05,23775
0.000117325,8.54316e-05,23791
-2.80365e-05,-2.04151e-05,23799
1.62685e-05,1.18462e-05,23803
-8.92173e-06,-6.49647e-06,23805
7.45606e-07,5.42922e-07,23806
-1.96101e-05,-1.42794e-05,23871
0.000147274,0.000107239,23903
-0.0001529,-0.000111336,23919
3.81457e-05,2.77763e-05,23927
-2.43061e-05,-1.76988e-05,23931
1.39429e-05,1.01527e-05,23933
-1.14103e-06,-8.30859e-07,23934
-3.21249e-05,-2.33922e-05,23967
4.2706e-05,3.10969e-05,23983
-1.73199e-05,-1.26117e-05,23991
2.129e-05,1.55026e-05,23995
-1.49605e-05,-1.08937e-05,23997
1.11262e-06,8.10168e-07,23998
-6.48918e-06,-4.72518e-06,24015
2.64354e-05,1.92493e-05,24023
-6.817e-05,-4.96389e-05,24027
5.41153e-05,3.94048e-05,24029
-3.86731e-06,-2.81603e-06,24030
-1.79921e-05,-1.31012e-05,24039
6.31069e-05,4.59522e-05,24043
-5.167e-05,-3.76242e-05,24045
3.66122e-06,2.66597e-06,24046
-8.42706e-06,-6.13628e-06,24051
8.46969e-06,6.16732e-06,24053
-6.82453e-07,-4.96939e-07,24054
-5.28759e-07,-3.85024e-07,24057
3.77326e-07,2.74756e-07,24058
-2.24939e-07,-1.63795e-07,24060
1.75825e-06,1.2803e-06,24127
-1.68209e-05,-1.22483e-05,24159
1.87734e-05,1.36701e-05,24175
-6.36595e-06,-4.63545e-06,24183
6.77145e-06,4.93072e-06,24187
-4.65973e-06,-3.39304e-06,24189
3.59431e-07,2.61727e-07,24190
3.01319e-05,2.19409e-05,24223
-4.50625e-05,-3.28129e-05,24239
3.07224e-05,2.23709e-05,24247
-5.82913e-05,-4.24456e-05,24251
4.47138e-05,3.25589e-05,24253
-3.31707e-06,-2.41537e-06,24254
1.41044e-05,1.02703e-05,24271
-9.08498e-05,-6.61535e-05,24279
0.000278994,0.000203153,24283
-0.000226262,-0.000164756,24285
1.63277e-05,1.18892e-05,24286
6.67267e-05,4.85879e-05,24295
-0.000266182,-0.000193824,24299
0.000220797,0.000160776,24301
-1.58168e-05,-1.15172e-05,24302
3.50049e-05,2.54893e-05,24307
-3.56359e-05,-2.59487e-05,24309
2.93036e-06,2.13379e-06,24310
2.25401e-06,1.64129e-06,24313
-1.60761e-06,-1.1706e-06,24314
9.57853e-07,6.97476e-07,24316
-1.8372e-05,-1.33778e-05,24351
2.80931e-05,2.04563e-05,24367
-2.19274e-05,-1.59668e-05,24375
4.53409e-05,3.30156e-05,24379
-3.52778e-05,-2.5688e-05,24381
2.61638e-06,1.90515e-06,24382
-1.20085e-05,-8.74415e-06,24399
8.57295e-05,6.24251e-05,24407
-0.00027144,-0.000197653,24411
0.000220928,0.000160872,24413
-1.59598e-05,-1.16213e-05,24414
-6.4413e-05,-4.69032e-05,24423
0.000262843,0.000191393,24427
-0.000218547,-0.000159138,24429
1.56796e-05,1.14173e-05,24430
-3.46004e-05,-2.51947e-05,24435
3.53394e-05,2.57329e-05,24437
-2.91985e-06,-2.12613e-06,24438
-2.25442e-06,-1.64159e-06,24441
1.6076e-06,1.1706e-06,24442
-9.57308e-07,-6.9708e-07,24444
1.20408e-06,8.76769e-07,24463
-1.11098e-05,-8.08978e-06,24471
4.03235e-05,2.93621e-05,24475
-3.31734e-05,-2.41557e-05,24477
2.38338e-06,1.73549e-06,24478
1.01535e-05,7.39339e-06,24487
-4.72612e-05,-3.44139e-05,24491
3.96832e-05,2.88958e-05,24493
-2.843e-06,-2.07017e-06,24494
7.21575e-06,5.25424e-06,24499
-7.47264e-06,-5.4413e-06,24501
6.2999e-07,4.58736e-07,24502
5.26463e-07,3.83352e-07,24505
-3.77328e-07,-2.74754e-07,24506
2.23188e-07,1.62517e-07,24508
-6.0808e-07,-4.42781e-07,24519
3.63818e-06,2.64919e-06,24523
-3.14894e-06,-2.29294e-06,24525
2.2914e-07,1.66855e-07,24526
-3.54503e-06,-2.58136e-06,24531
3.62674e-06,2.64086e-06,24533
-3.06177e-07,-2.22943e-07,24534
-2.62268e-07,-1.90975e-07,24537
1.96398e-07,1.43013e-07,24538
-1.15905e-07,-8.43985e-08,24540
1.91756e-06,1.3963e-06,24547
-1.89881e-06,-1.38264e-06,24549
1.54542e-07,1.12534e-07,24550
1.29414e-07,9.42374e-08,24553
-1.01942e-07,-7.42275e-08,24554
6.04845e-08,4.40426e-08,24556
-1.223e-08,-8.90421e-09,24561
1.05162e-08,7.66222e-09,24562
-6.47902e-09,-4.71562e-09,24564
9.84032e-09,7.16717e-09,25087
-1.12892e-07,-8.22002e-08,25343
2.25845e-07,1.64454e-07,25471
-4.4971e-07,-3.2746e-07,25535
1.93766e-06,1.41094e-06,25567
-1.93766e-06,-1.41093e-06,25583
4.49707e-07,3.27461e-07,25591
-2.25845e-07,-1.64453e-07,25595
1.12889e-07,8.22022e-08,25597
-9.84073e-09,-7.16576e-09,25598
1.92004e-06,1.39811e-06,25855
-3.61249e-06,-2.63048e-06,25983
7.38567e-06,5.37797e-06,26047
-3.50843e-05,-2.55471e-05,26079
3.53664e-05,2.57525e-05,26095
-8.27138e-06,-6.02291e-06,26103
4.24056e-06,3.08782e-06,26107
-2.14158e-06,-1.55942e-06,26109
1.86855e-07,1.36064e-07,26110
3.39064e-06,2.46894e-06,26239
-4.31896e-05,-3.14491e-05,26303
0.000238859,0.000173929,26335
-0.000241244,-0.000175665,26351
5.56824e-05,4.05459e-05,26359
-2.82019e-05,-2.05356e-05,26363
1.41297e-05,1.02887e-05,26365
-1.25013e-06,-9.10293e-07,26366
3.63988e-05,2.65042e-05,26431
-0.00024371,-0.000177461,26463
0.000249622,0.000181765,26479
-5.88596e-05,-4.28594e-05,26487
3.15121e-05,2.2946e-05,26491
-1.63165e-05,-1.18811e-05,26493
1.41312e-06,1.02899e-06,26494
3.976e-05,2.89518e-05,26527
-5.05611e-05,-3.68167e-05,26543
1.65383e-05,1.20426e-05,26551
-1.47484e-05,-1.07392e-05,26555
9.38638e-06,6.83481e-06,26557
-7.10127e-07,-5.17087e-07,26558
5.37406e-06,3.9132e-06,26575
-1.49655e-05,-1.08973e-05,26583
3.03401e-05,2.20925e-05,26587
-2.32978e-05,-1.69646e-05,26589
1.65055e-06,1.20187e-06,26590
9.28563e-06,6.76146e-06,26599
-2.66996e-05,-1.94416e-05,26603
2.14268e-05,1.56022e-05,26605
-1.49989e-06,-1.09216e-06,26606
3.62318e-06,2.63827e-06,26611
-3.55974e-06,-2.59207e-06,26613
2.77546e-07,2.021e-07,26614
2.15993e-07,1.57279e-07,26617
-1.54543e-07,-1.12532e-07,26618
9.22008e-08,6.71382e-08,26620
-2.30649e-06,-1.6795e-06,26879
4.20308e-06,3.06053e-06,27007
-8.48704e-06,-6.17995e-06,27071
4.09086e-05,2.97881e-05,27103
-4.13693e-05,-3.01236e-05,27119
9.76868e-06,7.11319e-06,27127
-5.11835e-06,-3.72699e-06,27131
2.61714e-06,1.9057e-06,27133
-2.28025e-07,-1.66038e-07,27134
-4.6405e-06,-3.37904e-06,27263
6.09122e-05,4.43541e-05,27327
-0.000340327,-0.000247813,27359
0.000344437,0.000250807,27375
-8.01899e-05,-5.83913e-05,27383
4.12849e-05,3.00621e-05,27387
-2.08736e-05,-1.51994e-05,27389
1.84821e-06,1.3458e-06,27390
-5.23759e-05,-3.81382e-05,27455
0.000354585,0.000258195,27487
-0.000364285,-0.000265259,27503
8.71078e-05,6.34287e-05,27511
-4.8009e-05,-3.49584e-05,27515
2.52596e-05,1.83931e-05,27517
-2.17975e-06,-1.58721e-06,27518
-6.02722e-05,-4.3888e-05,27551
7.74769e-05,5.64159e-05,27567
-2.67282e-05,-1.94625e-05,27575
2.58458e-05,1.882e-05,27579
-1.68782e-05,-1.22901e-05,27581
1.26634e-06,9.221e-07,27582
-8.84775e-06,-6.44261e-06,27599
2.72918e-05,1.98729e-05,27607
-5.93818e-05,-4.32397e-05,27611
4.59419e-05,3.34532e-05,27613
-3.23227e-06,-2.35362e-06,27614
-1.73788e-05,-1.26546e-05,27623
5.30353e-05,3.86184e-05,27627
-4.26973e-05,-3.10906e-05,27629
2.96822e-06,2.16135e-06,27630
-7.14855e-06,-5.20531e-06,27635
7.05163e-06,5.13474e-06,27637
-5.4922e-07,-3.9992e-07,27638
-4.29337e-07,-3.12628e-07,27641
3.06173e-07,2.22945e-07,27642
-1.82929e-07,-1.332e-07,27644
9.16412e-07,6.67297e-07,27775
-1.54928e-05,-1.12813e-05,27839
9.92956e-05,7.23034e-05,27871
-0.000102687,-7.47732e-05,27887
2.63984e-05,1.92223e-05,27895
-1.74075e-05,-1.26755e-05,27899
1.00833e-05,7.34229e-06,27901
-8.39668e-07,-6.11415e-07,27902
1.71491e-05,1.24873e-05,27967
-0.000133825,-9.74463e-05,27999
0.00014144,0.000102992,28015
-3.86478e-05,-2.81419e-05,28023
2.85282e-05,2.07732e-05,28027
-1.73043e-05,-1.26004e-05,28029
1.40027e-06,1.01962e-06,28030
3.46663e-05,2.52427e-05,28063
-4.80231e-05,-3.49687e-05,28079
2.316e-05,1.68643e-05,28087
-3.28067e-05,-2.38887e-05,28091
2.36249e-05,1.72028e-05,28093
-1.72499e-06,-1.25607e-06,28094
8.93995e-06,6.50974e-06,28111
-4.27184e-05,-3.11059e-05,28119
0.000115817,8.43336e-05,28123
-9.18242e-05,-6.6863e-05,28125
6.41218e-06,4.66911e-06,28126
2.97971e-05,2.16972e-05,28135
-0.000108153,-7.87531e-05,28139
8.81841e-05,6.42124e-05,28141
-6.09691e-06,-4.43955e-06,28142
1.4346e-05,1.04463e-05,28147
-1.43612e-05,-1.04573e-05,28149
1.13039e-06,8.23113e-07,28150
8.89244e-07,6.47514e-07,28153
-6.29991e-07,-4.58736e-07,28154
3.77115e-07,2.746e-07,28156
-2.04035e-06,-1.48571e-06,28223
2.0792e-05,1.514e-05,28255
-2.41286e-05,-1.75695e-05,28271
9.52633e-06,6.93672e-06,28279
-1.14688e-05,-8.35118e-06,28283
8.05966e-06,5.86874e-06,28285
-6.05743e-07,-4.4108e-07,28286
-4.70464e-05,-3.42575e-05,28319
7.37076e-05,5.36711e-05,28335
-5.61249e-05,-4.08681e-05,28343
0.000108832,7.92473e-05,28347
-8.30612e-05,-6.04821e-05,28349
5.99463e-06,4.36507e-06,28350
-2.63651e-05,-1.91981e-05,28367
0.000174557,0.000127106,28375
-0.000527718,-0.000384265,28379
0.00042384,0.000308624,28381
-2.96686e-05,-2.16036e-05,28382
-0.000128321,-9.34384e-05,28391
0.000503129,0.00036636,28395
-0.000413311,-0.000300958,28397
2.86827e-05,2.08857e-05,28398
-6.56843e-05,-4.78289e-05,28403
6.62485e-05,4.82397e-05,28405
-5.26544e-06,-3.8341e-06,28406
-4.13047e-06,-3.00766e-06,28409
2.91985e-06,2.12613e-06,28410
-1.74822e-06,-1.27299e-06,28412
3.00176e-05,2.18577e-05,28447
-4.81669e-05,-3.50734e-05,28463
4.12596e-05,3.00437e-05,28471
-8.57427e-05,-6.24347e-05,28475
6.61914e-05,4.81981e-05,28477
-4.76957e-06,-3.47303e-06,28478
2.31526e-05,1.68589e-05,28495
-0.000166657,-0.000121353,28503
0.000516457,0.000376065,28507
-0.00041601,-0.000302923,28509
2.91291e-05,2.12107e-05,28510
0.000125043,9.10518e-05,28519
-0.000499407,-0.00036365,28523
0.000411048,0.00029931,28525
-2.85487e-05,-2.07881e-05,28526
6.52487e-05,4.75117e-05,28531
-6.59968e-05,-4.80564e-05,28533
5.26544e-06,3.8341e-06,28534
4.14773e-06,3.02023e-06,28537
-2.93036e-06,-2.13378e-06,28538
1.75369e-06,1.27697e-06,28540
-2.2941e-06,-1.67048e-06,28559
2.1439e-05,1.56111e-05,28567
-7.63379e-05,-5.55865e-05,28571
6.2183e-05,4.52794e-05,28573
-4.32802e-06,-3.15151e-06,28574
-1.95845e-05,-1.42607e-05,28583
8.93845e-05,6.50865e-05,28587
-7.43196e-05,-5.41168e-05,28589
5.15205e-06,3.75153e-06,28590
-1.35453e-05,-9.86318e-06,28595
1.38915e-05,1.01152e-05,28597
-1.13039e-06,-8.23111e-07,28598
-9.63361e-07,-7.01482e-07,28601
6.82453e-07,4.96939e-07,28602
-4.05676e-07,-2.95396e-07,28604
1.17161e-06,8.53128e-07,28615
-6.87349e-06,-5.00502e-06,28619
5.89131e-06,4.28984e-06,28621
-4.14162e-07,-3.01575e-07,28622
6.66909e-06,4.85619e-06,28627
-6.75316e-06,-4.9174e-06,28629
5.49216e-07,3.99923e-07,28630
4.79254e-07,3.48977e-07,28633
-3.53051e-07,-2.57078e-07,28634
2.09247e-07,1.52365e-07,28636
-3.61473e-06,-2.63211e-06,28643
3.54278e-06,2.57973e-06,28645
-2.77548e-07,-2.02097e-07,28646
-2.36358e-07,-1.72105e-07,28649
1.82561e-07,1.32938e-07,28650
-1.08683e-07,-7.91366e-08,28652
2.21865e-08,1.6157e-08,28657
-1.85206e-08,-1.34822e-08,28658
1.13677e-08,8.28162e-09,28660
-5.89833e-06,-4.29495e-06,29151
6.05516e-06,4.40915e-06,29167
-1.52632e-06,-1.11141e-06,29175
9.38532e-07,6.83405e-07,29179
-5.24759e-07,-3.82111e-07,29181
4.45642e-08,3.24509e-08,29182
7.78669e-07,5.66996e-07,29311
-1.12442e-05,-8.18763e-06,29375
6.55404e-05,4.77241e-05,29407
-6.71776e-05,-4.89163e-05,29423
1.66619e-05,1.21326e-05,29431
-9.8489e-06,-7.17161e-06,29435
5.39065e-06,3.92527e-06,29437
-4.68666e-07,-3.41267e-07,29438
1.03877e-05,7.56397e-06,29503
-7.39207e-05,-5.38264e-05,29535
7.73937e-05,5.63553e-05,29551
-2.03977e-05,-1.48529e-05,29559
1.38152e-05,1.00597e-05,29563
-8.07947e-06,-5.88318e-06,29565
6.75282e-07,4.91717e-07,29566
1.58766e-05,1.15608e-05,29599
-2.16205e-05,-1.57433e-05,29615
9.79616e-06,7.1332e-06,29623
-1.32183e-05,-9.62511e-06,29627
9.4517e-06,6.88238e-06,29629
-7.02683e-07,-5.11667e-07,29630
3.47006e-06,2.52677e-06,29647
-1.54842e-05,-1.1275e-05,29655
4.14843e-05,3.02073e-05,29659
-3.30014e-05,-2.40304e-05,29661
2.34539e-06,1.70783e-06,29662
1.06465e-05,7.7524e-06,29671
-3.84457e-05,-2.79947e-05,29675
3.14905e-05,2.29302e-05,29677
-2.21703e-06,-1.61435e-06,29678
5.14562e-06,3.74685e-06,29683
-5.16891e-06,-3.76381e-06,29685
4.14161e-07,3.01577e-07,29686
3.21619e-07,2.34192e-07,29689
-2.29143e-07,-1.66853e-07,29690
1.3679e-07,9.96043e-08,29692
-1.17616e-06,-8.56439e-07,29823
2.20808e-05,1.60784e-05,29887
-0.0001518,-0.000110535,29919
0.000162305,0.000118184,29935
-4.97108e-05,-3.61976e-05,29943
4.50855e-05,3.28296e-05,29947
-2.96005e-05,-2.1554e-05,29949
2.3698e-06,1.7256e-06,29950
-2.68546e-05,-1.95545e-05,30015
0.000224957,0.000163806,30047
-0.000247106,-0.000179933,30063
8.18336e-05,5.95882e-05,30071
-8.16793e-05,-5.94759e-05,30075
5.50551e-05,4.00891e-05,30077
-4.33514e-06,-3.15669e-06,30078
-8.00926e-05,-5.83205e-05,30111
0.000118444,8.62466e-05,30127
-7.31145e-05,-5.32393e-05,30135
0.00012595,9.17119e-05,30139
-9.46716e-05,-6.89364e-05,30141
7.00665e-06,5.10199e-06,30142
-2.92107e-05,-2.12701e-05,30159
0.000167729,0.000122134,30167
-0.000495567,-0.000360854,30171
0.000399276,0.000290738,30173
-2.8576e-05,-2.0808e-05,30174
-0.000120537,-8.77706e-05,30183
0.000468609,0.000341224,30187
-0.000386995,-0.000281795,30189
2.74756e-05,2.00067e-05,30190
-6.2503e-05,-4.55124e-05,30195
6.33375e-05,4.61201e-05,30197
-5.15205e-06,-3.75153e-06,30198
-3.99074e-06,-2.90591e-06,30201
2.843e-06,2.07017e-06,30202
-1.69531e-06,-1.23446e-06,30204
5.18495e-06,3.77549e-06,30271
-5.82579e-05,-4.24212e-05,30303
7.20728e-05,5.24807e-05,30319
-3.56459e-05,-2.5956e-05,30327
5.18743e-05,3.77729e-05,30331
-3.81102e-05,-2.77505e-05,30333
2.88311e-06,2.09937e-06,30334
0.000182781,0.000133094,30367
-0.000300936,-0.000219131,30383
0.000261924,0.000190724,30391
-0.000548313,-0.000399261,30395
0.000425967,0.000310173,30397
-3.14218e-05,-2.28802e-05,30398
0.000124128,9.03851e-05,30415
-0.000869153,-0.000632885,30423
0.00272294,0.00198275,30427
-0.00221021,-0.00160939,30429
0.00015876,0.000115603,30430
0.000644252,0.000469121,30439
-0.00260502,-0.00189688,30443
0.00216076,0.00157339,30445
-0.000154068,-0.000112186,30446
0.000342348,0.000249285,30451
-0.000348474,-0.000253746,30453
2.85487e-05,2.07881e-05,30454
2.203e-05,1.60415e-05,30457
-1.56796e-05,-1.14173e-05,30458
9.3482e-06,6.80702e-06,30460
-0.000123631,-9.00235e-05,30495
0.000207781,0.000151299,30511
-0.000198834,-0.000144784,30519
0.000438927,0.000319611,30523
-0.000343921,-0.00025043,30525
2.53514e-05,1.84599e-05,30526
-0.000112307,-8.17776e-05,30543
0.000839587,0.000611356,30551
-0.00268106,-0.00195225,30555
0.00218118,0.00158825,30557
-0.000156732,-0.000114127,30558
-0.000633593,-0.000461359,30567
0.00259889,0.00189242,30571
-0.00215903,-0.00157213,30573
0.000154068,0.000112186,30574
-0.000341879,-0.000248944,30579
0.000348869,0.000254034,30581
-2.86827e-05,-2.08857e-05,30582
-2.22255e-05,-1.61838e-05,30585
1.58168e-05,1.15172e-05,30586
-9.42502e-06,-6.86296e-06,30588
1.10111e-05,8.01788e-06,30607
-0.000106699,-7.76946e-05,30615
0.000391102,0.000284786,30619
-0.000321717,-0.000234262,30621
2.30056e-05,1.67518e-05,30622
9.80578e-05,7.14021e-05,30631
-0.000459137,-0.000334327,30635
0.00038531,0.000280568,30637
-2.74756e-05,-2.00067e-05,30638
7.0144e-05,5.10763e-05,30643
-7.25877e-05,-5.28557e-05,30645
6.09691e-06,4.43955e-06,30646
5.11181e-06,3.72223e-06,30649
-3.66122e-06,-2.66597e-06,30650
2.16681e-06,1.5778e-06,30652
3.53854e-05,2.57664e-05,30667
-3.05999e-05,-2.22817e-05,30669
2.21702e-06,1.61436e-06,30670
-3.44448e-05,-2.50814e-05,30675
3.52216e-05,2.56471e-05,30677
-2.96823e-06,-2.16135e-06,30678
-2.55163e-06,-1.858e-06,30681
1.92244e-06,1.39985e-06,30682
-1.13613e-06,-8.27287e-07,30684
1.86354e-05,1.35696e-05,30691
-1.84444e-05,-1.34305e-05,30693
1.49989e-06,1.09217e-06,30694
1.26184e-06,9.18824e-07,30697
-1.00636e-06,-7.3279e-07,30698
5.98581e-07,4.35866e-07,30700
-1.19358e-07,-8.69105e-08,30705
1.04181e-07,7.58651e-08,30706
-6.45773e-08,-4.70214e-08,30708
7.09944e-07,5.16955e-07,30847
-1.33744e-05,-9.73875e-06,30911
9.41421e-05,6.85508e-05,30943
-0.000102185,-7.44072e-05,30959
3.37619e-05,2.45842e-05,30967
-3.43746e-05,-2.50304e-05,30971
2.33907e-05,1.70323e-05,30973
-1.85096e-06,-1.3478e-06,30974
1.66684e-05,1.21373e-05,31039
-0.00014291,-0.000104062,31071
0.000159414,0.00011608,31087
-5.67454e-05,-4.13199e-05,31095
6.22758e-05,4.53469e-05,31099
-4.31305e-05,-3.14061e-05,31101
3.37361e-06,2.45653e-06,31102
5.65083e-05,4.11472e-05,31135
-8.51847e-05,-6.20284e-05,31151
5.61566e-05,4.08912e-05,31159
-0.000101204,-7.36932e-05,31163
7.67883e-05,5.59144e-05,31165
-5.70614e-06,-4.155e-06,31166
2.26854e-05,1.65187e-05,31183
-0.000135918,-9.89708e-05,31191
0.000409351,0.000298074,31195
-0.000331087,-0.000241085,31197
2.38493e-05,1.73662e-05,31198
9.83891e-05,7.16433e-05,31207
-0.000388414,-0.000282828,31211
0.000321784,0.000234311,31213
-2.30056e-05,-1.67518e-05,31214
5.18951e-05,3.77881e-05,31219
-5.27503e-05,-3.84108e-05,31221
4.32802e-06,3.15151e-06,31222
3.34004e-06,2.4321e-06,31225
-2.38338e-06,-1.73549e-06,31226
1.41957e-06,1.03368e-06,31228
-4.20223e-06,-3.05991e-06,31295
4.88833e-05,3.5595e-05,31327
-6.17687e-05,-4.49777e-05,31343
3.25886e-05,2.37298e-05,31351
-4.96953e-05,-3.61863e-05,31355
3.68855e-05,2.68586e-05,31357
-2.79734e-06,-2.03692e-06,31358
-0.000170933,-0.000124467,31391
0.000284716,0.00020732,31407
-0.000255783,-0.000186252,31415
0.000545776,0.000397414,31419
-0.000425967,-0.000310174,31421
3.16154e-05,2.30211e-05,31422
-0.000121822,-8.87066e-05,31439
0.00086546,0.000630196,31447
-0.00273781,-0.00199357,31451
0.00222894,0.00162303,31453
-0.00016128,-0.000117438,31454
-0.000643125,-0.0004683,31463
0.00262245,0.00190957,31467
-0.00218124,-0.0015883,31469
0.000156732,0.000114127,31470
-0.00034528,-0.00025142,31475
0.000352411,0.000256613,31477
-2.91291e-05,-2.12107e-05,31478
-2.23773e-05,-1.62943e-05,31481
1.59598e-05,1.16213e-05,31482
-9.5023e-06,-6.91923e-06,31484
0.000118499,8.62867e-05,31519
-0.000201218,-0.000146519,31535
0.000197638,0.000143913,31543
-0.000443286,-0.000322784,31547
0.000348784,0.000253972,31549
-2.58807e-05,-1.88454e-05,31550
0.000112119,8.16412e-05,31567
-0.000847193,-0.000616895,31575
0.0027295,0.00198752,31579
-0.00222725,-0.0016218,31581
0.00016128,0.000117438,31582
0.000640639,0.00046649,31591
-0.00264881,-0.00192876,31595
0.00220675,0.00160687,31597
-0.00015876,-0.000115603,31598
0.000349275,0.000254329,31603
-0.00035743,-0.000260268,31605
2.96686e-05,2.16036e-05,31606
2.28839e-05,1.66632e-05,31609
-1.63277e-05,-1.18892e-05,31610
9.71504e-06,7.07414e-06,31612
-1.10111e-05,-8.01788e-06,31631
0.000108039,7.86699e-05,31639
-0.000400234,-0.000291436,31643
0.00033039,0.000240578,31645
-2.38493e-05,-1.73662e-05,31646
-9.96171e-05,-7.25375e-05,31655
0.000471008,0.00034297,31659
-0.000396646,-0.000288823,31661
2.8576e-05,2.0808e-05,31662
-7.24141e-05,-5.27293e-05,31667
7.52445e-05,5.47903e-05,31669
-6.41218e-06,-4.66911e-06,31670
-5.35429e-06,-3.89879e-06,31673
3.86731e-06,2.81603e-06,31674
-2.28436e-06,-1.66339e-06,31676
-3.67203e-05,-2.67384e-05,31691
3.18947e-05,2.32245e-05,31693
-2.34539e-06,-1.70782e-06,31694
3.60847e-05,2.62756e-05,31699
-3.72022e-05,-2.70893e-05,31701
3.23226e-06,2.35362e-06,31702
2.79752e-06,2.03705e-06,31705
-2.19323e-06,-1.59703e-06,31706
1.29559e-06,9.434e-07,31708
-1.95333e-05,-1.42234e-05,31715
1.95264e-05,1.42184e-05,31717
-1.65055e-06,-1.20187e-06,31718
-1.42281e-06,-1.03604e-06,31721
1.2099e-06,8.81004e-07,31722
-7.21106e-07,-5.2508e-07,31724
1.32178e-07,9.62499e-08,31729
-1.254e-07,-9.13089e-08,31730
7.95746e-08,5.79435e-08,31732
3.24161e-07,2.36042e-07,31807
-4.25109e-06,-3.09549e-06,31839
5.6176e-06,4.09053e-06,31855
-3.36531e-06,-2.4505e-06,31863
5.6176e-06,4.09053e-06,31867
-4.25109e-06,-3.09549e-06,31869
3.24161e-07,2.36042e-07,31870
2.06749e-05,1.50547e-05,31903
-3.5163e-05,-2.56044e-05,31919
3.40702e-05,2.48087e-05,31927
-7.64433e-05,-5.56632e-05,31931
6.03743e-05,4.39623e-05,31933
-4.54462e-06,-3.30922e-06,31934
1.77092e-05,1.28952e-05,31951
-0.000131864,-9.60188e-05,31959
0.0004282,0.000311799,31963
-0.000351297,-0.000255801,31965
2.58807e-05,1.88454e-05,31966
9.90518e-05,7.21259e-05,31975
-0.000412998,-0.00030073,31979
0.000345967,0.00025192,31981
-2.53514e-05,-1.84599e-05,31982
5.46168e-05,3.977e-05,31987
-5.62006e-05,-4.09232e-05,31989
4.76957e-06,3.47303e-06,31990
3.63122e-06,2.64412e-06,31993
-2.61638e-06,-1.90515e-06,31994
1.55148e-06,1.12973e-06,31996
-1.76144e-05,-1.28262e-05,32031
3.04486e-05,2.21715e-05,32047
-3.2096e-05,-2.33711e-05,32055
7.55976e-05,5.50474e-05,32059
-6.02095e-05,-4.38424e-05,32061
4.54462e-06,3.30922e-06,32062
-1.98915e-05,-1.44842e-05,32079
0.000156773,0.000114156,32087
-0.000519299,-0.000378134,32091
0.00042744,0.000311246,32093
-3.16154e-05,-2.30211e-05,32094
-0.000119852,-8.7272e-05,32103
0.000507936,0.000369861,32107
-0.000426704,-0.00031071,32109
3.14218e-05,2.28802e-05,32110
-6.76212e-05,-4.92393e-05,32115
6.98861e-05,5.08885e-05,32117
-5.99464e-06,-4.36507e-06,32118
-4.5795e-06,-3.33463e-06,32121
3.31707e-06,2.41537e-06,32122
-1.96381e-06,-1.42997e-06,32124
2.2941e-06,1.67048e-06,32143
-2.35897e-05,-1.71771e-05,32151
9.11395e-05,6.63644e-05,32155
-7.62643e-05,-5.55329e-05,32157
5.70614e-06,4.155e-06,32158
2.2163e-05,1.61382e-05,32167
-0.00010917,-7.94934e-05,32171
9.32573e-05,6.79065e-05,32173
-7.00665e-06,-5.10198e-06,32174
1.76086e-05,1.28219e-05,32179
-1.87031e-05,-1.36189e-05,32181
1.72499e-06,1.25607e-06,32182
1.43481e-06,1.04478e-06,32185
-1.11262e-06,-8.10168e-07,32186
6.52517e-07,4.75139e-07,32188
9.84313e-06,7.16741e-06,32203
-8.7708e-06,-6.38658e-06,32205
7.02683e-07,5.11668e-07,32206
-1.07332e-05,-7.81555e-06,32211
1.17682e-05,8.56913e-06,32213
-1.26634e-06,-9.22098e-07,32214
-1.18733e-06,-8.64572e-07,32217
1.20612e-06,8.78251e-07,32218
-7.16437e-07,-5.21685e-07,32220
5.89375e-06,4.29161e-06,32227
-6.37955e-06,-4.64536e-06,32229
7.10126e-07,5.17086e-07,32230
7.37048e-07,5.36689e-07,32233
-8.70496e-07,-6.33862e-07,32234
5.26425e-07,3.83323e-07,32236
-6.00742e-08,-4.37428e-08,32241
8.93077e-08,6.50317e-08,32242
-6.26072e-08,-4.55885e-08,32244
1.47506e-06,1.07408e-06,32335
-1.26706e-05,-9.22628e-06,32343
4.41118e-05,3.21206e-05,32347
-3.67766e-05,-2.67794e-05,32349
2.79733e-06,2.03692e-06,32350
9.99934e-06,7.28116e-06,32359
-4.44345e-05,-3.23556e-05,32363
3.78276e-05,2.75447e-05,32365
-2.88311e-06,-2.09937e-06,32366
6.21067e-06,4.52238e-06,32371
-6.56026e-06,-4.77694e-06,32373
6.05743e-07,4.4108e-07,32374
4.64893e-07,3.38519e-07,32377
-3.59432e-07,-2.61724e-07,32378
2.11139e-07,1.53742e-07,32380
-1.20408e-06,-8.7677e-07,32399
1.23084e-05,8.96255e-06,32407
-4.95275e-05,-3.60641e-05,32411
4.22839e-05,3.07896e-05,32413
-3.3736e-06,-2.45653e-06,32414
-1.16685e-05,-8.49658e-06,32423
6.05799e-05,4.4112e-05,32427
-5.30702e-05,-3.86438e-05,32429
4.33514e-06,3.15669e-06,32430
-1.11016e-05,-8.08378e-06,32435
1.24621e-05,9.07443e-06,32437
-1.40027e-06,-1.01962e-06,32438
-1.18884e-06,-8.6567e-07,32441
1.14103e-06,8.30857e-07,32442
-6.68505e-07,-4.86781e-07,32444
-7.03371e-06,-5.12169e-06,32459
6.72222e-06,4.89488e-06,32461
-6.75282e-07,-4.91715e-07,32462
1.08208e-05,7.87935e-06,32467
-1.36458e-05,-9.93638e-06,32469
2.17975e-06,1.58722e-06,32470
2.26141e-06,1.64668e-06,32473
-3.10054e-06,-2.2577e-06,32474
1.86702e-06,1.3595e-06,32476
-6.33812e-06,-4.61519e-06,32483
8.13048e-06,5.92032e-06,32485
-1.41313e-06,-1.02899e-06,32486
-1.73341e-06,-1.26221e-06,32489
2.67463e-06,1.94757e-06,32490
-1.64238e-06,-1.19591e-06,32492
1.32179e-07,9.62495e-08,32497
-2.78177e-07,-2.02559e-07,32498
2.05624e-07,1.49731e-07,32500
6.83508e-07,4.97705e-07,32527
-6.7045e-06,-4.88197e-06,32535
2.66162e-05,1.93809e-05,32539
-2.27897e-05,-1.65947e-05,32541
1.85096e-06,1.3478e-06,32542
6.20784e-06,4.52032e-06,32551
-3.20651e-05,-2.33486e-05,32555
2.82561e-05,2.05751e-05,32557
-2.3698e-06,-1.7256e-06,32558
6.08453e-06,4.43053e-06,32563
-6.96992e-06,-5.07524e-06,32565
8.39666e-07,6.11416e-07,32566
7.21138e-07,5.25106e-07,32569
-7.45607e-07,-5.42921e-07,32570
4.38302e-07,3.19154e-07,32572
4.26079e-06,3.10255e-06,32587
-4.22096e-06,-3.07354e-06,32589
4.68665e-07,3.41267e-07,32590
-7.88207e-06,-5.73943e-06,32595
1.04244e-05,7.59068e-06,32597
-1.84821e-06,-1.3458e-06,32598
-1.96601e-06,-1.43158e-06,32601
2.84897e-06,2.07451e-06,32602
-1.72159e-06,-1.2536e-06,32604
4.78961e-06,3.48762e-06,32611
-6.48077e-06,-4.71906e-06,32613
1.25012e-06,9.10293e-07,32614
1.58282e-06,1.15255e-06,32617
-2.54544e-06,-1.85349e-06,32618
1.56785e-06,1.14165e-06,32620
-1.19356e-07,-8.69127e-08,32625
2.65481e-07,1.93315e-07,32626
-1.97892e-07,-1.44098e-07,32628
-3.9358e-07,-2.86588e-07,32651
3.93578e-07,2.86591e-07,32653
-4.45651e-08,-3.24501e-08,32654
9.13559e-07,6.65222e-07,32659
-1.2347e-06,-8.99062e-07,32661
2.28023e-07,1.6604e-07,32662
2.6903e-07,1.95899e-07,32665
-4.07403e-07,-2.96654e-07,32666
2.48385e-07,1.80864e-07,32668
-6.54185e-07,-4.76353e-07,32675
9.15804e-07,6.66854e-07,32677
-1.86856e-07,-1.36063e-07,32678
-2.65131e-07,-1.9306e-07,32681
4.43721e-07,3.231e-07,32682
-2.75762e-07,-2.00801e-07,32684
2.21876e-08,1.61562e-08,32689
-5.29562e-08,-3.8561e-08,32690
4.01921e-08,2.92676e-08,32692
1.62063e-08,1.18018e-08,32713
-3.11471e-08,-2.26798e-08,32714
1.99748e-08,1.45453e-08,32716
-1.2228e-08,-8.90751e-09,32721
2.69511e-08,1.96237e-08,32722
-2.00347e-08,-1.4591e-08,32724
7.23382e-09,5.265e-09,32737
-1.5169e-08,-1.10456e-08,32738
1.0924e-08,7.95081e-09,32740
-1.70097e-07,-1.23858e-07,37631
3.46973e-07,2.52654e-07,37759
-7.0221e-07,-5.11321e-07,37823
3.01331e-06,2.19418e-06,37855
-3.01331e-06,-2.19418e-06,37871
7.02211e-07,5.11323e-07,37879
-3.46973e-07,-2.52653e-07,37883
1.70098e-07,1.23857e-07,37885
-1.62065e-08,-1.18022e-08,37886
2.49319e-06,1.81546e-06,38143
-4.77127e-06,-3.47426e-06,38271
9.86652e-06,7.18444e-06,38335
-4.67169e-05,-3.40175e-05,38367
4.70909e-05,3.42899e-05,38383
-1.10603e-05,-8.0537e-06,38391
5.59938e-06,4.07727e-06,38395
-2.78444e-06,-2.02753e-06,38397
2.65132e-07,1.93059e-07,38398
4.14012e-06,3.01468e-06,38527
-5.21414e-05,-3.79674e-05,38591
0.000287442,0.000209305,38623
-0.000290265,-0.00021136,38639
6.71058e-05,4.88639e-05,38647
-3.33675e-05,-2.4297e-05,38651
1.63838e-05,1.19301e-05,38653
-1.58282e-06,-1.15255e-06,38654
4.35348e-05,3.17004e-05,38719
-0.000290159,-0.000211283,38751
0.000296875,0.000216173,38767
-6.97424e-05,-5.07839e-05,38775
3.62131e-05,2.6369e-05,38779
-1.8275e-05,-1.33072e-05,38781
1.73341e-06,1.26221e-06,38782
4.5896e-05,3.34198e-05,38815
-5.78291e-05,-4.2109e-05,38831
1.79626e-05,1.30797e-05,38839
-1.44495e-05,-1.05216e-05,38843
8.86591e-06,6.45583e-06,38845
-7.37048e-07,-5.3669e-07,38846
5.65761e-06,4.11966e-06,38863
-1.34586e-05,-9.80003e-06,38871
2.39809e-05,1.7462e-05,38875
-1.8275e-05,-1.33072e-05,38877
1.42281e-06,1.03604e-06,38878
7.92556e-06,5.7711e-06,38887
-2.03607e-05,-1.48259e-05,38891
1.63838e-05,1.19301e-05,38893
-1.26184e-06,-9.18823e-07,38894
2.83099e-06,2.06142e-06,38899
-2.78444e-06,-2.02753e-06,38901
2.36358e-07,1.72107e-07,38902
-1.29415e-07,-9.42364e-08,38906
7.62643e-08,5.55305e-08,38908
-2.50018e-06,-1.82053e-06,39167
4.62965e-06,3.37114e-06,39295
-9.45235e-06,-6.88285e-06,39359
4.53605e-05,3.30299e-05,39391
-4.58532e-05,-3.33886e-05,39407
1.08602e-05,7.90797e-06,39415
-5.6163e-06,-4.08958e-06,39419
2.83099e-06,2.06142e-06,39421
-2.69031e-07,-1.95898e-07,39422
-4.74566e-06,-3.45561e-06,39551
6.1563e-05,4.48279e-05,39615
-0.000342646,-0.000249502,39647
0.000346684,0.000252443,39663
-8.08323e-05,-5.88591e-05,39671
4.09612e-05,2.98265e-05,39675
-2.03607e-05,-1.48259e-05,39677
1.96601e-06,1.43158e-06,39678
-5.24354e-05,-3.81816e-05,39743
0.000353163,0.00025716,39775
-0.000362402,-0.000263888,39791
8.63779e-05,6.28972e-05,39799
-4.64608e-05,-3.3831e-05,39803
2.39809e-05,1.7462e-05,39805
-2.26141e-06,-1.64668e-06,39806
-5.81881e-05,-4.23704e-05,39839
7.41865e-05,5.40199e-05,39855
-2.4589e-05,-1.79048e-05,39863
2.24297e-05,1.63325e-05,39867
-1.44495e-05,-1.05216e-05,39869
1.18733e-06,8.6457e-07,39870
-7.92926e-06,-5.7738e-06,39887
2.22598e-05,1.62088e-05,39895
-4.64608e-05,-3.3831e-05,39899
3.62131e-05,2.6369e-05,39901
-2.79752e-06,-2.03705e-06,39902
-1.38138e-05,-1.00587e-05,39911
4.09612e-05,2.98265e-05,39915
-3.33675e-05,-2.4297e-05,39917
2.55163e-06,1.858e-06,39918
-5.6163e-06,-4.08958e-06,39923
5.59938e-06,4.07726e-06,39925
-4.79253e-07,-3.48977e-07,39926
2.62268e-07,1.90974e-07,39930
-1.54877e-07,-1.12777e-07,39932
7.78667e-07,5.66996e-07,40063
-1.29374e-05,-9.42055e-06,40127
8.2028e-05,5.97297e-05,40159
-8.45651e-05,-6.15772e-05,40175
2.14909e-05,1.56489e-05,40183
-1.38138e-05,-1.00587e-05,40187
7.92556e-06,5.7711e-06,40189
-7.21139e-07,-5.25106e-07,40190
1.40854e-05,1.02565e-05,40255
-0.000108638,-7.91059e-05,40287
0.000114346,8.32624e-05,40303
-3.07803e-05,-2.24131e-05,40311
2.22598e-05,1.62088e-05,40315
-1.34586e-05,-9.80003e-06,40317
1.18884e-06,8.65671e-07,40318
2.66461e-05,1.94027e-05,40351
-3.65467e-05,-2.6612e-05,40367
1.71677e-05,1.25009e-05,40375
-2.4589e-05,-1.79048e-05,40379
1.79626e-05,1.30797e-05,40381
-1.43481e-06,-1.04478e-06,40382
6.50453e-06,4.73636e-06,40399
-3.07803e-05,-2.24131e-05,40407
8.63779e-05,6.28972e-05,40411
-6.97424e-05,-5.07839e-05,40413
5.35429e-06,3.89879e-06,40414
2.14909e-05,1.56489e-05,40423
-8.08323e-05,-5.88591e-05,40427
6.71058e-05,4.88639e-05,40429
-5.11181e-06,-3.72223e-06,40430
1.08602e-05,7.90797e-06,40435
-1.10603e-05,-8.0537e-06,40437
9.63361e-07,7.01482e-07,40438
-5.26463e-07,-3.83352e-07,40442
3.11501e-07,2.26821e-07,40444
1.46977e-05,1.07023e-05,40543
-1.6881e-05,-1.22921e-05,40559
6.50453e-06,4.73636e-06,40567
-7.92927e-06,-5.7738e-06,40571
5.65761e-06,4.11967e-06,40573
-4.64895e-07,-3.38517e-07,40574
-3.09132e-05,-2.25098e-05,40607
4.79667e-05,3.49276e-05,40623
-3.65467e-05,-2.6612e-05,40631
7.41865e-05,5.40199e-05,40635
-5.78291e-05,-4.2109e-05,40637
4.5795e-06,3.33463e-06,40638
-1.6881e-05,-1.22921e-05,40655
0.000114346,8.32624e-05,40663
-0.000362402,-0.000263888,40667
0.000296875,0.000216173,40669
-2.28839e-05,-1.66632e-05,40670
-8.45651e-05,-6.15772e-05,40679
0.000346684,0.000252443,40683
-0.000290265,-0.00021136,40685
2.22255e-05,1.61838e-05,40686
-4.58532e-05,-3.33886e-05,40691
4.70909e-05,3.42899e-05,40693
-4.14773e-06,-3.02023e-06,40694
2.25442e-06,1.64159e-06,40698
-1.33381e-06,-9.71229e-07,40700
1.94606e-05,1.41705e-05,40735
-3.09132e-05,-2.25098e-05,40751
2.66461e-05,1.94027e-05,40759
-5.81881e-05,-4.23704e-05,40763
4.5896e-05,3.34198e-05,40765
-3.63122e-06,-2.64412e-06,40766
1.46977e-05,1.07023e-05,40783
-0.000108638,-7.91059e-05,40791
0.000353163,0.00025716,40795
-0.000290159,-0.000211283,40797
2.23773e-05,1.62943e-05,40798
8.2028e-05,5.97297e-05,40807
-0.000342646,-0.000249502,40811
0.000287442,0.000209305,40813
-2.203e-05,-1.60415e-05,40814
4.53605e-05,3.30299e-05,40819
-4.67169e-05,-3.40175e-05,40821
4.13048e-06,3.00766e-06,40822
-2.25401e-06,-1.64129e-06,40826
1.33293e-06,9.70585e-07,40828
-1.47506e-06,-1.07408e-06,40847
1.40854e-05,1.02565e-05,40855
-5.24354e-05,-3.81816e-05,40859
4.35348e-05,3.17004e-05,40861
-3.34004e-06,-2.4321e-06,40862
-1.29374e-05,-9.42056e-06,40871
6.1563e-05,4.48279e-05,40875
-5.21414e-05,-3.79674e-05,40877
3.99074e-06,2.90591e-06,40878
-9.45235e-06,-6.88285e-06,40883
9.86652e-06,7.18444e-06,40885
-8.89244e-07,-6.47513e-07,40886
5.28759e-07,3.85025e-07,40890
-3.10815e-07,-2.26325e-07,40892
-4.74566e-06,-3.45562e-06,40907
4.14012e-06,3.01468e-06,40909
-3.21619e-07,-2.34191e-07,40910
4.62965e-06,3.37114e-06,40915
-4.77126e-06,-3.47426e-06,40917
4.29338e-07,3.12627e-07,40918
-2.71872e-07,-1.97965e-07,40922
1.59627e-07,1.16231e-07,40924
-2.50018e-06,-1.82053e-06,40931
2.4932e-06,1.81546e-06,40933
-2.15996e-07,-1.57276e-07,40934
1.395e-07,1.01584e-07,40938
-8.24001e-08,-6.00013e-08,40940
-1.47069e-08,-1.07063e-08,40946
9.05286e-09,6.59094e-09,40948
3.75812e-07,2.73654e-07,41727
-7.52234e-07,-5.47746e-07,41855
1.52779e-06,1.11248e-06,41919
-6.74927e-06,-4.91457e-06,41951
6.80161e-06,4.95268e-06,41967
-1.63761e-06,-1.19245e-06,41975
8.70172e-07,6.33629e-07,41979
-4.46503e-07,-3.25124e-07,41981
4.35798e-08,3.17336e-08,41982
-7.31187e-06,-5.32424e-06,42239
1.35572e-05,9.87183e-06,42367
-2.76433e-05,-2.01289e-05,42431
0.000133627,9.73024e-05,42463
-0.000135665,-9.87866e-05,42479
3.29537e-05,2.39957e-05,42487
-1.80741e-05,-1.31609e-05,42491
9.45467e-06,6.88454e-06,42493
-9.15804e-07,-6.66855e-07,42494
-1.32073e-05,-9.61705e-06,42623
0.000173158,0.000126087,42687
-0.000970385,-0.000706599,42719
0.00098617,0.000718093,42735
-0.000236373,-0.000172118,42743
0.000127384,9.27561e-05,42747
-6.59205e-05,-4.80009e-05,42749
6.48077e-06,4.71906e-06,42750
-0.000148633,-0.000108229,42815
0.00101007,0.000735493,42847
-0.00104331,-0.000759702,42863
0.000259309,0.000188819,42871
-0.000154937,-0.00011282,42875
8.54283e-05,6.22058e-05,42877
-8.13048e-06,-5.92032e-06,42878
-0.000177884,-0.000129528,42911
0.000232302,0.000169154,42927
-8.93674e-05,-6.50741e-05,42935
0.000106708,7.77011e-05,42939
-7.55993e-05,-5.50487e-05,42941
6.37955e-06,4.64536e-06,42942
-2.94689e-05,-2.14582e-05,42959
0.000110689,8.05994e-05,42967
-0.00029466,-0.00021456,42971
0.0002405,0.000175124,42973
-1.95264e-05,-1.42184e-05,42974
-7.40541e-05,-5.39235e-05,42983
0.000271044,0.000197364,42987
-0.000228507,-0.00016639,42989
1.84444e-05,1.34305e-05,42990
-3.73163e-05,-2.71724e-05,42995
3.84843e-05,2.80228e-05,42997
-3.54278e-06,-2.57972e-06,42998
1.89881e-06,1.38264e-06,43002
-1.11342e-06,-8.10754e-07,43004
9.53825e-06,6.9454e-06,43263
-1.71384e-05,-1.24795e-05,43391
3.4363e-05,2.50218e-05,43455
-0.000168558,-0.000122737,43487
0.000171746,0.000125059,43503
-4.22519e-05,-3.07663e-05,43511
2.40217e-05,1.74917e-05,43515
-1.28511e-05,-9.35766e-06,43517
1.2347e-06,8.99066e-07,43518
1.94753e-05,1.41812e-05,43647
-0.000263297,-0.000191723,43711
0.00149122,0.00108585,43743
-0.00151886,-0.00110598,43759
0.000367666,0.000267721,43767
-0.000202865,-0.000147719,43771
0.000106547,7.75833e-05,43773
-1.04244e-05,-7.59069e-06,43774
0.000230826,0.000168079,43839
-0.00158698,-0.00115558,43871
0.00164464,0.00119756,43887
-0.000415235,-0.000302359,43895
0.000257086,0.0001872,43899
-0.0001445,-0.00010522,43901
1.36458e-05,9.93638e-06,43902
0.000292364,0.000212889,43935
-0.000385877,-0.000280982,43951
0.000155589,0.000113294,43959
-0.000195799,-0.000142574,43963
0.000140374,0.000102215,43965
-1.17681e-05,-8.56913e-06,43966
5.20848e-05,3.79262e-05,43983
-0.000207493,-0.000151088,43991
0.000564931,0.000411362,43995
-0.000461248,-0.000335864,43997
3.72023e-05,2.70893e-05,43998
0.000140331,0.000102184,44007
-0.000521721,-0.000379898,44011
0.000439375,0.000319937,44013
-3.52216e-05,-2.56471e-05,44014
7.15749e-05,5.21182e-05,44019
-7.37714e-05,-5.37176e-05,44021
6.75316e-06,4.9174e-06,44022
-3.62674e-06,-2.64086e-06,44026
2.12913e-06,1.55036e-06,44028
-4.6405e-06,-3.37904e-06,44159
8.18157e-05,5.95752e-05,44223
-0.000535918,-0.000390236,44255
0.000560923,0.000408443,44271
-0.00015565,-0.000113339,44279
0.000121871,8.87418e-05,44283
-7.68358e-05,-5.5949e-05,44285
6.96992e-06,5.07524e-06,44286
-9.34154e-05,-6.80217e-05,44351
0.000745393,0.000542768,44383
-0.000799541,-0.000582196,44399
0.000239288,0.000174241,44407
-0.000213175,-0.000155226,44411
0.000140645,0.000102412,44413
-1.24621e-05,-9.07443e-06,44414
-0.000216273,-0.000157482,44447
0.000308684,0.000224773,44463
-0.00017279,-0.000125819,44471
0.000295742,0.000215349,44475
-0.000226268,-0.00016476,44477
1.87031e-05,1.36189e-05,44478
-6.65321e-05,-4.84462e-05,44495
0.000367554,0.000267639,44503
-0.00113475,-0.00082628,44507
0.000937518,0.000682666,44509
-7.52445e-05,-5.47903e-05,44510
-0.000263666,-0.000191992,44519
0.00107411,0.00078213,44523
-0.000909508,-0.00066227,44525
7.25877e-05,5.28557e-05,44526
-0.000145882,-0.000106226,44531
0.000151363,0.000110217,44533
-1.38915e-05,-1.01152e-05,44534
7.47264e-06,5.4413e-06,44538
-4.39184e-06,-3.19798e-06,44540
-0.000132987,-9.68366e-05,44639
0.000158704,0.000115563,44655
-7.16884e-05,-5.22008e-05,44663
0.00010385,7.56201e-05,44667
-7.77136e-05,-5.65882e-05,44669
6.56026e-06,4.77694e-06,44670
0.000344073,0.000250541,44703
-0.000554616,-0.000403851,44719
0.000476169,0.000346728,44727
-0.00106007,-0.000771906,44731
0.000847717,0.000617276,44733
-6.98861e-05,-5.08885e-05,44734
0.000220601,0.000160634,44751
-0.00158888,-0.00115697,44759
0.00531658,0.00387133,44763
-0.00443507,-0.00322946,44765
0.00035743,0.000260268,44766
0.00118742,0.000864638,44775
-0.00510915,-0.0037203,44779
0.00435082,0.00316811,44781
-0.000348869,-0.000254034,44782
0.000683602,0.000497774,44787
-0.000713298,-0.000519397,44789
6.59968e-05,4.80564e-05,44790
-3.53394e-05,-2.57329e-05,44794
2.07639e-05,1.51195e-05,44796
-0.000226133,-0.000164661,44831
0.000372805,0.000271463,44847
-0.000356962,-0.000259927,44855
0.000844462,0.000614906,44859
-0.0006817,-0.000496389,44861
5.62006e-05,4.09232e-05,44862
-0.000197359,-0.000143709,44879
0.00152918,0.00111349,44887
-0.0052251,-0.00380472,44891
0.00436953,0.00318173,44893
-0.000352411,-0.000256613,44894
-0.0011645,-0.000847945,44903
0.00508894,0.00370558,44907
-0.00434097,-0.00316094,44909
0.000348474,0.000253746,44910
-0.000681815,-0.000496473,44915
0.000713298,0.000519397,44917
-6.62485e-05,-4.82397e-05,44918
3.56359e-05,2.59487e-05,44922
-2.09265e-05,-1.52379e-05,44924
1.98915e-05,1.44842e-05,44943
-0.000198836,-0.000144785,44951
0.000776922,0.000565726,44955
-0.000656398,-0.000477965,44957
5.27503e-05,3.84108e-05,44958
0.000184263,0.000134173,44967
-0.000915979,-0.000666982,44971
0.000788833,0.000574399,44973
-6.33375e-05,-4.61201e-05,44974
0.000142704,0.000103912,44979
-0.000151363,-0.000110217,44981
1.43612e-05,1.04573e-05,44982
-8.46969e-06,-6.16732e-06,44986
4.94406e-06,3.60009e-06,44988
7.13048e-05,5.19215e-05,45003
-6.32318e-05,-4.60431e-05,45005
5.16891e-06,3.76381e-06,45006
-7.02598e-05,-5.11606e-05,45011
7.37714e-05,5.37176e-05,45013
-7.05163e-06,-5.13474e-06,45014
4.55616e-06,3.31763e-06,45018
-2.66278e-06,-1.93894e-06,45020
3.78437e-05,2.75564e-05,45027
-3.84843e-05,-2.80228e-05,45029
3.55974e-06,2.59207e-06,45030
-2.41286e-06,-1.75695e-06,45034
1.42294e-06,1.03613e-06,45036
2.58985e-07,1.88586e-07,45042
-1.61948e-07,-1.17922e-07,45044
-0.000422742,-0.000307825,45791
0.000436902,0.000318136,45807
-0.000114215,-8.31672e-05,45815
7.60965e-05,5.54106e-05,45819
-4.45881e-05,-3.24674e-05,45821
4.22096e-06,3.07355e-06,45822
-6.76919e-05,-4.92908e-05,45887
0.000490892,0.000357449,45919
-0.000519766,-0.000378475,45935
0.000146988,0.000107031,45943
-0.000116464,-8.48049e-05,45947
7.36778e-05,5.36495e-05,45949
-6.72222e-06,-4.89487e-06,45950
-0.000116077,-8.45232e-05,45983
0.000162258,0.00011815,45999
-8.42586e-05,-6.1354e-05,46007
0.000137316,9.99885e-05,46011
-0.000104488,-7.60842e-05,46013
8.7708e-06,6.38658e-06,46014
-2.9797e-05,-2.16971e-05,46031
0.000154096,0.000112207,46039
-0.000471906,-0.000343625,46043
0.000391328,0.000284951,46045
-3.18947e-05,-2.32245e-05,46046
-0.000109125,-7.94611e-05,46055
0.000443674,0.000323067,46059
-0.000377406,-0.000274813,46061
3.05999e-05,2.22817e-05,46062
-6.07244e-05,-4.42173e-05,46067
6.32318e-05,4.60431e-05,46069
-5.89131e-06,-4.28984e-06,46070
3.14894e-06,2.29294e-06,46074
-1.84618e-06,-1.34433e-06,46076
8.61245e-06,6.27127e-06,46207
-0.000167943,-0.00012229,46271
0.00117602,0.000856333,46303
-0.00127378,-0.000927522,46319
0.000423643,0.000308481,46327
-0.000453524,-0.000330239,46331
0.000318851,0.000232175,46333
-2.82561e-05,-2.05751e-05,46334
0.000209779,0.000152753,46399
-0.00178544,-0.00130009,46431
0.00198902,0.00144833,46447
-0.000718142,-0.000522925,46455
0.000843008,0.000613848,46459
-0.000605912,-0.000441203,46461
5.30703e-05,3.86438e-05,46462
0.000687131,0.000500344,46495
-0.00103629,-0.000754585,46511
0.000708829,0.000516143,46519
-0.00140616,-0.00102392,46523
0.00110964,0.000808,46525
-9.32573e-05,-6.79065e-05,46526
0.000279237,0.00020333,46543
-0.00175945,-0.00128117,46551
0.00577753,0.00420698,46555
-0.00483459,-0.00352037,46557
0.000396646,0.000288823,46558
0.0012885,0.000938235,46567
-0.00551328,-0.00401457,46571
0.0047179,0.0034354,46573
-0.00038531,-0.000280568,46574
0.000752793,0.000548156,46579
-0.000788833,-0.000574399,46581
7.43196e-05,5.41168e-05,46582
-3.96832e-05,-2.88958e-05,46586
2.32386e-05,1.69215e-05,46588
0.000500443,0.000364404,46687
-0.0006306,-0.00045918,46703
0.000342449,0.000249359,46711
-0.000573403,-0.000417531,46715
0.000443053,0.000322615,46717
-3.78277e-05,-2.75447e-05,46718
-0.00167854,-0.00122225,46751
0.00280424,0.00204194,46767
-0.0026541,-0.00193262,46775
0.00626234,0.00456001,46779
-0.0050777,-0.0036974,46781
0.000426704,0.00031071,46782
-0.00123273,-0.00089763,46799
0.00924866,0.00673453,46807
-0.031856,-0.0231964,46811
0.0268122,0.0195237,46813
-0.00220675,-0.00160687,46814
-0.00695483,-0.00506425,46823
0.0306859,0.0223443,46827
-0.0263469,-0.0191848,46829
0.00215903,0.00157213,46830
-0.0041287,-0.00300636,46835
0.00434097,0.00316094,46837
-0.000411048,-0.00029931,46838
0.000218547,0.000159138,46842
-0.000127954,-9.31717e-05,46844
0.00115327,0.000839766,46879
-0.00196294,-0.00142934,46895
0.00203351,0.00148073,46903
-0.00503922,-0.00366937,46907
0.00411642,0.00299743,46909
-0.000345967,-0.00025192,46910
0.00112477,0.000819016,46927
-0.00896566,-0.00652846,46935
0.0314118,0.0228729,46939
-0.0264899,-0.0192889,46941
0.00218124,0.0015883,46942
0.00685804,0.00499377,46951
-0.0306446,-0.0223143,46955
0.0263469,0.0191848,46957
-0.00216076,-0.00157339,46958
0.00412865,0.00300633,46963
-0.00435082,-0.00316811,46965
0.000413311,0.000300958,46966
-0.000220797,-0.000160776,46970
0.000129206,9.40831e-05,46972
-0.000112119,-8.16412e-05,46991
0.00115098,0.000838105,46999
-0.00460427,-0.00335266,47003
0.00392141,0.00285543,47005
-0.000321784,-0.000234311,47006
-0.00107136,-0.000780126,47015
0.00543703,0.00395905,47019
-0.0047179,-0.0034354,47021
0.000386995,0.000281795,47022
-0.000851608,-0.00062011,47027
0.000909508,0.00066227,47029
-8.81841e-05,-6.42124e-05,47030
5.167e-05,3.76242e-05,47034
-3.00628e-05,-2.18906e-05,47036
0.000377406,0.000274813,47053
-3.14905e-05,-2.29302e-05,47054
0.000416111,0.000302997,47059
-0.000439375,-0.000319937,47061
4.26973e-05,3.10906e-05,47062
-2.70529e-05,-1.96989e-05,47066
1.57662e-05,1.14804e-05,47068
-0.000223614,-0.000162827,47075
0.000228507,0.00016639,47077
-2.14268e-05,-1.56022e-05,47078
1.40312e-05,1.0217e-05,47082
-8.25307e-06,-6.00959e-06,47084
-1.53008e-06,-1.11414e-06,47090
9.50743e-07,6.92295e-07,47092
-5.3543e-06,-3.89881e-06,47231
0.000104896,7.63813e-05,47295
-0.000753227,-0.000548472,47327
0.000829126,0.000603739,47343
-0.000298659,-0.000217472,47351
0.000357513,0.000260328,47355
-0.000259049,-0.00018863,47357
2.27897e-05,1.65947e-05,47358
-0.000134522,-9.79539e-05,47423
0.00117166,0.000853163,47455
-0.00132591,-0.00096548,47471
0.000514601,0.000374714,47479
-0.000659394,-0.000480147,47483
0.000484526,0.000352814,47485
-4.22839e-05,-3.07896e-05,47486
-0.000497762,-0.000362452,47519
0.000763716,0.00055611,47535
-0.000553325,-0.000402911,47543
0.00113843,0.000828963,47547
-0.00090459,-0.000658689,47549
7.62643e-05,5.55329e-05,47550
-0.000220061,-0.00016024,47567
0.00143482,0.00104478,47575
-0.004779,-0.00347989,47579
0.00400981,0.00291979,47581
-0.00033039,-0.000240578,47582
-0.00105682,-0.000769541,47591
0.00457249,0.00332952,47595
-0.00392141,-0.00285543,47597
0.000321717,0.000234262,47598
-0.000625093,-0.00045517,47603
0.000656398,0.000477965,47605
-6.2183e-05,-4.52794e-05,47606
3.31734e-05,2.41557e-05,47610
-1.94105e-05,-1.4134e-05,47612
-0.000429916,-0.000313049,47711
0.000552235,0.000402117,47727
-0.000317467,-0.000231167,47735
0.000552235,0.000402117,47739
-0.000429916,-0.000313049,47741
3.67766e-05,2.67794e-05,47742
0.00158769,0.0011561,47775
-0.00267784,-0.00194991,47791
0.00260127,0.00189415,47799
-0.00622798,-0.00453499,47803
0.00506615,0.00368898,47805
-0.00042744,-0.000311246,47806
0.00121358,0.000883684,47823
-0.00920938,-0.00670594,47831
0.0319414,0.0232586,47835
-0.0269378,-0.0196151,47837
0.00222725,0.0016218,47838
0.00693883,0.0050526,47847
-0.0307962,-0.0224246,47851
0.0264899,0.0192889,47853
-0.00218118,-0.00158825,47854
0.00414851,0.00302079,47859
-0.00436953,-0.00318173,47861
0.00041601,0.000302923,47862
-0.000220928,-0.000160872,47866
0.00012923,9.41003e-05,47868
-0.00111565,-0.000812376,47903
0.00191459,0.00139414,47919
-0.0020256,-0.00147497,47927
0.00508034,0.00369931,47931
-0.00416193,-0.00303056,47933
0.000351297,0.000255801,47934
-0.00112477,-0.000819016,47951
0.00904133,0.00658357,47959
-0.0318789,-0.0232131,47963
0.0269378,0.0196151,47965
-0.00222894,-0.00162303,47966
-0.00692706,-0.00504403,47975
0.031127,0.0226655,47979
-0.0268122,-0.0195237,47981
0.00221021,0.00160939,47982
-0.00420068,-0.00305878,47987
0.00443507,0.00322946,47989
-0.00042384,-0.000308624,47990
0.000226262,0.000164756,47994
-0.000132273,-9.6316e-05,47996
0.000112307,8.17776e-05,48015
-0.00116472,-0.000848109,48023
0.00469649,0.00341981,48027
-0.00400981,-0.00291979,48029
0.000331087,0.000241085,48030
0.00108725,0.000791696,48039
-0.00555795,-0.00404709,48043
0.00483459,0.00352037,48045
-0.000399276,-0.000290738,48046
0.000875232,0.000637312,48051
-0.000937518,-0.000682666,48053
9.18242e-05,6.6863e-05,48054
-5.41153e-05,-3.94048e-05,48058
3.14525e-05,2.29026e-05,48060
-0.000391328,-0.000284951,48077
3.30014e-05,2.40304e-05,48078
-0.000433917,-0.000315962,48083
0.000461248,0.000335864,48085
-4.59419e-05,-3.34532e-05,48086
3.05759e-05,2.22643e-05,48090
-1.78586e-05,-1.3004e-05,48092
0.00023338,0.000169939,48099
-0.0002405,-0.000175124,48101
2.32978e-05,1.69646e-05,48102
-1.67399e-05,-1.21894e-05,48106
9.90388e-06,7.21164e-06,48108
1.81705e-06,1.32311e-06,48114
-1.15834e-06,-8.43462e-07,48116
3.68855e-05,2.68586e-05,48223
-4.96953e-05,-3.61863e-05,48239
3.25886e-05,2.37298e-05,48247
-6.17687e-05,-4.49777e-05,48251
4.88833e-05,3.5595e-05,48253
-4.20223e-06,-3.05991e-06,48254
-0.000190765,-0.000138908,48287
0.000328138,0.000238938,48303
-0.000342973,-0.00024974,48311
0.000859269,0.000625688,48315
-0.000705784,-0.000513926,48317
6.02095e-05,4.38424e-05,48318
-0.000174551,-0.000127102,48335
0.00138365,0.00100752,48343
-0.00490564,-0.00357211,48347
0.00416193,0.00303056,48349
-0.000348784,-0.000253972,48350
-0.00105295,-0.000766719,48359
0.00475945,0.00346566,48363
-0.00411642,-0.00299743,48365
0.000343921,0.00025043,48366
-0.000643156,-0.000468322,48371
0.0006817,0.000496389,48373
-6.61914e-05,-4.81981e-05,48374
3.52778e-05,2.5688e-05,48378
-2.05746e-05,-1.49816e-05,48380
0.000165014,0.000120157,48415
-0.000287715,-0.000209504,48431
0.000325542,0.000237048,48439
-0.000853032,-0.000621146,48443
0.000705784,0.000513926,48445
-6.03743e-05,-4.39623e-05,48446
0.000197359,0.000143709,48463
-0.00164979,-0.00120132,48471
0.00595477,0.00433604,48475
-0.00506615,-0.00368898,48477
0.000425967,0.000310174,48478
0.00127695,0.000929826,48487
-0.00585671,-0.00426464,48491
0.0050777,0.0036974,48493
-0.000425967,-0.000310173,48494
0.000796719,0.000580142,48499
-0.000847717,-0.000617276,48501
8.30612e-05,6.04821e-05,48502
-4.47138e-05,-3.25589e-05,48506
2.60471e-05,1.89665e-05,48508
-2.31526e-05,-1.68589e-05,48527
0.00025076,0.000182595,48535
-0.0010481,-0.000763186,48539
0.00090459,0.000658689,48541
-7.67883e-05,-5.59144e-05,48542
-0.00023831,-0.000173529,48551
0.00126121,0.000918364,48555
-0.00110964,-0.000808,48557
9.46716e-05,6.89364e-05,48558
-0.000207483,-0.000151082,48563
0.000226268,0.00016476,48565
-2.36249e-05,-1.72028e-05,48566
1.49605e-05,1.08937e-05,48570
-8.67692e-06,-6.31821e-06,48572
0.000104488,7.60842e-05,48589
-9.4517e-06,-6.88238e-06,48590
0.000125164,9.11401e-05,48595
-0.000140374,-0.000102215,48597
1.68782e-05,1.22901e-05,48598
-1.59911e-05,-1.16442e-05,48602
9.51969e-06,6.93189e-06,48604
-6.83405e-05,-4.9763e-05,48611
7.55993e-05,5.50487e-05,48613
-9.38638e-06,-6.83481e-06,48614
1.1512e-05,8.38264e-06,48618
-7.01548e-06,-5.10841e-06,48620
-1.21459e-06,-8.8442e-07,48626
8.63726e-07,6.28935e-07,48628
-0.000106065,-7.72328e-05,48743
0.000505914,0.000368388,48747
-0.000443053,-0.000322615,48749
3.81102e-05,2.77505e-05,48750
-7.18087e-05,-5.22884e-05,48755
7.77136e-05,5.65882e-05,48757
-8.05966e-06,-5.86874e-06,48758
4.65972e-06,3.39304e-06,48762
-2.70693e-06,-1.97109e-06,48764
1.20085e-05,8.74415e-06,48783
-0.000128765,-9.37619e-05,48791
0.000553426,0.000402984,48795
-0.000484526,-0.000352814,48797
4.31305e-05,3.14061e-05,48798
0.000123052,8.96018e-05,48807
-0.000676144,-0.000492343,48811
0.000605912,0.000441203,48813
-5.50551e-05,-4.00891e-05,48814
0.00012348,8.99133e-05,48819
-0.000140645,-0.000102412,48821
1.73043e-05,1.26004e-05,48822
-1.39429e-05,-1.01527e-05,48826
8.18113e-06,5.9572e-06,48828
-7.36778e-05,-5.36495e-05,48845
8.07947e-06,5.88317e-06,48846
-0.000113919,-8.29518e-05,48851
0.0001445,0.00010522,48853
-2.52596e-05,-1.83931e-05,48854
3.70068e-05,2.6947e-05,48858
-2.26257e-05,-1.64752e-05,48860
6.62988e-05,4.82764e-05,48867
-8.54283e-05,-6.22058e-05,48869
1.63165e-05,1.18811e-05,48870
-3.20427e-05,-2.33323e-05,48874
2.0035e-05,1.45888e-05,48876
3.4136e-06,2.48566e-06,48882
-2.58129e-06,-1.8796e-06,48884
-6.7923e-06,-4.9459e-06,48911
6.98177e-05,5.08387e-05,48919
-0.000295368,-0.000215076,48923
0.000259049,0.00018863,48925
-2.33907e-05,-1.70323e-05,48926
-6.5058e-05,-4.73728e-05,48935
0.000354339,0.000258016,48939
-0.000318851,-0.000232175,48941
2.96005e-05,2.1554e-05,48942
-6.63241e-05,-4.82948e-05,48947
7.68358e-05,5.5949e-05,48949
-1.00833e-05,-7.34229e-06,48950
8.92173e-06,6.49648e-06,48954
-5.27272e-06,-3.8394e-06,48956
4.45881e-05,3.24674e-05,48973
-5.39065e-06,-3.92527e-06,48974
8.00891e-05,5.8318e-05,48979
-0.000106547,-7.75833e-05,48981
2.08736e-05,1.51994e-05,48982
-3.36081e-05,-2.44722e-05,48986
2.0665e-05,1.50475e-05,48988
-4.84543e-05,-3.52826e-05,48995
6.59205e-05,4.80009e-05,48997
-1.41297e-05,-1.02887e-05,48998
3.02104e-05,2.19981e-05,49002
-1.89757e-05,-1.38174e-05,49004
-3.22845e-06,-2.35084e-06,49010
2.46523e-06,1.79509e-06,49012
-4.2608e-06,-3.10255e-06,49037
5.24759e-07,3.82112e-07,49038
-9.45489e-06,-6.8847e-06,49043
1.28511e-05,9.35767e-06,49045
-2.61714e-06,-1.9057e-06,49046
4.86871e-06,3.54522e-06,49050
-3.02137e-06,-2.20005e-06,49052
6.71414e-06,4.889e-06,49059
-9.45467e-06,-6.88454e-06,49061
2.14158e-06,1.55942e-06,49062
-5.32528e-06,-3.87767e-06,49066
3.37513e-06,2.45765e-06,49068
6.4928e-07,4.72782e-07,49074
-5.04785e-07,-3.67563e-07,49076
-2.46222e-07,-1.79287e-07,49100
-3.28272e-07,-2.39033e-07,49106
2.50059e-07,1.82084e-07,49108
1.84036e-07,1.3401e-07,49122
-1.35711e-07,-9.88198e-08,49124
4.89522e-07,3.56454e-07,50047
-9.90861e-07,-7.21506e-07,50111
4.40669e-06,3.20879e-06,50143
-4.45183e-06,-3.24166e-06,50159
1.08594e-06,7.90746e-07,50167
-5.99739e-07,-4.36708e-07,50171
3.16186e-07,2.30236e-07,50173
-3.10431e-08,-2.26027e-08,50174
4.8136e-06,3.50509e-06,50431
-8.88504e-06,-6.46976e-06,50559
1.80412e-05,1.3137e-05,50623
-8.76049e-05,-6.37907e-05,50655
8.91309e-05,6.49019e-05,50671
-2.19235e-05,-1.59639e-05,50679
1.24982e-05,9.10074e-06,50683
-6.71414e-06,-4.88899e-06,50685
6.54183e-07,4.76354e-07,50686
8.74474e-06,6.3676e-06,50815
-0.000115882,-8.43813e-05,50879
0.000652684,0.000475261,50911
-0.000664801,-0.000484084,50927
0.000161689,0.000117736,50935
-9.08874e-05,-6.61809e-05,50939
4.84543e-05,3.52826e-05,50941
-4.78961e-06,-3.48762e-06,50942
0.00010034,7.30636e-05,51007
-0.000686287,-0.000499729,51039
0.000711377,0.000517999,51055
-0.000180913,-0.000131734,51063
0.00011545,8.40666e-05,51067
-6.62988e-05,-4.82764e-05,51069
6.33812e-06,4.61518e-06,51070
0.00012583,9.16248e-05,51103
-0.000166417,-0.000121179,51119
6.89852e-05,5.02325e-05,51127
-9.28701e-05,-6.76246e-05,51131
6.83405e-05,4.9763e-05,51133
-5.89375e-06,-4.29161e-06,51134
2.30129e-05,1.67572e-05,51151
-9.6971e-05,-7.06107e-05,51159
0.000280764,0.000204442,51163
-0.00023338,-0.000169939,51165
1.95333e-05,1.42234e-05,51166
6.65387e-05,4.8451e-05,51175
-0.000261322,-0.000190285,51179
0.000223614,0.000162827,51181
-1.86354e-05,-1.35696e-05,51182
3.61716e-05,2.63388e-05,51187
-3.78437e-05,-2.75564e-05,51189
3.61473e-06,2.63211e-06,51190
-1.91756e-06,-1.3963e-06,51194
1.11908e-06,8.14871e-07,51196
-6.44399e-06,-4.69228e-06,51455
1.15289e-05,8.39491e-06,51583
-2.30012e-05,-1.67487e-05,51647
0.000113394,8.25694e-05,51679
-0.000115819,-8.43351e-05,51695
2.89022e-05,2.10455e-05,51703
-1.71683e-05,-1.25013e-05,51707
9.45489e-06,6.8847e-06,51709
-9.13559e-07,-6.65221e-07,51710
-1.32073e-05,-9.61705e-06,51839
0.000180477,0.000131417,51903
-0.00102719,-0.000747962,51935
0.00104861,0.000763556,51951
-0.000257578,-0.000187559,51959
0.000148171,0.000107892,51963
-8.00891e-05,-5.8318e-05,51965
7.88207e-06,5.73943e-06,51966
-0.000159545,-0.000116175,52031
0.00110363,0.000803622,52063
-0.00114767,-0.000835694,52079
0.000296315,0.000215766,52087
-0.000195265,-0.000142185,52091
0.000113919,8.29518e-05,52093
-1.08208e-05,-7.87934e-06,52094
-0.000211085,-0.000153704,52127
0.000281805,0.0002052,52143
-0.000121344,-8.83585e-05,52151
0.000169064,0.000123106,52155
-0.000125164,-9.11401e-05,52157
1.07332e-05,7.81555e-06,52158
-4.09338e-05,-2.98065e-05,52175
0.000178956,0.000130309,52183
-0.000522673,-0.000380591,52187
0.000433917,0.000315962,52189
-3.60847e-05,-2.62756e-05,52190
-0.000123469,-8.99059e-05,52199
0.000487205,0.000354765,52203
-0.000416111,-0.000302997,52205
3.44448e-05,2.50814e-05,52206
-6.72574e-05,-4.89744e-05,52211
7.02598e-05,5.11606e-05,52213
-6.66909e-06,-4.85619e-06,52214
3.54503e-06,2.58136e-06,52218
-2.07116e-06,-1.50815e-06,52220
3.39064e-06,2.46894e-06,52351
-6.06847e-05,-4.41883e-05,52415
0.000400673,0.000291755,52447
-0.000421364,-0.000306822,52463
0.000120575,8.77979e-05,52471
-0.000101647,-7.40159e-05,52475
6.63241e-05,4.82948e-05,52477
-6.08453e-06,-4.43053e-06,52478
7.01049e-05,5.10478e-05,52543
-0.000563926,-0.00041063,52575
0.000608415,0.000443026,52591
-0.000188734,-0.000137429,52599
0.000181363,0.000132062,52603
-0.00012348,-8.99133e-05,52605
1.11016e-05,8.08378e-06,52606
0.00017089,0.000124436,52639
-0.000246608,-0.000179571,52655
0.000145616,0.000106032,52663
-0.000265921,-0.000193634,52667
0.000207483,0.000151082,52669
-1.76086e-05,-1.28219e-05,52670
5.60238e-05,4.07945e-05,52687
-0.000324712,-0.000236443,52695
0.00104559,0.000761359,52699
-0.000875232,-0.000637312,52701
7.24141e-05,5.27293e-05,52702
0.000235078,0.000171175,52711
-0.000993769,-0.000723626,52715
0.000851608,0.00062011,52717
-7.0144e-05,-5.10763e-05,52718
0.000136007,9.90355e-05,52723
-0.000142704,-0.000103912,52725
1.35453e-05,9.86318e-06,52726
-7.21575e-06,-5.25425e-06,52730
4.22048e-06,3.07319e-06,52732
-0.000127946,-9.31652e-05,52847
6.07473e-05,4.4234e-05,52855
-9.39733e-05,-6.84279e-05,52859
7.18087e-05,5.22884e-05,52861
-6.21067e-06,-4.52238e-06,52862
-0.000288582,-0.000210135,52895
0.000469698,0.000342017,52911
-0.000420313,-0.000306057,52919
0.000981163,0.000714447,52923
-0.000796719,-0.000580142,52925
6.76212e-05,4.92393e-05,52926
-0.00019377,-0.000141096,52943
0.00143635,0.0010459,52951
-0.00497402,-0.0036219,52955
0.00420068,0.00305878,52957
-0.000349275,-0.000254329,52958
-0.00107956,-0.000786097,52967
0.00479223,0.00348952,52971
-0.00412865,-0.00300633,52973
0.000341879,0.000248944,52974
-0.000646391,-0.000470678,52979
0.000681815,0.000496473,52981
-6.52487e-05,-4.75117e-05,52982
3.46004e-05,2.51947e-05,52986
-2.02279e-05,-1.47292e-05,52988
0.000191852,0.0001397,53023
-0.000319111,-0.000232365,53039
0.000317399,0.000231118,53047
-0.000785099,-0.000571681,53051
0.000643156,0.000468322,53053
-5.46168e-05,-3.977e-05,53054
0.000174551,0.000127102,53071
-0.00138727,-0.00101016,53079
0.0049006,0.00356844,53083
-0.00414851,-0.00302079,53085
0.00034528,0.00025142,53086
0.00106194,0.000773267,53095
-0.00478425,-0.00348371,53099
0.0041287,0.00300636,53101
-0.000342348,-0.000249285,53102
0.000646391,0.000470678,53107
-0.000683602,-0.000497774,53109
6.56843e-05,4.78289e-05,53110
-3.50049e-05,-2.54893e-05,53114
2.04519e-05,1.48924e-05,53116
-1.77092e-05,-1.28952e-05,53135
0.00018121,0.000131951,53143
-0.000731031,-0.00053231,53147
0.000625093,0.00045517,53149
-5.18951e-05,-3.77881e-05,53150
-0.000168804,-0.000122917,53159
0.000864079,0.000629191,53163
-0.000752793,-0.000548156,53165
6.2503e-05,4.55124e-05,53166
-0.000136007,-9.90355e-05,53171
0.000145882,0.000106226,53173
-1.4346e-05,-1.04463e-05,53174
8.42706e-06,6.13628e-06,53178
-4.89503e-06,-3.56438e-06,53180
6.07244e-05,4.42173e-05,53197
-5.14562e-06,-3.74685e-06,53198
6.72574e-05,4.89744e-05,53203
-7.15749e-05,-5.21182e-05,53205
7.14855e-06,5.20531e-06,53206
-4.71868e-06,-3.43597e-06,53210
2.75061e-06,2.0029e-06,53212
-3.61716e-05,-2.63388e-05,53219
3.73163e-05,2.71724e-05,53221
-3.62318e-06,-2.63827e-06,53222
2.56986e-06,1.87128e-06,53226
-1.51543e-06,-1.10348e-06,53228
-2.78873e-07,-2.03064e-07,53234
1.76679e-07,1.28654e-07,53236
-0.000443674,-0.000323067,54111
0.000471906,0.000343625,54127
-0.000137316,-9.99885e-05,54135
0.000116464,8.48049e-05,54139
-7.60965e-05,-5.54106e-05,54141
7.03372e-06,5.12169e-06,54142
0.000109125,7.94611e-05,54175
-0.000154096,-0.000112207,54191
8.42586e-05,6.1354e-05,54199
-0.000146988,-0.000107031,54203
0.000114215,8.31672e-05,54205
-9.84313e-06,-7.16741e-06,54206
2.9797e-05,2.16971e-05,54223
-0.000162258,-0.00011815,54231
0.000519766,0.000378475,54235
-0.000436902,-0.000318136,54237
3.67203e-05,2.67384e-05,54238
0.000116077,8.45232e-05,54247
-0.000490892,-0.000357449,54251
0.000422742,0.000307825,54253
-3.53854e-05,-2.57664e-05,54254
6.76919e-05,4.92908e-05,54259
-7.13048e-05,-5.19215e-05,54261
6.87349e-06,5.00502e-06,54262
-3.63818e-06,-2.64919e-06,54266
2.12254e-06,1.54555e-06,54268
-8.19228e-06,-5.96532e-06,54399
0.000161795,0.000117813,54463
-0.00114053,-0.000830493,54495
0.00124192,0.000904322,54511
-0.000427403,-0.000311219,54519
0.000490676,0.000357292,54523
-0.000354339,-0.000258016,54525
3.20651e-05,2.33486e-05,54526
-0.000204064,-0.000148592,54591
0.00174662,0.00127182,54623
-0.00195688,-0.00142493,54639
0.000731811,0.000532878,54647
-0.000917996,-0.000668451,54651
0.000676144,0.000492343,54653
-6.05799e-05,-4.4112e-05,54654
-0.000693003,-0.000504619,54687
0.00105321,0.000766908,54703
-0.000750002,-0.000546124,54711
0.00157053,0.0011436,54715
-0.00126121,-0.000918364,54717
0.00010917,7.94934e-05,54718
-0.000294003,-0.000214082,54735
0.00191949,0.0013977,54743
-0.00655423,-0.00477255,54747
0.00555795,0.00404709,54749
-0.000471008,-0.00034297,54750
-0.00141596,-0.00103105,54759
0.00627519,0.00456937,54763
-0.00543703,-0.00395905,54765
0.000459137,0.000334327,54766
-0.000864079,-0.000629191,54771
0.000915979,0.000666982,54773
-8.93845e-05,-6.50865e-05,54774
4.72612e-05,3.44139e-05,54778
-2.75306e-05,-2.00468e-05,54780
0.000642485,0.000467834,54895
-0.000362651,-0.000264069,54903
0.000642485,0.000467834,54907
-0.000505914,-0.000368388,54909
4.44345e-05,3.23556e-05,54910
0.00174714,0.0012722,54943
-0.00293594,-0.00213785,54959
0.00287435,0.002093,54967
-0.00710967,-0.005177,54971
0.00585671,0.00426464,54973
-0.000507936,-0.000369861,54974
0.00132486,0.000964712,54991
-0.0102164,-0.00743919,54999
0.0364975,0.0265761,55003
-0.031127,-0.0226655,55005
0.00264881,0.00192876,55006
0.00772696,0.00562649,55015
-0.0352477,-0.025666,55019
0.0306446,0.0223143,55021
-0.00259889,-0.00189242,55022
0.00478425,0.00348371,55027
-0.00508894,-0.00370558,55029
0.000499407,0.00036365,55030
-0.000262843,-0.000191393,55034
0.000153045,0.000111442,55036
-0.00120907,-0.000880398,55071
0.00206813,0.00150594,55087
-0.00221189,-0.00161061,55095
0.00573713,0.00417757,55099
-0.00475945,-0.00346566,55101
0.000412998,0.00030073,55102
-0.00121358,-0.000883684,55119
0.00992431,0.00722652,55127
-0.0360412,-0.0262439,55131
0.0307962,0.0224246,55133
-0.00262245,-0.00190957,55134
-0.00763291,-0.00555801,55143
0.0352477,0.025666,55147
-0.0306859,-0.0223443,55149
0.00260502,0.00189688,55150
-0.00479223,-0.00348952,55155
0.00510915,0.0037203,55157
-0.000503129,-0.00036636,55158
0.000266182,0.000193824,55162
-0.000154904,-0.000112796,55164
0.000121822,8.87066e-05,55183
-0.0012802,-0.000932197,55191
0.00529992,0.00385921,55195
-0.00457249,-0.00332952,55197
0.000388414,0.000282828,55198
0.00119813,0.000872433,55207
-0.00627519,-0.00456937,55211
0.00551328,0.00401457,55213
-0.000468609,-0.000341224,55214
0.000993769,0.000723626,55219
-0.00107411,-0.00078213,55221
0.000108153,7.87531e-05,55222
-6.3107e-05,-4.59522e-05,55226
3.65216e-05,2.65937e-05,55228
3.84457e-05,2.79947e-05,55246
-0.000487205,-0.000354765,55251
0.000521721,0.000379898,55253
-5.30353e-05,-3.86184e-05,55254
3.42687e-05,2.49532e-05,55258
-1.99109e-05,-1.44984e-05,55260
0.000261322,0.000190285,55267
-0.000271044,-0.000197364,55269
2.66996e-05,1.94416e-05,55270
-1.82514e-05,-1.329e-05,55274
1.07301e-05,7.8133e-06,55276
2.0143e-06,1.46674e-06,55282
-1.2675e-06,-9.22951e-07,55284
5.19806e-06,3.78503e-06,55423
-0.000103159,-7.51164e-05,55487
0.000746226,0.000543374,55519
-0.000826372,-0.000601734,55535
0.000309055,0.000225042,55543
-0.00039729,-0.000289292,55547
0.000295368,0.000215076,55549
-2.66162e-05,-1.93809e-05,55550
0.000133679,9.73403e-05,55615
-0.00117095,-0.000852641,55647
0.00133319,0.000970783,55663
-0.000536918,-0.000390964,55671
0.000735479,0.000535549,55675
-0.000553426,-0.000402984,55677
4.95275e-05,3.60641e-05,55678
0.000512247,0.000372999,55711
-0.00079171,-0.000576494,55727
0.000596664,0.000434469,55735
-0.00129593,-0.000943645,55739
0.0010481,0.000763186,55741
-9.11395e-05,-6.63644e-05,55742
0.000235937,0.0001718,55759
-0.00159271,-0.00115975,55767
0.00552093,0.00402014,55771
-0.00469649,-0.00341981,55773
0.000400234,0.000291436,55774
0.00118164,0.000860426,55783
-0.00529992,-0.00385921,55787
0.00460427,0.00335266,55789
-0.000391102,-0.000284786,55790
0.000731031,0.00053231,55795
-0.000776922,-0.000565726,55797
7.63379e-05,5.55865e-05,55798
-4.03235e-05,-2.93621e-05,55802
2.34638e-05,1.70855e-05,55804
-0.000573403,-0.000417531,55919
0.000342449,0.000249359,55927
-0.0006306,-0.00045918,55931
0.000500443,0.000364404,55933
-4.41118e-05,-3.21206e-05,55934
-0.00167999,-0.0012233,55967
0.00284891,0.00207447,55983
-0.00286342,-0.00208504,55991
0.00720058,0.00524319,55995
-0.00595477,-0.00433604,55997
0.000519299,0.000378134,55998
-0.00132486,-0.000964712,56015
0.0103439,0.00753202,56023
-0.0372799,-0.0271459,56027
0.0318789,0.0232131,56029
-0.0027295,-0.00198752,56030
-0.00784089,-0.00570945,56039
0.0360412,0.0262439,56043
-0.0314118,-0.0228729,56045
0.00268106,0.00195225,56046
-0.0049006,-0.00356844,56051
0.0052251,0.00380472,56053
-0.000516457,-0.000376065,56054
0.00027144,0.000197653,56058
-0.000157857,-0.000114945,56060
0.00118881,0.000865646,56095
-0.00204931,-0.00149223,56111
0.00223948,0.00163071,56119
-0.00589201,-0.00429035,56123
0.00490564,0.00357211,56125
-0.000428199,-0.000311799,56126
0.00123273,0.00089763,56143
-0.0101792,-0.00741209,56151
0.0372799,0.0271459,56155
-0.0319414,-0.0232586,56157
0.00273781,0.00199357,56158
0.00784427,0.00571191,56167
-0.0364975,-0.0265761,56171
0.031856,0.0231964,56173
-0.00272294,-0.00198275,56174
0.00497402,0.0036219,56179
-0.00531658,-0.00387133,56181
0.000527718,0.000384265,56182
-0.000278994,-0.000203153,56186
0.000162145,0.000118068,56188
-0.000124128,-9.03851e-05,56207
0.00131978,0.000961013,56215
-0.00552093,-0.00402014,56219
0.004779,0.00347989,56221
-0.000409351,-0.000298074,56222
-0.0012394,-0.000902489,56231
0.00655423,0.00477255,56235
-0.00577753,-0.00420698,56237
0.000495567,0.000360854,56238
-0.00104559,-0.000761359,56243
0.00113475,0.00082628,56245
-0.000115817,-8.43336e-05,56246
6.817e-05,4.96389e-05,56250
-3.94008e-05,-2.86902e-05,56252
-4.14843e-05,-3.02073e-05,56270
0.000522673,0.000380591,56275
-0.000564931,-0.000411362,56277
5.93818e-05,4.32396e-05,56278
-4.10362e-05,-2.98811e-05,56282
2.39193e-05,1.74171e-05,56284
-0.000280764,-0.000204442,56291
0.00029466,0.00021456,56293
-3.03401e-05,-2.20925e-05,56294
2.34169e-05,1.70513e-05,56298
-1.38689e-05,-1.00988e-05,56300
-2.56635e-06,-1.86872e-06,56306
1.66451e-06,1.21203e-06,56308
5.18743e-05,3.77729e-05,56431
-3.56459e-05,-2.5956e-05,56439
7.20728e-05,5.24807e-05,56443
-5.82579e-05,-4.24212e-05,56445
5.18495e-06,3.77549e-06,56446
0.000204286,0.000148753,56479
-0.000353355,-0.0002573,56495
0.000384206,0.000279765,56503
-0.00101909,-0.000742065,56507
0.000853032,0.000621146,56509
-7.55976e-05,-5.50474e-05,56510
0.00019377,0.000141096,56527
-0.00158823,-0.00115649,56535
0.00589201,0.00429035,56539
-0.00508034,-0.00369931,56541
0.000443286,0.000322784,56542
0.00121761,0.000886617,56551
-0.00573713,-0.00417757,56555
0.00503922,0.00366937,56557
-0.000438927,-0.000319611,56558
0.000785099,0.000571681,56563
-0.000844462,-0.000614906,56565
8.57427e-05,6.24347e-05,56566
-4.53409e-05,-3.30156e-05,56570
2.62637e-05,1.91243e-05,56572
-0.000178656,-0.000130091,56607
0.000312768,0.000227746,56623
-0.000367455,-0.000267568,56631
0.00101909,0.000742065,56635
-0.000859269,-0.000625688,56637
7.64433e-05,5.56632e-05,56638
-0.000220601,-0.000160634,56655
0.00190536,0.00138741,56663
-0.00720058,-0.00524319,56667
0.00622798,0.00453499,56669
-0.000545776,-0.000397414,56670
-0.00148586,-0.00108195,56679
0.00710967,0.005177,56683
-0.00626234,-0.00456001,56685
0.000548313,0.000399261,56686
-0.000981163,-0.000714447,56691
0.00106007,0.000771906,56693
-0.000108832,-7.92473e-05,56694
5.82913e-05,4.24456e-05,56698
-3.37216e-05,-2.45548e-05,56700
2.63651e-05,1.91981e-05,56719
-0.000295348,-0.000215062,56727
0.00129593,0.000943645,56731
-0.00113843,-0.000828963,56733
0.000101204,7.36932e-05,56734
0.000283486,0.000206424,56743
-0.00157053,-0.0011436,56747
0.00140616,0.00102392,56749
-0.00012595,-9.17119e-05,56750
0.000265921,0.000193634,56755
-0.000295742,-0.000215349,56757
3.28067e-05,2.38887e-05,56758
-2.129e-05,-1.55026e-05,56762
1.22834e-05,8.94435e-06,56764
1.32183e-05,9.62511e-06,56782
-0.000169064,-0.000123106,56787
0.000195799,0.000142574,56789
-2.58458e-05,-1.882e-05,56790
2.66507e-05,1.94061e-05,56794
-1.58646e-05,-1.1552e-05,56796
9.28701e-05,6.76246e-05,56803
-0.000106708,-7.77011e-05,56805
1.47484e-05,1.07392e-05,56806
-2.00957e-05,-1.46329e-05,56810
1.22529e-05,8.92208e-06,56812
2.1329e-06,1.5531e-06,56818
-1.53269e-06,-1.11605e-06,56820
9.39733e-05,6.84279e-05,56947
-0.00010385,-7.56201e-05,56949
1.14688e-05,8.35118e-06,56950
-6.77145e-06,-4.93072e-06,56954
3.90768e-06,2.84543e-06,56956
-1.41044e-05,-1.02703e-05,56975
0.000159595,0.000116211,56983
-0.000735479,-0.000535549,56987
0.000659394,0.000480147,56989
-6.22758e-05,-4.53469e-05,56990
-0.000156007,-0.000113598,56999
0.000917996,0.000668451,57003
-0.000843008,-0.000613848,57005
8.16793e-05,5.94759e-05,57006
-0.000181363,-0.000132062,57011
0.000213175,0.000155226,57013
-2.85282e-05,-2.07732e-05,57014
2.43061e-05,1.76988e-05,57018
-1.42124e-05,-1.0349e-05,57020
-1.38152e-05,-1.00597e-05,57038
0.000195265,0.000142185,57043
-0.000257086,-0.0001872,57045
4.8009e-05,3.49584e-05,57046
-7.24803e-05,-5.27775e-05,57050
4.4107e-05,3.21171e-05,57052
-0.00011545,-8.40666e-05,57059
0.000154937,0.00011282,57061
-3.15121e-05,-2.2946e-05,57062
6.34374e-05,4.61928e-05,57066
-3.94495e-05,-2.87256e-05,57068
-6.72879e-06,-4.89965e-06,57074
5.06444e-06,3.68774e-06,57076
7.97633e-06,5.80807e-06,57103
-8.69462e-05,-6.33111e-05,57111
0.00039729,0.000289292,57115
-0.000357513,-0.000260328,57117
3.43746e-05,2.50304e-05,57118
8.33738e-05,6.07097e-05,57127
-0.000490676,-0.000357292,57131
0.000453524,0.000330239,57133
-4.50855e-05,-3.28296e-05,57134
0.000101647,7.40159e-05,57139
-0.000121871,-8.87418e-05,57141
1.74075e-05,1.26755e-05,57142
-1.62685e-05,-1.18462e-05,57146
9.57944e-06,6.97539e-06,57148
9.8489e-06,7.17161e-06,57166
-0.000148171,-0.000107892,57171
0.000202865,0.000147719,57173
-4.12849e-05,-3.00621e-05,57174
6.71117e-05,4.88682e-05,57178
-4.10254e-05,-2.98732e-05,57180
9.08874e-05,6.61809e-05,57187
-0.000127384,-9.27561e-05,57189
2.82019e-05,2.05356e-05,57190
-6.05931e-05,-4.41217e-05,57194
3.78149e-05,2.75354e-05,57196
6.43568e-06,4.68622e-06,57202
-4.88128e-06,-3.55437e-06,57204
-9.38534e-07,-6.83405e-07,57230
1.71683e-05,1.25013e-05,57235
-2.40217e-05,-1.74917e-05,57237
5.11835e-06,3.72699e-06,57238
-9.65138e-06,-7.02778e-06,57242
5.95737e-06,4.33794e-06,57244
-1.24982e-05,-9.10073e-06,57251
1.80741e-05,1.31609e-05,57253
-4.24056e-06,-3.08782e-06,57254
1.06127e-05,7.72779e-06,57258
-6.68641e-06,-4.8688e-06,57260
-1.29286e-06,-9.4141e-07,57266
9.98111e-07,7.26788e-07,57268
6.54562e-07,4.76628e-07,57298
-4.9522e-07,-3.606e-07,57300
-3.67554e-07,-2.67637e-07,57314
2.69227e-07,1.9604e-07,57316
-1.06465e-05,-7.75239e-06,58271
1.54842e-05,1.1275e-05,58287
-9.79616e-06,-7.1332e-06,58295
2.03977e-05,1.48529e-05,58299
-1.66619e-05,-1.21326e-05,58301
1.52632e-06,1.11141e-06,58302
-3.47006e-06,-2.52677e-06,58319
2.16205e-05,1.57433e-05,58327
-7.73937e-05,-5.63553e-05,58331
6.71776e-05,4.89163e-05,58333
-6.05517e-06,-4.40915e-06,58334
-1.58766e-05,-1.15608e-05,58343
7.39207e-05,5.38264e-05,58347
-6.55404e-05,-4.77241e-05,58349
5.89833e-06,4.29495e-06,58350
-1.03877e-05,-7.56397e-06,58355
1.12442e-05,8.18763e-06,58357
-1.17161e-06,-8.53126e-07,58358
6.0808e-07,4.42782e-07,58362
-3.50305e-07,-2.55081e-07,58364
9.01118e-07,6.5616e-07,58495
-1.824e-05,-1.32817e-05,58559
0.000131503,9.57554e-05,58591
-0.000146191,-0.000106451,58607
5.72662e-05,4.16991e-05,58615
-8.33738e-05,-6.07097e-05,58619
6.5058e-05,4.73728e-05,58621
-6.20784e-06,-4.52032e-06,58622
2.36842e-05,1.7246e-05,58687
-0.000206538,-0.000150393,58719
0.000236365,0.000172112,58735
-0.000100324,-7.30524e-05,58743
0.000156007,0.000113598,58747
-0.000123052,-8.96018e-05,58749
1.16685e-05,8.49658e-06,58750
9.1341e-05,6.65112e-05,58783
-0.000142512,-0.000103772,58799
0.000115696,8.42453e-05,58807
-0.000283486,-0.000206424,58811
0.00023831,0.000173529,58813
-2.2163e-05,-1.61382e-05,58814
4.48351e-05,3.26472e-05,58831
-0.000326067,-0.00023743,58839
0.0012394,0.000902489,58843
-0.00108725,-0.000791696,58845
9.96171e-05,7.25375e-05,58846
0.000245842,0.000179013,58855
-0.00119813,-0.000872433,58859
0.00107136,0.000780126,58861
-9.80578e-05,-7.14021e-05,58862
0.000168804,0.000122917,58867
-0.000184263,-0.000134173,58869
1.95845e-05,1.42607e-05,58870
-1.01535e-05,-7.39339e-06,58874
5.83131e-06,4.24615e-06,58876
6.07473e-05,4.4234e-05,58999
-0.000127946,-9.31652e-05,59003
0.000106065,7.72328e-05,59005
-9.99935e-06,-7.28115e-06,59006
-0.000279299,-0.000203376,59039
0.000478711,0.00034858,59055
-0.000522981,-0.000380816,59063
0.00148586,0.00108195,59067
-0.00127695,-0.000929826,59069
0.000119852,8.7272e-05,59070
-0.000235937,-0.0001718,59087
0.00198011,0.00144184,59095
-0.00784427,-0.00571191,59099
0.00692706,0.00504403,59101
-0.000640639,-0.00046649,59102
-0.0015242,-0.00110987,59111
0.00763291,0.00555801,59115
-0.00685804,-0.00499377,59117
0.000633593,0.000461359,59118
-0.00106194,-0.000773267,59123
0.0011645,0.000847945,59125
-0.000125043,-9.10518e-05,59126
6.4413e-05,4.69032e-05,59130
-3.69349e-05,-2.68947e-05,59132
0.000199284,0.000145111,59167
-0.000346482,-0.000252295,59183
0.000410474,0.000298892,59191
-0.00121761,-0.000886617,59195
0.00105295,0.000766719,59197
-9.90518e-05,-7.21259e-05,59198
0.000220061,0.00016024,59215
-0.00194831,-0.00141869,59223
0.00784089,0.00570945,59227
-0.00693883,-0.0050526,59229
0.000643125,0.0004683,59230
0.0015242,0.00110987,59239
-0.00772696,-0.00562649,59243
0.00695483,0.00506425,59245
-0.000644252,-0.000469121,59246
0.00107956,0.000786097,59251
-0.00118742,-0.000864638,59253
0.000128321,9.34384e-05,59254
-6.67267e-05,-4.85879e-05,59258
3.82335e-05,2.78402e-05,59260
-2.26854e-05,-1.65187e-05,59279
0.000257503,0.000187504,59287
-0.00118164,-0.000860426,59291
0.00105682,0.000769541,59293
-9.83891e-05,-7.16433e-05,59294
-0.000245842,-0.000179013,59303
0.00141596,0.00103105,59307
-0.0012885,-0.000938235,59309
0.000120537,8.77706e-05,59310
-0.000235078,-0.000171175,59315
0.000263666,0.000191992,59317
-2.97971e-05,-2.16972e-05,59318
1.79921e-05,1.31012e-05,59322
-1.02825e-05,-7.48734e-06,59324
0.000123469,8.99059e-05,59347
-0.000140331,-0.000102184,59349
1.73788e-05,1.26546e-05,59350
-1.46433e-05,-1.06627e-05,59354
8.59515e-06,6.25867e-06,59356
-6.65387e-05,-4.8451e-05,59363
7.40541e-05,5.39235e-05,59365
-9.28563e-06,-6.76146e-06,59366
9.80948e-06,7.1429e-06,59370
-5.90522e-06,-4.29996e-06,59372
-1.08859e-06,-7.92674e-07,59378
7.52504e-07,5.47947e-07,59380
-7.02194e-07,-5.11314e-07,59519
1.42173e-05,1.03525e-05,59583
-0.000105638,-7.69219e-05,59615
0.000120074,8.74333e-05,59631
-5.24345e-05,-3.81809e-05,59639
8.69462e-05,6.33111e-05,59643
-6.98177e-05,-5.08387e-05,59645
6.70451e-06,4.88197e-06,59646
-1.90215e-05,-1.38508e-05,59711
0.000170067,0.000123836,59743
-0.000198608,-0.000144619,59759
9.258e-05,6.74134e-05,59767
-0.000159595,-0.000116211,59771
0.000128765,9.37619e-05,59773
-1.23084e-05,-8.96255e-06,59774
-8.35436e-05,-6.08334e-05,59807
0.000132742,9.66576e-05,59823
-0.000115032,-8.3762e-05,59831
0.000295348,0.000215062,59835
-0.00025076,-0.000182595,59837
2.35897e-05,1.71771e-05,59838
-4.48351e-05,-3.26472e-05,59855
0.000339081,0.000246906,59863
-0.00131978,-0.000961013,59867
0.00116472,0.000848109,59869
-0.000108039,-7.86699e-05,59870
-0.000257503,-0.000187504,59879
0.0012802,0.000932197,59883
-0.00115098,-0.000838105,59885
0.000106699,7.76946e-05,59886
-0.00018121,-0.000131951,59891
0.000198836,0.000144785,59893
-2.1439e-05,-1.56111e-05,59894
1.11098e-05,8.08978e-06,59898
-6.36579e-06,-4.63534e-06,59900
-7.16884e-05,-5.22008e-05,60023
0.000158704,0.000115563,60027
-0.000132987,-9.68366e-05,60029
1.26706e-05,9.22628e-06,60030
0.000332493,0.000242109,60063
-0.000575184,-0.000418828,60079
0.000650994,0.00047403,60087
-0.00190536,-0.00138741,60091
0.00164979,0.00120132,60093
-0.000156773,-0.000114156,60094
0.000294003,0.000214082,60111
-0.00252038,-0.00183525,60119
0.0101792,0.00741209,60123
-0.00904133,-0.00658357,60125
0.000847193,0.000616895,60126
0.00194831,0.00141869,60135
-0.00992431,-0.00722652,60139
0.00896566,0.00652846,60141
-0.000839587,-0.000611356,60142
0.00138727,0.00101016,60147
-0.00152918,-0.00111349,60149
0.000166657,0.000121353,60150
-8.57295e-05,-6.24251e-05,60154
4.90331e-05,3.57041e-05,60156
-0.000243242,-0.00017712,60191
0.000426041,0.000310228,60207
-0.000520544,-0.000379041,60215
0.00158823,0.00115649,60219
-0.00138365,-0.00100752,60221
0.000131864,9.60188e-05,60222
-0.000279237,-0.00020333,60239
0.00252038,0.00183525,60247
-0.0103439,-0.00753202,60251
0.00920938,0.00670594,60253
-0.00086546,-0.000630196,60254
-0.00198011,-0.00144184,60263
0.0102164,0.00743919,60267
-0.00924866,-0.00673453,60269
0.000869153,0.000632885,60270
-0.00143635,-0.0010459,60275
0.00158888,0.00115697,60277
-0.000174557,-0.000127106,60278
9.08498e-05,6.61535e-05,60282
-5.19194e-05,-3.78058e-05,60284
2.92107e-05,2.12701e-05,60303
-0.000339081,-0.000246906,60311
0.00159271,0.00115975,60315
-0.00143482,-0.00104478,60317
0.000135918,9.89708e-05,60318
0.000326067,0.00023743,60327
-0.00191949,-0.0013977,60331
0.00175945,0.00128117,60333
-0.000167729,-0.000122134,60334
0.000324712,0.000236443,60339
-0.000367554,-0.000267639,60341
4.27184e-05,3.11059e-05,60342
-2.64354e-05,-1.92493e-05,60346
1.50887e-05,1.0987e-05,60348
-0.000178956,-0.000130309,60371
0.000207493,0.000151088,60373
-2.72918e-05,-1.98729e-05,60374
2.52445e-05,1.83821e-05,60378
-1.488e-05,-1.0835e-05,60380
9.6971e-05,7.06107e-05,60387
-0.000110689,-8.05994e-05,60389
1.49655e-05,1.08973e-05,60390
-1.79124e-05,-1.30432e-05,60394
1.08362e-05,7.89053e-06,60396
1.97096e-06,1.43518e-06,60402
-1.38728e-06,-1.01016e-06,60404
9.52633e-06,6.93672e-06,60535
-2.41286e-05,-1.75695e-05,60539
2.0792e-05,1.514e-05,60541
-2.04035e-06,-1.48571e-06,60542
-5.09714e-05,-3.71155e-05,60575
9.00066e-05,6.55395e-05,60591
-0.000114055,-8.30504e-05,60599
0.000367455,0.000267568,60603
-0.000325542,-0.000237048,60605
3.2096e-05,2.33711e-05,60606
-5.60238e-05,-4.07945e-05,60623
0.000520544,0.000379041,60631
-0.00223948,-0.00163071,60635
0.0020256,0.00147497,60637
-0.000197638,-0.000143913,60638
-0.000410474,-0.000298892,60647
0.00221189,0.00161061,60651
-0.00203351,-0.00148073,60653
0.000198834,0.000144784,60654
-0.000317399,-0.000231118,60659
0.000356962,0.000259927,60661
-4.12596e-05,-3.00437e-05,60662
2.19274e-05,1.59668e-05,60666
-1.24624e-05,-9.07469e-06,60668
4.72956e-05,3.44389e-05,60703
-8.39422e-05,-6.11236e-05,60719
0.000114055,8.30504e-05,60727
-0.000384206,-0.000279765,60731
0.000342973,0.00024974,60733
-3.40702e-05,-2.48087e-05,60734
6.6532e-05,4.84462e-05,60751
-0.000650994,-0.00047403,60759
0.00286342,0.00208504,60763
-0.00260127,-0.00189415,60765
0.000255783,0.000186252,60766
0.000522981,0.000380816,60775
-0.00287435,-0.002093,60779
0.0026541,0.00193262,60781
-0.000261924,-0.000190724,60782
0.000420313,0.000306057,60787
-0.000476169,-0.000346728,60789
5.61249e-05,4.08681e-05,60790
-3.07224e-05,-2.23709e-05,60794
1.74493e-05,1.27059e-05,60796
-8.93995e-06,-6.50974e-06,60815
0.000115032,8.3762e-05,60823
-0.000596664,-0.000434469,60827
0.000553325,0.000402911,60829
-5.61566e-05,-4.08912e-05,60830
-0.000115696,-8.42453e-05,60839
0.000750002,0.000546124,60843
-0.000708829,-0.000516143,60845
7.31145e-05,5.32393e-05,60846
-0.000145616,-0.000106032,60851
0.00017279,0.000125819,60853
-2.316e-05,-1.68643e-05,60854
1.73199e-05,1.26117e-05,60858
-9.93988e-06,-7.23786e-06,60860
0.000121344,8.83585e-05,60883
-0.000155589,-0.000113294,60885
2.67282e-05,1.94625e-05,60886
-3.5233e-05,-2.56554e-05,60890
2.11525e-05,1.54024e-05,60892
-6.89852e-05,-5.02325e-05,60899
8.93674e-05,6.50741e-05,60901
-1.65383e-05,-1.20426e-05,60902
2.94037e-05,2.14107e-05,60906
-1.80825e-05,-1.3167e-05,60908
-3.15783e-06,-2.29942e-06,60914
2.33287e-06,1.69871e-06,60916
6.36595e-06,4.63545e-06,61050
-3.63705e-06,-2.64836e-06,61052
6.48918e-06,4.72518e-06,61071
-9.258e-05,-6.74134e-05,61079
0.000536918,0.000390964,61083
-0.000514601,-0.000374714,61085
5.67454e-05,4.13199e-05,61086
0.000100324,7.30524e-05,61095
-0.000731811,-0.000532878,61099
0.000718142,0.000522925,61101
-8.18336e-05,-5.95882e-05,61102
0.000188734,0.000137429,61107
-0.000239288,-0.000174241,61109
3.86478e-05,2.81419e-05,61110
-3.81457e-05,-2.77763e-05,61114
2.23153e-05,1.62492e-05,61116
-0.000296315,-0.000215766,61139
0.000415235,0.000302359,61141
-8.71078e-05,-6.34287e-05,61142
0.000140658,0.000102422,61146
-8.55076e-05,-6.22635e-05,61148
0.000180913,0.000131734,61155
-0.000259309,-0.000188819,61157
5.88596e-05,4.28594e-05,61158
-0.000125505,-9.1388e-05,61162
7.79019e-05,5.67253e-05,61164
1.33102e-05,9.69201e-06,61170
-1.00206e-05,-7.29663e-06,61172
-3.71398e-06,-2.70439e-06,61199
5.24346e-05,3.81809e-05,61207
-0.000309055,-0.000225042,61211
0.000298659,0.000217472,61213
-3.37619e-05,-2.45842e-05,61214
-5.72662e-05,-4.16991e-05,61223
0.000427403,0.000311219,61227
-0.000423643,-0.000308481,61229
4.97108e-05,3.61976e-05,61230
-0.000120574,-8.77979e-05,61235
0.00015565,0.000113339,61237
-2.63984e-05,-1.92223e-05,61238
2.80365e-05,2.04151e-05,61242
-1.65088e-05,-1.20211e-05,61244
0.000257578,0.000187559,61267
-0.000367666,-0.000267721,61269
8.01899e-05,5.83913e-05,61270
-0.000134828,-9.81767e-05,61274
8.22045e-05,5.98583e-05,61276
-0.000161689,-0.000117736,61283
0.000236373,0.000172118,61285
-5.56824e-05,-4.05459e-05,61286
0.000122868,8.94683e-05,61290
-7.64346e-05,-5.56568e-05,61292
-1.30252e-05,-9.4845e-06,61298
9.8526e-06,7.17431e-06,61300
-2.89022e-05,-2.10455e-05,61331
4.22519e-05,3.07663e-05,61333
-9.76868e-06,-7.11319e-06,61334
1.91719e-05,1.39603e-05,61338
-1.1813e-05,-8.60178e-06,61340
2.19235e-05,1.59639e-05,61347
-3.29537e-05,-2.39957e-05,61349
8.27138e-06,6.02291e-06,61350
-2.13059e-05,-1.55142e-05,61354
1.33911e-05,9.75091e-06,61356
2.61137e-06,1.9015e-06,61362
-2.00952e-06,-1.46326e-06,61364
-1.32492e-06,-9.64757e-07,61394
9.99858e-07,7.28061e-07,61396
7.44762e-07,5.42311e-07,61410
-5.44228e-07,-3.96285e-07,61412
4.09338e-05,2.98065e-05,62419
-5.20848e-05,-3.79262e-05,62421
8.84775e-06,6.44261e-06,62422
-1.13333e-05,-8.2525e-06,62426
6.81108e-06,4.95958e-06,62428
-2.30129e-05,-1.67572e-05,62435
2.94689e-05,2.14582e-05,62437
-5.37407e-06,-3.91319e-06,62438
9.30862e-06,6.7782e-06,62442
-5.73891e-06,-4.17886e-06,62444
-1.01538e-06,-7.39361e-07,62450
7.50301e-07,5.4634e-07,62452
1.87734e-05,1.36701e-05,62587
-1.68209e-05,-1.22483e-05,62589
1.75826e-06,1.2803e-06,62590
3.29046e-05,2.396e-05,62623
-5.86481e-05,-4.27054e-05,62639
8.39422e-05,6.11236e-05,62647
-0.000312768,-0.000227746,62651
0.000287715,0.000209504,62653
-3.04486e-05,-2.21715e-05,62654
-0.000426041,-0.000310228,62679
0.00204931,0.00149223,62683
-0.00191459,-0.00139414,62685
0.000201218,0.000146519,62686
0.000346482,0.000252295,62695
-0.00206813,-0.00150594,62699
0.00196294,0.00142934,62701
-0.000207781,-0.000151299,62702
0.000319111,0.000232365,62707
-0.000372805,-0.000271463,62709
4.81669e-05,3.50734e-05,62710
-2.80931e-05,-2.04563e-05,62714
1.58926e-05,1.15724e-05,62716
-3.29406e-05,-2.39861e-05,62751
5.86481e-05,4.27054e-05,62767
-9.00066e-05,-6.55395e-05,62775
0.000353355,0.0002573,62779
-0.000328138,-0.000238938,62781
3.5163e-05,2.56044e-05,62782
0.000575184,0.000418828,62807
-0.00284891,-0.00207447,62811
0.00267784,0.00194991,62813
-0.000284716,-0.00020732,62814
-0.000478711,-0.00034858,62823
0.00293594,0.00213785,62827
-0.00280424,-0.00204194,62829
0.000300936,0.000219131,62830
-0.000469698,-0.000342017,62835
0.000554616,0.000403851,62837
-7.37076e-05,-5.36711e-05,62838
4.50625e-05,3.28128e-05,62842
-2.5524e-05,-1.85857e-05,62844
-0.000132742,-9.66576e-05,62871
0.00079171,0.000576494,62875
-0.000763716,-0.00055611,62877
8.51847e-05,6.20284e-05,62878
0.000142512,0.000103772,62887
-0.00105321,-0.000766908,62891
0.00103629,0.000754585,62893
-0.000118444,-8.62466e-05,62894
0.000246608,0.000179571,62899
-0.000308684,-0.000224773,62901
4.80231e-05,3.49687e-05,62902
-4.2706e-05,-3.10969e-05,62906
2.47657e-05,1.80334e-05,62908
-0.000281805,-0.0002052,62931
0.000385877,0.000280982,62933
-7.74769e-05,-5.64159e-05,62934
0.000118524,8.63048e-05,62938
-7.20445e-05,-5.24601e-05,62940
0.000166417,0.000121179,62947
-0.000232302,-0.000169154,62949
5.05611e-05,3.68167e-05,62950
-0.000103518,-7.53777e-05,62954
6.43907e-05,4.6887e-05,62956
1.12233e-05,8.17236e-06,62962
-8.45151e-06,-6.15408e-06,62964
1.07927e-05,7.85887e-06,63100
0.000198608,0.000144619,63127
-0.00133319,-0.000970783,63131
0.00132591,0.00096548,63133
-0.000159414,-0.00011608,63134
-0.000236365,-0.000172112,63143
0.00195688,0.00142493,63147
-0.00198902,-0.00144833,63149
0.000247106,0.000179933,63150
-0.000608415,-0.000443026,63155
0.000799541,0.000582196,63157
-0.00014144,-0.000102992,63158
0.0001529,0.000111336,63162
-9.01743e-05,-6.56616e-05,63164
0.00114767,0.000835694,63187
-0.00164464,-0.00119756,63189
0.000364285,0.000265259,63190
-0.000615066,-0.000447868,63194
0.00037654,0.000274183,63196
-0.000711377,-0.000517999,63203
0.00104331,0.000759702,63205
-0.000249622,-0.000181765,63206
0.000554183,0.000403536,63210
-0.000346391,-0.000252229,63212
-5.92279e-05,-4.31275e-05,63218
4.49964e-05,3.27648e-05,63220
-0.000120074,-8.74333e-05,63255
0.000826372,0.000601734,63259
-0.000829126,-0.000603739,63261
0.000102185,7.44072e-05,63262
0.000146191,0.000106451,63271
-0.00124192,-0.000904322,63275
0.00127378,0.000927522,63277
-0.000162305,-0.000118184,63278
0.000421364,0.000306822,63283
-0.000560923,-0.000408443,63285
0.000102687,7.47732e-05,63286
-0.000117325,-8.54316e-05,63290
6.95905e-05,5.06732e-05,63292
-0.00104861,-0.000763556,63315
0.00151886,0.00110598,63317
-0.000344437,-0.000250807,63318
0.000597856,0.000435337,63322
-0.000366842,-0.000267121,63324
0.000664801,0.000484084,63331
-0.00098617,-0.000718093,63333
0.000241244,0.000175665,63334
-0.000548093,-0.000399101,63338
0.000343169,0.000249883,63340
5.85371e-05,4.26246e-05,63346
-4.46366e-05,-3.25027e-05,63348
0.000115819,8.43351e-05,63379
-0.000171746,-0.000125059,63381
4.13693e-05,3.01236e-05,63382
-8.38408e-05,-6.10498e-05,63386
5.20112e-05,3.78726e-05,63388
-8.91309e-05,-6.49019e-05,63395
0.000135665,9.87866e-05,63397
-3.53664e-05,-2.57525e-05,63398
9.37037e-05,6.82316e-05,63402
-5.92967e-05,-4.31777e-05,63404
-1.15958e-05,-8.44364e-06,63410
8.99373e-06,6.5489e-06,63412
5.85633e-06,4.26436e-06,63442
-4.45475e-06,-3.24378e-06,63444
-3.28799e-06,-2.39419e-06,63458
2.42073e-06,1.76269e-06,63460
9.69738e-06,7.06128e-06,63613
-1.02017e-06,-7.42854e-07,63614
-1.85206e-05,-1.3486e-05,63647
3.29406e-05,2.39861e-05,63663
-4.72956e-05,-3.44389e-05,63671
0.000178656,0.000130091,63675
-0.000165014,-0.000120157,63677
1.76144e-05,1.28262e-05,63678
0.000243242,0.00017712,63703
-0.00118881,-0.000865646,63707
0.00111565,0.000812376,63709
-0.000118499,-8.62867e-05,63710
-0.000199284,-0.000145111,63719
0.00120907,0.000880398,63723
-0.00115327,-0.000839766,63725
0.000123631,9.00235e-05,63726
-0.000191852,-0.0001397,63731
0.000226133,0.000164661,63733
-3.00176e-05,-2.18577e-05,63734
1.83719e-05,1.33778e-05,63738
-1.0424e-05,-7.59039e-06,63740
1.85206e-05,1.3486e-05,63775
-3.29047e-05,-2.396e-05,63791
5.09715e-05,3.71155e-05,63799
-0.000204286,-0.000148753,63803
0.000190765,0.000138908,63805
-2.06749e-05,-1.50547e-05,63806
-0.000332493,-0.000242109,63831
0.00167999,0.0012233,63835
-0.00158769,-0.0011561,63837
0.000170933,0.000124467,63838
0.000279299,0.000203376,63847
-0.00174714,-0.0012722,63851
0.00167854,0.00122225,63853
-0.000182781,-0.000133094,63854
0.000288582,0.000210135,63859
-0.000344073,-0.000250541,63861
4.70464e-05,3.42575e-05,63862
-3.01319e-05,-2.19409e-05,63866
1.71155e-05,1.24629e-05,63868
8.35436e-05,6.08334e-05,63895
-0.000512247,-0.000372999,63899
0.000497762,0.000362452,63901
-5.65083e-05,-4.11472e-05,63902
-9.1341e-05,-6.65112e-05,63911
0.000693003,0.000504619,63915
-0.000687131,-0.000500344,63917
8.00926e-05,5.83205e-05,63918
-0.00017089,-0.000124436,63923
0.000216273,0.000157482,63925
-3.46663e-05,-2.52427e-05,63926
3.21249e-05,2.33922e-05,63930
-1.86966e-05,-1.36142e-05,63932
0.000211085,0.000153704,63955
-0.000292364,-0.000212889,63957
6.02722e-05,4.3888e-05,63958
-9.47113e-05,-6.89653e-05,63962
5.77249e-05,4.20331e-05,63964
-0.00012583,-9.16248e-05,63971
0.000177884,0.000129528,63973
-3.976e-05,-2.89518e-05,63974
8.33922e-05,6.07231e-05,63978
-5.19954e-05,-3.78611e-05,63980
-9.05803e-06,-6.59572e-06,63986
6.84524e-06,4.98445e-06,63988
-0.000170067,-0.000123836,64151
0.00117095,0.000852641,64155
-0.00117166,-0.000853163,64157
0.00014291,0.000104062,64158
0.000206538,0.000150393,64167
-0.00174662,-0.00127182,64171
0.00178544,0.00130009,64173
-0.000224957,-0.000163806,64174
0.000563926,0.00041063,64179
-0.000745393,-0.000542768,64181
0.000133825,9.74463e-05,64182
-0.000147274,-0.000107239,64186
8.70375e-05,6.33775e-05,64188
-0.00110363,-0.000803622,64211
0.00158698,0.00115558,64213
-0.000354585,-0.000258195,64214
0.000603898,0.000439736,64218
-0.000370307,-0.000269644,64220
0.000686287,0.000499729,64227
-0.00101007,-0.000735493,64229
0.00024371,0.000177461,64230
-0.000545265,-0.000397042,64234
0.000341361,0.000248567,64236
5.83554e-05,4.24923e-05,64242
-4.44248e-05,-3.23485e-05,64244
0.000105638,7.69219e-05,64279
-0.000746226,-0.000543374,64283
0.000753227,0.000548472,64285
-9.41421e-05,-6.85508e-05,64286
-0.000131503,-9.57554e-05,64295
0.00114053,0.000830493,64299
-0.00117602,-0.000856333,64301
0.0001518,0.000110535,64302
-0.000400673,-0.000291755,64307
0.000535918,0.000390236,64309
-9.92956e-05,-7.23034e-05,64310
0.000115072,8.3791e-05,64314
-6.83823e-05,-4.97935e-05,64316
0.00102719,0.000747962,64339
-0.00149122,-0.00108585,64341
0.000340327,0.000247813,64342
-0.000594645,-0.000432999,64346
0.000365443,0.000266102,64348
-0.000652684,-0.000475261,64355
0.000970385,0.000706599,64357
-0.000238859,-0.000173929,64358
0.000545975,0.000397559,64362
-0.000342381,-0.000249309,64364
-5.84077e-05,-4.25303e-05,64370
4.46265e-05,3.24954e-05,64372
-0.000113394,-8.25694e-05,64403
0.000168558,0.000122737,64405
-4.09086e-05,-2.97881e-05,64406
8.35839e-05,6.08628e-05,64410
-5.19533e-05,-3.78305e-05,64412
8.76049e-05,6.37907e-05,64419
-0.000133627,-9.73024e-05,64421
3.50843e-05,2.55471e-05,64422
-9.36443e-05,-6.81883e-05,64426
5.93779e-05,4.32368e-05,64428
1.16374e-05,8.4739e-06,64434
-9.04966e-06,-6.58963e-06,64436
-5.91866e-06,-4.30975e-06,64466
4.5224e-06,3.29305e-06,64468
3.32151e-06,2.41861e-06,64482
-2.4576e-06,-1.78953e-06,64484
1.90215e-05,1.38508e-05,64663
-0.000133679,-9.73403e-05,64667
0.000134522,9.79539e-05,64669
-1.66684e-05,-1.21373e-05,64670
-2.36842e-05,-1.72459e-05,64679
0.000204064,0.000148592,64683
-0.000209779,-0.000152753,64685
2.68546e-05,1.95545e-05,64686
-7.01049e-05,-5.10478e-05,64691
9.34154e-05,6.80217e-05,64693
-1.71491e-05,-1.24873e-05,64694
1.96101e-05,1.42794e-05,64698
-1.16522e-05,-8.4847e-06,64700
0.000159545,0.000116175,64723
-0.000230826,-0.000168079,64725
5.23759e-05,3.81382e-05,64726
-9.09879e-05,-6.62541e-05,64730
5.60029e-05,4.07792e-05,64732
-0.00010034,-7.30636e-05,64739
0.000148633,0.000108229,64741
-3.63988e-05,-2.65042e-05,64742
8.28297e-05,6.03135e-05,64746
-5.20388e-05,-3.78927e-05,64748
-8.86037e-06,-6.45179e-06,64754
6.78129e-06,4.93789e-06,64756
-1.42173e-05,-1.03526e-05,64791
0.000103159,7.51164e-05,64795
-0.000104896,-7.63813e-05,64797
1.33744e-05,9.73875e-06,64798
1.824e-05,1.32817e-05,64807
-0.000161795,-0.000117813,64811
0.000167943,0.00012229,64813
-2.20808e-05,-1.60784e-05,64814
6.06846e-05,4.41883e-05,64819
-8.18157e-05,-5.95752e-05,64821
1.54928e-05,1.12813e-05,64822
-1.86231e-05,-1.35606e-05,64826
1.11293e-05,8.10393e-06,64828
-0.000180477,-0.000131417,64851
0.000263297,0.000191723,64853
-6.09123e-05,-4.43541e-05,64854
0.000108432,7.8956e-05,64858
-6.6916e-05,-4.87258e-05,64860
0.000115882,8.43813e-05,64867
-0.000173158,-0.000126087,64869
4.31896e-05,3.14491e-05,64870
-0.000100367,-7.30834e-05,64874
6.31997e-05,4.60197e-05,64876
1.077e-05,7.84234e-06,64882
-8.27914e-06,-6.02856e-06,64884
2.30012e-05,1.67487e-05,64915
-3.4363e-05,-2.50218e-05,64917
8.48703e-06,6.17995e-06,64918
-1.78083e-05,-1.29673e-05,64922
1.1145e-05,8.11536e-06,64924
-1.80412e-05,-1.3137e-05,64931
2.76433e-05,2.01289e-05,64933
-7.38567e-06,-5.37797e-06,64934
2.02231e-05,1.47257e-05,64938
-1.29181e-05,-9.40646e-06,64940
-2.57758e-06,-1.8769e-06,64946
2.02893e-06,1.4774e-06,64948
1.47815e-06,1.07634e-06,64978
-1.16801e-06,-8.50497e-07,64980
-8.28456e-07,-6.03249e-07,64994
6.38671e-07,4.65056e-07,64996
-1.15289e-05,-8.39491e-06,65171
1.71384e-05,1.24795e-05,65173
-4.20308e-06,-3.06053e-06,65174
8.79623e-06,6.40509e-06,65178
-5.54493e-06,-4.03761e-06,65180
8.88504e-06,6.46976e-06,65187
-1.35572e-05,-9.87183e-06,65189
3.61249e-06,2.63048e-06,65190
-9.94447e-06,-7.2412e-06,65194
6.41886e-06,4.67398e-06,65196
1.30797e-06,9.52417e-07,65202
-1.06022e-06,-7.72013e-07,65204
-9.0255e-07,-6.57203e-07,65234
7.9276e-07,5.77262e-07,65236
5.15431e-07,3.75319e-07,65250
-4.52066e-07,-3.29176e-07,65252
6.44399e-06,4.69228e-06,65299
-9.53824e-06,-6.9454e-06,65301
2.30649e-06,1.6795e-06,65302
-4.68759e-06,-3.41333e-06,65306
2.95125e-06,2.14899e-06,65308
-4.81361e-06,-3.50509e-06,65315
7.31187e-06,5.32424e-06,65317
-1.92004e-06,-1.39811e-06,65318
5.146e-06,3.74712e-06,65322
-3.32254e-06,-2.41935e-06,65324
-6.65187e-07,-4.84367e-07,65330
5.44936e-07,3.96804e-07,65332
5.20572e-07,3.79062e-07,65362
-4.87962e-07,-3.5532e-07,65364
-3.0423e-07,-2.21526e-07,65378
2.88421e-07,2.10018e-07,65380
-6.068e-08,-4.41865e-08,65426
5.88082e-08,4.28215e-08,65428
3.96125e-08,2.8845e-08,65442
-3.99838e-08,-2.91159e-08,65444
6.37646e-06,4.64311e-06,75007
-1.18047e-05,-8.59576e-06,75135
2.40163e-05,1.74878e-05,75199
-0.000116111,-8.45479e-05,75231
0.000118245,8.61017e-05,75247
-2.99049e-05,-2.17757e-05,75255
1.92163e-05,1.39926e-05,75259
-1.14211e-05,-8.31644e-06,75261
1.32737e-06,9.66548e-07,75262
-0.0001518,-0.000110535,75455
0.000850472,0.000619283,75487
-0.000867325,-0.000631554,75503
0.000217265,0.000158204,75511
-0.000137355,-0.000100017,75515
8.09586e-05,5.89511e-05,75517
-9.56559e-06,-6.96531e-06,75518
0.000130845,9.52767e-05,75583
-0.000889333,-0.000647579,75615
0.000923563,0.000672504,75631
-0.000244809,-0.000178261,75639
0.000186124,0.000135529,75643
-0.000121163,-8.82268e-05,75645
1.40582e-05,1.02366e-05,75646
0.000162498,0.000118325,75679
-0.000216819,-0.000157879,75695
0.000102166,7.43934e-05,75703
-0.000188054,-0.000136934,75707
0.00015627,0.00011379,75709
-1.73817e-05,-1.26567e-05,75710
-0.000172746,-0.000125788,75735
0.000646426,0.000470704,75739
-0.000585831,-0.000426581,75741
6.43643e-05,4.68677e-05,75742
0.000124748,9.08368e-05,75751
-0.000615402,-0.000448113,75755
0.0005701,0.000415126,75757
-6.2633e-05,-4.56071e-05,75758
8.91638e-05,6.49258e-05,75763
-0.000100386,-7.30972e-05,75765
1.27061e-05,9.25213e-06,75766
3.5661e-06,2.5967e-06,75772
-8.3901e-06,-6.10936e-06,76031
1.50554e-05,1.09628e-05,76159
-3.01184e-05,-2.19311e-05,76223
0.000147808,0.000107628,76255
-0.000151168,-0.000110075,76271
3.89958e-05,2.83953e-05,76279
-2.67137e-05,-1.94519e-05,76283
1.64623e-05,1.19873e-05,76285
-1.91033e-06,-1.39103e-06,76286
0.000232762,0.000169489,76479
-0.00131772,-0.000959518,76511
0.0013474,0.00098113,76527
-0.000342402,-0.000249325,76535
0.000224926,0.000163783,76539
-0.000135498,-9.86643e-05,76541
1.60025e-05,1.16525e-05,76542
-0.000204924,-0.000149218,76607
0.00140875,0.0010258,76639
-0.00146864,-0.00106941,76655
0.000397731,0.000289613,76663
-0.000317621,-0.00023128,76667
0.000211174,0.000153769,76669
-2.44435e-05,-1.77989e-05,76670
-0.000269662,-0.000196358,76703
0.000363974,0.000265033,76719
-0.000180189,-0.000131207,76727
0.000344417,0.000250792,76731
-0.000287593,-0.000209415,76733
3.18681e-05,2.32052e-05,76734
0.000320042,0.000233043,76759
-0.00120418,-0.000876839,76763
0.00108979,0.000793546,76765
-0.000119118,-8.67377e-05,76766
-0.000232162,-0.000169052,76775
0.00114742,0.000835508,76779
-0.00106106,-0.000772622,76781
0.000115948,8.44293e-05,76782
-0.000165892,-0.000120796,76787
0.000186512,0.000135811,76789
-2.34914e-05,-1.71056e-05,76790
-6.60879e-06,-4.81228e-06,76796
-7.47426e-05,-5.44248e-05,76991
0.000489811,0.000356662,77023
-0.000518582,-0.000377612,77039
0.000162573,0.00011838,77047
-0.000182796,-0.000133105,77051
0.000137692,0.000100262,77053
-1.57542e-05,-1.14716e-05,77054
8.60478e-05,6.26568e-05,77119
-0.000686385,-0.0004998,77151
0.000747343,0.000544188,77167
-0.000259269,-0.00018879,77175
0.000339654,0.000247323,77179
-0.000265711,-0.000193481,77181
3.01121e-05,2.19266e-05,77182
0.000214263,0.000156019,77215
-0.000316792,-0.000230676,77231
0.000228472,0.000166365,77239
-0.000570406,-0.000415349,77243
0.000495463,0.000360778,77245
-5.48047e-05,-3.99067e-05,77246
-0.000599273,-0.000436369,77271
0.00242399,0.00176506,77275
-0.0022042,-0.00160502,77277
0.00024003,0.000174781,77278
0.000452102,0.000329204,77287
-0.00234234,-0.00170561,77291
0.00216941,0.00157968,77293
-0.000236093,-0.000171915,77294
0.00033642,0.000244969,77299
-0.000379115,-0.000276058,77301
4.76713e-05,3.47125e-05,77302
1.34593e-05,9.8006e-06,77308
-0.000386787,-0.000281644,77471
0.00064933,0.000472818,77487
-0.000718357,-0.000523081,77495
0.00221099,0.00160996,77499
-0.00197383,-0.00143727,77501
0.000219303,0.000159688,77502
0.00274665,0.00200001,77527
-0.0117028,-0.00852158,77531
0.0107048,0.00779481,77533
-0.00117139,-0.000852962,77534
-0.00213241,-0.00155274,77543
0.0114172,0.00831356,77547
-0.0106126,-0.00772772,77549
0.00116057,0.000845087,77550
-0.00161692,-0.00117739,77555
0.00182856,0.00133149,77557
-0.000231342,-0.000168455,77558
-6.50124e-05,-4.73397e-05,77564
0.000266769,0.000194251,77599
-0.000455773,-0.000331877,77615
0.000554791,0.000403978,77623
-0.00178919,-0.00130283,77627
0.0016069,0.00117008,77629
-0.000178751,-0.00013016,77630
-0.00267713,-0.00194939,77655
0.0115801,0.0084322,77659
-0.01061,-0.00772579,77661
0.00116226,0.000846316,77662
0.0021128,0.00153846,77671
-0.0114393,-0.0083297,77675
0.0106465,0.00775237,77677
-0.00116589,-0.000848956,77678
0.00162434,0.00118278,77683
-0.00184099,-0.00134054,77685
0.000233815,0.000170255,77686
6.61816e-05,4.8191e-05,77692
0.000358669,0.000261169,77719
-0.0017494,-0.00127385,77723
0.00161521,0.00117614,77725
-0.000176889,-0.000128804,77726
-0.000344027,-0.000250508,77735
0.00209245,0.00152364,77739
-0.00196266,-0.00142914,77741
0.000215633,0.000157016,77742
-0.000348082,-0.000253461,77747
0.000399909,0.000291199,77749
-5.21305e-05,-3.79595e-05,77750
-1.67255e-05,-1.21789e-05,77756
0.000173564,0.000126383,77779
-0.000199108,-0.000144983,77781
2.70096e-05,1.96674e-05,77782
1.09882e-05,8.00121e-06,77788
-9.24031e-05,-6.72845e-05,77795
0.00010311,7.50807e-05,77797
-1.38276e-05,-1.00688e-05,77798
-6.6951e-06,-4.87513e-06,77804
8.75246e-07,6.37323e-07,77812
-0.00121395,-0.000883956,79071
0.00134734,0.00098108,79087
-0.000554752,-0.00040395,79095
0.000923531,0.000672481,79099
-0.000765207,-0.000557196,79101
8.84062e-05,6.43741e-05,79102
-0.000219406,-0.000159763,79167
0.00185982,0.00135425,79199
-0.00213201,-0.00155245,79215
0.000970675,0.00070681,79223
-0.00176227,-0.00128322,79227
0.00148028,0.00107788,79229
-0.00017014,-0.00012389,79230
-0.000796381,-0.000579895,79263
0.00125793,0.000915979,79279
-0.00114941,-0.000836958,79287
0.00330639,0.00240759,79291
-0.0029416,-0.00214197,79293
0.000332788,0.000242324,79294
0.00344274,0.00250688,79319
-0.0147072,-0.0107092,79323
0.0135221,0.00984629,79325
-0.00150652,-0.00109699,79326
-0.00264312,-0.00192462,79335
0.0142938,0.0104082,79339
-0.0133645,-0.00973151,79341
0.00148854,0.0010839,79342
-0.00206512,-0.00150374,79347
0.002347,0.001709,79349
-0.000302451,-0.000220234,79350
-8.46771e-05,-6.16588e-05,79356
0.00220419,0.00160501,79519
-0.00384008,-0.00279621,79535
0.00473899,0.00345076,79543
-0.0155193,-0.0113006,79547
0.014033,0.0102183,79549
-0.00159428,-0.00116089,79550
-0.0188392,-0.013718,79575
0.0829146,0.0603754,79579
-0.0765147,-0.0557152,79581
0.00856278,0.0062351,79582
0.0147267,0.0107235,79591
-0.0810556,-0.0590217,79595
0.0759583,0.05531,79597
-0.00849788,-0.00618784,79598
0.0115456,0.0084071,79603
-0.0131506,-0.00957579,79605
0.00170293,0.00124001,79606
0.000473892,0.000345071,79612
-0.00159218,-0.00115937,79647
0.00280384,0.00204165,79663
-0.00372342,-0.00271126,79671
0.0126448,0.00920748,79675
-0.0114864,-0.00836396,79677
0.00130625,0.000951164,79678
0.0184519,0.013436,79703
-0.0821981,-0.0598537,79707
0.0759504,0.0553043,79709
-0.00850684,-0.00619437,79710
-0.0146426,-0.0106622,79719
0.0813263,0.0592188,79723
-0.0762874,-0.0555497,79725
0.00854464,0.00622189,79726
-0.0116153,-0.0084578,79731
0.013256,0.00965254,79733
-0.00172281,-0.00125449,79734
-0.000483148,-0.000351811,79740
-0.00244457,-0.00178004,79767
0.0122477,0.00891833,79771
-0.0113994,-0.00830063,79773
0.00127673,0.00092967,79774
0.00235723,0.00171644,79783
-0.0146739,-0.010685,79787
0.013868,0.0100982,79789
-0.00155881,-0.00113507,79790
0.00245577,0.0017882,79795
-0.00284033,-0.00206822,79797
0.000379115,0.000276058,79798
0.000121059,8.81504e-05,79804
0.00140031,0.00101966,79829
-0.000194024,-0.000141281,79830
-7.84753e-05,-5.71429e-05,79836
0.000644483,0.000469289,79843
-0.000722614,-0.000526181,79845
9.88375e-05,7.19698e-05,79846
4.7525e-05,3.4606e-05,79852
-6.32462e-06,-4.60536e-06,79860
-0.000109981,-8.00843e-05,80063
0.00078954,0.000574914,80095
-0.000896025,-0.000652453,80111
0.000412718,0.000300526,80119
-0.000775579,-0.000564748,80123
0.00065723,0.000478571,80125
-7.60939e-05,-5.54088e-05,80126
0.000142986,0.000104117,80191
-0.00123966,-0.000902674,80223
0.00145174,0.0010571,80239
-0.000729179,-0.000530961,80247
0.00145174,0.0010571,80251
-0.00123966,-0.000902674,80253
0.000142986,0.000104117,80254
0.000592339,0.000431319,80287
-0.000954075,-0.000694722,80303
0.000928504,0.000676102,80311
-0.00276155,-0.00201086,80315
0.00247028,0.00179876,80317
-0.000281123,-0.000204703,80318
-0.00288668,-0.00210197,80343
0.0124914,0.0090958,80347
-0.0115152,-0.00838498,80349
0.00129108,0.000940116,80350
0.00222736,0.00162188,80359
-0.012168,-0.00886032,80363
0.0114031,0.00830331,80365
-0.00127843,-0.000930905,80366
0.00176135,0.00128255,80371
-0.00200623,-0.00146086,80373
0.000260513,0.000189696,80374
7.28805e-05,5.30689e-05,80380
-0.00213737,-0.00155636,80543
0.00375798,0.00273642,80559
-0.0047699,-0.00347326,80567
0.0158779,0.0115617,80571
-0.0144064,-0.0104902,80573
0.00164792,0.00119995,80574
0.0192592,0.0140238,80599
-0.0855115,-0.0622664,80603
0.0791049,0.0576013,80605
-0.00891688,-0.00649295,80606
-0.0150904,-0.0109882,80615
0.0836811,0.0609335,80619
-0.0785985,-0.0572326,80621
0.00885921,0.00645095,80622
-0.0119431,-0.00869649,80627
0.0136337,0.00992757,80629
-0.00178055,-0.00129653,80630
-0.000494656,-0.00036019,80636
0.0015809,0.00115116,80671
-0.00280384,-0.00204165,80687
0.00380912,0.00277366,80695
-0.0131253,-0.00955734,80699
0.011962,0.00871029,80701
-0.00137026,-0.000997775,80702
-0.0191244,-0.0139256,80727
0.0859402,0.0625785,80731
-0.0796113,-0.05797,80733
0.0089863,0.00654349,80734
0.0152104,0.0110756,80743
-0.0851286,-0.0619875,80747
0.0800491,0.0582888,80749
-0.00903878,-0.00658171,80750
0.0121935,0.00887889,80755
-0.0139509,-0.0101586,80757
0.00183085,0.00133316,80758
0.000513564,0.000373958,80764
0.00255753,0.0018623,80791
-0.0129545,-0.009433,80795
0.0120962,0.00880802,80797
-0.00136874,-0.000996667,80798
-0.00247685,-0.00180355,80807
0.0155757,0.0113416,80811
-0.014769,-0.0107542,80813
0.00167909,0.00122265,80814
-0.0026351,-0.00191878,80819
0.00306217,0.00222976,80821
-0.000416758,-0.000303468,80822
-0.000136481,-9.93806e-05,80828
-0.00157481,-0.00114672,80853
0.000230705,0.000167991,80854
0.000107725,7.84416e-05,80860
-0.000718699,-0.00052333,80867
0.000820239,0.000597268,80869
-0.000120948,-8.807e-05,80870
-7.23678e-05,-5.26956e-05,80876
9.65343e-06,7.02928e-06,80884
0.000275809,0.000200834,81055
-0.0004925,-0.00035862,81071
0.000675336,0.000491755,81079
-0.00236636,-0.00172309,81083
0.00217,0.00158011,81085
-0.000253525,-0.000184608,81086
-0.00311927,-0.00227134,81111
0.0142543,0.0103794,81115
-0.0132903,-0.00967748,81117
0.0015341,0.00111708,81118
0.00247389,0.0018014,81127
-0.014062,-0.0102394,81131
0.0133081,0.00969049,81133
-0.00153881,-0.0011205,81134
0.00202903,0.00147747,81139
-0.00233809,-0.00170251,81141
0.000316787,0.000230672,81142
9.00646e-05,6.55817e-05,81148
-0.000254681,-0.000185449,81183
0.000455773,0.000331877,81199
-0.000663594,-0.000483205,81207
0.00240846,0.00175375,81211
-0.0022202,-0.00161667,81213
0.000260698,0.000189831,81214
0.00380857,0.00277326,81239
-0.0176744,-0.0128698,81243
0.0165212,0.0120302,81245
-0.00191729,-0.0013961,81246
-0.00307078,-0.00223603,81255
0.0176878,0.0128796,81259
-0.0167818,-0.0122199,81261
0.00195313,0.0014222,81262
-0.00258396,-0.00188154,81267
0.00299161,0.00217838,81269
-0.000411446,-0.0002996,81270
-0.000120236,-8.75513e-05,81276
-0.000630648,-0.000459215,81303
0.00336285,0.00244871,81307
-0.00318691,-0.00232059,81309
0.000378422,0.000275553,81310
0.000628972,0.000457995,81319
-0.00416022,-0.00302932,81323
0.00400939,0.00291949,81325
-0.000482599,-0.000351411,81326
0.000770686,0.000561185,81331
-0.000922897,-0.00067202,81333
0.000141959,0.000103369,81334
5.78441e-05,4.21199e-05,81340
0.000706719,0.000514607,81365
-0.000140751,-0.000102489,81366
-0.000113367,-8.25495e-05,81372
0.00030962,0.000225454,81379
-0.00039605,-0.000288389,81381
8.54712e-05,6.2237e-05,81382
9.69345e-05,7.05841e-05,81388
-1.293e-05,-9.41518e-06,81396
-0.000403509,-0.00029382,81575
0.00288,0.00209711,81579
-0.00285534,-0.00207915,81581
0.000381881,0.000278072,81582
-0.00067357,-0.000490469,81587
0.000858895,0.000625416,81589
-0.000166976,-0.000121586,81590
-0.000101324,-7.37806e-05,81596
-0.00131611,-0.000958344,81621
0.000358406,0.000260978,81622
0.000398314,0.000290038,81628
-0.000562498,-0.00040959,81635
0.000820239,0.000597268,81637
-0.000244836,-0.00017828,81638
-0.000369198,-0.000268836,81644
4.91378e-05,3.57804e-05,81652
-0.000213573,-0.000155516,81687
0.0012217,0.0008896,81691
-0.001192,-0.000867971,81693
0.000157999,0.000115049,81694
0.00022154,0.000161317,81703
-0.00159987,-0.00116497,81707
0.00159987,0.00116497,81709
-0.00022154,-0.000161317,81710
0.000404408,0.000294475,81715
-0.000526268,-0.000383209,81717
0.000109615,7.98178e-05,81718
7.3906e-05,5.38157e-05,81724
0.00111931,0.000815038,81749
-0.000324101,-0.000235999,81750
-0.000380693,-0.000277207,81756
0.000481996,0.000350972,81763
-0.000722614,-0.000526181,81765
0.000228412,0.000166321,81766
0.000360288,0.000262349,81772
-4.80513e-05,-3.49892e-05,81780
-0.000132194,-9.62587e-05,81813
4.04643e-05,2.94646e-05,81814
5.5752e-05,4.05965e-05,81820
-6.69371e-05,-4.87412e-05,81827
0.00010311,7.50807e-05,81829
-3.46826e-05,-2.52546e-05,81830
-6.40799e-05,-4.66607e-05,81836
9.89875e-06,7.20791e-06,81844
-4.88067e-06,-3.55392e-06,81876
2.6462e-06,1.92687e-06,81892
8.99203e-06,6.54767e-06,83327
-1.82155e-05,-1.32639e-05,83391
8.85277e-05,6.44626e-05,83423
-9.05161e-05,-6.59105e-05,83439
2.36505e-05,1.72214e-05,83447
-1.68673e-05,-1.22822e-05,83451
1.06521e-05,7.75649e-06,83453
-1.27658e-06,-9.2956e-07,83454
0.000118529,8.63088e-05,83647
-0.000667542,-0.00048608,83679
0.000683796,0.000497915,83695
-0.000177879,-0.000129525,83703
0.000126184,9.18829e-05,83707
-7.96295e-05,-5.79833e-05,83709
9.69201e-06,7.05736e-06,83710
-0.000103281,-7.52053e-05,83775
0.00070672,0.000514608,83807
-0.000738905,-0.000538044,83823
0.000207143,0.000150834,83831
-0.000183822,-0.000133853,83835
0.000128468,9.3546e-05,83837
-1.53034e-05,-1.11434e-05,83838
-0.000137091,-9.98244e-05,83871
0.000187186,0.000136302,83887
-0.000101843,-7.41587e-05,83895
0.000221047,0.000160958,83899
-0.00019012,-0.000138438,83901
2.17357e-05,1.58271e-05,83902
0.000201115,0.000146444,83927
-0.000813109,-0.000592076,83931
0.000747278,0.00054414,83933
-8.4224e-05,-6.13288e-05,83934
-0.000148872,-0.000108403,83943
0.000780083,0.000568027,83947
-0.00073098,-0.000532273,83949
8.2381e-05,5.99868e-05,83950
-0.000113644,-8.27517e-05,83955
0.000129273,9.41317e-05,83957
-1.68041e-05,-1.22361e-05,83958
-4.67107e-06,-3.4013e-06,83964
6.60879e-06,4.81228e-06,84223
-1.18047e-05,-8.59576e-06,84351
2.34914e-05,1.71056e-05,84415
-0.000115948,-8.44293e-05,84447
0.000119118,8.67377e-05,84463
-3.18681e-05,-2.32052e-05,84471
2.44435e-05,1.77989e-05,84475
-1.60025e-05,-1.16525e-05,84477
1.91033e-06,1.39103e-06,84478
-0.000186512,-0.000135811,84671
0.00106106,0.000772622,84703
-0.00108979,-0.000793546,84719
0.000287593,0.000209415,84727
-0.000211174,-0.000153769,84731
0.000135498,9.86643e-05,84733
-1.64623e-05,-1.19873e-05,84734
0.000165892,0.000120796,84799
-0.00114742,-0.000835508,84831
0.00120418,0.000876839,84847
-0.000344417,-0.000250792,84855
0.000317621,0.00023128,84859
-0.000224926,-0.000163783,84861
2.67137e-05,1.94519e-05,84862
0.000232162,0.000169052,84895
-0.000320042,-0.000233043,84911
0.000180189,0.000131207,84919
-0.000397731,-0.000289613,84923
0.000342402,0.000249325,84925
-3.89958e-05,-2.83953e-05,84926
-0.000363974,-0.000265033,84951
0.00146864,0.00106941,84955
-0.0013474,-0.00098113,84957
0.000151168,0.000110075,84958
0.000269662,0.000196358,84967
-0.00140875,-0.0010258,84971
0.00131772,0.000959518,84973
-0.000147808,-0.000107628,84974
0.000204924,0.000149218,84979
-0.000232762,-0.000169489,84981
3.01184e-05,2.19311e-05,84982
8.3901e-06,6.10936e-06,84988
6.53855e-05,4.76113e-05,85183
-0.000431806,-0.000314426,85215
0.000461602,0.000336121,85231
-0.000155751,-0.000113412,85239
0.000201656,0.000146839,85243
-0.000158597,-0.000115485,85245
1.8576e-05,1.35264e-05,85246
-7.63555e-05,-5.55993e-05,85311
0.000613582,0.000446788,85343
-0.000676022,-0.000492254,85359
0.000254837,0.000185563,85367
-0.000381861,-0.000278057,85371
0.000309823,0.000225601,85373
-3.59636e-05,-2.61874e-05,85374
-0.000204839,-0.000149156,85407
0.000309315,0.000225232,85423
-0.000247189,-0.000179994,85431
0.000673787,0.000490627,85435
-0.000596266,-0.000434179,85437
6.76784e-05,4.92809e-05,85438
0.000689627,0.000502161,85463
-0.00292215,-0.0021278,85467
0.00268779,0.00195715,85469
-0.000300216,-0.000218607,85470
-0.000526064,-0.00038306,85479
0.00283334,0.00206313,85483
-0.00265129,-0.00193057,85485
0.000296004,0.000215539,85486
-0.000409746,-0.000298362,85491
0.000465895,0.000339248,85493
-6.00979e-05,-4.37611e-05,85494
-1.68041e-05,-1.22361e-05,85500
-0.000689076,-0.00050176,85679
0.000821198,0.000597966,85687
-0.00268356,-0.00195407,85691
0.00242935,0.00176896,85693
-0.000276878,-0.000201613,85694
-0.00324064,-0.00235972,85719
0.01434,0.0104419,85723
-0.0132569,-0.00965322,85725
0.00148799,0.0010835,85726
0.00253428,0.00184537,85735
-0.0140216,-0.01021,85739
0.0131626,0.00958452,85741
-0.00147681,-0.00107536,85742
0.00199974,0.00145614,85747
-0.0022809,-0.00166087,85749
0.000296004,0.000215539,85750
8.2381e-05,5.99868e-05,85756
-0.000284214,-0.000206954,85791
0.0004925,0.00035862,85807
-0.000640235,-0.000466196,85815
0.00218162,0.00158858,85819
-0.00198539,-0.00144569,85821
0.000226549,0.000164965,85822
0.00317267,0.00231022,85847
-0.0142328,-0.0103638,85851
0.0131778,0.00959558,85853
-0.0014808,-0.00107827,85854
-0.00252068,-0.00183547,85863
0.0140901,0.0102599,85867
-0.0132426,-0.00964275,85869
0.00148799,0.0010835,85870
-0.00201554,-0.00146764,85875
0.00230394,0.00167764,85877
-0.000300216,-0.000218607,85878
-8.4224e-05,-6.13288e-05,85884
-0.000428236,-0.000311825,85911
0.00216072,0.00157336,85915
-0.0020154,-0.00146754,85917
0.000226549,0.000164965,85918
0.000413496,0.000301093,85927
-0.00259129,-0.00188688,85931
0.00245417,0.00178704,85933
-0.000276878,-0.000201613,85934
0.00043548,0.0003171,85939
-0.000504809,-0.000367583,85941
6.76784e-05,4.92809e-05,85942
2.17357e-05,1.58271e-05,85948
0.000254774,0.000185517,85973
-3.59636e-05,-2.61874e-05,85974
-1.53034e-05,-1.11434e-05,85980
0.000116824,8.50671e-05,85987
-0.000132194,-9.62587e-05,85989
1.8576e-05,1.35264e-05,85990
9.692e-06,7.05736e-06,85996
-1.27658e-06,-9.29561e-07,86004
-0.00216747,-0.00157827,87391
0.002521,0.0018357,87407
-0.00125274,-0.000912201,87415
0.002521,0.0018357,87419
-0.00216747,-0.00157827,87421
0.000254774,0.000185517,87422
0.000983723,0.000716311,87455
-0.00158184,-0.00115183,87471
0.00156929,0.0011427,87479
-0.0048274,-0.00351514,87483
0.00435803,0.00317336,87485
-0.000504809,-0.000367583,87486
-0.00489774,-0.00356635,87511
0.0217497,0.0158373,87515
-0.0202004,-0.0147092,87517
0.00230394,0.00167764,87518
0.00379236,0.00276145,87527
-0.021194,-0.0154327,87531
0.0200001,0.0145633,87533
-0.0022809,-0.00166087,87534
0.00308201,0.0022442,87539
-0.00353098,-0.00257113,87541
0.000465895,0.000339248,87542
0.000129273,9.41317e-05,87548
0.005081,0.0036998,87727
-0.00667355,-0.00485943,87735
0.0230464,0.0167815,87739
-0.0211006,-0.0153647,87741
0.00245417,0.00178704,87742
0.0272174,0.0198187,87767
-0.124045,-0.090325,87771
0.115594,0.0841713,87773
-0.0132426,-0.00964275,87774
-0.0214171,-0.0155951,87783
0.121508,0.0884777,87787
-0.114907,-0.0836709,87789
0.0131626,0.00958452,87790
-0.0174213,-0.0126856,87795
0.0200001,0.0145633,87797
-0.00265129,-0.00193057,87798
-0.00073098,-0.000532273,87804
0.00211356,0.00153902,87839
-0.00375798,-0.00273642,87855
0.0052756,0.0038415,87863
-0.018831,-0.0137121,87867
0.0173119,0.0126059,87869
-0.0020154,-0.00146754,87870
-0.0267303,-0.019464,87895
0.123189,0.0897015,87899
-0.114931,-0.0836885,87901
0.0131778,0.00959558,87902
0.0213442,0.015542,87911
-0.12212,-0.0889232,87915
0.115594,0.0841713,87917
-0.0132569,-0.00965322,87918
0.0175615,0.0127876,87923
-0.0202004,-0.0147092,87925
0.00268779,0.00195715,87926
0.000747278,0.00054414,87932
0.00356463,0.00259563,87959
-0.0184276,-0.0134183,87963
0.0173119,0.0126059,87965
-0.00198539,-0.00144569,87966
-0.0034583,-0.00251821,87975
0.0221302,0.0161144,87979
-0.0211006,-0.0153647,87981
0.00242935,0.00176896,87982
-0.00373764,-0.00272161,87987
0.00435803,0.00317336,87989
-0.000596266,-0.000434179,87990
-0.00019012,-0.000138438,87996
0.000309823,0.000225601,88022
0.000128468,9.3546e-05,88028
-0.000986842,-0.000718582,88035
0.00111931,0.000815038,88037
-0.000158597,-0.000115485,88038
-7.96295e-05,-5.79833e-05,88044
1.06521e-05,7.75649e-06,88052
0.000129168,9.40556e-05,88255
-0.000933265,-0.000679569,88287
0.00107588,0.000783417,88303
-0.000544243,-0.000396298,88311
0.00113781,0.000828512,88315
-0.000986842,-0.000718582,88317
0.000116824,8.50671e-05,88318
-0.00017014,-0.00012389,88383
0.00148028,0.00107788,88415
-0.00176227,-0.00128322,88431
0.000970675,0.00070681,88439
-0.00213201,-0.00155245,88443
0.00185982,0.00135425,88445
-0.000219406,-0.000159763,88446
-0.000750667,-0.000546608,88479
0.00123065,0.00089611,88495
-0.0012979,-0.00094508,88503
0.00411928,0.00299951,88507
-0.00373764,-0.00272161,88509
0.00043548,0.0003171,88510
0.00419428,0.00305412,88535
-0.0188589,-0.0137324,88539
0.0175615,0.0127876,88541
-0.00201554,-0.00146764,88542
-0.00326334,-0.00237624,88551
0.0184186,0.0134118,88555
-0.0174213,-0.0126856,88557
0.00199974,0.00145614,88558
-0.00268404,-0.00195442,88563
0.00308201,0.0022442,88565
-0.000409746,-0.000298362,88566
-0.000113644,-8.27517e-05,88572
-0.005081,-0.0036998,88751
0.00686095,0.00499589,88759
-0.024088,-0.01754,88763
0.0221302,0.0161144,88765
-0.00259129,-0.00188688,88766
-0.0284197,-0.0206942,88791
0.130718,0.0951842,88795
-0.12212,-0.0889232,88797
0.0140901,0.0102599,88798
0.0224181,0.016324,88807
-0.128186,-0.0933402,88811
0.121508,0.0884777,88813
-0.0140216,-0.01021,88814
0.0184186,0.0134118,88819
-0.021194,-0.0154327,88821
0.00283334,0.00206313,88822
0.000780083,0.000568027,88828
-0.00214592,-0.00156258,88863
0.00384008,0.00279621,88879
-0.0055137,-0.00401487,88887
0.0199779,0.0145472,88891
-0.0184276,-0.0134183,88893
0.00216072,0.00157336,88894
0.0283131,0.0206166,88919
-0.131692,-0.0958934,88923
0.123189,0.0897015,88925
-0.0142328,-0.0103638,88926
-0.0226631,-0.0165025,88935
0.130718,0.0951842,88939
-0.124045,-0.090325,88941
0.01434,0.0104419,88942
-0.0188589,-0.0137324,88947
0.0217497,0.0158373,88949
-0.00292215,-0.0021278,88950
-0.000813109,-0.000592076,88956
-0.00382005,-0.00278162,88983
0.0199779,0.0145472,88987
-0.018831,-0.0137121,88989
0.00218162,0.00158858,88990
0.00372391,0.00271161,88999
-0.024088,-0.01754,89003
0.0230464,0.0167815,89005
-0.00268356,-0.00195407,89006
0.00411928,0.00299951,89011
-0.0048274,-0.00351514,89013
0.000673787,0.000490627,89014
0.000221047,0.000160958,89020
-0.000381861,-0.000278057,89046
-0.000183822,-0.000133853,89052
0.00113781,0.000828512,89059
-0.00131611,-0.000958344,89061
0.000201656,0.000146839,89062
0.000126184,9.18829e-05,89068
-1.68673e-05,-1.22822e-05,89076
0.000689076,0.00050176,89263
-0.00100618,-0.000732665,89271
0.00372391,0.00271161,89275
-0.0034583,-0.00251821,89277
0.000413496,0.000301093,89278
0.00478041,0.00348092,89303
-0.0226631,-0.0165025,89307
0.0213442,0.015542,89309
-0.00252068,-0.00183547,89310
-0.00381972,-0.00278138,89319
0.0224181,0.016324,89323
-0.0214171,-0.0155951,89325
0.00253428,0.00184537,89326
-0.00326334,-0.00237624,89331
0.00379236,0.00276145,89333
-0.000526064,-0.00038306,89334
-0.000148872,-0.000108403,89340
0.000360467,0.000262479,89375
-0.00064933,-0.000472818,89391
0.000999293,0.000727648,89399
-0.00382005,-0.00278162,89403
0.00356463,0.00259563,89405
-0.000428236,-0.000311825,89406
-0.00588506,-0.00428528,89431
0.0283131,0.0206166,89435
-0.0267303,-0.019464,89437
0.00317267,0.00231022,89438
0.00478041,0.00348092,89447
-0.0284197,-0.0206942,89451
0.0272174,0.0198187,89453
-0.00324064,-0.00235972,89454
0.00419428,0.00305412,89459
-0.00489774,-0.00356635,89461
0.000689627,0.000502161,89462
0.000201115,0.000146444,89468
0.000999293,0.000727648,89495
-0.0055137,-0.00401487,89499
0.0052756,0.0038415,89501
-0.000640235,-0.000466196,89502
-0.00100618,-0.000732665,89511
0.00686095,0.00499589,89515
-0.00667355,-0.00485943,89517
0.000821198,0.000597966,89518
-0.0012979,-0.00094508,89523
0.00156929,0.0011427,89525
-0.000247189,-0.000179994,89526
-0.000101843,-7.41587e-05,89532
0.000254837,0.000185563,89558
0.000207143,0.000150834,89564
-0.000544243,-0.000396298,89571
0.000706719,0.000514607,89573
-0.000155751,-0.000113412,89574
-0.000177879,-0.000129525,89580
2.36505e-05,1.72214e-05,89588
0.00123065,0.00089611,89779
-0.00158184,-0.00115183,89781
0.000309315,0.000225232,89782
0.000187186,0.000136302,89788
-0.000676022,-0.000492254,89814
-0.000738905,-0.000538044,89820
0.00107588,0.000783417,89827
-0.00157481,-0.00114672,89829
0.000461602,0.000336121,89830
0.000683796,0.000497915,89836
-9.05161e-05,-6.59105e-05,89844
0.000360467,0.000262479,89879
-0.00214592,-0.00156258,89883
0.00211356,0.00153902,89885
-0.000284214,-0.000206954,89886
-0.000381881,-0.000278072,89895
0.00285534,0.00207915,89899
-0.00288,-0.00209711,89901
0.000403509,0.00029382,89902
-0.000750667,-0.000546608,89907
0.000983723,0.000716311,89909
-0.000204839,-0.000149156,89910
-0.000137091,-9.98244e-05,89916
0.000613582,0.000446788,89942
0.00070672,0.000514608,89948
-0.000933265,-0.000679569,89955
0.00140031,0.00101966,89957
-0.000431806,-0.000314426,89958
-0.000667542,-0.00048608,89964
8.85277e-05,6.44626e-05,89972
-7.63555e-05,-5.55993e-05,90006
-0.000103281,-7.52053e-05,90012
0.000129168,9.40556e-05,90019
-0.000199108,-0.000144983,90021
6.53855e-05,4.76113e-05,90022
0.000118529,8.63088e-05,90028
-1.82155e-05,-1.32639e-05,90036
-4.88067e-06,-3.55392e-06,90084
-0.000174263,-0.000126892,91551
0.00029646,0.000215871,91567
-0.00036978,-0.00026926,91575
0.00133788,0.000974197,91579
-0.00124905,-0.000909516,91581
0.000153972,0.000112117,91582
0.00128727,0.000937343,91607
-0.00625598,-0.00455538,91611
0.00594863,0.00433157,91613
-0.000723075,-0.000526517,91614
-0.00101891,-0.000741931,91623
0.00614343,0.00447342,91627
-0.00592437,-0.00431391,91629
0.000720963,0.000524979,91630
-0.000909409,-0.000662198,91635
0.0010628,0.000773893,91637
-0.000150271,-0.000109422,91638
-4.09062e-05,-2.97864e-05,91644
0.0019058,0.00138773,91831
-0.00749383,-0.00545673,91835
0.00706785,0.00514655,91837
-0.000877349,-0.000638853,91838
-0.00833241,-0.00606736,91863
0.0412844,0.0300618,91867
-0.0393849,-0.0286786,91869
0.00482067,0.00351023,91870
0.00667154,0.00485797,91879
-0.0406807,-0.0296222,91883
0.0393259,0.0286356,91885
-0.0048191,-0.00350909,91886
0.00594189,0.00432666,91891
-0.00696054,-0.00506841,91893
0.000991274,0.000721809,91894
0.000267487,0.000194774,91900
-0.000523438,-0.000381149,91935
0.000954075,0.000694722,91951
-0.00154658,-0.00112616,91959
0.00623906,0.00454305,91963
-0.00590355,-0.00429875,91965
0.000734187,0.000534608,91966
0.00833644,0.00607029,91991
-0.041717,-0.0303768,91995
0.0398472,0.0290153,91997
-0.00488646,-0.00355814,91998
-0.00677125,-0.00493058,92007
0.0416264,0.0303108,92011
-0.040288,-0.0293362,92013
0.00494931,0.00360391,92014
-0.00612027,-0.00445656,92019
0.00718921,0.00523492,92021
-0.00103128,-0.00075094,92022
-0.000283372,-0.000206341,92028
-0.00116022,-0.000844828,92055
0.00650905,0.00473965,92059
-0.00626591,-0.0045626,92061
0.000773476,0.000563217,92062
0.00115124,0.000838292,92071
-0.00792951,-0.00577398,92075
0.00774423,0.00563907,92077
-0.000963555,-0.000701625,92078
0.00141314,0.00102899,92083
-0.00169505,-0.00123428,92085
0.000257869,0.000187771,92086
9.0097e-05,6.56053e-05,92092
-0.000107638,-7.8378e-05,92124
0.000430738,0.000313648,92131
-0.000526268,-0.000383209,92133
9.75715e-05,7.1048e-05,92134
8.38154e-05,6.10313e-05,92140
-1.13217e-05,-8.24405e-06,92148
-2.18722e-05,-1.59265e-05,92351
0.000162497,0.000118325,92383
-0.000201214,-0.000146517,92399
0.00014408,0.000104914,92407
-0.000407705,-0.000296876,92411
0.00037407,0.000272384,92413
-4.70118e-05,-3.42323e-05,92414
3.01121e-05,2.19266e-05,92479
-0.000265711,-0.000193481,92511
0.000339654,0.000247323,92527
-0.000259269,-0.00018879,92535
0.000747343,0.000544188,92539
-0.000686385,-0.0004998,92541
8.60478e-05,6.26568e-05,92542
0.000170543,0.000124183,92575
-0.00029646,-0.000215871,92591
0.000394964,0.000287598,92599
-0.00147566,-0.00107452,92603
0.00138517,0.00100863,92605
-0.000172224,-0.000125407,92606
-0.00142299,-0.00103617,92631
0.00701821,0.0051104,92635
-0.00669609,-0.00487584,92637
0.000821226,0.000597987,92638
0.00113253,0.000824663,92647
-0.00691167,-0.00503283,92651
0.00668607,0.00486855,92653
-0.000821226,-0.000597987,92654
0.00102733,0.000748061,92659
-0.00120449,-0.000877064,92661
0.000172224,0.000125407,92662
4.70118e-05,3.42323e-05,92668
-0.00252981,-0.00184212,92855
0.0101536,0.00739346,92859
-0.00961697,-0.00700273,92861
0.00120449,0.000877064,92862
0.0112755,0.00821042,92887
-0.0565499,-0.0411776,92891
0.0541237,0.0394109,92893
-0.00668607,-0.00486855,92894
-0.00905914,-0.00659654,92903
0.0558164,0.0406435,92907
-0.0541237,-0.0394109,92909
0.00669609,0.00487584,92910
-0.00818362,-0.00595901,92915
0.00961697,0.00700273,92917
-0.00138517,-0.00100863,92918
-0.00037407,-0.000272384,92924
0.000686735,0.000500055,92959
-0.00125793,-0.000915979,92975
0.00209404,0.0015248,92983
-0.00861253,-0.00627133,92987
0.00818362,0.00595901,92989
-0.00102733,-0.000748061,92990
-0.0114941,-0.00836959,93015
0.058238,0.0424068,93019
-0.0558164,-0.0406435,93021
0.00691167,0.00503283,93022
0.00937087,0.00682352,93031
-0.058238,-0.0424068,93035
0.0565499,0.0411776,93037
-0.00701821,-0.0051104,93038
0.00861253,0.00627133,93043
-0.0101536,-0.00739346,93045
0.00147566,0.00107452,93046
0.000407705,0.000296876,93052
0.0016447,0.00119761,93079
-0.00937087,-0.00682352,93083
0.00905914,0.00659654,93085
-0.00113253,-0.000824663,93086
-0.0016447,-0.00119761,93095
0.0114941,0.00836959,93099
-0.0112755,-0.00821042,93101
0.00142299,0.00103617,93102
-0.00209404,-0.0015248,93107
0.00252981,0.00184212,93109
-0.000394964,-0.000287598,93110
-0.00014408,-0.000104914,93116
0.000201214,0.000146517,93148
-0.000686735,-0.000500055,93155
0.000858895,0.000625416,93157
-0.000170543,-0.000124183,93158
-0.000162497,-0.000118325,93164
2.18722e-05,1.59265e-05,93172
0.000537514,0.000391398,93367
-0.00229458,-0.00167083,93371
0.00220074,0.0016025,93373
-0.000283021,-0.000206086,93374
-0.00280868,-0.00204518,93399
0.01463,0.0106531,93403
-0.0141404,-0.0102965,93405
0.00179701,0.00130851,93406
0.00229849,0.00167367,93415
-0.0146455,-0.0106643,93419
0.014342,0.0104433,93421
-0.00183064,-0.00133301,93422
0.00221445,0.00161248,93427
-0.00264098,-0.00192306,93429
0.000401305,0.000292215,93430
0.000117033,8.52194e-05,93436
-0.000173688,-0.000126473,93471
0.000316792,0.000230676,93487
-0.000565577,-0.000411832,93495
0.00247692,0.0018036,93499
-0.00238525,-0.00173685,93501
0.00030842,0.00022458,93502
0.00364785,0.00265623,93527
-0.019268,-0.0140302,93531
0.0186676,0.013593,93533
-0.00238525,-0.00173685,93534
-0.0030392,-0.00221303,93543
0.0196231,0.0142888,93547
-0.019268,-0.0140302,93549
0.00247692,0.0018036,93550
-0.0030392,-0.00221303,93555
0.00364785,0.00265623,93557
-0.000565577,-0.000411832,93558
-0.000173688,-0.000126473,93564
-0.000728078,-0.00053016,93591
0.00442396,0.00322136,93595
-0.00435005,-0.00316755,93597
0.00057249,0.000416866,93598
0.000764692,0.00055682,93607
-0.00569715,-0.00414845,93611
0.00569715,0.00414845,93613
-0.000764692,-0.00055682,93614
0.00121374,0.000883803,93619
-0.0015243,-0.00110994,93621
0.000272383,0.000198339,93622
0.000129996,9.46582e-05,93628
-0.000344941,-0.000251173,93660
0.000665375,0.000484502,93667
-0.000922897,-0.00067202,93669
0.000237204,0.000172723,93670
0.00030743,0.000223859,93676
-4.09977e-05,-2.9853e-05,93684
-0.000351073,-0.000255638,93884
0.00148342,0.00108017,93916
-0.00204863,-0.00149174,93923
0.00306217,0.00222976,93925
-0.000923016,-0.000672106,93926
-0.00137847,-0.00100375,93932
0.000181813,0.00013239,93940
-0.000415596,-0.000302622,93975
0.00279287,0.00203366,93979
-0.00283408,-0.00206367,93981
0.000412414,0.000300305,93982
0.000482599,0.000351411,93991
-0.00400939,-0.00291949,93995
0.00416022,0.00302932,93997
-0.000628972,-0.000457995,93998
0.00125675,0.000915121,94003
-0.00169505,-0.00123428,94005
0.000377478,0.000274865,94006
0.000266944,0.000194379,94012
-0.00143753,-0.00104676,94044
0.00187126,0.00136258,94051
-0.00284033,-0.00206822,94053
0.000883262,0.000643159,94054
0.00135944,0.000989896,94060
-0.000179502,-0.000130707,94068
0.00020876,0.000152011,94108
-0.000256656,-0.000186888,94115
0.000399909,0.000291199,94117
-0.000132774,-9.66814e-05,94118
-0.000240041,-0.000174789,94124
3.68029e-05,2.67985e-05,94132
9.89876e-06,7.20791e-06,94180
0.00135087,0.000983653,95708
-0.0020589,-0.00149921,95715
0.00299161,0.00217838,95717
-0.000858922,-0.000625436,95718
-0.00123513,-0.000899379,95724
0.000165956,0.000120843,95732
0.00162222,0.00118124,95932
-0.00719941,-0.00524235,95964
0.00921231,0.00670807,95971
-0.0139509,-0.0101586,95973
0.00435824,0.00317351,95974
0.00672757,0.00489877,95980
-0.000892345,-0.000649773,95988
-0.00971067,-0.00707095,96027
0.0100238,0.00729897,96029
-0.0015367,-0.00111897,96030
-0.00167909,-0.00122265,96039
0.014769,0.0107542,96043
-0.0155757,-0.0113416,96045
0.00247685,0.00180355,96046
-0.00523908,-0.00381491,96051
0.00718921,0.00523492,96053
-0.00168476,-0.00122678,96054
-0.00126761,-0.000923028,96060
0.00703959,0.00512597,96092
-0.00866169,-0.00630713,96099
0.013256,0.00965254,96101
-0.00423169,-0.00308136,96102
-0.00668042,-0.00486444,96108
0.000886889,0.0006458,96116
-0.00100823,-0.000734156,96156
0.00117315,0.000854246,96163
-0.00184099,-0.00134054,96165
0.000627639,0.000457023,96166
0.00116323,0.000847019,96172
-0.000179502,-0.000130707,96180
-4.80513e-05,-3.49892e-05,96228
0.00158461,0.00115386,96445
-0.000213599,-0.000155535,96446
0.0113621,0.00827345,96475
-0.0111528,-0.00812107,96477
0.00148799,0.0010835,96478
0.00173983,0.00126688,96487
-0.011717,-0.00853189,96491
0.0116672,0.00849565,96493
-0.00157484,-0.00114674,96494
0.00195552,0.00142394,96499
-0.00240536,-0.00175149,96501
0.000408915,0.000297757,96502
0.000148418,0.000108072,96508
-0.000120236,-8.75513e-05,96543
0.000216819,0.000157879,96559
-0.000411446,-0.0002996,96567
0.00195313,0.0014222,96571
-0.00191729,-0.0013961,96573
0.000260698,0.000189831,96574
-0.0167818,-0.0122199,96603
0.0165212,0.0120302,96605
-0.0022202,-0.00161667,96606
-0.00258396,-0.00188154,96615
0.0176878,0.0128796,96619
-0.0176744,-0.0128698,96621
0.00240846,0.00175375,96622
-0.00307078,-0.00223603,96627
0.00380857,0.00277326,96629
-0.000663594,-0.000483205,96630
-0.000254681,-0.000185449,96636
0.00563871,0.0041059,96667
-0.00566316,-0.00412371,96669
0.000797965,0.000581049,96670
0.000963555,0.000701625,96679
-0.00774423,-0.00563907,96683
0.00792951,0.00577398,96685
-0.00115124,-0.000838292,96686
0.00201701,0.00146871,96691
-0.00264098,-0.00192306,96693
0.000540695,0.000393714,96694
0.000322408,0.000234766,96700
-0.0010958,-0.000797925,96732
0.00159415,0.0011608,96739
-0.00233809,-0.00170251,96741
0.000686028,0.00049954,96742
0.00100753,0.000733648,96748
-0.000135616,-9.87507e-05,96756
0.00713418,0.00519484,96988
-0.0089789,-0.00653811,96995
0.0136337,0.00992757,96997
-0.00429093,-0.0031245,96998
-0.00667704,-0.00486198,97004
0.0008868,0.000645735,97012
0.00900115,0.00655431,97051
-0.00932433,-0.00678963,97053
0.00144486,0.00105209,97054
0.00155881,0.00113507,97063
-0.013868,-0.0100982,97067
0.0146739,0.010685,97069
-0.00235723,-0.00171644,97070
0.00505483,0.00368074,97075
-0.00696054,-0.00506841,97077
0.00164804,0.00120004,97078
0.00125834,0.000916273,97084
-0.00706298,-0.00514301,97116
0.00857785,0.00624608,97123
-0.0131506,-0.00957579,97125
0.00422216,0.00307442,97126
0.00671074,0.00488651,97132
-0.000892345,-0.000649773,97140
0.00101459,0.000738791,97180
-0.00116323,-0.000847019,97187
0.00182856,0.00133149,97189
-0.000627639,-0.000457023,97190
-0.00117315,-0.000854246,97196
0.000181813,0.00013239,97204
4.91378e-05,3.57804e-05,97252
-0.00108184,-0.000787753,97500
0.00131247,0.000955689,97507
-0.00200623,-0.00146086,97509
0.000642147,0.000467588,97510
0.00102,0.000742727,97516
-0.000135616,-9.87507e-05,97524
-0.00124208,-0.000904435,97563
0.00129734,0.000944677,97565
-0.000206168,-0.000150124,97566
-0.000215633,-0.000157016,97575
0.00196266,0.00142914,97579
-0.00209245,-0.00152364,97581
0.000344027,0.000250508,97582
-0.000765185,-0.000557179,97587
0.0010628,0.000773893,97589
-0.000258153,-0.000187978,97590
-0.000206168,-0.000150124,97596
0.00129734,0.000944677,97628
-0.00152279,-0.00110884,97635
0.002347,0.001709,97637
-0.000765185,-0.000557179,97638
-0.00124208,-0.000904435,97644
0.000165956,0.000120843,97652
-0.000218884,-0.000159383,97692
0.000240041,0.000174789,97699
-0.000379115,-0.000276058,97701
0.000132774,9.66814e-05,97702
0.000256656,0.000186888,97708
-4.09977e-05,-2.9853e-05,97716
-1.293e-05,-9.41518e-06,97764
9.65343e-06,7.02928e-06,98020
-5.84958e-05,-4.25945e-05,98076
6.40799e-05,4.66607e-05,98083
-0.000100386,-7.30972e-05,98085
3.46826e-05,2.52546e-05,98086
6.69371e-05,4.87412e-05,98092
-1.13217e-05,-8.24405e-06,98100
-6.32462e-06,-4.60536e-06,98148
8.75248e-07,6.37322e-07,98212
0.0522406,0.0380397,112348
0.0800491,0.0582888,112357
-0.0290442,-0.0211489,112358
-0.0492871,-0.035889,112364
0.00671074,0.00488651,112372
-0.0543724,-0.039592,112413
0.00934577,0.00680524,112414
0.00903878,0.00658171,112423
0.0851286,0.0619875,112429
-0.0152104,-0.0110756,112430
-0.040288,-0.0293362,112437
0.01082,0.00787873,112438
0.00894578,0.00651399,112444
-0.0511904,-0.0372749,112476
-0.0762874,-0.0555497,112485
0.0282753,0.0205891,112486
0.0490103,0.0356875,112492
-0.00668042,-0.00486444,112500
0.00737762,0.00537211,112540
0.0106465,0.00775237,112549
-0.00422216,-0.00307442,112550
-0.00857785,-0.00624608,112556
0.00135944,0.000989896,112564
0.000360288,0.000262349,112612
0.0518612,0.0377634,112861
-0.00776069,-0.00565105,112862
-0.00788623,-0.00574246,112871
-0.0547563,-0.0398715,112877
0.00830911,0.00605039,112878
0.0116672,0.00849565,112885
-0.00227492,-0.00165651,112886
-0.000892224,-0.000649685,112892
0.000513564,0.000373958,112927
-0.000923563,-0.000672504,112943
0.00183085,0.00133316,112951
0.0089863,0.00654349,112957
-0.00137026,-0.000997775,112958
-0.0796113,-0.05797,112989
0.011962,0.00871029,112990
0.0121935,0.00887889,112999
0.0859402,0.0625785,113005
-0.0131253,-0.00955734,113006
-0.0191244,-0.0139256,113013
0.00380912,0.00277366,113014
0.0015809,0.00115116,113020
0.0294279,0.0214284,113053
-0.00463249,-0.00337321,113054
-0.00494931,-0.00360391,113063
-0.0416264,-0.0303108,113069
0.00677125,0.00493058,113070
0.014342,0.0104433,113077
-0.00336152,-0.00244774,113078
-0.00220477,-0.00160543,113084
0.0079302,0.00577448,113116
0.0133081,0.00969049,113125
-0.00454796,-0.00331166,113126
-0.0073815,-0.00537494,113132
0.00102,0.000742727,113140
-0.0785985,-0.0572326,113381
0.0286798,0.0208836,113382
0.0489872,0.0356707,113388
-0.00667704,-0.00486198,113396
0.0514306,0.0374499,113437
-0.00891147,-0.00648901,113438
-0.00854464,-0.00622189,113447
-0.0813263,-0.0592188,113453
0.0146426,0.0106622,113454
0.0393259,0.0286356,113461
-0.0106462,-0.00775218,113462
-0.00891147,-0.00648901,113468
0.0514306,0.0374499,113500
0.0759583,0.05531,113509
-0.0282753,-0.0205891,113510
-0.0492871,-0.035889,113516
0.00672757,0.00489877,113524
-0.00743498,-0.00541388,113564
-0.0106126,-0.00772772,113573
0.00423169,0.00308136,113574
0.00866169,0.00630713,113580
-0.00137847,-0.00100375,113588
-0.000369198,-0.000268836,113636
0.0114031,0.00830331,113893
-0.00423379,-0.00308289,113894
-0.0073815,-0.00537494,113900
0.00100753,0.000733648,113908
-0.00706298,-0.00514301,113949
0.00125834,0.000916273,113950
0.00116589,0.000848956,113959
0.0114393,0.0083297,113965
-0.0021128,-0.00153846,113966
-0.00592437,-0.00431391,113973
0.00164804,0.00120004,113974
0.00144486,0.00105209,113980
-0.00932433,-0.00678963,114012
-0.0133645,-0.00973151,114021
0.00505483,0.00368074,114022
0.00900115,0.00655431,114028
-0.00123513,-0.000899379,114036
0.00158417,0.00115353,114076
0.00216941,0.00157968,114085
-0.000883262,-0.000643159,114086
-0.00187126,-0.00136258,114092
0.00030743,0.000223859,114100
9.69345e-05,7.05841e-05,114148
-7.23678e-05,-5.26956e-05,114404
0.000418745,0.000304914,114460
0.0005701,0.000415126,114469
-0.000228412,-0.000166321,114470
-0.000481996,-0.000350972,114476
8.38154e-05,6.10313e-05,114484
4.7525e-05,3.4606e-05,114532
-6.6951e-06,-4.87513e-06,114596
-0.000478392,-0.000348348,116511
0.000896025,0.000652453,116527
-0.00172507,-0.00125613,116535
-0.00770414,-0.00560987,116541
0.00112854,0.00082176,116542
0.0533386,0.0388392,116573
-0.00770414,-0.00560987,116574
-0.00830911,-0.00605039,116583
-0.0543724,-0.039592,116589
0.00788623,0.00574246,116590
0.0100238,0.00729897,116597
-0.00172507,-0.00125613,116598
-0.000478392,-0.000348348,116604
-0.00924857,-0.00673447,116637
0.00135394,0.000985893,116638
0.00157484,0.00114674,116647
0.011717,0.00853189,116653
-0.00173983,-0.00126688,116654
-0.00283408,-0.00206367,116661
0.00054182,0.000394533,116662
0.000232817,0.000169529,116668
-0.001192,-0.000867971,116709
0.000321626,0.000234196,116710
0.000418745,0.000304914,116716
-5.84958e-05,-4.25945e-05,116724
-0.000107725,-7.84416e-05,116975
0.000136481,9.93806e-05,116983
0.000494656,0.00036019,116989
-7.28805e-05,-5.30689e-05,116990
1.40582e-05,1.02366e-05,117055
-0.000121164,-8.82268e-05,117087
0.000186124,0.000135529,117103
-0.000244809,-0.000178261,117111
-0.000889333,-0.000647579,117117
0.000130845,9.52767e-05,117118
0.000120948,8.807e-05,117151
-0.000230705,-0.000167991,117167
0.000416758,0.000303468,117175
0.00178055,0.00129653,117181
-0.000260513,-0.000189696,117182
-0.00885921,-0.00645095,117213
0.00127843,0.000930905,117214
0.00136874,0.000996667,117223
0.00891688,0.00649295,117229
-0.00129108,-0.000940116,117230
-0.00164792,-0.00119995,117237
0.000281123,0.000204703,117238
7.60939e-05,5.54088e-05,117244
-0.0120962,-0.00880802,117479
-0.0791049,-0.0576013,117485
0.0115152,0.00838498,117486
0.0144064,0.0104902,117493
-0.00247028,-0.00179876,117494
-0.00065723,-0.000478571,117500
0.000718699,0.00052333,117535
-0.00134734,-0.00098108,117551
0.0026351,0.00191878,117559
0.0119431,0.00869649,117565
-0.00176135,-0.00128255,117566
-0.0836811,-0.0609335,117597
0.012168,0.00886032,117598
0.0129545,0.009433,117607
0.0855115,0.0622664,117613
-0.0124914,-0.0090958,117614
-0.0158779,-0.0115617,117621
0.00276155,0.00201086,117622
0.000775579,0.000564748,117628
0.0150904,0.0109882,117661
-0.00222736,-0.00162188,117662
-0.00255753,-0.0018623,117671
-0.0192592,-0.0140238,117677
0.00288668,0.00210197,117678
0.0047699,0.00347326,117685
-0.000928504,-0.000676102,117686
-0.000412718,-0.000300526,117692
0.00213737,0.00155636,117733
-0.000592339,-0.000431319,117734
-0.00078954,-0.000574914,117740
0.000109981,8.00843e-05,117748
0.00437599,0.00318643,117991
0.0294279,0.0214284,117997
-0.00437599,-0.00318643,117998
-0.00566316,-0.00412371,118005
0.00102692,0.000747767,118006
0.000321626,0.000234196,118012
-0.000283372,-0.000206341,118047
0.000518582,0.000377612,118063
-0.00103128,-0.00075094,118071
-0.00488646,-0.00355814,118077
0.000734187,0.000534608,118078
0.0398472,0.0290153,118109
-0.00590355,-0.00429875,118110
-0.00612027,-0.00445656,118119
-0.041717,-0.0303768,118125
0.00623906,0.00454305,118126
0.00833644,0.00607029,118133
-0.00154658,-0.00112616,118134
-0.000523438,-0.000381149,118140
-0.0108575,-0.00790601,118173
0.00166131,0.0012097,118174
0.00183064,0.00133301,118183
0.0146455,0.0106643,118189
-0.00229849,-0.00167367,118190
-0.00435005,-0.00316755,118197
0.000947851,0.00069019,118198
0.00054182,0.000394533,118204
-0.00318691,-0.00232059,118245
0.00102692,0.000747767,118246
0.00158417,0.00115353,118252
-0.000218884,-0.000159383,118260
-0.00743498,-0.00541388,118508
0.00101459,0.000738791,118516
-0.00924857,-0.00673447,118557
0.00156363,0.00113858,118558
0.00153881,0.0011205,118567
0.014062,0.0102394,118573
-0.00247389,-0.0018014,118574
-0.00626591,-0.0045626,118581
0.00166131,0.0012097,118582
0.00135394,0.000985893,118588
-0.0113994,-0.00830063,118629
0.00423379,0.00308289,118630
0.00737762,0.00537211,118636
-0.00100823,-0.000734156,118644
0.00161521,0.00117614,118693
-0.000642147,-0.000467588,118694
-0.00131247,-0.000955689,118700
0.00020876,0.000152011,118708
5.5752e-05,4.05965e-05,118756
0.0759504,0.0553043,120677
-0.0286798,-0.0208836,120678
-0.0511904,-0.0372749,120684
0.00703959,0.00512597,120692
-0.01061,-0.00772579,120741
0.00429093,0.0031245,120742
0.0089789,0.00653811,120748
-0.00143753,-0.00104676,120756
-0.000380693,-0.000277207,120804
0.0518612,0.0377634,121069
-0.0079302,-0.00577448,121070
-0.0111528,-0.00812107,121077
0.00220477,0.00160543,121078
0.000892224,0.000649685,121084
-0.000483148,-0.000351811,121119
0.000867325,0.000631554,121135
-0.00172281,-0.00125449,121143
-0.00850684,-0.00619437,121149
0.00130625,0.000951164,121150
-0.0114864,-0.00836396,121182
-0.0116153,-0.0084578,121191
-0.0821981,-0.0598537,121197
0.0126448,0.00920748,121198
0.0184519,0.013436,121205
-0.00372342,-0.00271126,121206
-0.00159218,-0.00115937,121212
0.00454796,0.00331166,121246
0.0048191,0.00350909,121255
0.0406807,0.0296222,121261
-0.00667154,-0.00485797,121262
-0.0141404,-0.0102965,121269
0.00336152,0.00244774,121270
0.00227492,0.00165651,121276
-0.0132903,-0.00967748,121317
0.00463249,0.00337321,121318
0.00776069,0.00565105,121324
-0.00108184,-0.000787753,121332
0.00713418,0.00519484,121588
0.00894578,0.00651399,121630
0.00849788,0.00618784,121639
0.0810556,0.0590217,121645
-0.0147267,-0.0107235,121646
-0.0393849,-0.0286786,121653
0.01082,0.00787873,121654
0.00934577,0.00680524,121660
-0.0765147,-0.0557152,121701
0.0290442,0.0211489,121702
0.0522406,0.0380397,121708
-0.00719941,-0.00524235,121716
0.0107048,0.00779481,121765
-0.00435824,-0.00317351,121766
-0.00921231,-0.00670807,121772
0.00148342,0.00108017,121780
0.000398314,0.000290038,121828
-0.0010958,-0.000797925,122100
-0.00126761,-0.000923028,122142
-0.00116057,-0.000845087,122151
-0.0114172,-0.00831356,122157
0.00213241,0.00155274,122158
0.00594863,0.00433157,122165
-0.00168476,-0.00122678,122166
-0.0015367,-0.00111897,122172
0.0135221,0.00984629,122213
-0.00523908,-0.00381491,122214
-0.00971067,-0.00707095,122220
0.00135087,0.000983653,122228
-0.0022042,-0.00160502,122277
0.000923016,0.000672106,122278
0.00204863,0.00149174,122284
-0.000344941,-0.000251173,122292
-0.000113367,-8.25495e-05,122340
-0.000585831,-0.000426581,122661
0.000244836,0.00017828,122662
0.000562498,0.00040959,122668
-0.000107638,-7.8378e-05,122676
-7.84753e-05,-5.71429e-05,122724
1.09882e-05,8.00121e-06,122788
0.0016069,0.00117008,124837
-0.000686027,-0.00049954,124838
-0.00159415,-0.0011608,124844
0.000266944,0.000194379,124852
7.3906e-05,5.38157e-05,124900
0.00158461,0.00115386,125173
-0.000322408,-0.000234766,125174
-0.000148418,-0.000108072,125180
6.61816e-05,4.8191e-05,125215
-0.000118245,-8.61017e-05,125231
0.000233815,0.000170255,125239
0.00116226,0.000846316,125245
-0.000178751,-0.00013016,125246
0.00162434,0.00118278,125287
0.0115801,0.0084322,125293
-0.00178919,-0.00130283,125294
-0.00267713,-0.00194939,125301
0.000554791,0.000403978,125302
0.000266769,0.000194251,125308
-0.000720963,-0.000524979,125351
-0.00614343,-0.00447342,125357
0.00101891,0.000741931,125358
0.00220074,0.0016025,125365
-0.000540695,-0.000393714,125366
-0.000408915,-0.000297757,125372
0.00217,0.00158011,125413
-0.000797965,-0.000581049,125414
-0.00148799,-0.0010835,125420
0.000213599,0.000155535,125428
-0.00148854,-0.0010839,125735
-0.0142938,-0.0104082,125741
0.00264312,0.00192462,125742
0.00706785,0.00514655,125749
-0.00201701,-0.00146871,125750
-0.00195552,-0.00142394,125756
0.014033,0.0102183,125797
-0.00563871,-0.0041059,125798
-0.0113621,-0.00827345,125804
0.00162222,0.00118124,125812
-0.00197383,-0.00143727,125861
0.000858922,0.000625436,125862
0.0020589,0.00149921,125868
-0.000351073,-0.000255638,125876
-0.000101324,-7.37806e-05,125924
0.000236093,0.000171915,126247
0.00234234,0.00170561,126253
-0.000452102,-0.000329204,126254
-0.00124905,-0.000909516,126261
0.000377478,0.000274865,126262
0.000412414,0.000300305,126268
-0.0029416,-0.00214197,126309
0.00125675,0.000915121,126310
0.00279287,0.00203366,126316
-0.000415596,-0.000302622,126324
0.000495463,0.000360778,126373
-0.000237204,-0.000172723,126374
-0.000665375,-0.000484502,126380
0.000129996,9.46582e-05,126388
5.78441e-05,4.21199e-05,126436
0.00015627,0.00011379,126757
-8.54712e-05,-6.2237e-05,126758
-0.00030962,-0.000225454,126764
9.0097e-05,6.56053e-05,126772
0.000121059,8.81504e-05,126820
-1.67255e-05,-1.21789e-05,126884
6.2633e-05,4.56071e-05,129319
0.000615402,0.000448113,129325
-0.000124748,-9.08368e-05,129326
-0.000324101,-0.000235998,129333
0.000109615,7.98178e-05,129334
0.000157999,0.000115049,129340
-0.000765207,-0.000557196,129381
0.000404408,0.000294475,129382
0.0012217,0.0008896,129388
-0.000213573,-0.000155516,129396
0.000137692,0.000100262,129445
-9.75715e-05,-7.1048e-05,129446
-0.000430738,-0.000313648,129452
0.000117033,8.52194e-05,129460
9.00646e-05,6.55817e-05,129508
8.09586e-05,5.89511e-05,129829
-9.88375e-05,-7.19698e-05,129830
-0.000644483,-0.000469289,129836
0.000267487,0.000194774,129844
0.000473892,0.000345071,129892
-6.50124e-05,-4.73397e-05,129956
-1.14211e-05,-8.31644e-06,130341
1.38276e-05,1.00688e-05,130342
9.24031e-05,6.72845e-05,130348
-4.09062e-05,-2.97864e-05,130356
-8.46771e-05,-6.16588e-05,130404
1.34593e-05,9.8006e-06,130468
3.5661e-06,2.5967e-06,130852
6.37646e-06,4.64311e-06,149887
-1.27061e-05,-9.25213e-06,149951
-6.43643e-05,-4.68677e-05,149999
1.73817e-05,1.26567e-05,150007
9.56559e-06,6.96531e-06,150013
-1.32737e-06,-9.66546e-07,150014
-8.91638e-05,-6.49258e-05,150335
-0.000646426,-0.000470704,150383
0.000188054,0.000136934,150391
0.000137355,0.000100017,150397
-1.92163e-05,-1.39926e-05,150398
0.000172746,0.000125788,150447
-0.000102166,-7.43934e-05,150455
-0.000217265,-0.000158204,150461
2.99049e-05,2.17757e-05,150462
-0.000162498,-0.000118325,150503
-0.000850472,-0.000619283,150509
0.000116111,8.45479e-05,150510
0.0001518,0.000110535,150517
-2.40163e-05,-1.74878e-05,150518
4.04643e-05,2.94646e-05,150847
0.000358406,0.000260978,150895
-0.000140751,-0.000102489,150903
-0.000194024,-0.000141281,150909
2.70096e-05,1.96674e-05,150910
-0.000166976,-0.000121586,150959
0.000141959,0.000103369,150967
0.000379115,0.000276058,150973
-5.21305e-05,-3.79595e-05,150974
0.000316787,0.000230672,151015
0.00170293,0.00124001,151021
-0.000231342,-0.000168455,151022
-0.000302451,-0.000220234,151029
4.76713e-05,3.47125e-05,151030
-0.000275809,-0.000200834,151343
0.000378422,0.000275553,151351
0.00127673,0.00092967,151357
-0.000176889,-0.000128804,151358
0.0015341,0.00111708,151399
0.00856278,0.0062351,151405
-0.00117139,-0.000852962,151406
-0.00150652,-0.00109699,151413
0.00024003,0.000174781,151414
-0.000253525,-0.000184608,151463
-0.00159428,-0.00116089,151469
0.000219303,0.000159688,151470
0.000332788,0.000242324,151477
-5.48047e-05,-3.99067e-05,151478
8.84062e-05,6.43741e-05,151525
-1.57542e-05,-1.14716e-05,151526
0.000923531,0.000672481,153967
-0.000554752,-0.00040395,153975
-0.00121395,-0.000883956,153981
0.000173564,0.000126383,153982
-0.00067357,-0.000490469,154031
0.000770686,0.000561185,154039
0.00245577,0.0017882,154045
-0.000348082,-0.000253461,154046
0.00202903,0.00147747,154087
0.0115456,0.0084071,154093
-0.00161692,-0.00117739,154094
-0.00206512,-0.00150374,154101
0.00033642,0.000244969,154102
-0.00220419,-0.00160501,154415
0.00336285,0.00244871,154423
0.0122477,0.00891833,154429
-0.0017494,-0.00127385,154430
0.0142543,0.0103794,154471
0.0829146,0.0603754,154477
-0.0117028,-0.00852158,154478
-0.0147072,-0.0107092,154485
0.00242399,0.00176506,154486
-0.00236636,-0.00172309,154535
-0.0155193,-0.0113006,154541
0.00221099,0.00160996,154542
0.00330639,0.00240759,154549
-0.000570406,-0.000415349,154550
-0.000182796,-0.000133105,154598
0.000386787,0.000281644,154927
-0.000630648,-0.000459215,154935
-0.00244457,-0.00178004,154941
0.000358669,0.000261169,154942
-0.00311927,-0.00227134,154983
-0.0188392,-0.013718,154989
0.00274665,0.00200001,154990
0.00344274,0.00250688,154997
-0.000599273,-0.000436369,154998
0.000675336,0.000491755,155047
0.00473899,0.00345076,155053
-0.000718357,-0.000523081,155054
-0.00114941,-0.000836958,155061
0.000228472,0.000166365,155062
0.000162573,0.00011838,155110
-0.000796381,-0.000579895,155445
0.000214263,0.000156019,155446
0.000489811,0.000356662,155494
-7.47426e-05,-5.44248e-05,155558
0.000174263,0.000126892,158127
-0.000257869,-0.000187771,158135
-0.000991274,-0.000721809,158141
0.000150271,0.000109422,158142
-0.000773476,-0.000563217,158183
-0.00482067,-0.00351023,158189
0.000723075,0.000526517,158190
0.000877349,0.000638853,158197
-0.000153972,-0.000112117,158198
-0.00141314,-0.00102899,158519
-0.00594189,-0.00432666,158525
0.000909409,0.000662198,158526
-0.00650905,-0.00473965,158567
-0.0412844,-0.0300618,158573
0.00625598,0.00455538,158574
0.00749383,0.00545673,158581
-0.00133788,-0.000974197,158582
0.00116022,0.000844828,158631
0.00833241,0.00606736,158637
-0.00128727,-0.000937343,158638
-0.0019058,-0.00138773,158645
0.00036978,0.00026926,158646
0.000401305,0.000292215,159031
0.00179701,0.00130851,159037
-0.000283021,-0.000206086,159038
0.00221445,0.00161248,159079
0.01463,0.0106531,159085
-0.00229458,-0.00167083,159086
-0.00280868,-0.00204518,159093
0.000537514,0.000391398,159094
-0.00057249,-0.000416866,159143
-0.00442396,-0.00322136,159149
0.000728078,0.00053016,159150
0.00121374,0.000883803,159157
-0.000272383,-0.000198339,159158
! m= 3 ; q= ( 0 0 0  ) 
[ 
energy=  -4.42005 
energy=  -3.83602 
energy=  -3.66885 
energy=  -3.45466 
energy=   -3.3742 
energy=  -3.22586 
energy=  -3.09368 
energy=  -2.97126 
energy=  -2.73148 
energy=  -2.52609 
energy=  -2.31086 
energy=  -2.03912 
energy=  -1.81157 
energy=  -1.56163 
energy=  -1.30071 
energy=  -1.03026 
energy= -0.753716 
energy= -0.469033 
energy= -0.179641 
energy=   0.10501 
energy=  0.372971 
energy=   0.65402 
energy=  0.931833 
energy=   1.19997 
energy=   1.45308 
energy=   1.71583 
energy=     1.963 
energy=   2.20022 
energy=   2.41365 
energy=   2.60802 
energy=   2.81445 
energy=   2.97779 
energy=   3.12668 
energy=   3.27347 
energy=   3.34905 
energy=   3.40684 
energy=   3.57291 
energy=    3.7455 
] 
! m= 3 ; q= ( 0 0 1  ) 
[ 
energy=  -3.81776 
energy=  -3.65934 
energy=  -3.45089 
energy=  -3.37373 
energy=  -3.23983 
energy=  -3.17861 
energy=  -3.11001 
energy=  -3.05118 
energy=  -2.96471 
energy=   -2.8148 
energy=  -2.69661 
energy=  -2.57244 
energy=  -2.45243 
energy=  -2.30893 
energy=  -2.15288 
energy=  -1.99267 
energy=  -1.82614 
energy=  -1.66426 
energy=  -1.47074 
energy=  -1.28884 
energy=  -1.09717 
energy= -0.921423 
energy= -0.713321 
energy= -0.516953 
energy= -0.328011 
energy= -0.127945 
energy= 0.0743266 
energy=  0.273136 
energy=  0.468139 
energy=  0.670758 
energy=  0.866043 
energy=   1.04478 
energy=   1.25001 
energy=    1.4185 
energy=    1.6063 
energy=   1.78856 
energy=   1.95924 
energy=   2.12363 
energy=   2.26988 
energy=   2.39162 
energy=   2.59141 
energy=   2.73243 
energy=   2.79923 
energy=   2.92127 
energy=   3.02507 
energy=   3.16397 
energy=   3.19704 
energy=   3.29226 
energy=    3.3603 
energy=   3.40232 
energy=   3.44316 
energy=   3.48755 
energy=   3.66677 
] 
! m= 3 ; q= ( 0 0 2  ) 
[ 
energy=  -3.78228 
energy=  -3.64147 
energy=  -3.42594 
energy=  -3.36106 
energy=   -3.2454 
energy=  -3.20076 
energy=  -3.14109 
energy=  -3.06256 
energy=  -2.98138 
energy=  -2.85786 
energy=  -2.73319 
energy=  -2.59934 
energy=  -2.48866 
energy=  -2.34444 
energy=   -2.1946 
energy=  -2.02496 
energy=  -1.87008 
energy=  -1.71377 
energy=  -1.53206 
energy=  -1.34947 
energy=  -1.16514 
energy= -0.986544 
energy= -0.790641 
energy= -0.600269 
energy= -0.400095 
energy= -0.216415 
energy= -0.0184342 
energy=  0.178043 
energy=  0.367102 
energy=  0.564166 
energy=  0.757099 
energy=  0.950994 
energy=    1.1289 
energy=    1.3191 
energy=   1.49862 
energy=   1.67651 
energy=   1.82807 
energy=   2.01596 
energy=   2.17686 
energy=   2.33731 
energy=    2.4356 
energy=   2.60876 
energy=   2.74834 
energy=   2.84221 
energy=   2.96506 
energy=   3.02585 
energy=   3.14123 
energy=   3.26268 
energy=   3.30171 
energy=   3.33111 
energy=   3.40666 
energy=   3.48575 
energy=   3.49927 
energy=   3.59703 
] 
! m= 3 ; q= ( 0 0 3  ) 
[ 
energy=  -3.76567 
energy=  -3.63154 
energy=  -3.40778 
energy=  -3.35709 
energy=  -3.24222 
energy=  -3.21189 
energy=  -3.14042 
energy=  -3.07594 
energy=  -3.02046 
energy=   -2.9338 
energy=  -2.84992 
energy=  -2.71857 
energy=  -2.62431 
energy=  -2.50348 
energy=  -2.37263 
energy=  -2.24118 
energy=  -2.09385 
energy=  -1.95911 
energy=  -1.79404 
energy=  -1.65318 
energy=  -1.48891 
energy=  -1.31799 
energy=  -1.16055 
energy= -0.984496 
energy= -0.806172 
energy= -0.628904 
energy=  -0.45783 
energy= -0.289666 
energy= -0.105415 
energy= 0.0765418 
energy=  0.254456 
energy=  0.422877 
energy=  0.612242 
energy=   0.78289 
energy=  0.964222 
energy=   1.12352 
energy=   1.30386 
energy=   1.46743 
energy=   1.63808 
energy=   1.78298 
energy=   1.92629 
energy=   2.08825 
energy=    2.2214 
energy=   2.33391 
energy=   2.46351 
energy=   2.63711 
energy=   2.71596 
energy=   2.83538 
energy=   2.95934 
energy=   3.03713 
energy=   3.13561 
energy=   3.22235 
energy=    3.2648 
energy=   3.33311 
energy=   3.40599 
energy=   3.43263 
energy=   3.45368 
energy=   3.53623 
energy=   3.53711 
] 
! m= 3 ; q= ( 0 0 4  ) 
[ 
energy=  -3.78228 
energy=  -3.64147 
energy=  -3.42594 
energy=  -3.36106 
energy=  -3.24536 
energy=  -3.19959 
energy=  -3.14261 
energy=  -3.09273 
energy=  -2.98271 
energy=  -2.90787 
energy=  -2.80657 
energy=     -2.69 
energy=  -2.55508 
energy=  -2.43168 
energy=  -2.30408 
energy=  -2.15893 
energy=  -2.01056 
energy=  -1.85612 
energy=  -1.70588 
energy=  -1.52796 
energy=  -1.35867 
energy=  -1.19102 
energy=  -1.01632 
energy= -0.845903 
energy= -0.648048 
energy= -0.477021 
energy= -0.292743 
energy= -0.106858 
energy= 0.0785652 
energy=  0.271373 
energy=  0.445191 
energy=  0.636874 
energy=  0.817903 
energy=  0.995869 
energy=    1.1735 
energy=   1.34622 
energy=   1.51168 
energy=   1.68376 
energy=   1.82455 
energy=   2.00612 
energy=   2.17079 
energy=   2.32462 
energy=   2.40066 
energy=   2.55268 
energy=   2.71377 
energy=   2.80749 
energy=    2.8729 
energy=   3.00232 
energy=   3.09023 
energy=   3.17066 
energy=   3.26745 
energy=   3.33045 
energy=   3.36444 
energy=   3.40746 
energy=   3.48635 
energy=   3.49927 
energy=   3.59703 
] 
! m= 3 ; q= ( 0 0 5  ) 
[ 
energy=  -3.81776 
energy=  -3.65934 
energy=  -3.45089 
energy=  -3.37373 
energy=  -3.23984 
energy=  -3.19304 
energy=  -3.12305 
energy=  -3.03399 
energy=  -2.94295 
energy=  -2.83609 
energy=  -2.71677 
energy=  -2.59511 
energy=  -2.45151 
energy=  -2.33384 
energy=  -2.16029 
energy=  -1.99151 
energy=  -1.82724 
energy=  -1.66486 
energy=  -1.47532 
energy=  -1.30115 
energy=  -1.10464 
energy= -0.918741 
energy= -0.719549 
energy= -0.520592 
energy= -0.327149 
energy= -0.125891 
energy= 0.0705185 
energy=  0.272562 
energy=   0.46084 
energy=  0.662679 
energy=  0.861745 
energy=   1.04547 
energy=   1.24678 
energy=   1.41212 
energy=   1.60345 
energy=   1.78792 
energy=   1.95326 
energy=   2.12459 
energy=   2.26991 
energy=   2.39136 
energy=    2.5855 
energy=   2.72823 
energy=   2.78556 
energy=   2.91589 
energy=   3.02829 
energy=   3.16287 
energy=   3.18663 
energy=   3.29175 
energy=   3.35387 
energy=   3.40235 
energy=    3.4462 
energy=   3.48755 
energy=   3.66677 
] 
q-vector: ( 0, 0, 0, 0)
Groundstate 
-3.32821e-11,3.03298e-11,4095
3.67847e-10,-2.68263e-10,6143
-7.7214e-10,5.68471e-10,7167
1.62164e-09,-1.19231e-09,7679
-6.96373e-09,5.13518e-09,7935
7.45554e-09,-5.49225e-09,8063
-3.34587e-09,2.46592e-09,8127
7.45448e-09,-5.49656e-09,8159
-6.96493e-09,5.13217e-09,8175
1.62299e-09,-1.19763e-09,8183
-7.70459e-10,5.66996e-10,8187
3.676e-10,-2.71271e-10,8189
-3.14492e-11,2.87934e-11,8190
-5.39752e-09,3.97716e-09,10239
1.04855e-08,-7.72444e-09,11263
-2.19721e-08,1.61947e-08,11775
1.0471e-07,-7.717e-08,12031
-1.15845e-07,8.53774e-08,12159
6.20987e-08,-4.57665e-08,12223
-1.64034e-07,1.20891e-07,12255
1.5657e-07,-1.15392e-07,12271
-3.64685e-08,2.68755e-08,12279
1.73778e-08,-1.28081e-08,12283
-8.26575e-09,6.09384e-09,12285
7.79763e-10,-5.7527e-10,12286
-9.29054e-09,6.84738e-09,13311
1.25126e-07,-9.22149e-08,13823
-6.59722e-07,4.86209e-07,14079
7.54205e-07,-5.55841e-07,14207
-4.58638e-07,3.3801e-07,14271
1.21854e-06,-8.98053e-07,14303
-1.16407e-06,8.57911e-07,14319
2.73497e-07,-2.01565e-07,14327
-1.29965e-07,9.57836e-08,14331
6.13989e-08,-4.5249e-08,14333
-6.04787e-09,4.45766e-09,14334
-1.13489e-07,8.36411e-08,14847
7.22334e-07,-5.32353e-07,15103
-9.02229e-07,6.64935e-07,15231
7.6079e-07,-5.60695e-07,15295
-2.45659e-06,1.81048e-06,15327
2.39714e-06,-1.76667e-06,15343
-5.62209e-07,4.14343e-07,15351
2.67961e-07,-1.97483e-07,15355
-1.26611e-07,9.33096e-08,15357
1.24831e-08,-9.19818e-09,15358
-3.18698e-07,2.34877e-07,15615
5.97959e-07,-4.4069e-07,15743
-1.08831e-06,8.02075e-07,15807
4.86024e-06,-3.58194e-06,15839
-4.86685e-06,3.58682e-06,15855
1.13741e-06,-8.38261e-07,15863
-5.45523e-07,4.02043e-07,15867
2.57982e-07,-1.90129e-07,15869
-2.54987e-08,1.8793e-08,15870
-3.25306e-07,2.39746e-07,15999
3.77028e-06,-2.77866e-06,16063
-2.05148e-05,1.51192e-05,16095
2.06853e-05,-1.52448e-05,16111
-4.76795e-06,3.51393e-06,16119
2.27756e-06,-1.67854e-06,16123
-1.07392e-06,7.91469e-07,16125
1.07194e-07,-7.9001e-08,16126
-3.0423e-06,2.24214e-06,16191
2.00759e-05,-1.47958e-05,16223
-2.0481e-05,1.50943e-05,16239
4.74522e-06,-3.49717e-06,16247
-2.29475e-06,1.6912e-06,16251
1.08844e-06,-8.02166e-07,16253
-1.07806e-07,7.94525e-08,16254
-3.03923e-06,2.23988e-06,16287
3.75421e-06,-2.76681e-06,16303
-1.03686e-06,7.64152e-07,16311
5.96981e-07,-4.39968e-07,16315
-3.02853e-07,2.23196e-07,16317
2.71712e-08,-2.0025e-08,16318
-3.15731e-07,2.32688e-07,16335
4.9093e-07,-3.61809e-07,16343
-3.46508e-07,2.55372e-07,16347
2.01704e-07,-1.48652e-07,16349
-1.78943e-08,1.31903e-08,16350
-2.37209e-07,1.74822e-07,16359
1.89472e-07,-1.39638e-07,16363
-1.22021e-07,8.99303e-08,16365
1.113e-08,-8.20247e-09,16366
-3.16635e-08,2.3337e-08,16371
2.56304e-08,-1.88906e-08,16373
-1.95054e-09,1.43778e-09,16374
-1.24331e-09,9.14977e-10,16377
1.07596e-09,-7.93712e-10,16378
-5.98124e-10,4.42085e-10,16380
5.84017e-09,-4.30174e-09,18431
-1.09704e-08,8.08723e-09,19455
2.25291e-08,-1.66044e-08,19967
-1.09633e-07,8.07991e-08,20223
1.27525e-07,-9.39862e-08,20351
-8.74303e-08,6.44336e-08,20415
2.68213e-07,-1.97672e-07,20447
-2.60247e-07,1.91798e-07,20463
6.07025e-08,-4.47372e-08,20471
-2.8945e-08,2.13328e-08,20475
1.3756e-08,-1.01373e-08,20477
-1.30337e-09,9.61491e-10,20478
1.12932e-08,-8.32069e-09,21503
-1.60928e-07,1.18602e-07,22015
8.37694e-07,-6.17372e-07,22271
-1.00343e-06,7.39516e-07,22399
7.39814e-07,-5.45233e-07,22463
-2.15328e-06,1.58694e-06,22495
2.07767e-06,-1.53122e-06,22511
-4.8802e-07,3.59664e-07,22519
2.31976e-07,-1.70962e-07,22523
-1.09709e-07,8.08554e-08,22525
1.07197e-08,-7.89871e-09,22526
1.52981e-07,-1.12745e-07,23039
-9.62914e-07,7.09656e-07,23295
1.28092e-06,-9.4403e-07,23423
-1.29338e-06,9.53203e-07,23487
4.41515e-06,-3.25392e-06,23519
-4.32981e-06,3.19102e-06,23535
1.01459e-06,-7.47744e-07,23543
-4.83645e-07,3.56443e-07,23547
2.28878e-07,-1.68679e-07,23549
-2.23342e-08,1.64618e-08,23550
5.27612e-07,-3.88847e-07,23807
-1.02308e-06,7.53997e-07,23935
1.95985e-06,-1.44439e-06,23999
-8.8244e-06,6.50349e-06,24031
8.84051e-06,-6.51536e-06,24047
-2.06301e-06,1.52041e-06,24055
9.89427e-07,-7.29196e-07,24059
-4.68858e-07,3.45544e-07,24061
4.57384e-08,-3.3709e-08,24062
5.84768e-07,-4.30968e-07,24191
-6.82765e-06,5.0319e-06,24255
3.71904e-05,-2.74089e-05,24287
-3.74957e-05,2.7634e-05,24303
8.62741e-06,-6.35832e-06,24311
-4.12149e-06,3.03749e-06,24315
1.9481e-06,-1.43573e-06,24317
-1.91576e-07,1.4119e-07,24318
5.51088e-06,-4.06146e-06,24383
-3.63898e-05,2.68189e-05,24415
3.71189e-05,-2.73563e-05,24431
-8.58439e-06,6.32661e-06,24439
4.15125e-06,-3.05943e-06,24443
-1.97357e-06,1.4545e-06,24445
1.92582e-07,-1.41933e-07,24446
5.509e-06,-4.06008e-06,24479
-6.80384e-06,5.01435e-06,24495
1.87543e-06,-1.38217e-06,24503
-1.07874e-06,7.95018e-07,24507
5.47879e-07,-4.03783e-07,24509
-4.84834e-08,3.57312e-08,24510
5.71986e-07,-4.2155e-07,24527
-8.88045e-07,6.54479e-07,24535
6.26043e-07,-4.61388e-07,24539
-3.64629e-07,2.68729e-07,24541
3.19902e-08,-2.35748e-08,24542
4.29309e-07,-3.16395e-07,24551
-3.42514e-07,2.5243e-07,24555
2.20654e-07,-1.6262e-07,24557
-1.99358e-08,1.46936e-08,24558
5.70863e-08,-4.20717e-08,24563
-4.61795e-08,3.40348e-08,24565
3.48451e-09,-2.56749e-09,24566
2.24272e-09,-1.65317e-09,24569
-1.92058e-09,1.41409e-09,24570
1.07533e-09,-7.9359e-10,24572
-2.69179e-09,1.98458e-09,25599
5.86558e-08,-4.32281e-08,26111
-3.45601e-07,2.54702e-07,26367
5.92463e-07,-4.36641e-07,26495
-9.63826e-07,7.1033e-07,26559
3.73601e-06,-2.7534e-06,26591
-3.70588e-06,2.7312e-06,26607
8.67762e-07,-6.3953e-07,26615
-4.14153e-07,3.05231e-07,26619
1.95942e-07,-1.44406e-07,26621
-1.91167e-08,1.40915e-08,26622
-8.434e-08,6.21566e-08,27135
5.88452e-07,-4.33682e-07,27391
-1.08449e-06,7.9926e-07,27519
1.92022e-06,-1.41518e-06,27583
-7.64116e-06,5.63145e-06,27615
7.59547e-06,-5.59778e-06,27631
-1.77703e-06,1.30965e-06,27639
8.48578e-07,-6.25394e-07,27643
-4.01637e-07,2.96002e-07,27645
3.91173e-08,-2.88294e-08,27646
-8.17203e-07,6.02266e-07,27903
1.67057e-06,-1.23119e-06,28031
-3.5209e-06,2.59486e-06,28095
1.62042e-05,-1.19423e-05,28127
-1.62638e-05,1.19862e-05,28143
3.79255e-06,-2.79507e-06,28151
-1.81839e-06,1.34013e-06,28155
8.61757e-07,-6.35105e-07,28157
-8.36704e-08,6.1665e-08,28158
-1.15796e-06,8.53405e-07,28287
1.38874e-05,-1.02349e-05,28351
-7.59537e-05,5.59771e-05,28383
7.65869e-05,-5.64437e-05,28399
-1.75994e-05,1.29706e-05,28407
8.40358e-06,-6.19335e-06,28411
-3.97514e-06,2.92964e-06,28413
3.87614e-07,-2.8567e-07,28414
-1.12988e-05,8.32712e-06,28479
7.479e-05,-5.51195e-05,28511
-7.62867e-05,5.62225e-05,28527
1.76191e-05,-1.29851e-05,28535
-8.51274e-06,6.2738e-06,28539
4.04852e-06,-2.98372e-06,28541
-3.91587e-07,2.88595e-07,28542
-1.12854e-05,8.31724e-06,28575
1.39415e-05,-1.02748e-05,28591
-3.83723e-06,2.828e-06,28599
2.19578e-06,-1.61827e-06,28603
-1.11057e-06,8.18482e-07,28605
9.72183e-08,-7.16483e-08,28606
-1.17383e-06,8.65101e-07,28623
1.81552e-06,-1.33802e-06,28631
-1.24367e-06,9.16574e-07,28635
7.08717e-07,-5.22317e-07,28637
-6.08353e-08,4.48354e-08,28638
-8.75933e-07,6.45552e-07,28647
6.6408e-07,-4.89421e-07,28651
-4.14594e-07,3.0555e-07,28653
3.64464e-08,-2.68602e-08,28654
-1.10925e-07,8.1748e-08,28659
8.75192e-08,-6.45006e-08,28661
-6.19436e-09,4.5655e-09,28662
-4.04948e-09,2.98353e-09,28665
3.48527e-09,-2.56821e-09,28666
-1.95061e-09,1.43754e-09,28668
3.34836e-08,-2.46783e-08,29183
-3.06858e-07,2.26151e-07,29439
6.40025e-07,-4.71693e-07,29567
-1.30842e-06,9.64291e-07,29631
5.52147e-06,-4.06927e-06,29663
-5.51485e-06,4.06438e-06,29679
1.28915e-06,-9.50088e-07,29687
-6.16495e-07,4.54353e-07,29691
2.9171e-07,-2.14986e-07,29693
-2.85254e-08,2.10221e-08,29694
3.38241e-06,-2.4928e-06,29951
-6.69337e-06,4.93295e-06,30079
1.41916e-05,-1.04591e-05,30143
-6.644e-05,4.89656e-05,30175
6.68107e-05,-4.92388e-05,30191
-1.55933e-05,1.14921e-05,30199
7.49054e-06,-5.52045e-06,30203
-3.55189e-06,2.6177e-06,30205
3.4699e-07,-2.55728e-07,30206
5.50384e-06,-4.05627e-06,30335
-6.74135e-05,4.96831e-05,30399
0.000368994,-0.000271945,30431
-0.000372128,0.000274255,30447
8.55881e-05,-6.30776e-05,30455
-4.08908e-05,3.01361e-05,30459
1.93364e-05,-1.42508e-05,30461
-1.89751e-06,1.39844e-06,30462
5.52216e-05,-4.06978e-05,30527
-0.000364912,0.000268937,30559
0.000372194,-0.000274303,30575
-8.60417e-05,6.34118e-05,30583
4.16157e-05,-3.06703e-05,30587
-1.97984e-05,1.45912e-05,30589
1.92752e-06,-1.42057e-06,30590
5.42586e-05,-3.99881e-05,30623
-6.7041e-05,4.94085e-05,30639
1.84838e-05,-1.36223e-05,30647
-1.06631e-05,7.85857e-06,30651
5.43358e-06,-4.00449e-06,30653
-4.80595e-07,3.54194e-07,30654
5.63773e-06,-4.15495e-06,30671
-8.75618e-06,6.45322e-06,30679
6.24591e-06,-4.60317e-06,30683
-3.67521e-06,2.70859e-06,30685
3.25033e-07,-2.39546e-07,30686
4.23592e-06,-3.12183e-06,30695
-3.44763e-06,2.54087e-06,30699
2.25184e-06,-1.65958e-06,30701
-2.06108e-07,1.51899e-07,30702
5.7462e-07,-4.23491e-07,30707
-4.70094e-07,3.46453e-07,30709
3.64469e-08,-2.68576e-08,30710
2.33038e-08,-1.71736e-08,30713
-1.99357e-08,1.46939e-08,30714
1.1131e-08,-8.20215e-09,30716
-2.85385e-06,2.10325e-06,30975
5.46587e-06,-4.02829e-06,31103
-1.14791e-05,8.45996e-06,31167
5.42419e-05,-3.99757e-05,31199
-5.46056e-05,4.02438e-05,31215
1.2749e-05,-9.39591e-06,31223
-6.13707e-06,4.52296e-06,31227
2.9152e-06,-2.14847e-06,31229
-2.84954e-07,2.10007e-07,31230
-5.31208e-06,3.91495e-06,31359
6.63794e-05,-4.89209e-05,31423
-0.000364853,0.000268893,31455
0.000368053,-0.000271252,31471
-8.46646e-05,6.23969e-05,31479
4.05103e-05,-2.98557e-05,31483
-1.91851e-05,1.41393e-05,31485
1.88444e-06,-1.38881e-06,31486
-5.50263e-05,4.05538e-05,31551
0.000364889,-0.00026892,31583
-0.000372278,0.000274365,31599
8.61106e-05,-6.34626e-05,31607
-4.17827e-05,3.07934e-05,31611
1.99431e-05,-1.46979e-05,31613
-1.94375e-06,1.43252e-06,31614
-5.43847e-05,4.00809e-05,31647
6.72847e-05,-4.95881e-05,31663
-1.86424e-05,1.37392e-05,31671
1.10231e-05,-8.12389e-06,31675
-5.74633e-06,4.23499e-06,31677
5.12404e-07,-3.77636e-07,31678
-5.71342e-06,4.21073e-06,31695
9.10408e-06,-6.70961e-06,31703
-7.56296e-06,5.57382e-06,31707
4.88703e-06,-3.60169e-06,31709
-4.47181e-07,3.29568e-07,31710
-4.4824e-06,3.30349e-06,31719
4.69736e-06,-3.4619e-06,31723
-3.42877e-06,2.52697e-06,31725
3.25032e-07,-2.39546e-07,31726
-7.57412e-07,5.58205e-07,31731
6.7941e-07,-5.00719e-07,31733
-6.08354e-08,4.48345e-08,31734
-3.89424e-08,2.86999e-08,31737
3.19899e-08,-2.3575e-08,31738
-1.78943e-08,1.31878e-08,31740
6.08177e-07,-4.4822e-07,31871
-9.11817e-06,6.72e-06,31935
5.49108e-05,-4.04687e-05,31967
-5.56005e-05,4.0977e-05,31983
1.28152e-05,-9.44467e-06,31991
-6.31933e-06,4.65728e-06,31995
3.08775e-06,-2.27564e-06,31997
-3.04241e-07,2.2422e-07,31998
9.12374e-06,-6.72411e-06,32063
-6.62859e-05,4.8852e-05,32095
6.79409e-05,-5.00718e-05,32111
-1.58219e-05,1.16606e-05,32119
8.06788e-06,-5.94594e-06,32123
-4.0474e-06,2.98289e-06,32125
3.96486e-07,-2.92208e-07,32126
1.15395e-05,-8.50446e-06,32159
-1.44472e-05,1.06474e-05,32175
4.23582e-06,-3.12175e-06,32183
-3.2933e-06,2.42712e-06,32187
2.09501e-06,-1.544e-06,32189
-1.98579e-07,1.4635e-07,32190
1.41709e-06,-1.04438e-06,32207
-3.02095e-06,2.22641e-06,32215
6.0364e-06,-4.44876e-06,32219
-5.15115e-06,3.79634e-06,32221
5.12403e-07,-3.77638e-07,32222
1.74974e-06,-1.28954e-06,32231
-5.26818e-06,3.88259e-06,32235
4.77373e-06,-3.51819e-06,32237
-4.80595e-07,3.54191e-07,32238
7.83736e-07,-5.77607e-07,32243
-8.616e-07,6.34989e-07,32245
9.722e-08,-7.1652e-08,32246
6.22841e-08,-4.59059e-08,32249
-4.8483e-08,3.57289e-08,32250
2.71705e-08,-2.0026e-08,32252
-4.32956e-07,3.19083e-07,32319
5.33609e-06,-3.93264e-06,32351
-5.59617e-06,4.12432e-06,32367
1.38581e-06,-1.02132e-06,32375
-9.48958e-07,6.99374e-07,32379
5.93475e-07,-4.37383e-07,32381
-5.93829e-08,4.37646e-08,32382
-5.67019e-06,4.17887e-06,32415
7.14669e-06,-5.26704e-06,32431
-2.64772e-06,1.95134e-06,32439
4.57825e-06,-3.37412e-06,32443
-3.86889e-06,2.85133e-06,32445
3.96488e-07,-2.92208e-07,32446
-9.52163e-07,7.01734e-07,32463
4.69233e-06,-3.4582e-06,32471
-2.01429e-05,1.48451e-05,32475
1.8907e-05,-1.39343e-05,32477
-1.94375e-06,1.43252e-06,32478
-3.48088e-06,2.56537e-06,32487
1.95664e-05,-1.44203e-05,32491
-1.87126e-05,1.3791e-05,32493
1.92752e-06,-1.42057e-06,32494
-2.85633e-06,2.10509e-06,32499
3.29961e-06,-2.43178e-06,32501
-3.91585e-07,2.88595e-07,32502
-2.48872e-07,1.83415e-07,32505
1.92581e-07,-1.41933e-07,32506
-1.0781e-07,7.94513e-08,32508
3.01518e-06,-2.22216e-06,32543
-3.71644e-06,2.73897e-06,32559
1.5188e-06,-1.11934e-06,32567
-3.32536e-06,2.45076e-06,32571
2.93547e-06,-2.16341e-06,32573
-3.0424e-07,2.2422e-07,32574
5.93975e-07,-4.37756e-07,32591
-4.02462e-06,2.9661e-06,32599
1.93065e-05,-1.42287e-05,32603
-1.82785e-05,1.34711e-05,32605
1.88444e-06,-1.38881e-06,32606
3.15592e-06,-2.32589e-06,32615
-1.91307e-05,1.40992e-05,32619
1.83831e-05,-1.35481e-05,32621
-1.89751e-06,1.39845e-06,32622
2.79819e-06,-2.06224e-06,32627
-3.24876e-06,2.3943e-06,32629
3.87618e-07,-2.8567e-07,32630
2.47379e-07,-1.82318e-07,32633
-1.91575e-07,1.41189e-07,32634
1.0719e-07,-7.90009e-08,32636
-6.65445e-08,4.90393e-08,32655
5.59212e-07,-4.12134e-07,32663
-2.9287e-06,2.15842e-06,32667
2.77821e-06,-2.04751e-06,32669
-2.84954e-07,2.10005e-07,32670
-5.26923e-07,3.88336e-07,32679
3.49891e-06,-2.57866e-06,32683
-3.37108e-06,2.48445e-06,32685
3.46991e-07,-2.55732e-07,32686
-5.91432e-07,4.35879e-07,32691
6.93196e-07,-5.10878e-07,32693
-8.36704e-08,6.16624e-08,32694
-5.81295e-08,4.28402e-08,32697
4.57396e-08,-3.37113e-08,32698
-2.54982e-08,1.8791e-08,32700
-2.77188e-07,2.04286e-07,32715
2.73148e-07,-2.01306e-07,32717
-2.85279e-08,2.10237e-08,32718
2.81718e-07,-2.07623e-07,32723
-3.26602e-07,2.40702e-07,32725
3.91191e-08,-2.8831e-08,32726
2.77726e-08,-2.04683e-08,32729
-2.2336e-08,1.64609e-08,32730
1.24844e-08,-9.20162e-09,32732
-1.47644e-07,1.08812e-07,32739
1.65724e-07,-1.2214e-07,32741
-1.91204e-08,1.40897e-08,32742
-1.30693e-08,9.63036e-09,32745
1.07177e-08,-7.90114e-09,32746
-6.05009e-09,4.45512e-09,32748
1.36067e-09,-1.00204e-09,32753
-1.30524e-09,9.59786e-10,32754
7.80112e-10,-5.76618e-10,32756
-2.44891e-09,1.80318e-09,37887
5.2655e-08,-3.88075e-08,38399
-2.45494e-07,1.80926e-07,38655
4.21186e-07,-3.10408e-07,38783
-6.62139e-07,4.87988e-07,38847
2.39302e-06,-1.76363e-06,38879
-2.35907e-06,1.73861e-06,38895
5.56867e-07,-4.10406e-07,38903
-2.65115e-07,1.95388e-07,38907
1.24484e-07,-9.17443e-08,38909
-1.3068e-08,9.63041e-09,38910
-6.65017e-08,4.90107e-08,39423
3.9324e-07,-2.89813e-07,39679
-7.39875e-07,5.4528e-07,39807
1.31252e-06,-9.6731e-07,39871
-5.06326e-06,3.73157e-06,39903
5.0206e-06,-3.70013e-06,39919
-1.18253e-06,8.71506e-07,39927
5.64123e-07,-4.15752e-07,39931
-2.65114e-07,1.95387e-07,39933
2.77733e-08,-2.0467e-08,39934
-5.19064e-07,3.82544e-07,40191
1.07818e-06,-7.9461e-07,40319
-2.28599e-06,1.68475e-06,40383
1.04728e-05,-7.71834e-06,40415
-1.05112e-05,7.74664e-06,40431
2.46533e-06,-1.81693e-06,40439
-1.18253e-06,8.71508e-07,40443
5.56868e-07,-4.10406e-07,40445
-5.81293e-08,4.28416e-08,40446
-6.94531e-07,5.11862e-07,40575
8.25635e-06,-6.08484e-06,40639
-4.5081e-05,3.32242e-05,40671
4.54764e-05,-3.35157e-05,40687
-1.05112e-05,7.74664e-06,40695
5.0206e-06,-3.70013e-06,40699
-2.35907e-06,1.73861e-06,40701
2.47379e-07,-1.82316e-07,40702
-6.68135e-06,4.92409e-06,40767
4.41752e-05,-3.25566e-05,40799
-4.5081e-05,3.32242e-05,40815
1.04728e-05,-7.71834e-06,40823
-5.06325e-06,3.73157e-06,40827
2.39302e-06,-1.76363e-06,40829
-2.48871e-07,1.83417e-07,40830
-6.68135e-06,4.92408e-06,40863
8.25635e-06,-6.08485e-06,40879
-2.28599e-06,1.68475e-06,40887
1.31251e-06,-9.67309e-07,40891
-6.62139e-07,4.8799e-07,40893
6.22864e-08,-4.59059e-08,40894
-6.94531e-07,5.1186e-07,40911
1.07818e-06,-7.94608e-07,40919
-7.39872e-07,5.45278e-07,40923
4.21186e-07,-3.1041e-07,40925
-3.89436e-08,2.87002e-08,40926
-5.19065e-07,3.82545e-07,40935
3.9324e-07,-2.89813e-07,40939
-2.45493e-07,1.80926e-07,40941
2.33051e-08,-1.71744e-08,40942
-6.65019e-08,4.90123e-08,40947
5.26544e-08,-3.8806e-08,40949
-4.05003e-09,2.98462e-09,40950
2.24181e-09,-1.6528e-09,40954
-1.2425e-09,9.15453e-10,40956
1.12923e-08,-8.32313e-09,41983
-2.91197e-07,2.1461e-07,42495
1.82117e-06,-1.34218e-06,42751
-3.70236e-06,2.7286e-06,42879
7.27511e-06,-5.36168e-06,42943
-2.94265e-05,2.1687e-05,42975
2.93147e-05,-2.16047e-05,42991
-6.91568e-06,5.09678e-06,42999
3.3113e-06,-2.44039e-06,43003
-1.55695e-06,1.14746e-06,43005
1.65727e-07,-1.22137e-07,43006
4.7666e-07,-3.51293e-07,43519
-3.42819e-06,2.52653e-06,43775
7.10776e-06,-5.23834e-06,43903
-1.4218e-05,1.04785e-05,43967
5.8061e-05,-4.27903e-05,43999
-5.78817e-05,4.26583e-05,44015
1.36471e-05,-1.00577e-05,44023
-6.53532e-06,4.81647e-06,44027
3.07338e-06,-2.26505e-06,44029
-3.266e-07,2.40703e-07,44030
6.01628e-06,-4.43393e-06,44287
-1.23932e-05,9.13368e-06,44415
2.65062e-05,-1.95348e-05,44479
-0.000122433,9.02318e-05,44511
0.000123014,-9.06598e-05,44527
-2.89173e-05,2.13117e-05,44535
1.38991e-05,-1.02435e-05,44539
-6.54442e-06,4.82317e-06,44541
6.93195e-07,-5.10878e-07,44542
8.81128e-06,-6.49382e-06,44671
-0.000106182,7.82553e-05,44735
0.00058106,-0.000428235,44767
-0.000586344,0.00043213,44783
0.000135824,-0.000100101,44791
-6.49975e-05,4.79025e-05,44795
3.05403e-05,-2.25079e-05,44797
-3.24876e-06,2.3943e-06,44798
8.65339e-05,-6.37746e-05,44863
-0.000572927,0.000422241,44895
0.000584829,-0.000431013,44911
-0.000136194,0.000100374,44919
6.60643e-05,-4.86887e-05,44923
-3.12743e-05,2.30488e-05,44925
3.29961e-06,-2.43178e-06,44926
8.64608e-05,-6.37207e-05,44959
-0.000106919,7.87982e-05,44975
2.9758e-05,-2.19314e-05,44983
-1.74557e-05,1.28647e-05,44987
8.97829e-06,-6.6169e-06,44989
-8.61599e-07,6.34988e-07,44990
9.03979e-06,-6.66223e-06,45007
-1.43228e-05,1.05558e-05,45015
1.12337e-05,-8.2791e-06,45019
-7.01286e-06,5.1684e-06,45021
6.79409e-07,-5.00717e-07,45022
6.98699e-06,-5.14934e-06,45031
-6.66997e-06,4.9157e-06,45035
4.69734e-06,-3.46189e-06,45037
-4.70092e-07,3.46453e-07,45038
1.09855e-06,-8.0962e-07,45043
-9.57693e-07,7.0581e-07,45045
8.75188e-08,-6.45006e-08,45046
-4.61815e-08,3.40354e-08,45050
2.56318e-08,-1.88894e-08,45052
2.57327e-06,-1.89647e-06,45823
-5.47147e-06,4.03241e-06,45951
1.13957e-05,-8.3985e-06,46015
-4.82844e-05,3.55851e-05,46047
4.82771e-05,-3.55797e-05,46063
-1.13746e-05,8.38294e-06,46071
5.4514e-06,-4.01763e-06,46075
-2.56244e-06,1.88849e-06,46077
2.73149e-07,-2.01305e-07,46078
-2.98768e-05,2.20189e-05,46335
5.92016e-05,-4.3631e-05,46463
-0.000125811,9.27212e-05,46527
0.00058916,-0.000434205,46559
-0.000592884,0.00043695,46575
0.000139483,-0.000102798,46583
-6.71815e-05,4.95121e-05,46587
3.167e-05,-2.33405e-05,46589
-3.37107e-06,2.48445e-06,46590
-4.87582e-05,3.59343e-05,46719
0.000597468,-0.000440327,46783
-0.00326963,0.00240968,46815
0.00329967,-0.00243182,46831
-0.000764911,0.000563732,46839
0.000366111,-0.00026982,46843
-0.000171947,0.000126724,46845
1.83831e-05,-1.35481e-05,46846
-0.000489438,0.000360711,46911
0.00323346,-0.00238303,46943
-0.00330029,0.00243228,46959
0.00076909,-0.000566811,46967
-0.000373017,0.00027491,46971
0.000176459,-0.000130049,46973
-1.87126e-05,1.3791e-05,46974
-0.00048088,0.000354404,47007
0.000594674,-0.000438269,47023
-0.000165509,0.000121978,47031
9.66861e-05,-7.12566e-05,47035
-4.95142e-05,3.64915e-05,47037
4.77373e-06,-3.51819e-06,47038
-5.01112e-05,3.69314e-05,47055
7.87031e-05,-5.80034e-05,47063
-5.85718e-05,4.31668e-05,47067
3.5395e-05,-2.60857e-05,47069
-3.42877e-06,2.52697e-06,47070
-3.8117e-05,2.80919e-05,47079
3.31935e-05,-2.44632e-05,47083
-2.24589e-05,1.6552e-05,47085
2.25184e-06,-1.65959e-06,47086
-5.5624e-06,4.09943e-06,47091
4.69734e-06,-3.4619e-06,47093
-4.14595e-07,3.0555e-07,47094
2.20654e-07,-1.62618e-07,47098
-1.22021e-07,8.99292e-08,47100
2.53038e-05,-1.86487e-05,47359
-4.85337e-05,3.57689e-05,47487
0.000102106,-7.5251e-05,47551
-0.000482456,0.000355565,47583
0.000486033,-0.000358201,47599
-0.000114383,8.42991e-05,47607
5.52282e-05,-4.07026e-05,47611
-2.60955e-05,1.92321e-05,47613
2.77821e-06,-2.04751e-06,47614
4.71279e-05,-3.47328e-05,47743
-0.000588873,0.000433994,47807
0.00323578,-0.00238474,47839
-0.00326639,0.00240729,47855
0.000757307,-0.000558128,47863
-0.000363121,0.000267616,47867
0.000170877,-0.000125934,47869
-1.82785e-05,1.34711e-05,47870
0.000488077,-0.000359708,47935
-0.00323551,0.00238454,47967
0.00330333,-0.00243452,47983
-0.000770261,0.000567675,47991
0.000375031,-0.000276394,47995
-0.000178158,0.000131301,47997
1.8907e-05,-1.39343e-05,47998
0.000482353,-0.00035549,48031
-0.000597293,0.000440198,48047
0.000167151,-0.000123189,48055
-0.000100562,7.4113e-05,48059
5.29404e-05,-3.90165e-05,48061
-5.15115e-06,3.79634e-06,48062
5.08506e-05,-3.74764e-05,48079
-8.22787e-05,6.06385e-05,48087
7.28028e-05,-5.36549e-05,48091
-4.86875e-05,3.58822e-05,48093
4.88703e-06,-3.60169e-06,48094
4.06807e-05,-2.99813e-05,48103
-4.67448e-05,3.44504e-05,48107
3.5395e-05,-2.60857e-05,48109
-3.67521e-06,2.70859e-06,48110
7.5603e-06,-5.57186e-06,48115
-7.01286e-06,5.1684e-06,48117
7.08718e-07,-5.22317e-07,48118
-3.6463e-07,2.68727e-07,48122
2.01705e-07,-1.48653e-07,48124
-5.31208e-06,3.91495e-06,48255
7.96742e-05,-5.87191e-05,48319
-0.000479668,0.00035351,48351
0.000486038,-0.000358205,48367
-0.000112959,8.32499e-05,48375
5.60359e-05,-4.12979e-05,48379
-2.73493e-05,2.01561e-05,48381
2.93547e-06,-2.16341e-06,48382
-7.97234e-05,5.87553e-05,48447
0.000579006,-0.000426722,48479
-0.000593912,0.000437707,48495
0.000139551,-0.000102848,48503
-7.19386e-05,5.3018e-05,48507
3.62466e-05,-2.67134e-05,48509
-3.86889e-06,2.85133e-06,48510
-0.00010085,7.43254e-05,48543
0.000126425,-9.31742e-05,48559
-3.76737e-05,2.77651e-05,48567
3.08071e-05,-2.27045e-05,48571
-2.01817e-05,1.48737e-05,48573
2.09501e-06,-1.544e-06,48574
-1.25108e-05,9.22032e-06,48591
2.7882e-05,-2.05487e-05,48599
-6.06573e-05,4.47038e-05,48603
5.29404e-05,-3.90165e-05,48605
-5.74633e-06,4.23499e-06,48606
-1.64235e-05,1.2104e-05,48615
5.36796e-05,-3.95613e-05,48619
-4.95142e-05,3.64915e-05,48621
5.43358e-06,-4.00449e-06,48622
-8.03022e-06,5.91819e-06,48627
8.97829e-06,-6.6169e-06,48629
-1.11057e-06,8.18482e-07,48630
5.4788e-07,-4.03782e-07,48634
-3.02851e-07,2.23198e-07,48636
-3.28612e-05,2.42184e-05,48735
4.87798e-05,-3.59502e-05,48751
-1.22144e-05,9.00187e-06,48759
8.57082e-06,-6.31661e-06,48763
-5.44207e-06,4.01075e-06,48765
5.93472e-07,-4.37384e-07,48766
4.93836e-05,-3.63952e-05,48799
-6.23311e-05,4.59374e-05,48815
2.35657e-05,-1.73677e-05,48823
-4.22664e-05,3.11499e-05,48827
3.62466e-05,-2.67134e-05,48829
-4.0474e-06,2.98289e-06,48830
8.41666e-06,-6.20299e-06,48847
-4.27396e-05,3.14987e-05,48855
0.000187676,-0.000138315,48859
-0.000178158,0.000131301,48861
1.99431e-05,-1.46979e-05,48862
3.1847e-05,-2.34709e-05,48871
-0.000182512,0.000134509,48875
0.000176459,-0.000130049,48877
-1.97984e-05,1.45912e-05,48878
2.67852e-05,-1.97404e-05,48883
-3.12743e-05,2.30488e-05,48885
4.04853e-06,-2.98372e-06,48886
-1.97357e-06,1.4545e-06,48890
1.08843e-06,-8.02164e-07,48892
-2.62653e-05,1.93573e-05,48927
3.24173e-05,-2.38912e-05,48943
-1.35305e-05,9.97184e-06,48951
3.05779e-05,-2.25356e-05,48955
-2.73493e-05,2.01561e-05,48957
3.08775e-06,-2.27564e-06,48958
-5.2645e-06,3.87988e-06,48975
3.6553e-05,-2.69392e-05,48983
-0.000178522,0.000131569,48987
0.000170877,-0.000125934,48989
-1.91852e-05,1.41393e-05,48990
-2.87484e-05,2.11873e-05,48999
0.000177032,-0.000130471,49003
-0.000171947,0.000126724,49005
1.93364e-05,-1.42508e-05,49006
-2.60289e-05,1.9183e-05,49011
3.05403e-05,-2.25079e-05,49013
-3.97514e-06,2.92964e-06,49014
1.9481e-06,-1.43573e-06,49018
-1.07392e-06,7.91471e-07,49020
5.93976e-07,-4.37757e-07,49039
-5.10733e-06,3.76405e-06,49047
2.72118e-05,-2.00548e-05,49051
-2.60955e-05,1.92321e-05,49053
2.9152e-06,-2.14847e-06,49054
4.82538e-06,-3.55625e-06,49063
-3.25222e-05,2.39685e-05,49067
3.167e-05,-2.33405e-05,49069
-3.55189e-06,2.6177e-06,49070
5.52571e-06,-4.07239e-06,49075
-6.54442e-06,4.82317e-06,49077
8.61757e-07,-6.35107e-07,49078
-4.68859e-07,3.45541e-07,49082
2.57982e-07,-1.90131e-07,49084
-2.56244e-06,1.88849e-06,49101
2.9171e-07,-2.14988e-07,49102
-2.62374e-06,1.93367e-06,49107
3.07338e-06,-2.26505e-06,49109
-4.01636e-07,2.96e-07,49110
2.28878e-07,-1.6868e-07,49114
-1.26612e-07,9.33116e-08,49116
1.37298e-06,-1.01187e-06,49123
-1.55695e-06,1.14746e-06,49125
1.95942e-07,-1.44408e-07,49126
-1.09712e-07,8.0856e-08,49130
6.13988e-08,-4.52498e-08,49132
1.37557e-08,-1.01369e-08,49138
-8.266e-09,6.09072e-09,49140
-9.28919e-09,6.84651e-09,50175
2.29559e-07,-1.69182e-07,50687
-1.533e-06,1.1298e-06,50943
3.14662e-06,-2.31903e-06,51071
-6.28615e-06,4.63283e-06,51135
2.57827e-05,-1.90016e-05,51167
-2.57195e-05,1.8955e-05,51183
6.07595e-06,-4.47791e-06,51191
-2.91679e-06,2.14964e-06,51195
1.37298e-06,-1.01187e-06,51197
-1.47641e-07,1.08812e-07,51198
-3.80356e-07,2.80318e-07,51711
2.84264e-06,-2.095e-06,51967
-5.92242e-06,4.36476e-06,52095
1.19646e-05,-8.81776e-06,52159
-4.92763e-05,3.63161e-05,52191
4.91692e-05,-3.62372e-05,52207
-1.16109e-05,8.55708e-06,52215
5.57355e-06,-4.10765e-06,52219
-2.62374e-06,1.93367e-06,52221
2.81718e-07,-2.07622e-07,52222
-5.05839e-06,3.72799e-06,52479
1.04014e-05,-7.66574e-06,52607
-2.22547e-05,1.64015e-05,52671
0.000102909,-7.58429e-05,52703
-0.000103426,7.62237e-05,52719
2.43545e-05,-1.7949e-05,52727
-1.17281e-05,8.64351e-06,52731
5.52571e-06,-4.07239e-06,52733
-5.9143e-07,4.3588e-07,52734
-7.45561e-06,5.49471e-06,52863
9.0022e-05,-6.63453e-05,52927
-0.000492795,0.000363185,52959
0.000497364,-0.000366552,52975
-0.000115417,8.50608e-05,52983
5.5347e-05,-4.07901e-05,52987
-2.60289e-05,1.9183e-05,52989
2.79819e-06,-2.06224e-06,52990
-7.34497e-05,5.41317e-05,53055
0.000486414,-0.000358482,53087
-0.00049661,0.000365996,53103
0.000115881,-8.54034e-05,53111
-5.64236e-05,4.15836e-05,53115
2.67852e-05,-1.97404e-05,53117
-2.85633e-06,2.10509e-06,53118
-7.34218e-05,5.41111e-05,53151
9.0831e-05,-6.69415e-05,53167
-2.54028e-05,1.87216e-05,53175
1.52692e-05,-1.12533e-05,53179
-8.03022e-06,5.91819e-06,53181
7.83737e-07,-5.77605e-07,53182
-7.70752e-06,5.68036e-06,53199
1.24927e-05,-9.207e-06,53207
-1.12203e-05,8.26921e-06,53211
7.5603e-06,-5.57186e-06,53213
-7.57413e-07,5.58204e-07,53214
-6.18754e-06,4.56015e-06,53223
7.28659e-06,-5.37014e-06,53227
-5.5624e-06,4.09943e-06,53229
5.74618e-07,-4.23488e-07,53230
-1.17696e-06,8.67407e-07,53235
1.09855e-06,-8.0962e-07,53237
-1.10926e-07,8.17507e-08,53238
5.70855e-08,-4.20728e-08,53242
-3.16641e-08,2.33364e-08,53244
5.4514e-06,-4.01763e-06,54143
-1.13746e-05,8.38294e-06,54207
4.82771e-05,-3.55797e-05,54239
-4.82844e-05,3.55851e-05,54255
1.13957e-05,-8.3985e-06,54263
-5.47147e-06,4.03241e-06,54267
2.57327e-06,-1.89647e-06,54269
-2.77187e-07,2.04286e-07,54270
3.04861e-05,-2.2468e-05,54527
-6.03419e-05,4.44714e-05,54655
0.000128213,-9.4492e-05,54719
-0.000600636,0.000442663,54751
0.000604562,-0.000445556,54767
-0.000142504,0.000105024,54775
6.88497e-05,-5.07415e-05,54779
-3.25222e-05,2.39685e-05,54781
3.49891e-06,-2.57866e-06,54782
4.98829e-05,-3.67632e-05,54911
-0.000611667,0.000450792,54975
0.00334739,-0.00246699,55007
-0.00337872,0.00249008,55023
0.000784707,-0.000578321,55031
-0.000376481,0.000277463,55035
0.000177032,-0.000130471,55037
-1.91307e-05,1.40992e-05,55038
0.000501232,-0.000369403,55103
-0.00331125,0.00244036,55135
0.0033803,-0.00249125,55151
-0.000789412,0.000581789,55159
0.000384518,-0.000283386,55163
-0.000182512,0.000134509,55165
1.95664e-05,-1.44203e-05,55166
0.000492503,-0.000362969,55199
-0.000609294,0.000449044,55215
0.000170456,-0.000125625,55223
-0.000102271,7.5373e-05,55227
5.36796e-05,-3.95613e-05,55229
-5.26818e-06,3.88259e-06,55230
5.15129e-05,-3.79645e-05,55247
-8.27352e-05,6.0975e-05,55255
7.09587e-05,-5.22958e-05,55259
-4.67448e-05,3.44504e-05,55261
4.69735e-06,-3.4619e-06,55262
4.06677e-05,-2.99717e-05,55271
-4.44899e-05,3.27886e-05,55275
3.31935e-05,-2.44632e-05,55277
-3.44763e-06,2.54087e-06,55278
7.28659e-06,-5.37014e-06,55283
-6.66998e-06,4.9157e-06,55285
6.6408e-07,-4.89419e-07,55286
-3.42514e-07,2.5243e-07,55290
1.89473e-07,-1.39638e-07,55292
-2.61228e-05,1.92522e-05,55551
5.00575e-05,-3.68918e-05,55679
-0.000105291,7.75984e-05,55743
0.000497661,-0.000366771,55775
-0.000501462,0.000369572,55791
0.000118266,-8.7161e-05,55799
-5.73715e-05,4.22822e-05,55803
2.72118e-05,-2.00548e-05,55805
-2.9287e-06,2.15842e-06,55806
-4.87582e-05,3.59343e-05,55935
0.000609609,-0.000449276,55999
-0.00334981,0.00246877,56031
0.00338212,-0.00249259,56047
-0.000785792,0.00057912,56055
0.000378254,-0.00027877,56059
-0.000178522,0.000131569,56061
1.93065e-05,-1.42287e-05,56062
-0.000505426,0.000372494,56127
0.00335048,-0.00246927,56159
-0.00342146,0.00252158,56175
0.000799853,-0.000589483,56183
-0.000392356,0.000289163,56187
0.000187676,-0.000138315,56189
-2.01429e-05,1.48451e-05,56190
-0.00049978,0.000368333,56223
0.000619258,-0.000456387,56239
-0.000174761,0.000128797,56247
0.000110402,-8.13649e-05,56251
-6.06573e-05,4.47038e-05,56253
6.03639e-06,-4.44876e-06,56254
-5.30655e-05,3.91087e-05,56271
8.96528e-05,-6.60732e-05,56279
-9.87353e-05,7.27669e-05,56283
7.28028e-05,-5.36549e-05,56285
-7.56296e-06,5.57382e-06,56286
-4.56062e-05,3.36113e-05,56295
7.09587e-05,-5.22958e-05,56299
-5.85718e-05,4.31668e-05,56301
6.24591e-06,-4.60317e-06,56302
-1.12203e-05,8.26921e-06,56307
1.12337e-05,-8.2791e-06,56309
-1.24368e-06,9.16575e-07,56310
6.26041e-07,-4.61387e-07,56314
-3.46508e-07,2.55372e-07,56316
5.50384e-06,-4.05627e-06,56447
-8.26888e-05,6.09408e-05,56511
0.000498049,-0.000367057,56543
-0.000504915,0.000372117,56559
0.000118059,-8.70083e-05,56567
-6.05741e-05,4.46425e-05,56571
3.05779e-05,-2.25356e-05,56573
-3.32537e-06,2.45076e-06,56574
8.285e-05,-6.10596e-05,56639
-0.000601964,0.000443641,56671
0.000617903,-0.000455388,56687
-0.000146504,0.000107972,56695
7.97279e-05,-5.87586e-05,56699
-4.22664e-05,3.11499e-05,56701
4.57825e-06,-3.37412e-06,56702
0.000105474,-7.77335e-05,56735
-0.000132688,9.77895e-05,56751
4.1541e-05,-3.06153e-05,56759
-4.23441e-05,3.12072e-05,56763
3.08071e-05,-2.27045e-05,56765
-3.29329e-06,2.42712e-06,56766
1.37816e-05,-1.01569e-05,56783
-3.77866e-05,2.78483e-05,56791
0.000110402,-8.13649e-05,56795
-0.000100562,7.4113e-05,56797
1.10231e-05,-8.12389e-06,56798
2.41631e-05,-1.78079e-05,56807
-0.000102271,7.5373e-05,56811
9.66861e-05,-7.12566e-05,56813
-1.06631e-05,7.85857e-06,56814
1.52692e-05,-1.12533e-05,56819
-1.74557e-05,1.28647e-05,56821
2.19578e-06,-1.61827e-06,56822
-1.07874e-06,7.95017e-07,56826
5.9698e-07,-4.39968e-07,56828
-3.63444e-05,2.67854e-05,56943
1.35293e-05,-9.97097e-06,56951
-1.19993e-05,8.84334e-06,56955
8.57082e-06,-6.31661e-06,56957
-9.48962e-07,6.99373e-07,56958
-5.36453e-05,3.9536e-05,56991
6.91095e-05,-5.0933e-05,57007
-3.24295e-05,2.39002e-05,57015
7.97279e-05,-5.87586e-05,57019
-7.19386e-05,5.3018e-05,57021
8.06788e-06,-5.94594e-06,57022
-1.18669e-05,8.74581e-06,57039
8.08926e-05,-5.9617e-05,57047
-0.000392356,0.000289163,57051
0.000375031,-0.000276394,57053
-4.17827e-05,3.07934e-05,57054
-6.27938e-05,4.62784e-05,57063
0.000384518,-0.000283386,57067
-0.000373017,0.00027491,57069
4.16157e-05,-3.06703e-05,57070
-5.64236e-05,4.15836e-05,57075
6.60643e-05,-4.86887e-05,57077
-8.51274e-06,6.2738e-06,57078
4.15125e-06,-3.05943e-06,57082
-2.29475e-06,1.6912e-06,57084
2.90986e-05,-2.14454e-05,57119
-3.70168e-05,2.7281e-05,57135
2.03362e-05,-1.49876e-05,57143
-6.05741e-05,4.46425e-05,57147
5.60359e-05,-4.12979e-05,57149
-6.31933e-06,4.65728e-06,57150
8.41666e-06,-6.20299e-06,57167
-7.34097e-05,5.41022e-05,57175
0.000378254,-0.00027877,57179
-0.000363121,0.000267616,57181
4.05103e-05,-2.98557e-05,57182
5.90854e-05,-4.35453e-05,57191
-0.000376481,0.000277463,57195
0.000366111,-0.00026982,57197
-4.08908e-05,3.01361e-05,57198
5.5347e-05,-4.07901e-05,57203
-6.49975e-05,4.79025e-05,57205
8.40358e-06,-6.19335e-06,57206
-4.12149e-06,3.0375e-06,57210
2.27756e-06,-1.67854e-06,57212
-9.52163e-07,7.01733e-07,57231
1.01764e-05,-7.49987e-06,57239
-5.73715e-05,4.22822e-05,57243
5.52282e-05,-4.07026e-05,57245
-6.13707e-06,4.52296e-06,57246
-9.8592e-06,7.26613e-06,57255
6.88497e-05,-5.07415e-05,57259
-6.71815e-05,4.95121e-05,57261
7.49054e-06,-5.52045e-06,57262
-1.17281e-05,8.64351e-06,57267
1.38991e-05,-1.02435e-05,57269
-1.81839e-06,1.34013e-06,57270
9.89427e-07,-7.29197e-07,57274
-5.45523e-07,4.02044e-07,57276
-6.16496e-07,4.54352e-07,57294
5.57355e-06,-4.10765e-06,57299
-6.53532e-06,4.81647e-06,57301
8.48577e-07,-6.25394e-07,57302
-4.83647e-07,3.56441e-07,57306
2.67961e-07,-1.97483e-07,57308
-2.91679e-06,2.14964e-06,57315
3.3113e-06,-2.4404e-06,57317
-4.14154e-07,3.05228e-07,57318
2.31977e-07,-1.70963e-07,57322
-1.29968e-07,9.57827e-08,57324
-2.89455e-08,2.13314e-08,57330
1.73779e-08,-1.28065e-08,57332
1.28915e-06,-9.50089e-07,58303
-5.51485e-06,4.06439e-06,58335
5.52147e-06,-4.06927e-06,58351
-1.30842e-06,9.64291e-07,58359
6.40027e-07,-4.71693e-07,58363
-3.06859e-07,2.26151e-07,58365
3.34852e-08,-2.46769e-08,58366
-4.26415e-06,3.14263e-06,58623
8.29764e-06,-6.11528e-06,58751
-1.75474e-05,1.29322e-05,58815
8.25572e-05,-6.08438e-05,58847
-8.31805e-05,6.13032e-05,58863
1.97294e-05,-1.45404e-05,58871
-9.8592e-06,7.26613e-06,58875
4.82537e-06,-3.55625e-06,58877
-5.26925e-07,3.88337e-07,58878
-7.45561e-06,5.4947e-06,59007
9.22125e-05,-6.79597e-05,59071
-0.000505076,0.000372236,59103
0.000510107,-0.000375943,59119
-0.00011925,8.78861e-05,59127
5.90854e-05,-4.35453e-05,59131
-2.87484e-05,2.11873e-05,59133
3.15593e-06,-2.32588e-06,59134
-7.58974e-05,5.59356e-05,59199
0.000501543,-0.000369632,59231
-0.000512439,0.000377662,59247
0.000120959,-8.91454e-05,59255
-6.27938e-05,4.62784e-05,59259
3.1847e-05,-2.34709e-05,59261
-3.48088e-06,2.56537e-06,59262
-7.48094e-05,5.51338e-05,59295
9.2982e-05,-6.85268e-05,59311
-2.77439e-05,2.0447e-05,59319
2.41631e-05,-1.78079e-05,59323
-1.64235e-05,1.2104e-05,59325
1.74974e-06,-1.28954e-06,59326
-8.35659e-06,6.15872e-06,59343
1.8973e-05,-1.39829e-05,59351
-4.56062e-05,3.36113e-05,59355
4.06807e-05,-2.99813e-05,59357
-4.4824e-06,3.30349e-06,59358
-1.13102e-05,8.33553e-06,59367
4.06677e-05,-2.99717e-05,59371
-3.8117e-05,2.80919e-05,59373
4.23592e-06,-3.12183e-06,59374
-6.18754e-06,4.56016e-06,59379
6.98699e-06,-5.14934e-06,59381
-8.7593e-07,6.45554e-07,59382
4.29311e-07,-3.16397e-07,59386
-2.37209e-07,1.74821e-07,59388
4.42508e-06,-3.26124e-06,59647
-8.33318e-06,6.14146e-06,59775
1.74305e-05,-1.28461e-05,59839
-8.276e-05,6.09933e-05,59871
8.34956e-05,-6.15354e-05,59887
-1.98696e-05,1.46437e-05,59895
1.01764e-05,-7.49987e-06,59899
-5.10733e-06,3.76405e-06,59901
5.59212e-07,-4.12135e-07,59902
8.81127e-06,-6.49382e-06,60031
-0.000111158,8.19226e-05,60095
0.000611556,-0.00045071,60127
-0.000617973,0.00045544,60143
0.000144926,-0.000106809,60151
-7.34097e-05,5.41022e-05,60155
3.6553e-05,-2.69392e-05,60157
-4.02462e-06,2.9661e-06,60158
9.26319e-05,-6.82687e-05,60223
-0.000614546,0.000452914,60255
0.000628377,-0.000463108,60271
-0.000149271,0.000110011,60279
8.08926e-05,-5.9617e-05,60283
-4.27396e-05,3.14987e-05,60285
4.69233e-06,-3.4582e-06,60286
9.24461e-05,-6.81318e-05,60319
-0.000115388,8.50397e-05,60335
3.60074e-05,-2.65371e-05,60343
-3.77866e-05,2.78483e-05,60347
2.7882e-05,-2.05487e-05,60349
-3.02095e-06,2.22641e-06,60350
1.08987e-05,-8.03224e-06,60367
-2.97018e-05,2.18899e-05,60375
8.96528e-05,-6.60732e-05,60379
-8.22787e-05,6.06385e-05,60381
9.10408e-06,-6.70962e-06,60382
1.8973e-05,-1.39829e-05,60391
-8.27352e-05,6.0975e-05,60395
7.87031e-05,-5.80034e-05,60397
-8.75618e-06,6.45322e-06,60398
1.24927e-05,-9.207e-06,60403
-1.43228e-05,1.05558e-05,60405
1.81552e-06,-1.33802e-06,60406
-8.88045e-07,6.54482e-07,60410
4.9093e-07,-3.6181e-07,60412
-1.15796e-06,8.53406e-07,60543
1.76278e-05,-1.29915e-05,60607
-0.000106641,7.85933e-05,60639
0.000108675,-8.00926e-05,60655
-2.71303e-05,1.99947e-05,60663
2.03362e-05,-1.49876e-05,60667
-1.35305e-05,9.97184e-06,60669
1.5188e-06,-1.11934e-06,60670
-1.78821e-05,1.31789e-05,60735
0.000130447,-9.61381e-05,60767
-0.000134988,9.94847e-05,60783
3.54493e-05,-2.61258e-05,60791
-3.24295e-05,2.39002e-05,60795
2.35657e-05,-1.73677e-05,60797
-2.64773e-06,1.95135e-06,60798
-2.46485e-05,1.81657e-05,60831
3.2376e-05,-2.38608e-05,60847
-1.619e-05,1.19318e-05,60855
4.1541e-05,-3.06153e-05,60859
-3.76737e-05,2.77651e-05,60861
4.23582e-06,-3.12176e-06,60862
-5.39033e-06,3.97262e-06,60879
3.60074e-05,-2.65371e-05,60887
-0.000174761,0.000128797,60891
0.000167151,-0.000123189,60893
-1.86424e-05,1.37392e-05,60894
-2.77439e-05,2.0447e-05,60903
0.000170456,-0.000125625,60907
-0.000165509,0.000121978,60909
1.84838e-05,-1.36223e-05,60910
-2.54028e-05,1.87216e-05,60915
2.9758e-05,-2.19314e-05,60917
-3.83723e-06,2.828e-06,60918
1.87543e-06,-1.38217e-06,60922
-1.03686e-06,7.64152e-07,60924
-4.09905e-06,3.02095e-06,61047
1.35293e-05,-9.97097e-06,61051
-1.22144e-05,9.00187e-06,61053
1.3858e-06,-1.02132e-06,61054
1.98516e-05,-1.46304e-05,61087
-3.03207e-05,2.2346e-05,61103
3.54493e-05,-2.61258e-05,61111
-0.000146504,0.000107972,61115
0.000139551,-0.000102848,61117
-1.58219e-05,1.16606e-05,61118
1.37816e-05,-1.01569e-05,61135
-0.000149271,0.000110011,61143
0.000799853,-0.000589483,61147
-0.000770261,0.000567675,61149
8.61106e-05,-6.34626e-05,61150
0.000120959,-8.91454e-05,61159
-0.000789412,0.000581789,61163
0.00076909,-0.000566811,61165
-8.60417e-05,6.34118e-05,61166
0.000115881,-8.54034e-05,61171
-0.000136194,0.000100374,61173
1.76191e-05,-1.29851e-05,61174
-8.58439e-06,6.32661e-06,61178
4.74522e-06,-3.49718e-06,61180
-1.2773e-05,9.41357e-06,61215
1.99649e-05,-1.47139e-05,61231
-2.71303e-05,1.99947e-05,61239
0.000118059,-8.70083e-05,61243
-0.000112959,8.32499e-05,61245
1.28152e-05,-9.44468e-06,61246
-1.25108e-05,9.22033e-06,61263
0.000144926,-0.000106809,61271
-0.000785792,0.00057912,61275
0.000757307,-0.000558128,61277
-8.46646e-05,6.23969e-05,61278
-0.00011925,8.78862e-05,61287
0.000784707,-0.000578321,61291
-0.000764911,0.000563732,61293
8.55881e-05,-6.30776e-05,61294
-0.000115417,8.50608e-05,61299
0.000135824,-0.000100101,61301
-1.75994e-05,1.29706e-05,61302
8.62741e-06,-6.35832e-06,61306
-4.76795e-06,3.51393e-06,61308
1.41709e-06,-1.04438e-06,61327
-1.98696e-05,1.46437e-05,61335
0.000118266,-8.7161e-05,61339
-0.000114383,8.42991e-05,61341
1.2749e-05,-9.39591e-06,61342
1.97294e-05,-1.45404e-05,61351
-0.000142504,0.000105024,61355
0.000139483,-0.000102798,61357
-1.55933e-05,1.14921e-05,61358
2.43545e-05,-1.7949e-05,61363
-2.89173e-05,2.13117e-05,61365
3.79255e-06,-2.79507e-06,61366
-2.06301e-06,1.52041e-06,61370
1.13741e-06,-8.38262e-07,61372
-1.16109e-05,8.55709e-06,61395
1.36471e-05,-1.00577e-05,61397
-1.77703e-06,1.30965e-06,61398
1.01459e-06,-7.47743e-07,61402
-5.62212e-07,4.14342e-07,61404
6.07595e-06,-4.47792e-06,61411
-6.91568e-06,5.09678e-06,61413
8.6776e-07,-6.39531e-07,61414
-4.88022e-07,3.59665e-07,61418
2.73498e-07,-2.01564e-07,61420
6.07024e-08,-4.47383e-08,61426
-3.64673e-08,2.68742e-08,61428
-9.54087e-07,7.03151e-07,62415
1.08987e-05,-8.03224e-06,62423
-5.30655e-05,3.91087e-05,62427
5.08506e-05,-3.74764e-05,62429
-5.71342e-06,4.21073e-06,62430
-8.35659e-06,6.15872e-06,62439
5.15129e-05,-3.79645e-05,62443
-5.01112e-05,3.69314e-05,62445
5.63772e-06,-4.15494e-06,62446
-7.70752e-06,5.68036e-06,62451
9.03979e-06,-6.66223e-06,62453
-1.17383e-06,8.65104e-07,62454
5.71989e-07,-4.21547e-07,62458
-3.15726e-07,2.32689e-07,62460
5.84768e-07,-4.30968e-07,62591
-8.87397e-06,6.54002e-06,62655
5.3561e-05,-3.94739e-05,62687
-5.63327e-05,4.15166e-05,62703
1.99649e-05,-1.47139e-05,62711
-3.70168e-05,2.7281e-05,62715
3.24173e-05,-2.38912e-05,62717
-3.71644e-06,2.73897e-06,62718
9.09597e-06,-6.70363e-06,62783
-6.61701e-05,4.87667e-05,62815
7.1849e-05,-5.2952e-05,62831
-3.03206e-05,2.2346e-05,62839
6.91095e-05,-5.0933e-05,62843
-6.23311e-05,4.59374e-05,62845
7.14669e-06,-5.26703e-06,62846
1.7569e-05,-1.29482e-05,62879
-2.73306e-05,2.01424e-05,62895
3.2376e-05,-2.38608e-05,62903
-0.000132688,9.77895e-05,62907
0.000126425,-9.31742e-05,62909
-1.44472e-05,1.06474e-05,62910
-0.000115388,8.50397e-05,62935
0.000619258,-0.000456387,62939
-0.000597293,0.000440198,62941
6.72847e-05,-4.95881e-05,62942
9.2982e-05,-6.85268e-05,62951
-0.000609294,0.000449044,62955
0.000594674,-0.000438269,62957
-6.7041e-05,4.94085e-05,62958
9.0831e-05,-6.69415e-05,62963
-0.000106919,7.87982e-05,62965
1.39415e-05,-1.02748e-05,62966
-6.80384e-06,5.01436e-06,62970
3.75421e-06,-2.76681e-06,62972
-3.63444e-05,2.67854e-05,63099
4.87798e-05,-3.59502e-05,63101
-5.59617e-06,4.12432e-06,63102
-3.8609e-05,2.84544e-05,63135
7.1849e-05,-5.2952e-05,63151
-0.000134988,9.94847e-05,63159
0.000617903,-0.000455388,63163
-0.000593912,0.000437707,63165
6.79409e-05,-5.00718e-05,63166
0.000628377,-0.000463108,63191
-0.00342146,0.00252158,63195
0.00330333,-0.00243452,63197
-0.000372278,0.000274365,63198
-0.000512439,0.000377662,63207
0.0033803,-0.00249125,63211
-0.00330029,0.00243228,63213
0.000372194,-0.000274303,63214
-0.00049661,0.000365996,63219
0.000584829,-0.000431013,63221
-7.62867e-05,5.62225e-05,63222
3.71189e-05,-2.73563e-05,63226
-2.0481e-05,1.50943e-05,63228
3.05773e-05,-2.25352e-05,63263
-5.63327e-05,4.15166e-05,63279
0.000108675,-8.00926e-05,63287
-0.000504915,0.000372117,63291
0.000486038,-0.000358205,63293
-5.56005e-05,4.0977e-05,63294
-0.000617973,0.00045544,63319
0.00338212,-0.00249259,63323
-0.00326639,0.00240729,63325
0.000368053,-0.000271252,63326
0.000510107,-0.000375943,63335
-0.00337872,0.00249008,63339
0.00329967,-0.00243182,63341
-0.000372128,0.000274255,63342
0.000497364,-0.000366552,63347
-0.000586344,0.00043213,63349
7.65869e-05,-5.64437e-05,63350
-3.74957e-05,2.7634e-05,63354
2.06853e-05,-1.52448e-05,63356
8.34956e-05,-6.15354e-05,63383
-0.000501462,0.000369572,63387
0.000486033,-0.000358201,63389
-5.46056e-05,4.02438e-05,63390
-8.31805e-05,6.13032e-05,63399
0.000604562,-0.000445556,63403
-0.000592884,0.00043695,63405
6.68107e-05,-4.92388e-05,63406
-0.000103426,7.62237e-05,63411
0.000123014,-9.06598e-05,63413
-1.62638e-05,1.19862e-05,63414
8.8405e-06,-6.51536e-06,63418
-4.86685e-06,3.58681e-06,63420
4.91692e-05,-3.62372e-05,63443
-5.78817e-05,4.26583e-05,63445
7.59547e-06,-5.59778e-06,63446
-4.32981e-06,3.19103e-06,63450
2.39714e-06,-1.76667e-06,63452
-2.57195e-05,1.8955e-05,63459
2.93147e-05,-2.16047e-05,63461
-3.70588e-06,2.73119e-06,63462
2.07767e-06,-1.53122e-06,63466
-1.16407e-06,8.57909e-07,63468
-2.60249e-07,1.91799e-07,63474
1.56571e-07,-1.15393e-07,63476
-3.25303e-07,2.39744e-07,63615
4.78207e-06,-3.52433e-06,63679
-2.85461e-05,2.10382e-05,63711
3.05773e-05,-2.25352e-05,63727
-1.2773e-05,9.41357e-06,63735
2.90986e-05,-2.14454e-05,63739
-2.62653e-05,1.93573e-05,63741
3.01518e-06,-2.22216e-06,63742
-4.80787e-06,3.54335e-06,63807
3.45941e-05,-2.54955e-05,63839
-3.8609e-05,2.84544e-05,63855
1.98516e-05,-1.46304e-05,63863
-5.36453e-05,3.9536e-05,63867
4.93836e-05,-3.63952e-05,63869
-5.67019e-06,4.17887e-06,63870
-1.06509e-05,7.8496e-06,63903
1.7569e-05,-1.29482e-05,63919
-2.46485e-05,1.81657e-05,63927
0.000105474,-7.77335e-05,63931
-0.00010085,7.43254e-05,63933
1.15395e-05,-8.50446e-06,63934
9.24461e-05,-6.81318e-05,63959
-0.00049978,0.000368333,63963
0.000482353,-0.00035549,63965
-5.43847e-05,4.00809e-05,63966
-7.48094e-05,5.51338e-05,63975
0.000492503,-0.000362969,63979
-0.00048088,0.000354404,63981
5.42586e-05,-3.99881e-05,63982
-7.34218e-05,5.41111e-05,63987
8.64608e-05,-6.37207e-05,63989
-1.12854e-05,8.31724e-06,63990
5.509e-06,-4.06007e-06,63994
-3.03923e-06,2.23988e-06,63996
-3.28612e-05,2.42184e-05,64125
5.33609e-06,-3.93264e-06,64126
3.45941e-05,-2.54955e-05,64159
-6.61701e-05,4.87667e-05,64175
0.000130447,-9.61381e-05,64183
-0.000601964,0.000443641,64187
0.000579006,-0.000426722,64189
-6.62859e-05,4.8852e-05,64190
-0.000614546,0.000452914,64215
0.00335048,-0.00246927,64219
-0.00323551,0.00238454,64221
0.000364889,-0.00026892,64222
0.000501543,-0.000369632,64231
-0.00331125,0.00244036,64235
0.00323346,-0.00238303,64237
-0.000364912,0.000268937,64238
0.000486414,-0.000358482,64243
-0.000572927,0.000422241,64245
7.479e-05,-5.51194e-05,64246
-3.63898e-05,2.68189e-05,64250
2.00759e-05,-1.47957e-05,64252
-2.85461e-05,2.10382e-05,64287
5.3561e-05,-3.94739e-05,64303
-0.000106641,7.85933e-05,64311
0.000498049,-0.000367057,64315
-0.000479668,0.00035351,64317
5.49108e-05,-4.04687e-05,64318
0.000611556,-0.00045071,64343
-0.00334981,0.00246877,64347
0.00323578,-0.00238474,64349
-0.000364853,0.000268893,64350
-0.000505076,0.000372236,64359
0.00334739,-0.00246699,64363
-0.00326963,0.00240968,64365
0.000368994,-0.000271945,64366
-0.000492795,0.000363185,64371
0.00058106,-0.000428235,64373
-7.59537e-05,5.59771e-05,64374
3.71904e-05,-2.74089e-05,64378
-2.05148e-05,1.51192e-05,64380
-8.276e-05,6.09933e-05,64407
0.000497661,-0.000366771,64411
-0.000482456,0.000355565,64413
5.42419e-05,-3.99757e-05,64414
8.25572e-05,-6.08438e-05,64423
-0.000600636,0.000442663,64427
0.00058916,-0.000434205,64429
-6.644e-05,4.89656e-05,64430
0.000102909,-7.58429e-05,64435
-0.000122433,9.02318e-05,64437
1.62042e-05,-1.19423e-05,64438
-8.8244e-06,6.50349e-06,64442
4.86023e-06,-3.58194e-06,64444
-4.92763e-05,3.63161e-05,64467
5.8061e-05,-4.27903e-05,64469
-7.64116e-06,5.63145e-06,64470
4.41515e-06,-3.25392e-06,64474
-2.45659e-06,1.81048e-06,64476
2.57827e-05,-1.90016e-05,64483
-2.94265e-05,2.1687e-05,64485
3.73601e-06,-2.7534e-06,64486
-2.15328e-06,1.58694e-06,64490
1.21854e-06,-8.98054e-07,64492
2.68213e-07,-1.97672e-07,64498
-1.64033e-07,1.20891e-07,64500
-4.32956e-07,3.19081e-07,64638
-4.80787e-06,3.54335e-06,64671
9.09597e-06,-6.70363e-06,64687
-1.78821e-05,1.31789e-05,64695
8.285e-05,-6.10596e-05,64699
-7.97234e-05,5.87553e-05,64701
9.12375e-06,-6.7241e-06,64702
9.26319e-05,-6.82687e-05,64727
-0.000505426,0.000372494,64731
0.000488077,-0.000359708,64733
-5.50263e-05,4.05538e-05,64734
-7.58974e-05,5.59356e-05,64743
0.000501232,-0.000369403,64747
-0.000489438,0.000360711,64749
5.52216e-05,-4.06978e-05,64750
-7.34497e-05,5.41317e-05,64755
8.65339e-05,-6.37746e-05,64757
-1.12988e-05,8.32712e-06,64758
5.51088e-06,-4.06146e-06,64762
-3.0423e-06,2.24214e-06,64764
4.78207e-06,-3.52433e-06,64799
-8.87397e-06,6.54002e-06,64815
1.76278e-05,-1.29915e-05,64823
-8.26888e-05,6.09408e-05,64827
7.96742e-05,-5.87191e-05,64829
-9.11817e-06,6.72e-06,64830
-0.000111158,8.19226e-05,64855
0.000609609,-0.000449276,64859
-0.000588873,0.000433994,64861
6.63794e-05,-4.89209e-05,64862
9.22125e-05,-6.79597e-05,64871
-0.000611667,0.000450792,64875
0.000597468,-0.000440327,64877
-6.74135e-05,4.96831e-05,64878
9.0022e-05,-6.63453e-05,64883
-0.000106182,7.82553e-05,64885
1.38874e-05,-1.02349e-05,64886
-6.82765e-06,5.0319e-06,64890
3.77028e-06,-2.77866e-06,64892
1.74305e-05,-1.28461e-05,64919
-0.000105291,7.75984e-05,64923
0.000102106,-7.5251e-05,64925
-1.14791e-05,8.45996e-06,64926
-1.75474e-05,1.29322e-05,64935
0.000128213,-9.4492e-05,64939
-0.000125811,9.27212e-05,64941
1.41916e-05,-1.04591e-05,64942
-2.22547e-05,1.64015e-05,64947
2.65062e-05,-1.95348e-05,64949
-3.5209e-06,2.59487e-06,64950
1.95985e-06,-1.44439e-06,64954
-1.08831e-06,8.02076e-07,64956
1.19646e-05,-8.81776e-06,64979
-1.4218e-05,1.04785e-05,64981
1.92021e-06,-1.41518e-06,64982
-1.29338e-06,9.53203e-07,64986
7.60791e-07,-5.60692e-07,64988
-6.28615e-06,4.63283e-06,64995
7.27511e-06,-5.36168e-06,64997
-9.63827e-07,7.10331e-07,64998
7.39811e-07,-5.45234e-07,65002
-4.58638e-07,3.38011e-07,65004
-8.74301e-08,6.44335e-08,65010
6.20964e-08,-4.57666e-08,65012
-8.33318e-06,6.14147e-06,65175
5.00575e-05,-3.68918e-05,65179
-4.85337e-05,3.57689e-05,65181
5.46587e-06,-4.02829e-06,65182
8.29765e-06,-6.11528e-06,65191
-6.03419e-05,4.44714e-05,65195
5.92016e-05,-4.36309e-05,65197
-6.69337e-06,4.93295e-06,65198
1.04014e-05,-7.66574e-06,65203
-1.23932e-05,9.13368e-06,65205
1.67057e-06,-1.23119e-06,65206
-1.02308e-06,7.53996e-07,65210
5.97962e-07,-4.40692e-07,65212
-5.92242e-06,4.36476e-06,65235
7.10776e-06,-5.23834e-06,65237
-1.0845e-06,7.99261e-07,65238
1.28093e-06,-9.4403e-07,65242
-9.02229e-07,6.64933e-07,65244
3.14662e-06,-2.31902e-06,65251
-3.70236e-06,2.7286e-06,65253
5.92465e-07,-4.36638e-07,65254
-1.00343e-06,7.39517e-07,65258
7.54208e-07,-5.55843e-07,65260
1.27525e-07,-9.39847e-08,65266
-1.15846e-07,8.53772e-08,65268
4.42508e-06,-3.26124e-06,65303
-2.61228e-05,1.92522e-05,65307
2.53038e-05,-1.86487e-05,65309
-2.85385e-06,2.10325e-06,65310
-4.26415e-06,3.14263e-06,65319
3.04861e-05,-2.2468e-05,65323
-2.98768e-05,2.20189e-05,65325
3.38241e-06,-2.4928e-06,65326
-5.0584e-06,3.72798e-06,65331
6.01628e-06,-4.43393e-06,65333
-8.17202e-07,6.0227e-07,65334
5.27613e-07,-3.88847e-07,65338
-3.18696e-07,2.34875e-07,65340
2.84264e-06,-2.095e-06,65363
-3.42818e-06,2.52654e-06,65365
5.88452e-07,-4.33682e-07,65366
-9.62914e-07,7.09659e-07,65370
7.22336e-07,-5.32354e-07,65372
-1.533e-06,1.1298e-06,65379
1.82117e-06,-1.34218e-06,65381
-3.45601e-07,2.54706e-07,65382
8.37696e-07,-6.17374e-07,65386
-6.59722e-07,4.86208e-07,65388
-1.09633e-07,8.07989e-08,65394
1.0471e-07,-7.71691e-08,65396
-3.80356e-07,2.80318e-07,65427
4.7666e-07,-3.51292e-07,65429
-8.43411e-08,6.21584e-08,65430
1.52982e-07,-1.12745e-07,65434
-1.1349e-07,8.36417e-08,65436
2.2956e-07,-1.69182e-07,65443
-2.91197e-07,2.1461e-07,65445
5.86583e-08,-4.32285e-08,65446
-1.60927e-07,1.18602e-07,65450
1.25126e-07,-9.22167e-08,65452
2.25294e-08,-1.66033e-08,65458
-2.19751e-08,1.6195e-08,65460
-1.09698e-08,8.08441e-09,65490
1.04868e-08,-7.72757e-09,65492
5.8383e-09,-4.30316e-09,65506
-5.39768e-09,3.97762e-09,65508
2.74513e-07,-2.02311e-07,75263
-1.76103e-06,1.29786e-06,75519
3.55092e-06,-2.61699e-06,75647
-6.95314e-06,5.12439e-06,75711
2.82205e-05,-2.07982e-05,75743
-2.81846e-05,2.07718e-05,75759
6.83984e-06,-5.04089e-06,75767
-3.38884e-06,2.49754e-06,75771
1.63296e-06,-1.20347e-06,75773
-2.15854e-07,1.59082e-07,75774
-4.47854e-07,3.30063e-07,76287
3.27076e-06,-2.41052e-06,76543
-6.7362e-06,4.96451e-06,76671
1.34324e-05,-9.89957e-06,76735
-5.49361e-05,4.04874e-05,76767
5.4892e-05,-4.04549e-05,76783
-1.33025e-05,9.80384e-06,76791
6.58601e-06,-4.85382e-06,76795
-3.17328e-06,2.33867e-06,76797
4.17165e-07,-3.07444e-07,76798
-5.68507e-06,4.18984e-06,77055
1.16952e-05,-8.61922e-06,77183
-2.50047e-05,1.84282e-05,77247
0.000115418,-8.50619e-05,77279
-0.000116203,8.56406e-05,77295
2.80674e-05,-2.06854e-05,77303
-1.39266e-05,1.02638e-05,77307
6.70882e-06,-4.94433e-06,77309
-8.7796e-07,6.47047e-07,77310
0.000100535,-7.40935e-05,77503
-0.000549587,0.00040504,77535
0.000555722,-0.000409562,77551
-0.000132348,9.75387e-05,77559
6.54675e-05,-4.82489e-05,77563
-3.15161e-05,2.3227e-05,77565
4.149e-06,-3.05777e-06,77566
-8.19839e-05,6.04213e-05,77631
0.000542169,-0.000399573,77663
-0.000554652,0.000408773,77679
0.000133066,-9.80686e-05,77687
-6.7724e-05,4.99119e-05,77691
3.33949e-05,-2.46117e-05,77693
-4.3638e-06,3.21607e-06,77694
-8.20172e-05,6.04458e-05,77727
0.000101834,-7.50506e-05,77743
-2.99245e-05,2.2054e-05,77751
2.16542e-05,-1.59589e-05,77755
-1.32142e-05,9.73872e-06,77757
1.62808e-06,-1.19988e-06,77758
1.69896e-05,-1.25211e-05,77783
-2.80709e-05,2.06879e-05,77787
2.36879e-05,-1.74578e-05,77789
-3.02865e-06,2.23209e-06,77790
-9.20074e-06,6.78085e-06,77799
2.30216e-05,-1.69667e-05,77803
-2.10524e-05,1.55154e-05,77805
2.7316e-06,-2.01316e-06,77806
-3.59737e-06,2.65123e-06,77811
3.96688e-06,-2.92355e-06,77813
-5.6676e-07,4.17696e-07,77814
-1.46799e-07,1.08189e-07,77820
3.06572e-05,-2.25941e-05,79103
-6.07302e-05,4.47575e-05,79231
0.000129115,-9.51561e-05,79295
-0.000604018,0.000445155,79327
0.000609323,-0.000449065,79343
-0.000148023,0.000109092,79351
7.4535e-05,-5.49315e-05,79355
-3.63657e-05,2.68012e-05,79357
4.8721e-06,-3.59068e-06,79358
-0.00061387,0.000452416,79551
0.00335496,-0.00247257,79583
-0.00339389,0.00250126,79599
0.000812046,-0.00059847,79607
-0.000403653,0.000297488,79611
0.00019474,-0.000143521,79613
-2.62272e-05,1.93292e-05,79614
0.000503037,-0.000370733,79679
-0.00331851,0.00244571,79711
0.00339583,-0.00250269,79727
-0.000818799,0.000603446,79735
0.000419951,-0.000309499,79739
-0.000208191,0.000153434,79741
2.7841e-05,-2.05186e-05,79742
0.000494914,-0.000364746,79775
-0.00061496,0.000453219,79791
0.000182304,-0.000134356,79799
-0.000135801,0.000100084,79803
8.44523e-05,-6.22404e-05,79805
-1.07148e-05,7.89671e-06,79806
-0.000103315,7.61423e-05,79831
0.000173815,-0.0001281,79835
-0.000147524,0.000108724,79837
1.94811e-05,-1.43574e-05,79838
5.5908e-05,-4.12036e-05,79847
-0.000142022,0.000104669,79851
0.00013042,-9.61185e-05,79853
-1.74943e-05,1.28931e-05,79854
2.23274e-05,-1.6455e-05,79859
-2.47148e-05,1.82146e-05,79861
3.65721e-06,-2.69532e-06,79862
9.34427e-07,-6.88665e-07,79868
-2.60517e-05,1.91998e-05,80127
4.99599e-05,-3.68199e-05,80255
-0.000105153,7.74969e-05,80319
0.000496338,-0.000365796,80351
-0.000501316,0.000369465,80367
0.000122074,-8.99672e-05,80375
-6.25154e-05,4.60732e-05,80379
3.10565e-05,-2.28883e-05,80381
-4.1695e-06,3.07288e-06,80382
0.000606942,-0.00044731,80575
-0.00333044,0.0024545,80607
0.00337054,-0.00248406,80623
-0.00080831,0.000595716,80631
0.000408134,-0.000300791,80635
-0.000200361,0.000147664,80637
2.70504e-05,-1.99359e-05,80638
-0.000503265,0.000370901,80703
0.00333116,-0.00245503,80735
-0.00341078,0.00251371,80751
0.000826225,-0.00060892,80759
-0.000437499,0.000322432,80763
0.000224275,-0.000165288,80765
-3.01007e-05,2.21839e-05,80766
-0.000499274,0.00036796,80799
0.000622418,-0.000458715,80815
-0.000190848,0.000140653,80823
0.000169163,-0.000124671,80827
-0.000116636,8.59599e-05,80829
1.51497e-05,-1.11652e-05,80830
0.000128999,-9.50709e-05,80855
-0.00030892,0.000227671,80859
0.000280035,-0.000206383,80861
-3.74917e-05,2.7631e-05,80862
-7.61532e-05,5.61241e-05,80871
0.000273476,-0.000201549,80875
-0.000261023,0.000192371,80877
3.52785e-05,-2.59999e-05,80878
-4.21356e-05,3.10535e-05,80883
4.84642e-05,-3.57176e-05,80885
-7.40512e-06,5.4575e-06,80886
-1.88289e-06,1.38767e-06,80892
-8.2177e-05,6.05636e-05,81087
0.00049404,-0.000364102,81119
-0.000503176,0.000370835,81135
0.000125299,-9.23441e-05,81143
-8.26571e-05,6.09175e-05,81147
5.11788e-05,-3.77182e-05,81149
-7.00486e-06,5.16251e-06,81150
8.24232e-05,-6.0745e-05,81215
-0.000597617,0.000440437,81247
0.000617363,-0.00045499,81263
-0.000159526,0.000117569,81271
0.000124569,-9.18064e-05,81275
-8.49289e-05,6.25917e-05,81277
1.16156e-05,-8.56059e-06,81278
0.000108532,-7.99872e-05,81311
-0.000140394,0.000103469,81327
6.14456e-05,-4.52848e-05,81335
-0.000133142,9.81245e-05,81339
0.000119977,-8.84215e-05,81341
-1.64082e-05,1.20926e-05,81342
-0.000112706,8.30631e-05,81367
0.000526203,-0.000387806,81371
-0.000512228,0.000377507,81373
6.97961e-05,-5.1439e-05,81374
8.477e-05,-6.24747e-05,81383
-0.000510735,0.000376407,81387
0.000505753,-0.000372735,81389
-6.91102e-05,5.09335e-05,81390
7.68783e-05,-5.66585e-05,81395
-9.18772e-05,6.77126e-05,81397
1.45239e-05,-1.07039e-05,81398
3.68093e-06,-2.71281e-06,81404
-4.82634e-05,3.55696e-05,81567
9.88753e-05,-7.28701e-05,81583
-9.77691e-05,7.20548e-05,81591
0.000390134,-0.000287525,81595
-0.000378413,0.000278886,81597
5.27002e-05,-3.88395e-05,81598
0.000388629,-0.000286415,81623
-0.00210717,0.00155296,81627
0.00207401,-0.00152852,81629
-0.000285152,0.000210154,81630
-0.000314466,0.000231758,81639
0.00207981,-0.0015328,81643
-0.00207127,0.0015265,81645
0.000285314,-0.000210274,81646
-0.000308201,0.000227141,81651
0.000370373,-0.000272961,81653
-5.91782e-05,4.36137e-05,81654
-1.4911e-05,1.09893e-05,81660
4.15469e-05,-3.06197e-05,81695
-6.12814e-05,4.51638e-05,81711
7.23696e-05,-5.33356e-05,81719
-0.000310353,0.000228727,81723
0.000302971,-0.000223287,81725
-4.22614e-05,3.11462e-05,81726
-0.00037264,0.000274632,81751
0.00205296,-0.00151301,81755
-0.00202285,0.00149082,81757
0.000278284,-0.000205093,81758
0.000306806,-0.000226113,81767
-0.00205108,0.00151163,81771
0.00204409,-0.00150648,81773
-0.00028177,0.000207662,81774
0.000304534,-0.000224439,81779
-0.000366505,0.00027011,81781
5.86947e-05,-4.32574e-05,81782
1.48925e-05,-1.09756e-05,81788
5.14473e-05,-3.79161e-05,81815
-0.000310458,0.000228804,81819
0.000306907,-0.000226188,81821
-4.20989e-05,3.10264e-05,81822
-5.10668e-05,3.76357e-05,81831
0.000374108,-0.000275713,81835
-0.000374301,0.000275856,81837
5.15584e-05,-3.7998e-05,81838
-6.45329e-05,4.75601e-05,81843
7.83597e-05,-5.77503e-05,81845
-1.27085e-05,9.36606e-06,81846
-3.62433e-06,2.67109e-06,81852
-3.68486e-05,2.71571e-05,81877
5.93775e-06,-4.37607e-06,81878
1.81563e-06,-1.3381e-06,81884
-1.60014e-05,1.17928e-05,81891
1.86205e-05,-1.37231e-05,81893
-2.89e-06,2.1299e-06,81894
-8.88638e-07,6.54916e-07,81900
1.30345e-07,-9.60607e-08,81908
-2.51705e-07,1.85505e-07,83455
1.7313e-06,-1.27595e-06,83711
-3.53949e-06,2.60857e-06,83839
7.07561e-06,-5.21465e-06,83903
-2.91324e-05,2.14703e-05,83935
2.91546e-05,-2.14866e-05,83951
-7.13731e-06,5.26012e-06,83959
3.5823e-06,-2.64012e-06,83963
-1.7396e-06,1.28207e-06,83965
2.39334e-07,-1.76386e-07,83966
4.17163e-07,-3.07445e-07,84479
-3.17327e-06,2.33867e-06,84735
6.58601e-06,-4.85382e-06,84863
-1.33025e-05,9.80384e-06,84927
5.4892e-05,-4.04549e-05,84959
-5.49361e-05,4.04874e-05,84975
1.34324e-05,-9.89957e-06,84983
-6.7362e-06,4.96451e-06,84987
3.27076e-06,-2.41052e-06,84989
-4.47852e-07,3.30062e-07,84990
5.62014e-06,-4.14198e-06,85247
-1.15432e-05,8.50723e-06,85375
2.47016e-05,-1.82049e-05,85439
-0.000114132,8.41144e-05,85471
0.000115013,-8.47635e-05,85487
-2.80268e-05,2.06555e-05,85495
1.40587e-05,-1.03611e-05,85499
-6.81147e-06,5.01998e-06,85501
9.28731e-07,-6.84466e-07,85502
-0.000100334,7.39453e-05,85695
0.000548549,-0.000404275,85727
-0.00055513,0.000409125,85743
0.00013343,-9.83369e-05,85751
-6.68493e-05,4.92672e-05,85755
3.24358e-05,-2.39048e-05,85757
-4.44847e-06,3.27847e-06,85758
8.19281e-05,-6.03802e-05,85823
-0.000541789,0.000399293,85855
0.000554772,-0.000408861,85871
-0.000134515,9.91365e-05,85879
7.00544e-05,-5.16294e-05,85883
-3.51922e-05,2.59363e-05,85885
4.78204e-06,-3.52431e-06,85886
8.21061e-05,-6.05114e-05,85919
-0.000102167,7.52961e-05,85935
3.08706e-05,-2.27513e-05,85943
-2.51097e-05,1.85056e-05,85947
1.64724e-05,-1.214e-05,85949
-2.10496e-06,1.55133e-06,85950
-1.95048e-05,1.43749e-05,85975
4.14631e-05,-3.05578e-05,85979
-3.67905e-05,2.71142e-05,85981
4.78204e-06,-3.52432e-06,85982
1.117e-05,-8.23219e-06,85991
-3.60069e-05,2.65367e-05,85995
3.39346e-05,-2.50095e-05,85997
-4.44846e-06,3.27847e-06,85998
5.56602e-06,-4.1021e-06,86003
-6.32028e-06,4.65798e-06,86005
9.28731e-07,-6.84465e-07,86006
2.39334e-07,-1.76387e-07,86012
7.29097e-05,-5.37337e-05,87423
-0.000155009,0.00011424,87487
0.000725308,-0.000534545,87519
-0.000732329,0.000539719,87535
0.000179613,-0.000132373,87543
-9.20233e-05,6.78202e-05,87547
4.54842e-05,-3.35214e-05,87549
-6.32027e-06,4.65798e-06,87550
0.000740696,-0.000545885,87743
-0.00404708,0.00298266,87775
0.0040974,-0.00301974,87791
-0.00098951,0.000729259,87799
0.000498544,-0.000367422,87803
-0.000242657,0.000178836,87805
3.39346e-05,-2.50095e-05,87806
-0.000607243,0.000447532,87871
0.0040046,-0.00295135,87903
-0.00410171,0.00302292,87919
0.000999689,-0.000736761,87927
-0.000525271,0.000387119,87931
0.000265604,-0.000195748,87933
-3.67905e-05,2.71142e-05,87934
-0.0005982,0.000440867,87967
0.000744966,-0.000549032,87983
-0.000227149,0.000167406,87991
0.000189764,-0.000139854,87995
-0.000126307,9.30873e-05,87997
1.64724e-05,-1.214e-05,87998
0.000141586,-0.000104347,88023
-0.000299313,0.000220591,88027
0.000265604,-0.000195747,88029
-3.51922e-05,2.59363e-05,88030
-8.05362e-05,5.93543e-05,88039
0.000257359,-0.000189671,88043
-0.000242657,0.000178836,88045
3.24358e-05,-2.39049e-05,88046
-4.00535e-05,2.9519e-05,88051
4.54842e-05,-3.35214e-05,88053
-6.81147e-06,5.01998e-06,88054
-1.7396e-06,1.28207e-06,88060
3.17011e-05,-2.33634e-05,88319
-6.07302e-05,4.47575e-05,88447
0.000127811,-9.41954e-05,88511
-0.000603384,0.000444688,88543
0.000610028,-0.000449585,88559
-0.00015015,0.000110659,88567
7.89105e-05,-5.81562e-05,88571
-4.00535e-05,2.9519e-05,88573
5.56602e-06,-4.1021e-06,88574
-0.000741046,0.000546144,88767
0.00406522,-0.00299602,88799
-0.00411798,0.00303491,88815
0.00099804,-0.000735545,88823
-0.000515086,0.000379613,88827
0.000257359,-0.000189671,88829
-3.60069e-05,2.65367e-05,88830
0.000614795,-0.000453097,88895
-0.00406802,0.00299809,88927
0.00416994,-0.0030732,88943
-0.00102357,0.00075436,88951
0.000564276,-0.000415866,88955
-0.000299313,0.000220591,88957
4.14631e-05,-3.05578e-05,88958
0.000611829,-0.000450912,88991
-0.000765402,0.000564094,89007
0.000245366,-0.000180832,89015
-0.000255978,0.000188653,89019
0.000189764,-0.000139854,89021
-2.51096e-05,1.85056e-05,89022
-0.000192129,0.000141597,89047
0.000564276,-0.000415866,89051
-0.000525271,0.000387119,89053
7.00544e-05,-5.16294e-05,89054
0.000120279,-8.86441e-05,89063
-0.000515086,0.000379613,89067
0.000498544,-0.000367422,89069
-6.68493e-05,4.92672e-05,89070
7.89105e-05,-5.81562e-05,89075
-9.20233e-05,6.78202e-05,89077
1.40587e-05,-1.03611e-05,89078
3.5823e-06,-2.64012e-06,89084
0.000100904,-7.43648e-05,89279
-0.000606701,0.000447132,89311
0.000619582,-0.000456625,89327
-0.000159433,0.000117501,89335
0.000120279,-8.86442e-05,89339
-8.05362e-05,5.93544e-05,89341
1.117e-05,-8.23219e-06,89342
-0.00010146,7.47751e-05,89407
0.000735634,-0.000542155,89439
-0.000762947,0.000562284,89455
0.000206789,-0.000152402,89463
-0.000192129,0.000141597,89467
0.000141586,-0.000104347,89469
-1.95048e-05,1.43749e-05,89470
-0.000137389,0.000101254,89503
0.000180979,-0.000133379,89519
-9.34601e-05,6.88791e-05,89527
0.000245366,-0.000180832,89531
-0.000227149,0.000167406,89533
3.08706e-05,-2.27513e-05,89534
0.000206789,-0.000152402,89559
-0.00102357,0.00075436,89563
0.000999689,-0.000736761,89565
-0.000134515,9.91365e-05,89566
-0.000159433,0.000117501,89575
0.00099804,-0.000735545,89579
-0.00098951,0.000729259,89581
0.00013343,-9.83369e-05,89582
-0.00015015,0.000110659,89587
0.000179613,-0.000132373,89589
-2.80268e-05,2.06555e-05,89590
-7.13731e-06,5.26012e-06,89596
-0.000106762,7.86825e-05,89775
0.000180979,-0.000133379,89783
-0.000765402,0.000564094,89787
0.000744966,-0.000549032,89789
-0.000102167,7.52961e-05,89790
-0.000762947,0.000562284,89815
0.00416994,-0.0030732,89819
-0.00410171,0.00302292,89821
0.000554772,-0.000408861,89822
0.000619582,-0.000456625,89831
-0.00411798,0.00303491,89835
0.0040974,-0.00301974,89837
-0.00055513,0.000409125,89838
0.000610028,-0.000449585,89843
-0.000732329,0.000539719,89845
0.000115013,-8.47635e-05,89846
2.91546e-05,-2.14866e-05,89852
-6.34077e-05,4.67308e-05,89887
9.88753e-05,-7.28701e-05,89903
-0.000137389,0.000101254,89911
0.000611829,-0.000450912,89915
-0.0005982,0.000440867,89917
8.21061e-05,-6.05114e-05,89918
0.000735634,-0.000542155,89943
-0.00406802,0.00299809,89947
0.0040046,-0.00295135,89949
-0.000541789,0.000399293,89950
-0.000606701,0.000447132,89959
0.00406522,-0.00299602,89963
-0.00404708,0.00298266,89965
0.000548549,-0.000404275,89966
-0.000603384,0.000444688,89971
0.000725308,-0.000534545,89973
-0.000114132,8.41144e-05,89974
-2.91324e-05,2.14703e-05,89980
-0.00010146,7.47751e-05,90007
0.000614795,-0.000453097,90011
-0.000607243,0.000447532,90013
8.19281e-05,-6.03802e-05,90014
0.000100904,-7.43648e-05,90023
-0.000741046,0.000546144,90027
0.000740696,-0.000545885,90029
-0.000100334,7.39453e-05,90030
0.000127811,-9.41954e-05,90035
-0.000155009,0.00011424,90037
2.47016e-05,-1.82048e-05,90038
7.07561e-06,-5.21465e-06,90044
-1.15432e-05,8.50723e-06,90070
-3.53949e-06,2.60857e-06,90076
3.17011e-05,-2.33634e-05,90083
-3.68486e-05,2.71571e-05,90085
5.62014e-06,-4.14198e-06,90086
1.7313e-06,-1.27595e-06,90092
-2.51707e-07,1.85504e-07,90100
2.44212e-05,-1.79982e-05,91583
-0.000114766,8.45812e-05,91615
0.000116305,-8.57153e-05,91631
-2.96498e-05,2.18516e-05,91639
1.85888e-05,-1.36998e-05,91643
-1.09752e-05,8.08863e-06,91645
1.56111e-06,-1.15052e-06,91646
-0.000129036,9.5098e-05,91839
0.000704913,-0.000519514,91871
-0.000716201,0.000527833,91887
0.000180294,-0.000132875,91895
-0.000110989,8.17977e-05,91899
6.47355e-05,-4.77094e-05,91901
-9.27935e-06,6.83878e-06,91902
0.000106466,-7.84646e-05,91967
-0.000701517,0.000517011,91999
0.000722596,-0.000532546,92015
-0.000188808,0.000139149,92023
0.000141036,-0.000103942,92027
-9.32272e-05,6.87075e-05,92029
1.31424e-05,-9.68581e-06,92030
0.000108663,-8.00837e-05,92063
-0.00013953,0.000102832,92079
6.0675e-05,-4.47168e-05,92087
-0.000128757,9.48924e-05,92091
0.000115425,-8.50674e-05,92093
-1.57103e-05,1.15783e-05,92094
-9.4926e-05,6.99595e-05,92119
0.000439418,-0.000323847,92123
-0.000427307,0.000314921,92125
5.75328e-05,-4.24011e-05,92126
7.03774e-05,-5.18674e-05,92135
-0.000422333,0.000311255,92139
0.000417992,-0.000308056,92141
-5.63974e-05,4.15643e-05,92142
6.40092e-05,-4.71741e-05,92147
-7.63578e-05,5.62749e-05,92149
1.18949e-05,-8.76641e-06,92150
3.02086e-06,-2.22634e-06,92156
-6.21637e-06,4.5814e-06,92415
1.16952e-05,-8.61921e-06,92543
-2.44649e-05,1.80304e-05,92607
0.000116054,-8.55305e-05,92639
-0.000117931,8.69139e-05,92655
3.07051e-05,-2.26293e-05,92663
-2.17284e-05,1.60136e-05,92667
1.39318e-05,-1.02676e-05,92669
-1.96924e-06,1.45131e-06,92670
0.000156977,-0.000115691,92863
-0.000860958,0.000634517,92895
0.00087651,-0.000645979,92911
-0.000225386,0.000166107,92919
0.000155031,-0.000114256,92923
-9.77809e-05,7.20635e-05,92925
1.39318e-05,-1.02676e-05,92926
-0.000131296,9.6764e-05,92991
0.000868113,-0.00063979,93023
-0.00089733,0.000661323,93039
0.000243801,-0.000179679,93047
-0.000215506,0.000158825,93051
0.000155031,-0.000114256,93053
-2.17284e-05,1.60136e-05,93054
-0.000138749,0.000102257,93087
0.000181712,-0.00013392,93103
-9.35724e-05,6.89619e-05,93111
0.000243801,-0.000179679,93115
-0.000225386,0.000166107,93117
3.07051e-05,-2.26293e-05,93118
0.000181712,-0.00013392,93143
-0.00089733,0.000661323,93147
0.00087651,-0.000645979,93149
-0.000117931,8.69139e-05,93150
-0.000138749,0.000102257,93159
0.000868113,-0.00063979,93163
-0.000860958,0.000634517,93165
0.000116054,-8.55305e-05,93166
-0.000131296,9.6764e-05,93171
0.000156977,-0.000115691,93173
-2.44649e-05,1.80304e-05,93174
-6.21637e-06,4.5814e-06,93180
-2.58648e-05,1.90621e-05,93375
0.000155989,-0.000114963,93407
-0.000164673,0.000121362,93423
6.00092e-05,-4.42261e-05,93431
-0.000109709,8.08541e-05,93435
9.7176e-05,-7.16177e-05,93437
-1.34383e-05,9.90391e-06,93438
2.68045e-05,-1.97546e-05,93503
-0.000194603,0.00014342,93535
0.000212353,-0.000156502,93551
-9.27552e-05,6.83596e-05,93559
0.000212353,-0.000156502,93563
-0.000194603,0.00014342,93565
2.68045e-05,-1.97546e-05,93566
5.20255e-05,-3.83423e-05,93599
-8.13971e-05,5.99888e-05,93615
9.85656e-05,-7.26418e-05,93623
-0.000410056,0.000302207,93627
0.000398161,-0.000293441,93629
-5.43711e-05,4.00709e-05,93630
-0.000345695,0.000254774,93655
0.00188392,-0.00138843,93659
-0.00185205,0.00136494,93661
0.000249267,-0.000183707,93662
0.000278445,-0.000205211,93671
-0.00185153,0.00136456,93675
0.00184179,-0.00135738,93677
-0.000248286,0.000182984,93678
0.000278347,-0.000205139,93683
-0.000333983,0.000246142,93685
5.21781e-05,-3.84548e-05,93686
1.32915e-05,-9.79573e-06,93692
-0.00024135,0.000177872,93879
0.00158863,-0.00117081,93883
-0.00155677,0.00114732,93885
0.000212731,-0.000156781,93886
0.00158819,-0.00117048,93911
-0.00878924,0.00647758,93915
0.00864991,-0.00637489,93917
-0.00116491,0.000858529,93918
-0.00129722,0.00095604,93927
0.00868803,-0.00640299,93931
-0.00864569,0.00637179,93933
0.0011662,-0.00085948,93934
-0.00128678,0.00094834,93939
0.0015448,-0.0011385,93941
-0.000241523,0.000178,93942
-6.13365e-05,4.52044e-05,93948
7.65671e-05,-5.64292e-05,93983
-0.000140394,0.000103469,93999
0.000272606,-0.000200908,94007
-0.00128913,0.000950078,94011
0.00126529,-0.000932505,94013
-0.000172907,0.000127431,94014
-0.00155468,0.00114578,94039
0.00864951,-0.0063746,94043
-0.00851519,0.00627561,94045
0.00114664,-0.000845062,94046
0.00128574,-0.000947579,94055
-0.00864723,0.00637292,94059
0.00860758,-0.0063437,94061
-0.00116115,0.000855752,94062
0.00128333,-0.000945802,94067
-0.00154235,0.0011367,94069
0.000241493,-0.000177978,94070
6.17603e-05,-4.55167e-05,94076
0.000213383,-0.000157261,94103
-0.00130169,0.000959334,94107
0.00128594,-0.000947721,94109
-0.00017272,0.000127293,94110
-0.00021294,0.000156935,94119
0.00157031,-0.00115731,94123
-0.00156955,0.00115674,94125
0.000211641,-0.000155977,94126
-0.000271,0.000199724,94131
0.000328605,-0.000242179,94133
-5.21105e-05,3.84049e-05,94134
-1.49455e-05,1.10147e-05,94140
7.48523e-06,-5.51653e-06,94172
-6.7404e-05,4.96761e-05,94179
7.83597e-05,-5.77503e-05,94181
-1.18944e-05,8.76606e-06,94182
-3.65656e-06,2.69484e-06,94188
5.28406e-07,-3.8943e-07,94196
0.000783416,-0.00057737,95703
-0.00750968,0.00553456,95707
0.00739328,-0.00544877,95709
-0.000999803,0.000736845,95710
-0.00110243,0.000812481,95719
0.00740045,-0.00545405,95723
-0.00736848,0.0054305,95725
0.000998061,-0.000735561,95726
-0.00111227,0.000819732,95731
0.00133588,-0.000984528,95733
-0.000209806,0.000154625,95734
-5.3376e-05,3.93376e-05,95740
-0.00530979,0.00391326,95931
0.00736963,-0.00543134,95933
-0.00101144,0.000745421,95934
0.0416505,-0.030696,95963
-0.0410123,0.0302256,95965
0.00554711,-0.00408816,95966
0.00613995,-0.00452508,95975
-0.0411792,0.0303486,95979
0.0409979,-0.030215,95981
-0.00555416,0.00409336,95982
0.00609954,-0.0044953,95987
-0.00732616,0.00539931,95989
0.00115063,-0.000847999,95990
0.000291733,-0.000215004,95996
-0.000326458,0.000240597,96031
0.000622418,-0.000458715,96047
-0.00128647,0.000948116,96055
0.00614165,-0.00452633,96059
-0.00603432,0.00444723,96061
0.000828134,-0.000610326,96062
-0.0411813,0.0303502,96091
0.0405606,-0.0298927,96093
-0.00548508,0.00404245,96094
-0.00611637,0.0045077,96103
0.0411674,-0.0303399,96107
-0.0409963,0.0302139,96109
0.00555403,-0.00409327,96110
-0.00611032,0.00450324,96115
0.0073468,-0.00541452,96117
-0.00115546,0.000851564,96118
-0.000295033,0.000217437,96124
0.00610627,-0.00450026,96155
-0.0060352,0.00444788,96157
0.000814084,-0.000599972,96158
0.000998247,-0.000735697,96167
-0.00736711,0.00542948,96171
0.00736675,-0.00542922,96173
-0.00099763,0.000735243,96174
0.00127142,-0.000937024,96179
-0.00154235,0.0011367,96181
0.000245698,-0.000181077,96182
7.04214e-05,-5.18998e-05,96188
-3.52092e-05,2.59488e-05,96220
0.000315256,-0.00023234,96227
-0.000366505,0.00027011,96229
5.58607e-05,-4.11688e-05,96230
1.72141e-05,-1.26866e-05,96236
-2.50645e-06,1.84723e-06,96244
-9.87883e-06,7.2806e-06,96447
6.08438e-05,-4.48412e-05,96479
-8.15174e-05,6.00775e-05,96495
8.7405e-05,-6.44166e-05,96503
-0.000323891,0.000238704,96507
0.000312494,-0.000230305,96509
-4.31232e-05,3.17814e-05,96510
1.16156e-05,-8.56059e-06,96575
-8.49289e-05,6.25917e-05,96607
0.000124569,-9.18064e-05,96623
-0.000159526,0.000117569,96631
0.000617363,-0.00045499,96635
-0.000597617,0.000440437,96637
8.24232e-05,-6.0745e-05,96638
7.11962e-05,-5.24709e-05,96671
-0.00013953,0.000102832,96687
0.000276299,-0.000203629,96695
-0.00127907,0.00094266,96699
0.0012529,-0.000923371,96701
-0.000172057,0.000126805,96702
0.00610966,-0.00450276,96731
-0.00601578,0.00443357,96733
0.000813965,-0.000599884,96734
0.000897135,-0.000661179,96743
-0.00602776,0.0044424,96747
0.00600231,-0.00442364,96749
-0.000813464,0.000599515,96750
0.00090592,-0.000667654,96755
-0.00108818,0.000801974,96757
0.000171017,-0.000126037,96758
4.35227e-05,-3.20758e-05,96764
-0.00511514,0.0037698,96957
0.000993308,-0.000732058,96958
-0.0410548,0.030257,96987
0.0404282,-0.0297951,96989
-0.00547084,0.00403195,96990
-0.00605287,0.0044609,96999
0.0406008,-0.0299224,97003
-0.0404242,0.0297922,97005
0.00547922,-0.00403813,97006
-0.00601289,0.00443144,97011
0.00722256,-0.00532295,97013
-0.00113499,0.000836479,97014
-0.00028777,0.000212084,97020
0.000321923,-0.000237254,97055
-0.00061496,0.000453219,97071
0.00127647,-0.000940747,97079
-0.00610022,0.0044958,97083
0.0059944,-0.00441781,97085
-0.000823063,0.000606589,97086
0.041051,-0.0302542,97115
-0.0404346,0.0297999,97117
0.00547076,-0.00403189,97118
0.00609776,-0.00449399,97127
-0.0410475,0.0302516,97131
0.0408792,-0.0301275,97133
-0.00554097,0.00408364,97134
0.00609271,-0.00449026,97139
-0.00732616,0.00539931,97141
0.0011529,-0.000849675,97142
0.000294458,-0.000217013,97148
-0.00609949,0.00449526,97179
0.00602905,-0.00444335,97181
-0.000813679,0.000599673,97182
-0.00099763,0.000735243,97191
0.00736675,-0.00542922,97195
-0.00736711,0.00542948,97197
0.000998247,-0.000735697,97198
-0.0012732,0.000938338,97203
0.0015448,-0.0011385,97205
-0.000246342,0.000181551,97206
-7.0868e-05,5.2229e-05,97212
3.67138e-05,-2.70577e-05,97244
-0.000318147,0.000234471,97251
0.000370373,-0.000272961,97253
-5.67719e-05,4.18403e-05,97254
-1.85239e-05,1.36519e-05,97260
2.69257e-06,-1.9844e-06,97268
-9.64372e-05,7.10733e-05,97470
0.00617679,-0.00455223,97499
-0.00608286,0.00448301,97501
0.000823086,-0.000606606,97502
0.000913397,-0.000673164,97511
-0.00612971,0.00451753,97515
0.00610321,-0.00449801,97517
-0.000827245,0.000609671,97518
0.000905642,-0.000667449,97523
-0.00108818,0.000801974,97525
0.000171108,-0.000126105,97526
4.35801e-05,-3.21181e-05,97532
-5.41623e-05,3.9917e-05,97567
0.000101834,-7.50506e-05,97583
-0.000210441,0.000155093,97591
0.00101026,-0.000744555,97595
-0.00099327,0.00073203,97597
0.000136376,-0.000100508,97598
-0.00745301,0.00549279,97627
0.00734175,-0.00541079,97629
-0.00099327,0.00073203,97630
-0.0011105,0.000818428,97639
0.00748311,-0.00551498,97643
-0.00745301,0.00549279,97645
0.00101026,-0.000744555,97646
-0.0011105,0.000818428,97651
0.00133588,-0.000984528,97653
-0.000210441,0.000155093,97654
-5.41623e-05,3.9917e-05,97660
0.00128799,-0.000949235,97691
-0.00127358,0.000938615,97693
0.000171939,-0.000126717,97694
0.000211641,-0.000155977,97703
-0.00156955,0.00115674,97707
0.00157031,-0.00115731,97709
-0.00021294,0.000156935,97710
0.000274906,-0.000202603,97715
-0.000333983,0.000246142,97717
5.35624e-05,-3.94749e-05,97718
1.61521e-05,-1.1904e-05,97724
-1.27109e-05,9.36782e-06,97756
7.77017e-05,-5.72653e-05,97763
-9.18772e-05,6.77126e-05,97765
1.49969e-05,-1.10525e-05,97766
8.25763e-06,-6.08579e-06,97772
-1.1879e-06,8.75468e-07,97780
1.97235e-05,-1.4536e-05,98012
-3.98577e-05,2.93747e-05,98019
4.84642e-05,-3.57176e-05,98021
-1.06752e-05,7.86751e-06,98022
-1.74975e-05,1.28955e-05,98028
2.69257e-06,-1.9844e-06,98036
0.000320381,-0.000236118,98075
-0.000316497,0.000233255,98077
4.29438e-05,-3.16492e-05,98078
5.15584e-05,-3.7998e-05,98087
-0.000374301,0.000275856,98091
0.000374108,-0.000275713,98093
-5.10668e-05,3.76357e-05,98094
6.28337e-05,-4.63078e-05,98099
-7.63578e-05,5.62749e-05,98101
1.27882e-05,-9.4248e-06,98102
5.57342e-06,-4.10755e-06,98108
-1.69144e-05,1.24657e-05,98140
1.98957e-05,-1.4663e-05,98147
-2.47148e-05,1.82146e-05,98149
6.89514e-06,-5.08164e-06,98150
1.60184e-05,-1.18054e-05,98156
-2.50645e-06,1.84723e-06,98164
2.62801e-06,-1.93682e-06,98204
-3.00042e-06,2.21128e-06,98211
3.96688e-06,-2.92355e-06,98213
-1.16445e-06,8.58182e-07,98214
-3.00042e-06,2.21128e-06,98220
5.28405e-07,-3.89428e-07,98228
1.30344e-07,-9.60615e-08,98276
-0.0943396,0.0695273,112347
0.228491,-0.168396,112349
-0.0338799,0.0249691,112350
-0.034071,0.02511,112359
-0.228434,0.168354,112365
0.0339414,-0.0250145,112366
0.0408792,-0.0301275,112373
-0.00706302,0.00520537,112374
-0.0017505,0.0012901,112380
0.00177949,-0.00131147,112415
-0.00341078,0.00251371,112431
0.0071241,-0.00525039,112439
0.0336197,-0.0247773,112445
-0.00505789,0.00372761,112446
-0.225983,0.166547,112477
0.0335021,-0.0246907,112478
0.0339442,-0.0250165,112487
0.228433,-0.168353,112493
-0.0339417,0.0250147,112494
-0.0409963,0.0302139,112501
0.0070933,-0.00522769,112502
0.00177148,-0.00130557,112508
0.0336245,-0.0247809,112541
-0.00497297,0.00366503,112542
-0.00554097,0.00408364,112551
-0.0410475,0.0302516,112557
0.00609776,-0.00449399,112558
0.00860758,-0.0063437,112565
-0.00150918,0.00111225,112566
-0.00042605,0.000313994,112572
0.000215078,-0.000158511,112604
0.00204409,-0.00150648,112613
-0.000342744,0.000252599,112614
-0.00010581,7.79811e-05,112620
1.60184e-05,-1.18054e-05,112628
-0.000128815,9.49355e-05,112863
0.000240244,-0.000177057,112879
-0.000434997,0.000320588,112887
-0.00173679,0.00128,112893
0.000262478,-0.000193443,112894
-3.01007e-05,2.21839e-05,112959
0.000224275,-0.000165288,112991
-0.000437499,0.000322432,113007
0.000826225,-0.00060892,113015
0.00333116,-0.00245503,113021
-0.000503265,0.000370901,113022
-0.000353396,0.000260449,113055
0.000722596,-0.000532546,113071
-0.00152416,0.00112329,113079
-0.00701214,0.00516788,113085
0.00105533,-0.00077777,113086
0.0336883,-0.024828,113117
-0.00499555,0.00368167,113118
-0.00500135,0.00368594,113127
-0.0336173,0.0247756,113133
0.00499534,-0.00368151,113134
0.00610321,-0.00449801,113141
-0.00105488,0.000777439,113142
-0.000262557,0.000193502,113148
-0.159757,0.117739,113373
0.0335022,-0.0246908,113374
0.0336956,-0.0248333,113383
0.225929,-0.166507,113389
-0.0335713,0.0247417,113390
-0.0404242,0.0297922,113397
0.00698515,-0.00514798,113398
0.00173159,-0.00127616,113404
-0.00177278,0.00130652,113439
0.00339583,-0.00250269,113455
-0.00709458,0.00522863,113463
-0.0334963,0.0246864,113469
0.00503962,-0.00371415,113470
0.22593,-0.166508,113501
-0.0334963,0.0246864,113502
-0.0339417,0.0250147,113511
-0.228434,0.168354,113517
0.0339442,-0.0250165,113518
0.0409979,-0.030215,113525
-0.00709458,0.00522863,113526
-0.00177278,0.00130652,113532
-0.0336871,0.024827,113565
0.00498265,-0.00367216,113566
0.00555403,-0.00409327,113575
0.0411674,-0.0303399,113581
-0.00611637,0.0045077,113582
-0.00864569,0.00637179,113589
0.00151678,-0.00111785,113590
0.000430253,-0.000317092,113596
-0.000226423,0.000166871,113628
-0.00207127,0.0015265,113637
0.000349296,-0.000257427,113638
0.000115682,-8.52563e-05,113644
-1.74975e-05,1.28955e-05,113652
-0.00351255,0.00258871,113886
-0.00501119,0.00369319,113895
-0.0336173,0.0247756,113901
0.00499525,-0.00368145,113902
0.00600231,-0.00442364,113909
-0.00103784,0.000764879,113910
-0.000258656,0.000190627,113916
0.000294458,-0.000217013,113951
-0.000554652,0.000408773,113967
0.0011529,-0.000849675,113975
0.00547076,-0.00403189,113981
-0.000823063,0.000606589,113982
-0.0404346,0.0297999,114013
0.0059944,-0.00441781,114014
0.00609271,-0.00449026,114023
0.041051,-0.0302542,114029
-0.00610022,0.0044958,114030
-0.00736848,0.0054305,114037
0.00127647,-0.000940747,114038
0.000321923,-0.000237254,114044
0.00701261,-0.00516822,114077
-0.00103758,0.000764683,114078
-0.00116115,0.000855752,114087
-0.00864723,0.00637292,114093
0.00128574,-0.000947579,114094
0.00184179,-0.00135738,114101
-0.000325091,0.000239589,114102
-9.76749e-05,7.19854e-05,114108
8.155e-05,-6.01015e-05,114140
0.000505753,-0.000372735,114149
-9.12485e-05,6.72492e-05,114150
-5.48141e-05,4.03975e-05,114156
8.25763e-06,-6.08579e-06,114164
-0.000261023,0.000192371,114405
6.35265e-05,-4.68183e-05,114406
0.000115682,-8.52563e-05,114412
-1.85239e-05,1.36519e-05,114420
0.00173617,-0.00127954,114461
-0.000258063,0.00019019,114462
-0.00028177,0.000207662,114471
-0.00205108,0.00151163,114477
0.000306806,-0.000226113,114478
0.000417992,-0.000308056,114485
-7.69242e-05,5.66923e-05,114486
-3.46367e-05,2.55269e-05,114492
0.000110861,-8.17033e-05,114524
0.00013042,-9.61185e-05,114533
-4.05066e-05,2.9853e-05,114534
-0.00010581,7.79811e-05,114540
1.72141e-05,-1.26866e-05,114548
-1.72972e-05,1.27479e-05,114588
-2.10524e-05,1.55154e-05,114597
6.89513e-06,-5.08164e-06,114598
1.98957e-05,-1.4663e-05,114604
-3.65656e-06,2.69485e-06,114612
-8.88637e-07,6.54917e-07,114660
3.37344e-05,-2.48619e-05,116543
-0.000219467,0.000161745,116575
0.000240244,-0.000177057,116591
-0.000108772,8.01637e-05,116599
-0.000219467,0.000161745,116605
3.37344e-05,-2.48619e-05,116606
5.10832e-05,-3.76478e-05,116639
-8.15174e-05,6.00775e-05,116655
0.000104151,-7.67581e-05,116663
0.000424338,-0.000312733,116669
-6.41014e-05,4.72421e-05,116670
-0.00175792,0.00129557,116701
0.000261503,-0.000192725,116702
0.000261127,-0.000192448,116711
0.00173617,-0.00127954,116717
-0.000258782,0.00019072,116718
-0.000316497,0.000233255,116725
5.48363e-05,-4.04138e-05,116726
1.3584e-05,-1.00113e-05,116732
-1.88289e-06,1.38767e-06,116991
3.55092e-06,-2.61699e-06,117119
-7.40512e-06,5.45749e-06,117183
3.52785e-05,-2.59999e-05,117215
-3.74917e-05,2.7631e-05,117231
1.51497e-05,-1.11652e-05,117239
2.70504e-05,-1.99359e-05,117245
-4.1695e-06,3.07288e-06,117246
0.000280035,-0.000206383,117487
-0.000116636,8.59599e-05,117495
-0.000200361,0.000147664,117501
3.10565e-05,-2.28884e-05,117502
-4.21355e-05,3.10535e-05,117567
0.000273476,-0.000201549,117599
-0.00030892,0.000227671,117615
0.000169163,-0.000124671,117623
0.000408134,-0.000300791,117629
-6.25154e-05,4.60732e-05,117630
-7.61532e-05,5.61241e-05,117663
0.000128999,-9.50709e-05,117679
-0.000190848,0.000140653,117687
-0.00080831,0.000595716,117693
0.000122074,-8.99672e-05,117694
0.00337054,-0.00248406,117725
-0.000501316,0.000369465,117726
-0.000499274,0.00036796,117735
-0.00333044,0.0024545,117741
0.000496338,-0.000365796,117742
0.000606942,-0.00044731,117749
-0.000105153,7.74969e-05,117750
-2.60517e-05,1.91998e-05,117756
-8.72976e-05,6.43374e-05,117999
9.75658e-05,-7.1905e-05,118007
0.000341519,-0.000251696,118013
-5.19158e-05,3.82614e-05,118014
1.31424e-05,-9.6858e-06,118079
-9.32272e-05,6.87075e-05,118111
0.000141036,-0.000103942,118127
-0.000188808,0.000139149,118135
-0.000701517,0.000517011,118141
0.000106466,-7.84646e-05,118142
8.3113e-05,-6.12534e-05,118175
-0.000164673,0.000121362,118191
0.000329717,-0.000242998,118199
0.00149911,-0.00110483,118205
-0.00022628,0.000166766,118206
-0.0070446,0.0051918,118237
0.00104763,-0.000772091,118238
0.00104452,-0.000769799,118247
0.00701261,-0.00516822,118253
-0.00104503,0.000770176,118254
-0.00127358,0.000938615,118261
0.000220763,-0.0001627,118262
5.48363e-05,-4.04138e-05,118268
-0.00355228,0.002618,118503
-0.0336871,0.024827,118509
0.00502039,-0.00369998,118510
0.00602905,-0.00444335,118517
-0.00104503,0.000770176,118518
-0.000258782,0.00019072,118524
0.000263392,-0.000194117,118559
-0.000503176,0.000370835,118575
0.00104637,-0.000771163,118583
0.00493599,-0.00363777,118589
-0.000744821,0.000548925,118590
-0.0332578,0.0245106,118621
0.00494524,-0.00364459,118622
0.00499525,-0.00368145,118631
0.0336245,-0.0247809,118637
-0.00501119,0.00369319,118638
-0.0060352,0.00444788,118645
0.00104763,-0.000772091,118646
0.000261503,-0.000192725,118652
0.00502084,-0.00370031,118685
-0.000744821,0.000548925,118686
-0.000827245,0.000609671,118695
-0.00612971,0.00451753,118701
0.000913397,-0.000673164,118702
0.00128594,-0.000947721,118709
-0.00022628,0.000166766,118710
-6.41014e-05,4.72421e-05,118716
0.000306907,-0.000226188,118757
-5.19158e-05,3.82614e-05,118758
-1.72972e-05,1.27479e-05,118764
2.62801e-06,-1.93682e-06,118772
0.129071,-0.095124,120669
-0.0332578,0.0245106,120670
-0.0335713,0.0247417,120679
-0.225983,0.166547,120685
0.0336956,-0.0248333,120686
0.0405606,-0.0298927,120693
-0.0070446,0.0051918,120694
-0.00175792,0.00129557,120700
0.00493599,-0.00363777,120734
0.00547922,-0.00403813,120743
0.0406008,-0.0299224,120749
-0.00605287,0.0044609,120750
-0.00851519,0.00627561,120757
0.00149911,-0.00110483,120758
0.000424338,-0.000312733,120764
-0.00202285,0.00149082,120805
0.000341519,-0.000251696,120806
0.000110861,-8.17033e-05,120812
-1.69144e-05,1.24657e-05,120820
-0.000226423,0.000166871,121071
0.000430253,-0.000317092,121079
0.00173159,-0.00127616,121085
-0.000262557,0.000193502,121086
2.7841e-05,-2.05186e-05,121151
-0.000208191,0.000153434,121183
0.000419951,-0.000309499,121199
-0.000818799,0.000603446,121207
-0.00331851,0.00244571,121213
0.000503037,-0.000370733,121214
0.000349296,-0.000257427,121247
-0.000716201,0.000527833,121263
0.00151678,-0.00111785,121271
0.00698515,-0.00514798,121277
-0.00105488,0.000777439,121278
0.00499534,-0.00368151,121310
0.00498265,-0.00367216,121319
0.0335022,-0.0246908,121325
-0.00499555,0.00368167,121326
-0.00608286,0.00448301,121333
0.00105533,-0.00077777,121334
0.000262478,-0.000193443,121340
-0.159757,0.117739,121581
0.0336883,-0.024828,121582
0.0404282,-0.0297951,121589
-0.00701214,0.00516788,121590
-0.00173679,0.00128,121596
0.00177148,-0.00130557,121631
-0.00339389,0.00250126,121647
0.0070933,-0.00522769,121655
0.0335021,-0.0246907,121661
-0.00505789,0.00372761,121662
0.0336197,-0.0247773,121694
0.0339414,-0.0250145,121703
0.228491,-0.168396,121709
-0.034071,0.02511,121710
-0.0410123,0.0302256,121717
0.0071241,-0.00525039,121718
0.00177949,-0.00131147,121724
-0.00500135,0.00368594,121758
-0.00555416,0.00409336,121767
-0.0411792,0.0303486,121773
0.00613995,-0.00452508,121774
0.00864991,-0.00637489,121781
-0.00152416,0.00112329,121782
-0.000434997,0.000320588,121788
0.00207401,-0.00152852,121829
-0.000353396,0.000260449,121830
-0.000128815,9.49355e-05,121836
1.97235e-05,-1.4536e-05,121844
-0.00355228,0.002618,122094
-0.00601578,0.00443357,122101
0.00104452,-0.000769799,122102
0.000261127,-0.000192448,122108
-0.000295033,0.000217437,122143
0.000555722,-0.000409562,122159
-0.00115546,0.000851564,122167
-0.00548508,0.00404245,122173
0.000828134,-0.000610326,122174
-0.00603432,0.00444723,122206
-0.00611032,0.00450324,122215
-0.0411813,0.0303502,122221
0.00614165,-0.00452633,122222
0.00739328,-0.00544877,122229
-0.00128647,0.000948116,122230
-0.000326458,0.000240597,122236
0.00104637,-0.000771163,122270
0.0011662,-0.00085948,122279
0.00868803,-0.00640299,122285
-0.00129722,0.00095604,122286
-0.00185205,0.00136494,122293
0.000329717,-0.000242998,122294
0.000104151,-7.67581e-05,122300
-0.000512228,0.000377507,122341
9.75658e-05,-7.1905e-05,122342
8.155e-05,-6.01015e-05,122348
-1.27109e-05,9.36782e-06,122356
3.67138e-05,-2.70577e-05,122612
0.000263392,-0.000194117,122654
0.000285314,-0.000210274,122663
0.00207981,-0.0015328,122669
-0.000314466,0.000231758,122670
-0.000427307,0.000314921,122677
8.3113e-05,-6.12534e-05,122678
5.10832e-05,-3.76478e-05,122684
-0.000147524,0.000108724,122725
6.35265e-05,-4.68183e-05,122726
0.000215078,-0.000158511,122732
-3.52092e-05,2.59488e-05,122740
2.36879e-05,-1.74578e-05,122789
-1.06752e-05,7.86751e-06,122790
-3.98577e-05,2.93747e-05,122796
7.48523e-06,-5.51654e-06,122804
1.81563e-06,-1.3381e-06,122852
-0.000422117,0.000311096,124830
-0.000813464,0.000599515,124839
-0.00602776,0.0044424,124845
0.000897135,-0.000661179,124846
0.00126529,-0.000932505,124853
-0.000223485,0.000164706,124854
-6.74866e-05,4.9737e-05,124860
0.000302971,-0.000223287,124901
-5.43213e-05,4.00342e-05,124902
-3.46367e-05,2.55269e-05,124908
5.57341e-06,-4.10755e-06,124916
-7.0868e-05,5.2229e-05,125175
-0.00028777,0.000212084,125181
4.35227e-05,-3.20758e-05,125182
-4.3638e-06,3.21607e-06,125247
3.33949e-05,-2.46117e-05,125279
-6.7724e-05,4.99119e-05,125295
0.000133066,-9.80686e-05,125303
0.000542169,-0.000399573,125309
-8.19839e-05,6.04213e-05,125310
-5.67719e-05,4.18403e-05,125343
0.000116305,-8.57153e-05,125359
-0.000246342,0.000181551,125367
-0.00113499,0.000836479,125373
0.000171017,-0.000126037,125374
-0.000813679,0.000599673,125415
-0.00547084,0.00403195,125421
0.000813965,-0.000599884,125422
0.000993308,-0.000732058,125429
-0.000172057,0.000126805,125430
-4.31232e-05,3.17814e-05,125436
-0.00511514,0.0037698,125685
0.0012529,-0.000923371,125686
0.000312494,-0.000230305,125692
-0.000318147,0.000234471,125727
0.000609323,-0.000449065,125743
-0.0012732,0.000938338,125751
-0.00601289,0.00443144,125757
0.00090592,-0.000667654,125758
-0.00609949,0.00449526,125799
-0.0410548,0.030257,125805
0.00610966,-0.00450276,125806
0.00736963,-0.00543134,125813
-0.00127907,0.00094266,125814
-0.000323891,0.000238704,125820
0.000998061,-0.000735561,125863
0.00740045,-0.00545405,125869
-0.00110243,0.000812481,125870
-0.00155677,0.00114732,125877
0.000276299,-0.000203629,125878
8.7405e-05,-6.44166e-05,125884
-0.000378413,0.000278886,125925
7.11962e-05,-5.24709e-05,125926
6.08438e-05,-4.48412e-05,125932
-9.87883e-06,7.2806e-06,125940
-0.000154448,0.000113827,126198
-5.81933e-05,4.28878e-05,126204
6.17603e-05,-4.55167e-05,126239
-0.000116203,8.56405e-05,126255
0.000241493,-0.000177978,126263
0.00114664,-0.000845062,126269
-0.000172907,0.000127431,126270
0.00128333,-0.000945802,126311
0.00864951,-0.0063746,126317
-0.00128913,0.000950078,126318
-0.00155468,0.00114578,126325
0.000272606,-0.000200908,126326
7.65671e-05,-5.64292e-05,126332
-0.000248286,0.000182984,126375
-0.00185153,0.00136456,126381
0.000278445,-0.000205211,126382
0.000398161,-0.000293441,126389
-7.54142e-05,5.55795e-05,126390
-3.94212e-05,2.9053e-05,126396
0.000119977,-8.84215e-05,126437
-3.71733e-05,2.73963e-05,126438
-9.76749e-05,7.19854e-05,126444
1.61521e-05,-1.1904e-05,126452
-6.91102e-05,5.09335e-05,126759
-0.000510735,0.000376407,126765
8.477e-05,-6.24747e-05,126766
0.000115425,-8.50674e-05,126773
-3.65815e-05,2.69602e-05,126774
-6.74866e-05,4.9737e-05,126780
8.44523e-05,-6.22404e-05,126821
-9.12485e-05,6.72492e-05,126822
-0.00042605,0.000313994,126828
7.04214e-05,-5.18998e-05,126836
-1.32142e-05,9.73871e-06,126885
1.49969e-05,-1.10525e-05,126886
7.77017e-05,-5.72653e-05,126892
-1.49455e-05,1.10147e-05,126900
-3.62433e-06,2.67109e-06,126948
1.48925e-05,-1.09756e-05,128996
-1.88499e-05,1.38922e-05,129276
-2.81846e-05,2.07718e-05,129327
5.86947e-05,-4.32574e-05,129335
0.000278284,-0.000205093,129341
-4.22614e-05,3.11462e-05,129342
0.000304534,-0.000224439,129383
0.00205296,-0.00151301,129389
-0.000310353,0.000228727,129390
-0.00037264,0.000274632,129397
7.23696e-05,-5.33356e-05,129398
4.15469e-05,-3.06197e-05,129404
-5.63974e-05,4.15643e-05,129447
-0.000422333,0.000311255,129453
7.03774e-05,-5.18674e-05,129454
9.7176e-05,-7.16177e-05,129461
-3.12124e-05,2.30032e-05,129462
-5.81933e-05,4.28878e-05,129468
5.11788e-05,-3.77182e-05,129509
-5.43213e-05,4.00342e-05,129510
-0.000258656,0.000190627,129516
4.35801e-05,-3.21181e-05,129524
-1.74943e-05,1.28931e-05,129831
-0.000142022,0.000104669,129837
5.5908e-05,-4.12036e-05,129838
6.47355e-05,-4.77094e-05,129845
-7.69242e-05,5.66923e-05,129846
-0.000258063,0.00019019,129852
0.00019474,-0.000143521,129893
-0.000342744,0.000252599,129894
-0.0017505,0.0012901,129900
0.000291733,-0.000215004,129908
-3.15161e-05,2.3227e-05,129957
5.58607e-05,-4.11688e-05,129958
0.000315256,-0.00023234,129964
-6.13365e-05,4.52044e-05,129972
-1.4911e-05,1.09893e-05,130020
2.73159e-06,-2.01316e-06,130343
2.30216e-05,-1.69667e-05,130349
-9.20074e-06,6.78085e-06,130350
-1.09752e-05,8.08863e-06,130357
1.27882e-05,-9.4248e-06,130358
4.29438e-05,-3.16492e-05,130364
-3.63657e-05,2.68012e-05,130405
6.28337e-05,-4.63078e-05,130406
0.000320381,-0.000236118,130412
-5.3376e-05,3.93376e-05,130420
6.70882e-06,-4.94433e-06,130469
-1.18944e-05,8.76605e-06,130470
-6.7404e-05,4.96761e-05,130476
1.32915e-05,-9.79574e-06,130484
3.68093e-06,-2.71281e-06,130532
1.63296e-06,-1.20347e-06,130853
-2.89e-06,2.1299e-06,130854
-1.60013e-05,1.17928e-05,130860
3.02086e-06,-2.22634e-06,130868
9.34428e-07,-6.88663e-07,130916
-1.46796e-07,1.08188e-07,130980
-2.15852e-07,1.59083e-07,150015
-3.38884e-06,2.49754e-06,150399
6.83984e-06,-5.04089e-06,150463
2.82205e-05,-2.07982e-05,150511
-6.95314e-06,5.1244e-06,150519
-1.76103e-06,1.29786e-06,150525
2.74513e-07,-2.0231e-07,150526
5.93775e-06,-4.37607e-06,150911
-1.27085e-05,9.36606e-06,150975
-5.91782e-05,4.36137e-05,151023
1.45239e-05,-1.07039e-05,151031
3.65721e-06,-2.69532e-06,151037
-5.66759e-07,4.17695e-07,151038
-4.20989e-05,3.10264e-05,151359
-0.000285152,0.000210154,151407
6.97961e-05,-5.1439e-05,151415
1.94811e-05,-1.43574e-05,151421
-3.02865e-06,2.23209e-06,151422
5.27002e-05,-3.88395e-05,151471
-1.64082e-05,1.20926e-05,151479
-1.07148e-05,7.89671e-06,151485
1.62808e-06,-1.19988e-06,151486
-7.00487e-06,5.16251e-06,151527
-2.62272e-05,1.93292e-05,151533
4.149e-06,-3.05777e-06,151534
4.8721e-06,-3.59068e-06,151541
-8.7796e-07,6.47047e-07,151542
3.06572e-05,-2.25941e-05,153983
-6.45329e-05,4.75601e-05,154047
-0.000308201,0.000227141,154095
7.68783e-05,-5.66585e-05,154103
2.23274e-05,-1.6455e-05,154109
-3.59737e-06,2.65122e-06,154110
-0.000310458,0.000228804,154431
-0.00210717,0.00155296,154479
0.000526203,-0.000387806,154487
0.000173815,-0.0001281,154493
-2.80708e-05,2.06879e-05,154494
0.000390134,-0.000287525,154543
-0.000133142,9.81245e-05,154551
-0.000135801,0.000100084,154557
2.16542e-05,-1.59589e-05,154558
-8.26571e-05,6.09175e-05,154599
-0.000403653,0.000297488,154605
6.54675e-05,-4.82489e-05,154606
7.4535e-05,-5.49315e-05,154613
-1.39266e-05,1.02638e-05,154614
5.14473e-05,-3.79161e-05,154943
0.000388629,-0.000286415,154991
-0.000112706,8.30631e-05,154999
-0.000103315,7.61423e-05,155005
1.69896e-05,-1.25211e-05,155006
-9.77691e-05,7.20548e-05,155055
6.14456e-05,-4.52848e-05,155063
0.000182304,-0.000134356,155069
-2.99245e-05,2.2054e-05,155070
0.000125299,-9.23441e-05,155111
0.000812046,-0.00059847,155117
-0.000132348,9.75387e-05,155118
-0.000148023,0.000109092,155125
2.80674e-05,-2.06854e-05,155126
-4.82634e-05,3.55696e-05,155439
0.000108532,-7.99872e-05,155447
0.000494914,-0.000364746,155453
-8.20172e-05,6.04458e-05,155454
0.00049404,-0.000364102,155495
0.00335496,-0.00247257,155501
-0.000549587,0.00040504,155502
-0.000604018,0.000445155,155509
0.000115418,-8.50619e-05,155510
-8.2177e-05,6.05636e-05,155559
-0.00061387,0.000452416,155565
0.000100535,-7.40935e-05,155566
0.000129115,-9.51561e-05,155573
-2.50047e-05,1.84282e-05,155574
-5.68507e-06,4.18984e-06,155622
1.18949e-05,-8.76641e-06,158143
5.75328e-05,-4.24011e-05,158191
-1.57103e-05,1.15783e-05,158199
-9.27935e-06,6.83878e-06,158205
1.56111e-06,-1.15052e-06,158206
6.40092e-05,-4.71741e-05,158527
0.000439418,-0.000323847,158575
-0.000128757,9.48924e-05,158583
-0.000110989,8.17977e-05,158589
1.85888e-05,-1.36998e-05,158590
-9.4926e-05,6.99595e-05,158639
6.0675e-05,-4.47168e-05,158647
0.000180294,-0.000132875,158653
-2.96498e-05,2.18516e-05,158654
0.000108663,-8.00837e-05,158695
0.000704913,-0.000519514,158701
-0.000114766,8.45812e-05,158702
-0.000129036,9.5098e-05,158709
2.44212e-05,-1.79982e-05,158710
-1.34383e-05,9.9039e-06,159039
-0.000109709,8.08541e-05,159087
6.00092e-05,-4.42261e-05,159095
0.000155989,-0.000114963,159101
-2.58648e-05,1.90621e-05,159102
5.20255e-05,-3.83423e-05,159151
-7.54142e-05,5.55795e-05,159159
-0.000325091,0.000239589,159165
5.35624e-05,-3.94749e-05,159166
-0.000223485,0.000164706,159207
-0.00150918,0.00111225,159213
0.000245698,-0.000181077,159214
0.000274906,-0.000202603,159221
-5.21105e-05,3.84049e-05,159222
-0.000154448,0.000113827,159543
-0.00103784,0.000764879,159549
0.000171108,-0.000126105,159550
-0.00103758,0.000764683,159591
-0.00706302,0.00520537,159597
0.00115063,-0.000847999,159598
0.00127142,-0.000937024,159605
-0.000241523,0.000178,159606
0.000171939,-0.000126717,159655
0.00128799,-0.000949235,159661
-0.000209806,0.000154625,159662
-0.000271,0.000199724,159669
5.21781e-05,-3.84548e-05,159670
-0.000422117,0.000311096,162279
-0.00497297,0.00366503,162285
0.000814084,-0.000599972,162286
0.000905642,-0.000667449,162293
-0.00017272,0.000127293,162294
-0.00351255,0.00258871,162621
0.000823086,-0.000606606,162622
-0.0338799,0.0249691,162669
0.00554711,-0.00408816,162670
0.00609954,-0.0044953,162677
-0.00116491,0.000858529,162678
0.00610627,-0.00450026,162733
-0.000999803,0.000736845,162734
-0.00128678,0.00094834,162741
0.000249267,-0.000183707,162742
-9.64372e-05,7.10733e-05,163134
0.00617679,-0.00455223,163181
-0.00101144,0.000745421,163182
-0.00111227,0.000819732,163189
0.000212731,-0.000156781,163190
-0.00130169,0.000959334,163245
0.000213383,-0.000157261,163246
0.000278347,-0.000205139,163253
-5.43711e-05,4.00709e-05,163254
-0.0943396,0.0695273,187245
0.0416505,-0.030696,187246
-0.00878924,0.00647758,187254
-0.00750968,0.00553456,187310
0.00188392,-0.00138843,187318
-0.00530979,0.00391326,187758
0.00158863,-0.00117081,187766
0.00158819,-0.00117048,187822
-0.000410056,0.000302207,187830
0.000783416,-0.00057737,191406
-0.000345695,0.000254774,191414
-0.00024135,0.000177872,191862
9.85656e-05,-7.26418e-05,191926
-1.82979e-05,1.34854e-05,224694
