! m= 0 ; q= ( 0 0 0  ) 
[ 
energy=  -5.14439 
energy=  -5.04852 
energy=  -4.71102 
energy=  -4.57969 
energy=  -4.47787 
energy=  -4.41689 
energy=  -4.31583 
energy=  -4.25163 
energy=  -4.11608 
energy=   -3.9673 
energy=  -3.85824 
energy=  -3.66762 
energy=  -3.53771 
energy=  -3.35504 
energy=  -3.17953 
energy=  -2.99131 
energy=  -2.80074 
energy=  -2.58517 
energy=  -2.37288 
energy=  -2.16464 
energy=  -1.94426 
energy=  -1.72137 
energy=  -1.49617 
energy=  -1.27022 
energy=  -1.04294 
energy= -0.811335 
energy= -0.575635 
energy= -0.344113 
energy= -0.109752 
energy=  0.116611 
energy=  0.343641 
energy=  0.569041 
energy=  0.786508 
energy=   1.00383 
energy=     1.224 
energy=   1.42059 
energy=   1.62987 
energy=   1.82073 
energy=   2.00085 
energy=   2.18778 
energy=   2.35184 
energy=   2.51062 
energy=    2.6585 
energy=   2.81378 
energy=   2.93301 
energy=   3.05108 
energy=   3.16791 
energy=   3.22924 
energy=   3.32661 
energy=   3.36444 
energy=   3.41655 
energy=   3.57291 
energy=    3.7455 
] 
! m= 0 ; q= ( 0 0 1  ) 
[ 
energy=  -4.92569 
energy=  -4.83992 
energy=  -4.58892 
energy=  -4.53162 
energy=  -4.49735 
energy=  -4.38709 
energy=  -4.28886 
energy=  -4.25222 
energy=  -4.16764 
energy=  -4.09002 
energy=  -3.96512 
energy=  -3.84929 
energy=  -3.73782 
energy=  -3.61752 
energy=  -3.46197 
energy=  -3.32783 
energy=  -3.17954 
energy=  -3.02637 
energy=  -2.85052 
energy=  -2.68175 
energy=  -2.51644 
energy=  -2.33334 
energy=  -2.14481 
energy=  -1.96619 
energy=  -1.77472 
energy=  -1.58316 
energy=  -1.39263 
energy=  -1.19218 
energy=  -1.00104 
energy= -0.799898 
energy= -0.596176 
energy= -0.399323 
energy= -0.201517 
energy= -0.00135536 
energy=  0.195517 
energy=  0.390942 
energy=  0.587236 
energy=  0.774703 
energy=   0.96998 
energy=   1.15078 
energy=   1.33615 
energy=   1.50584 
energy=   1.69275 
energy=   1.84447 
energy=   2.00191 
energy=   2.15417 
energy=   2.29375 
energy=    2.4177 
energy=   2.55903 
energy=   2.70531 
energy=    2.7716 
energy=   2.88465 
energy=   3.01166 
energy=   3.07973 
energy=    3.1693 
energy=   3.23431 
energy=   3.28643 
energy=   3.37079 
energy=   3.40237 
energy=    3.4461 
energy=   3.48755 
energy=   3.66677 
] 
! m= 0 ; q= ( 0 0 2  ) 
[ 
energy=  -4.98897 
energy=  -4.72729 
energy=  -4.59091 
energy=  -4.56645 
energy=  -4.48963 
energy=   -4.3889 
energy=  -4.25325 
energy=  -4.19764 
energy=  -4.06836 
energy=  -3.97115 
energy=  -3.81457 
energy=  -3.66589 
energy=  -3.54064 
energy=  -3.36251 
energy=  -3.19725 
energy=  -3.01195 
energy=  -2.82154 
energy=  -2.63588 
energy=    -2.434 
energy=  -2.23493 
energy=   -2.0201 
energy=  -1.81279 
energy=  -1.59756 
energy=  -1.37524 
energy=  -1.15627 
energy= -0.937102 
energy= -0.711181 
energy= -0.483496 
energy= -0.259886 
energy= -0.0322746 
energy=  0.187598 
energy=  0.412262 
energy=  0.633278 
energy=  0.846225 
energy=   1.05687 
energy=   1.27126 
energy=   1.46027 
energy=   1.67691 
energy=   1.84033 
energy=   2.02323 
energy=   2.19984 
energy=   2.36342 
energy=   2.51126 
energy=   2.67704 
energy=   2.80667 
energy=   2.88761 
energy=   3.02281 
energy=   3.10254 
energy=   3.22645 
energy=   3.27532 
energy=   3.33129 
energy=   3.40507 
energy=   3.48595 
energy=   3.49927 
energy=   3.59703 
] 
! m= 0 ; q= ( 0 0 3  ) 
[ 
energy=  -5.27503 
energy=   -4.8227 
energy=  -4.65345 
energy=   -4.5981 
energy=  -4.53954 
energy=   -4.4315 
energy=  -4.27364 
energy=  -4.18023 
energy=  -4.01259 
energy=  -3.85816 
energy=  -3.68861 
energy=  -3.46735 
energy=  -3.27429 
energy=  -3.04775 
energy=  -2.85053 
energy=   -2.5866 
energy=   -2.3584 
energy=  -2.10968 
energy=  -1.85583 
energy=  -1.59698 
energy=  -1.33486 
energy=  -1.06818 
energy= -0.805129 
energy= -0.539921 
energy= -0.272418 
energy= -0.00367163 
energy=  0.255745 
energy=  0.520121 
energy=  0.775109 
energy=    1.0273 
energy=   1.27509 
energy=   1.50932 
energy=   1.76114 
energy=   1.94899 
energy=   2.14967 
energy=    2.3482 
energy=   2.53776 
energy=   2.70799 
energy=   2.84245 
energy=   2.98128 
energy=   3.13498 
energy=   3.24521 
energy=   3.33873 
energy=   3.40743 
energy=   3.43855 
energy=   3.46021 
energy=   3.53662 
] 
! m= 0 ; q= ( 0 0 4  ) 
[ 
energy=  -4.98897 
energy=  -4.72729 
energy=  -4.59091 
energy=  -4.56645 
energy=  -4.48971 
energy=  -4.38928 
energy=  -4.25459 
energy=  -4.19075 
energy=  -4.05993 
energy=  -3.97162 
energy=  -3.83651 
energy=  -3.70827 
energy=  -3.57674 
energy=  -3.39331 
energy=  -3.23229 
energy=  -3.07437 
energy=  -2.89336 
energy=  -2.68956 
energy=  -2.50804 
energy=  -2.30643 
energy=  -2.10357 
energy=  -1.89405 
energy=   -1.6838 
energy=  -1.46787 
energy=  -1.25049 
energy=  -1.03264 
energy=  -0.81127 
energy= -0.590174 
energy= -0.370846 
energy= -0.150757 
energy= 0.0697179 
energy=  0.291703 
energy=  0.507678 
energy=  0.721703 
energy=   0.93865 
energy=   1.13643 
energy=    1.3347 
energy=   1.53219 
energy=   1.74615 
energy=   1.90966 
energy=   2.07155 
energy=   2.24459 
energy=   2.39063 
energy=   2.55087 
energy=   2.70805 
energy=   2.82788 
energy=   2.92265 
energy=   3.04024 
energy=   3.12955 
energy=    3.2473 
energy=   3.28789 
energy=   3.33161 
energy=   3.40561 
energy=   3.48589 
energy=   3.49927 
energy=   3.59703 
] 
! m= 0 ; q= ( 0 0 5  ) 
[ 
energy=  -4.92569 
energy=  -4.83992 
energy=  -4.58892 
energy=  -4.53162 
energy=  -4.49736 
energy=  -4.38706 
energy=  -4.29718 
energy=  -4.24141 
energy=  -4.16868 
energy=  -4.08402 
energy=  -3.95555 
energy=  -3.86818 
energy=  -3.76366 
energy=  -3.61534 
energy=   -3.4865 
energy=  -3.34806 
energy=  -3.20748 
energy=  -3.04366 
energy=  -2.87953 
energy=  -2.71887 
energy=  -2.54786 
energy=  -2.37964 
energy=  -2.20661 
energy=  -2.01867 
energy=  -1.83734 
energy=  -1.65113 
energy=  -1.46157 
energy=  -1.26939 
energy=  -1.07312 
energy= -0.883989 
energy= -0.685673 
energy= -0.487429 
energy= -0.296581 
energy= -0.100312 
energy= 0.0954425 
energy=  0.287019 
energy=  0.476157 
energy=  0.673781 
energy=  0.857869 
energy=   1.03963 
energy=   1.22071 
energy=   1.39602 
energy=   1.57454 
energy=   1.75342 
energy=   1.89171 
energy=   2.05431 
energy=   2.20726 
energy=     2.345 
energy=   2.46839 
energy=   2.58339 
energy=   2.73777 
energy=   2.80936 
energy=   2.89167 
energy=   3.02752 
energy=   3.11437 
energy=   3.17024 
energy=   3.24021 
energy=   3.28674 
energy=   3.37127 
energy=   3.40237 
energy=   3.44609 
energy=   3.48755 
energy=   3.66677 
] 
q-vector: ( 0, 0, 0, 3)
Groundstate 
-6.06554e-12,6.84622e-12,511
1.32005e-10,-1.54898e-10,767
-2.21464e-10,2.6106e-10,895
3.26357e-10,-3.83395e-10,959
-1.375e-09,1.61781e-09,991
1.37755e-09,-1.61919e-09,1007
-3.23682e-10,3.80739e-10,1015
2.23108e-10,-2.62891e-10,1019
-1.28675e-10,1.51506e-10,1021
8.8561e-12,-1.08746e-11,1022
-1.85761e-09,2.18527e-09,1279
3.22925e-09,-3.79681e-09,1407
-4.97141e-09,5.84573e-09,1471
2.2951e-08,-2.69876e-08,1503
-2.31634e-08,2.72369e-08,1519
5.5989e-09,-6.5824e-09,1527
-4.03876e-09,4.75e-09,1531
2.39911e-09,-2.82115e-09,1533
-1.28169e-10,1.52401e-10,1534
-3.48792e-09,4.10144e-09,1663
5.36052e-08,-6.3031e-08,1727
-3.17828e-07,3.7372e-07,1759
3.24583e-07,-3.81663e-07,1775
-7.98612e-08,9.39046e-08,1783
5.50729e-08,-6.4757e-08,1787
-3.22078e-08,3.78734e-08,1789
1.86015e-09,-2.18872e-09,1790
-5.60729e-08,6.59349e-08,1855
4.25316e-07,-5.00112e-07,1887
-4.51175e-07,5.30517e-07,1903
1.21597e-07,-1.4298e-07,1911
-8.79448e-08,1.0341e-07,1915
5.17531e-08,-6.08537e-08,1917
-2.9828e-09,3.50929e-09,1918
-1.55726e-07,1.8311e-07,1951
2.22922e-07,-2.62125e-07,1967
-1.01142e-07,1.18929e-07,1975
9.81061e-08,-1.1536e-07,1979
-6.03283e-08,7.09383e-08,1981
3.28827e-09,-3.86471e-09,1982
-4.4129e-08,5.189e-08,1999
1.67692e-07,-1.97182e-07,2007
-2.6081e-07,3.06675e-07,2011
1.72487e-07,-2.0282e-07,2013
-8.57134e-09,1.00788e-08,2014
-1.08734e-07,1.27856e-07,2023
2.24793e-07,-2.64325e-07,2027
-1.53772e-07,1.80814e-07,2029
7.30814e-09,-8.59299e-09,2030
-2.5061e-08,2.94681e-08,2035
2.12799e-08,-2.50229e-08,2037
-1.03842e-09,1.22092e-09,2038
-1.03865e-09,1.22179e-09,2041
7.05801e-10,-8.28223e-10,2042
-4.32359e-10,5.08467e-10,2044
2.98751e-09,-3.51288e-09,2303
-5.08934e-09,5.9852e-09,2431
7.99189e-09,-9.39729e-09,2495
-3.84159e-08,4.51722e-08,2527
3.90609e-08,-4.59298e-08,2543
-9.53148e-09,1.12079e-08,2551
6.82784e-09,-8.02832e-09,2555
-4.03833e-09,4.74901e-09,2557
2.25801e-10,-2.6402e-10,2558
6.227e-09,-7.32098e-09,2687
-9.66103e-08,1.136e-07,2751
5.69917e-07,-6.70141e-07,2783
-5.79901e-07,6.8188e-07,2799
1.40283e-07,-1.64951e-07,2807
-9.56696e-08,1.12496e-07,2811
5.58712e-08,-6.56961e-08,2813
-3.22546e-09,3.79336e-09,2814
1.00118e-07,-1.17725e-07,2879
-7.51459e-07,8.83609e-07,2911
7.93116e-07,-9.32592e-07,2927
-2.09669e-07,2.46542e-07,2935
1.50164e-07,-1.76571e-07,2939
-8.82694e-08,1.03792e-07,2941
5.09488e-09,-5.98864e-09,2942
2.6441e-07,-3.10907e-07,2975
-3.76263e-07,4.42432e-07,2991
1.67773e-07,-1.97276e-07,2999
-1.61741e-07,1.90186e-07,3003
9.94141e-08,-1.16897e-07,3005
-5.40992e-09,6.36055e-09,3006
7.27877e-08,-8.55879e-08,3023
-2.73358e-07,3.2143e-07,3031
4.23996e-07,-4.98559e-07,3035
-2.80434e-07,3.2975e-07,3037
1.39434e-08,-1.6395e-08,3038
1.76995e-07,-2.08121e-07,3047
-3.65122e-07,4.29332e-07,3051
2.49832e-07,-2.93767e-07,3053
-1.18746e-08,1.3963e-08,3054
4.07822e-08,-4.79528e-08,3059
-3.46367e-08,4.07279e-08,3061
1.69468e-09,-1.99297e-09,3062
1.69394e-09,-1.99104e-09,3065
-1.14793e-09,1.34881e-09,3066
7.04845e-10,-8.29125e-10,3068
-3.62932e-09,4.2677e-09,3199
7.12537e-08,-8.37841e-08,3263
-5.00557e-07,5.88584e-07,3295
5.28006e-07,-6.2086e-07,3311
-1.41764e-07,1.66694e-07,3319
1.02244e-07,-1.20224e-07,3323
-6.01668e-08,7.07482e-08,3325
3.49042e-09,-4.10409e-09,3326
-9.2216e-08,1.08432e-07,3391
8.00123e-07,-9.40831e-07,3423
-8.6809e-07,1.02075e-06,3439
2.46704e-07,-2.90087e-07,3447
-1.82564e-07,2.14668e-07,3451
1.07763e-07,-1.26713e-07,3453
-6.22367e-09,7.31887e-09,3454
-3.51357e-07,4.13146e-07,3487
5.08412e-07,-5.97819e-07,3503
-2.33971e-07,2.75118e-07,3511
2.26414e-07,-2.66231e-07,3515
-1.39108e-07,1.63573e-07,3517
7.55855e-09,-8.8863e-09,3518
-1.08205e-07,1.27234e-07,3535
4.12381e-07,-4.849e-07,3543
-6.35055e-07,7.46735e-07,3547
4.18904e-07,-4.92571e-07,3549
-2.07599e-08,2.44103e-08,3550
-2.67699e-07,3.14774e-07,3559
5.47405e-07,-6.4367e-07,3563
-3.73403e-07,4.39069e-07,3565
1.76854e-08,-2.07951e-08,3566
-6.04208e-08,7.10479e-08,3571
5.11976e-08,-6.0202e-08,3573
-2.48756e-09,2.926e-09,3574
-2.49972e-09,2.939e-09,3577
1.69489e-09,-1.99261e-09,3578
-1.03919e-09,1.22079e-09,3580
2.15231e-08,-2.53089e-08,3647
-2.64201e-07,3.10662e-07,3679
3.20868e-07,-3.77294e-07,3695
-1.2274e-07,1.44324e-07,3703
1.05861e-07,-1.24477e-07,3707
-6.40481e-08,7.53113e-08,3709
3.62979e-09,-4.26737e-09,3710
9.37135e-07,-1.10194e-06,3743
-1.48377e-06,1.7447e-06,3759
9.05704e-07,-1.06498e-06,3767
-1.0173e-06,1.1962e-06,3771
6.43016e-07,-7.56095e-07,3773
-3.45577e-08,4.06359e-08,3774
5.02298e-07,-5.9063e-07,3791
-2.42456e-06,2.85093e-06,3799
4.14055e-06,-4.8687e-06,3803
-2.78114e-06,3.27022e-06,3805
1.38386e-07,-1.62722e-07,3806
1.64932e-06,-1.93936e-06,3815
-3.70432e-06,4.35575e-06,3819
2.56561e-06,-3.01679e-06,3821
-1.22688e-07,1.44264e-07,3822
4.07812e-07,-4.79528e-07,3827
-3.5187e-07,4.13749e-07,3829
1.76847e-08,-2.07944e-08,3830
1.7636e-08,-2.0737e-08,3833
-1.18747e-08,1.39627e-08,3834
7.30663e-09,-8.59148e-09,3836
-6.5148e-07,7.66048e-07,3871
1.05665e-06,-1.24247e-06,3887
-7.14179e-07,8.39773e-07,3895
8.51278e-07,-1.00098e-06,3899
-5.44746e-07,6.40544e-07,3901
2.91273e-08,-3.42494e-08,3902
-4.7506e-07,5.58604e-07,3919
2.51788e-06,-2.96066e-06,3927
-4.49302e-06,5.28315e-06,3931
3.04353e-06,-3.57876e-06,3933
-1.51624e-07,1.78289e-07,3934
-1.76006e-06,2.06958e-06,3943
4.12599e-06,-4.85158e-06,3947
-2.88062e-06,3.3872e-06,3949
1.38385e-07,-1.62722e-07,3950
-4.62837e-07,5.44229e-07,3955
4.04077e-07,-4.75135e-07,3957
-2.07604e-08,2.44114e-08,3958
-2.08674e-08,2.45368e-08,3961
1.39423e-08,-1.63944e-08,3962
-8.57235e-09,1.00791e-08,3964
4.92486e-08,-5.79097e-08,3983
-3.68771e-07,4.33623e-07,3991
8.35145e-07,-9.82014e-07,3995
-5.87729e-07,6.91086e-07,3997
2.91274e-08,-3.42489e-08,3998
3.25757e-07,-3.83043e-07,4007
-9.78777e-07,1.1509e-06,4011
7.10383e-07,-8.35309e-07,4013
-3.45577e-08,4.06353e-08,4014
1.43875e-07,-1.69177e-07,4019
-1.32597e-07,1.55916e-07,4021
7.55673e-09,-8.88646e-09,4022
8.41442e-09,-9.89397e-09,4025
-5.41069e-09,6.36121e-09,4026
3.28727e-09,-3.86503e-09,4028
-2.1524e-08,2.53101e-08,4039
9.22152e-08,-1.08432e-07,4043
-7.1253e-08,8.37837e-08,4045
3.62854e-09,-4.26667e-09,4046
-1.00118e-07,1.17723e-07,4051
9.66115e-08,-1.13599e-07,4053
-6.22448e-09,7.31986e-09,4054
-7.9911e-09,9.39712e-09,4057
5.09252e-09,-5.98787e-09,4058
-2.98492e-09,3.51018e-09,4060
5.60733e-08,-6.59336e-08,4067
-5.36038e-08,6.30306e-08,4069
3.48897e-09,-4.10313e-09,4070
4.97176e-09,-5.84641e-09,4073
-3.22676e-09,3.79389e-09,4074
1.85871e-09,-2.18612e-09,4076
-3.25247e-10,3.81568e-10,4081
2.23766e-10,-2.62975e-10,4082
-1.31201e-10,1.53599e-10,4084
-3.28391e-09,3.86239e-09,4351
5.41145e-09,-6.36334e-09,4479
-8.41236e-09,9.89288e-09,4543
4.66144e-08,-5.48126e-08,4575
-4.92733e-08,5.79398e-08,4591
1.3216e-08,-1.55403e-08,4599
-9.52944e-09,1.12065e-08,4603
5.60075e-09,-6.58505e-09,4605
-3.22767e-10,3.8031e-10,4606
-7.55639e-09,8.88636e-09,4735
1.32598e-07,-1.55915e-07,4799
-8.31416e-07,9.77626e-07,4831
8.58837e-07,-1.00987e-06,4847
-2.14801e-07,2.52576e-07,4855
1.43069e-07,-1.68228e-07,4859
-8.25461e-08,9.7063e-08,4861
4.97196e-09,-5.846e-09,4862
-1.43876e-07,1.69177e-07,4927
1.1313e-06,-1.33024e-06,4959
-1.2087e-06,1.42126e-06,4975
3.27895e-07,-3.85557e-07,4983
-2.30508e-07,2.71043e-07,4987
1.34255e-07,-1.57865e-07,4989
-7.99154e-09,9.39653e-09,4990
-4.10096e-07,4.82213e-07,5023
5.86179e-07,-6.89264e-07,5039
-2.61945e-07,3.0801e-07,5047
2.4962e-07,-2.93515e-07,5051
-1.52803e-07,1.79675e-07,5053
8.41423e-09,-9.89342e-09,5054
-1.12102e-07,1.31815e-07,5071
4.13485e-07,-4.86199e-07,5079
-6.33454e-07,7.44852e-07,5083
4.17913e-07,-4.91407e-07,5085
-2.08675e-08,2.45375e-08,5086
-2.65799e-07,3.12542e-07,5095
5.41801e-07,-6.3708e-07,5099
-3.69955e-07,4.35014e-07,5101
1.76356e-08,-2.07356e-08,5102
-6.04215e-08,7.10476e-08,5107
5.1199e-08,-6.02023e-08,5109
-2.4999e-09,2.93954e-09,5110
-2.48835e-09,2.92649e-09,5113
1.69375e-09,-1.99106e-09,5114
-1.03888e-09,1.22229e-09,5116
3.45564e-08,-4.06336e-08,5247
-7.10384e-07,8.3531e-07,5311
5.5112e-06,-6.48039e-06,5343
-6.09678e-06,7.16894e-06,5359
1.93867e-06,-2.2796e-06,5367
-1.5326e-06,1.80213e-06,5371
9.14086e-07,-1.07484e-06,5373
-5.36046e-08,6.30314e-08,5374
9.78777e-07,-1.1509e-06,5439
-9.2418e-06,1.0867e-05,5471
1.04654e-05,-1.23059e-05,5487
-3.45782e-06,4.0659e-06,5495
2.76785e-06,-3.2546e-06,5499
-1.65224e-06,1.94281e-06,5501
9.66109e-08,-1.13601e-07,5502
4.88248e-06,-5.7411e-06,5535
-7.31425e-06,8.60052e-06,5551
3.78918e-06,-4.45554e-06,5559
-3.90108e-06,4.58712e-06,5563
2.42126e-06,-2.84705e-06,5565
-1.32597e-07,1.55914e-07,5566
1.76449e-06,-2.07479e-06,5583
-7.44412e-06,8.75322e-06,5591
1.2154e-05,-1.42914e-05,5595
-8.09989e-06,9.52432e-06,5597
4.04076e-07,-4.75135e-07,5598
4.93216e-06,-5.79952e-06,5607
-1.06931e-05,1.25735e-05,5611
7.36632e-06,-8.66175e-06,5613
-3.51871e-07,4.13749e-07,5614
1.20191e-06,-1.41328e-06,5619
-1.03e-06,1.21113e-06,5621
5.11989e-08,-6.02026e-08,5622
5.11988e-08,-6.02018e-08,5625
-3.46359e-08,4.07277e-08,5626
2.12815e-08,-2.50232e-08,5628
-3.25757e-07,3.83045e-07,5695
4.26778e-06,-5.0183e-06,5727
-5.36065e-06,6.30336e-06,5743
2.26739e-06,-2.66613e-06,5751
-2.04813e-06,2.4083e-06,5755
1.24709e-06,-1.4664e-06,5757
-7.12532e-08,8.37836e-08,5758
-1.70549e-05,2.00542e-05,5791
2.74934e-05,-3.23283e-05,5807
-1.78373e-05,2.09741e-05,5815
2.06659e-05,-2.43001e-05,5819
-1.31275e-05,1.54361e-05,5821
7.10383e-07,-8.3531e-07,5822
-9.75151e-06,1.14664e-05,5839
4.88435e-05,-5.7433e-05,5847
-8.5356e-05,0.000100367,5851
5.75698e-05,-6.7694e-05,5853
-2.88062e-06,3.3872e-06,5854
-3.34028e-05,3.92769e-05,5863
7.67006e-05,-9.0189e-05,5867
-5.33314e-05,6.27101e-05,5869
2.56561e-06,-3.01679e-06,5870
-8.50776e-06,1.00039e-05,5875
7.36632e-06,-8.66175e-06,5877
-3.73404e-07,4.3907e-07,5878
-3.69954e-07,4.35013e-07,5881
2.49832e-07,-2.93767e-07,5882
-1.53774e-07,1.80816e-07,5884
1.19478e-05,-1.40489e-05,5919
-1.96701e-05,2.31293e-05,5935
1.39415e-05,-1.63932e-05,5943
-1.70039e-05,1.99942e-05,5947
1.09194e-05,-1.28396e-05,5949
-5.87728e-07,6.91086e-07,5950
9.09938e-06,-1.06996e-05,5967
-4.93658e-05,5.80471e-05,5975
8.94531e-05,-0.000105184,5979
-6.07606e-05,7.14458e-05,5981
3.04353e-06,-3.57876e-06,5982
3.45856e-05,-4.06678e-05,5991
-8.22485e-05,9.67125e-05,5995
5.75698e-05,-6.7694e-05,5997
-2.78114e-06,3.27022e-06,5998
9.2606e-06,-1.08891e-05,6003
-8.09989e-06,9.52432e-06,6005
4.18903e-07,-4.92569e-07,6006
4.17915e-07,-4.91408e-07,6009
-2.80435e-07,3.29751e-07,6010
1.72487e-07,-2.02821e-07,6012
-9.03595e-07,1.0625e-06,6031
6.82737e-06,-8.02802e-06,6039
-1.55079e-05,1.82351e-05,6043
1.09194e-05,-1.28396e-05,6045
-5.44746e-07,6.40544e-07,6046
-6.0113e-06,7.06843e-06,6055
1.80812e-05,-2.1261e-05,6059
-1.31275e-05,1.54361e-05,6061
6.43014e-07,-7.56094e-07,6062
-2.62851e-06,3.09075e-06,6067
2.42125e-06,-2.84705e-06,6069
-1.39109e-07,1.63573e-07,6070
-1.52803e-07,1.79676e-07,6073
9.94134e-08,-1.16896e-07,6074
-6.03294e-08,7.0938e-08,6076
3.80781e-07,-4.47745e-07,6087
-1.61636e-06,1.90061e-06,6091
1.24709e-06,-1.4664e-06,6093
-6.40496e-08,7.5314e-08,6094
1.72155e-06,-2.0243e-06,6099
-1.65225e-06,1.94281e-06,6101
1.07762e-07,-1.26712e-07,6102
1.34254e-07,-1.57864e-07,6105
-8.82706e-08,1.03792e-07,6106
5.17514e-08,-6.08515e-08,6108
-9.63866e-07,1.13337e-06,6115
9.14086e-07,-1.07483e-06,6117
-6.01678e-08,7.07481e-08,6118
-8.25459e-08,9.70632e-08,6121
5.58697e-08,-6.56946e-08,6122
-3.22102e-08,3.7873e-08,6124
5.59851e-09,-6.58263e-09,6129
-4.04095e-09,4.75192e-09,6130
2.39617e-09,-2.81877e-09,6132
-2.91262e-08,3.42491e-08,6271
5.87728e-07,-6.91086e-07,6335
-4.80808e-06,5.65361e-06,6367
5.46296e-06,-6.42366e-06,6383
-1.90274e-06,2.23735e-06,6391
1.59735e-06,-1.87825e-06,6395
-9.63865e-07,1.13337e-06,6397
5.60732e-08,-6.59346e-08,6398
-8.35147e-07,9.82014e-07,6463
8.22959e-06,-9.67683e-06,6495
-9.528e-06,1.12036e-05,6511
3.39718e-06,-3.9946e-06,6519
-2.85626e-06,3.35855e-06,6523
1.72155e-06,-2.0243e-06,6525
-1.00118e-07,1.17723e-07,6526
-4.78014e-06,5.62077e-06,6559
7.27013e-06,-8.54864e-06,6575
-3.96748e-06,4.6652e-06,6583
4.20997e-06,-4.95033e-06,6587
-2.62851e-06,3.09076e-06,6589
1.43876e-07,-1.69177e-07,6590
-1.86527e-06,2.19329e-06,6607
8.24221e-06,-9.69167e-06,6615
-1.38243e-05,1.62554e-05,6619
9.2606e-06,-1.08891e-05,6621
-4.62836e-07,5.4423e-07,6622
-5.51978e-06,6.49048e-06,6631
1.22901e-05,-1.44514e-05,6635
-8.50776e-06,1.00039e-05,6637
4.07811e-07,-4.79528e-07,6638
-1.39457e-06,1.63981e-06,6643
1.20191e-06,-1.41328e-06,6645
-6.04208e-08,7.1047e-08,6646
-6.0422e-08,7.1047e-08,6649
4.07823e-08,-4.79547e-08,6650
-2.50601e-08,2.9467e-08,6652
3.68771e-07,-4.33623e-07,6719
-4.99436e-06,5.87265e-06,6751
6.37757e-06,-7.49911e-06,6767
-2.83642e-06,3.33522e-06,6775
2.63903e-06,-3.10313e-06,6779
-1.61636e-06,1.90061e-06,6781
9.22153e-08,-1.08432e-07,6782
2.16342e-05,-2.54387e-05,6815
-3.52164e-05,4.14095e-05,6831
2.37898e-05,-2.79734e-05,6839
-2.83025e-05,3.32797e-05,6843
1.80812e-05,-2.1261e-05,6845
-9.78777e-07,1.1509e-06,6846
1.31108e-05,-1.54164e-05,6863
-6.79312e-05,7.98775e-05,6871
0.000121373,-0.000142717,6875
-8.22485e-05,9.67125e-05,6877
4.12599e-06,-4.85158e-06,6878
4.68106e-05,-5.50427e-05,6887
-0.000109821,0.000129134,6891
7.67006e-05,-9.0189e-05,6893
-3.70432e-06,4.35575e-06,6894
1.22901e-05,-1.44514e-05,6899
-1.06931e-05,1.25735e-05,6901
5.47404e-07,-6.43668e-07,6902
5.41801e-07,-6.37081e-07,6905
-3.65122e-07,4.29333e-07,6906
2.24792e-07,-2.64324e-07,6908
-1.56066e-05,1.83511e-05,6943
2.59322e-05,-3.04926e-05,6959
-1.91473e-05,2.25145e-05,6967
2.40046e-05,-2.8226e-05,6971
-1.55079e-05,1.82351e-05,6973
8.35146e-07,-9.82012e-07,6974
-1.26098e-05,1.48273e-05,6991
7.06873e-05,-8.31182e-05,6999
-0.000131046,0.000154091,7003
8.94531e-05,-0.000105184,7005
-4.49302e-06,5.28315e-06,7006
-4.99136e-05,5.86913e-05,7015
0.000121373,-0.000142717,7019
-8.5356e-05,0.000100367,7021
4.14055e-06,-4.86869e-06,7022
-1.38243e-05,1.62554e-05,7027
1.2154e-05,-1.42914e-05,7029
-6.35056e-07,7.46735e-07,7030
-6.33453e-07,7.44851e-07,7033
4.23997e-07,-4.98559e-07,7034
-2.6081e-07,3.06676e-07,7036
1.3102e-06,-1.54061e-06,7055
-1.0264e-05,1.2069e-05,7063
2.40046e-05,-2.8226e-05,7067
-1.70039e-05,1.99942e-05,7069
8.51276e-07,-1.00098e-06,7070
9.14792e-06,-1.07567e-05,7079
-2.83025e-05,3.32797e-05,7083
2.06659e-05,-2.43001e-05,7085
-1.0173e-06,1.1962e-06,7086
4.20997e-06,-4.95033e-06,7091
-3.90108e-06,4.58712e-06,7093
2.26414e-07,-2.6623e-07,7094
2.49619e-07,-2.93515e-07,7097
-1.61741e-07,1.90185e-07,7098
9.81051e-08,-1.15359e-07,7100
-6.03383e-07,7.09492e-07,7111
2.63903e-06,-3.10313e-06,7115
-2.04813e-06,2.40831e-06,7117
1.05859e-07,-1.24474e-07,7118
-2.85626e-06,3.35855e-06,7123
2.76785e-06,-3.25459e-06,7125
-1.82564e-07,2.14669e-07,7126
-2.30508e-07,2.71045e-07,7129
1.50162e-07,-1.7657e-07,7130
-8.79454e-08,1.0341e-07,7132
1.59735e-06,-1.87825e-06,7139
-1.53261e-06,1.80213e-06,7141
1.02243e-07,-1.20222e-07,7142
1.43068e-07,-1.68227e-07,7145
-9.5671e-08,1.12495e-07,7146
5.50702e-08,-6.47547e-08,7148
-9.53166e-09,1.12088e-08,7153
6.82606e-09,-8.02647e-09,7154
-4.04103e-09,4.75179e-09,7156
-4.92501e-08,5.79097e-08,7231
7.77509e-07,-9.14241e-07,7263
-1.05451e-06,1.23996e-06,7279
5.68573e-07,-6.68561e-07,7287
-6.03383e-07,7.09493e-07,7291
3.8078e-07,-4.47744e-07,7293
-2.15257e-08,2.53107e-08,7294
-4.99908e-06,5.87821e-06,7327
8.43903e-06,-9.9231e-06,7343
-6.80168e-06,7.9978e-06,7351
9.14792e-06,-1.07567e-05,7355
-6.0113e-06,7.06843e-06,7357
3.25756e-07,-3.83043e-07,7358
-4.21156e-06,4.9522e-06,7375
2.53186e-05,-2.97711e-05,7383
-4.99136e-05,5.86913e-05,7387
3.45856e-05,-4.06678e-05,7389
-1.76006e-06,2.06958e-06,7390
-1.81243e-05,2.13116e-05,7399
4.68106e-05,-5.50427e-05,7403
-3.34028e-05,3.92769e-05,7405
1.64931e-06,-1.93936e-06,7406
-5.51978e-06,6.49048e-06,7411
4.93216e-06,-5.79952e-06,7413
-2.67699e-07,3.14776e-07,7414
-2.658e-07,3.12542e-07,7417
1.76995e-07,-2.0812e-07,7418
-1.08735e-07,1.27857e-07,7420
4.75166e-06,-5.58728e-06,7455
-8.16236e-06,9.59777e-06,7471
7.21395e-06,-8.48258e-06,7479
-1.0264e-05,1.2069e-05,7483
6.82737e-06,-8.02802e-06,7485
-3.68772e-07,4.33625e-07,7486
5.34122e-06,-6.28052e-06,7503
-3.44977e-05,4.05643e-05,7511
7.06873e-05,-8.31182e-05,7515
-4.93658e-05,5.80471e-05,7517
2.51788e-06,-2.96066e-06,7518
2.53186e-05,-2.97711e-05,7527
-6.79312e-05,7.98775e-05,7531
4.88435e-05,-5.7433e-05,7533
-2.42456e-06,2.85093e-06,7534
8.24222e-06,-9.69167e-06,7539
-7.44412e-06,8.75322e-06,7541
4.12378e-07,-4.84899e-07,7542
4.13483e-07,-4.86199e-07,7545
-2.73359e-07,3.21432e-07,7546
1.67692e-07,-1.97182e-07,7548
-7.97485e-07,9.37729e-07,7567
7.21395e-06,-8.48258e-06,7575
-1.91473e-05,2.25145e-05,7579
1.39415e-05,-1.63932e-05,7581
-7.1418e-07,8.39774e-07,7582
-6.80168e-06,7.9978e-06,7591
2.37898e-05,-2.79734e-05,7595
-1.78373e-05,2.09741e-05,7597
9.05704e-07,-1.06498e-06,7598
-3.96748e-06,4.6652e-06,7603
3.78918e-06,-4.45554e-06,7605
-2.33973e-07,2.75119e-07,7606
-2.61946e-07,3.08012e-07,7609
1.6777e-07,-1.97275e-07,7610
-1.01142e-07,1.18929e-07,7612
5.68572e-07,-6.6856e-07,7623
-2.83642e-06,3.33522e-06,7627
2.26739e-06,-2.66613e-06,7629
-1.22742e-07,1.44327e-07,7630
3.39718e-06,-3.9946e-06,7635
-3.45782e-06,4.0659e-06,7637
2.46702e-07,-2.90087e-07,7638
3.27895e-07,-3.85556e-07,7641
-2.0967e-07,2.46543e-07,7642
1.21596e-07,-1.42979e-07,7644
-1.90274e-06,2.23735e-06,7651
1.93867e-06,-2.2796e-06,7653
-1.41764e-07,1.66695e-07,7654
-2.14802e-07,2.52575e-07,7657
1.40282e-07,-1.64951e-07,7658
-7.98626e-08,9.39071e-08,7660
1.32147e-08,-1.55385e-08,7665
-9.53178e-09,1.12086e-08,7666
5.59701e-09,-6.58192e-09,7668
-4.41432e-07,5.19063e-07,7711
7.67765e-07,-9.02783e-07,7727
-7.97486e-07,9.3773e-07,7735
1.31021e-06,-1.54062e-06,7739
-9.03594e-07,1.0625e-06,7741
4.92485e-08,-5.79084e-08,7742
-7.01054e-07,8.2434e-07,7759
5.34122e-06,-6.28052e-06,7767
-1.26098e-05,1.48273e-05,7771
9.09938e-06,-1.06996e-05,7773
-4.75062e-07,5.58605e-07,7774
-4.21156e-06,4.9522e-06,7783
1.31108e-05,-1.54164e-05,7787
-9.75151e-06,1.14664e-05,7789
5.02296e-07,-5.90629e-07,7790
-1.86527e-06,2.19329e-06,7795
1.76449e-06,-2.07479e-06,7797
-1.08206e-07,1.27234e-07,7798
-1.12101e-07,1.31816e-07,7801
7.27869e-08,-8.55863e-08,7802
-4.41293e-08,5.18896e-08,7804
7.67765e-07,-9.02782e-07,7823
-8.16236e-06,9.59778e-06,7831
2.59322e-05,-3.04926e-05,7835
-1.96701e-05,2.31293e-05,7837
1.05665e-06,-1.24247e-06,7838
8.43903e-06,-9.9231e-06,7847
-3.52164e-05,4.14095e-05,7851
2.74934e-05,-3.23283e-05,7853
-1.48377e-06,1.7447e-06,7854
7.27013e-06,-8.54864e-06,7859
-7.31425e-06,8.60052e-06,7861
5.08409e-07,-5.97817e-07,7862
5.8618e-07,-6.89264e-07,7865
-3.76264e-07,4.42433e-07,7866
2.22922e-07,-2.62124e-07,7868
-1.05451e-06,1.23996e-06,7879
6.37757e-06,-7.49911e-06,7883
-5.36064e-06,6.30335e-06,7885
3.20866e-07,-3.77293e-07,7886
-9.528e-06,1.12036e-05,7891
1.04654e-05,-1.23059e-05,7893
-8.68091e-07,1.02075e-06,7894
-1.2087e-06,1.42126e-06,7897
7.93115e-07,-9.32592e-07,7898
-4.51177e-07,5.3052e-07,7900
5.46296e-06,-6.42366e-06,7907
-6.09678e-06,7.16894e-06,7909
5.28005e-07,-6.20858e-07,7910
8.58836e-07,-1.00987e-06,7913
-5.79901e-07,6.81881e-07,7914
3.24581e-07,-3.81662e-07,7916
-4.92742e-08,5.79395e-08,7921
3.90593e-08,-4.5928e-08,7922
-2.31649e-08,2.72389e-08,7924
-4.41431e-07,5.1906e-07,7951
4.75166e-06,-5.58728e-06,7959
-1.56066e-05,1.83511e-05,7963
1.19478e-05,-1.40489e-05,7965
-6.51481e-07,7.66049e-07,7966
-4.99908e-06,5.87821e-06,7975
2.16342e-05,-2.54387e-05,7979
-1.70549e-05,2.00542e-05,7981
9.37134e-07,-1.10194e-06,7982
-4.78014e-06,5.62077e-06,7987
4.88248e-06,-5.7411e-06,7989
-3.51359e-07,4.13148e-07,7990
-4.10096e-07,4.82215e-07,7993
2.64406e-07,-3.10905e-07,7994
-1.55726e-07,1.83111e-07,7996
7.77511e-07,-9.14242e-07,8007
-4.99436e-06,5.87265e-06,8011
4.26778e-06,-5.0183e-06,8013
-2.64203e-07,3.10664e-07,8014
8.22959e-06,-9.67683e-06,8019
-9.2418e-06,1.0867e-05,8021
8.00122e-07,-9.4083e-07,8022
1.1313e-06,-1.33024e-06,8025
-7.51461e-07,8.8361e-07,8026
4.25315e-07,-5.0011e-07,8028
-4.80808e-06,5.65362e-06,8035
5.5112e-06,-6.48039e-06,8037
-5.00559e-07,5.88585e-07,8038
-8.31415e-07,9.77626e-07,8041
5.69915e-07,-6.70139e-07,8042
-3.1783e-07,3.73722e-07,8044
4.66142e-08,-5.48114e-08,8049
-3.84187e-08,4.51744e-08,8050
2.29476e-08,-2.69853e-08,8052
-4.92484e-08,5.79096e-08,8071
3.68771e-07,-4.33622e-07,8075
-3.25757e-07,3.83044e-07,8077
2.15224e-08,-2.53074e-08,8078
-8.35148e-07,9.82014e-07,8083
9.78776e-07,-1.1509e-06,8085
-9.2217e-08,1.08434e-07,8086
-1.43876e-07,1.69177e-07,8089
1.00117e-07,-1.17723e-07,8090
-5.60743e-08,6.59355e-08,8092
5.87728e-07,-6.91085e-07,8099
-7.10384e-07,8.3531e-07,8101
7.12525e-08,-8.37826e-08,8102
1.32596e-07,-1.55915e-07,8105
-9.6612e-08,1.13602e-07,8106
5.36031e-08,-6.30301e-08,8108
-8.41499e-09,9.8939e-09,8113
7.98979e-09,-9.39591e-09,8114
-4.97293e-09,5.84756e-09,8116
-2.91272e-08,3.42495e-08,8131
3.45567e-08,-4.06339e-08,8133
-3.63139e-09,4.2693e-09,8134
-7.55886e-09,8.88691e-09,8137
6.22405e-09,-7.31846e-09,8138
-3.49086e-09,4.1043e-09,8140
5.41072e-09,-6.36226e-09,8145
-5.09257e-09,5.98803e-09,8146
3.22582e-09,-3.79389e-09,8148
-3.2859e-09,3.86407e-09,8161
2.98571e-09,-3.51086e-09,8162
-1.86024e-09,2.18758e-09,8164
8.57324e-09,-1.0081e-08,8447
-1.39406e-08,1.63929e-08,8575
2.08687e-08,-2.45381e-08,8639
-1.34278e-07,1.57892e-07,8671
1.50792e-07,-1.7731e-07,8687
-4.92743e-08,5.79391e-08,8695
3.9062e-08,-4.59307e-08,8699
-2.31608e-08,2.72344e-08,8701
1.378e-09,-1.61992e-09,8702
2.07601e-08,-2.44106e-08,8831
-4.04077e-07,4.75136e-07,8895
2.76123e-06,-3.24682e-06,8927
-2.97911e-06,3.50301e-06,8943
8.8201e-07,-1.03712e-06,8951
-6.37278e-07,7.49349e-07,8955
3.7071e-07,-4.35903e-07,8957
-2.29498e-08,2.69852e-08,8958
4.62835e-07,-5.44229e-07,9023
-3.9423e-06,4.63558e-06,9055
4.40049e-06,-5.17435e-06,9071
-1.409e-06,1.65679e-06,9079
1.07515e-06,-1.26423e-06,9083
-6.32191e-07,7.43367e-07,9085
3.84173e-08,-4.51732e-08,9086
1.69114e-06,-1.98854e-06,9119
-2.51892e-06,2.9619e-06,9135
1.309e-06,-1.5392e-06,9143
-1.35572e-06,1.59413e-06,9147
8.41155e-07,-9.89078e-07,9149
-4.66145e-08,5.4812e-08,9150
5.62396e-07,-6.61299e-07,9167
-2.3922e-06,2.81289e-06,9175
4.00515e-06,-4.70949e-06,9179
-2.68405e-06,3.15606e-06,9181
1.34279e-07,-1.57894e-07,9182
1.58622e-06,-1.86517e-06,9191
-3.54021e-06,4.16279e-06,9195
2.45456e-06,-2.88621e-06,9197
-1.17581e-07,1.38259e-07,9198
4.07811e-07,-4.79528e-07,9203
-3.5187e-07,4.13748e-07,9205
1.76359e-08,-2.07369e-08,9206
1.76851e-08,-2.07941e-08,9209
-1.18755e-08,1.39644e-08,9210
7.30701e-09,-8.59218e-09,9212
-1.38387e-07,1.62723e-07,9343
2.88062e-06,-3.3872e-06,9407
-2.42232e-05,2.84831e-05,9439
2.80291e-05,-3.29583e-05,9455
-1.04195e-05,1.22518e-05,9463
8.95136e-06,-1.05255e-05,9467
-5.40458e-06,6.35501e-06,9469
3.17829e-07,-3.73722e-07,9470
-4.12599e-06,4.85158e-06,9535
4.16528e-05,-4.89777e-05,9567
-4.90989e-05,5.77333e-05,9583
1.86728e-05,-2.19566e-05,9591
-1.60863e-05,1.89152e-05,9595
9.70459e-06,-1.14112e-05,9597
-5.69915e-07,6.70139e-07,9598
-2.5023e-05,2.94235e-05,9631
3.85872e-05,-4.53731e-05,9647
-2.2216e-05,2.61228e-05,9655
2.42035e-05,-2.84598e-05,9659
-1.51536e-05,1.78185e-05,9661
8.31416e-07,-9.77626e-07,9662
-1.03571e-05,1.21785e-05,9679
4.78196e-05,-5.6229e-05,9687
-8.24336e-05,9.69302e-05,9691
5.54373e-05,-6.51863e-05,9693
-2.76123e-06,3.24682e-06,9694
-3.23019e-05,3.79825e-05,9703
7.39615e-05,-8.69682e-05,9707
-5.14021e-05,6.04415e-05,9709
2.45456e-06,-2.88621e-06,9710
-8.50776e-06,1.00039e-05,9715
7.36632e-06,-8.66175e-06,9717
-3.69955e-07,4.35015e-07,9718
-3.73403e-07,4.39069e-07,9721
2.49833e-07,-2.93767e-07,9722
-1.53773e-07,1.80814e-07,9724
1.76006e-06,-2.06958e-06,9791
-2.42246e-05,2.84847e-05,9823
3.14367e-05,-3.69651e-05,9839
-1.48322e-05,1.74405e-05,9847
1.42351e-05,-1.67384e-05,9851
-8.75449e-06,1.0294e-05,9853
5.00557e-07,-5.88584e-07,9854
0.000109222,-0.00012843,9887
-0.000179945,0.000211589,9903
0.000128588,-0.000151202,9911
-0.000158671,0.000186574,9915
0.000102026,-0.000119968,9917
-5.5112e-06,6.48039e-06,9918
7.07114e-05,-8.31466e-05,9935
-0.000384033,0.000451568,9943
0.000710411,-0.000835342,9947
-0.000484531,0.000569739,9949
2.42232e-05,-2.84831e-05,9950
0.000267408,-0.000314434,9959
-0.000649531,0.000763756,9963
0.00045654,-0.000536827,9965
-2.19959e-05,2.58641e-05,9966
7.40718e-05,-8.70979e-05,9971
-6.49267e-05,7.63445e-05,9973
3.34003e-06,-3.9274e-06,9974
3.34003e-06,-3.9274e-06,9977
-2.22523e-06,2.61655e-06,9978
1.37179e-06,-1.61303e-06,9980
-8.00312e-05,9.41053e-05,10015
0.000134504,-0.000158157,10031
-0.000105298,0.000123815,10039
0.00013753,-0.000161715,10043
-8.95534e-05,0.000105302,10045
4.80808e-06,-5.65361e-06,10046
-6.93522e-05,8.15483e-05,10063
0.000408096,-0.000479863,10071
-0.000786633,0.000924968,10075
0.000541096,-0.000636252,10077
-2.70874e-05,3.18509e-05,10078
-0.000291611,0.000342893,10087
0.000737466,-0.000867155,10091
-0.000522597,0.0006145,10093
2.53036e-05,-2.97534e-05,10094
-8.61176e-05,0.000101262,10099
7.63977e-05,-8.98329e-05,10101
-4.02055e-06,4.7276e-06,10102
-4.06248e-06,4.7769e-06,10105
2.68115e-06,-3.15265e-06,10106
-1.65095e-06,1.94128e-06,10108
7.70986e-06,-9.0657e-06,10127
-6.39183e-05,7.51589e-05,10135
0.000158261,-0.000186093,10139
-0.000113423,0.00013337,10141
5.66733e-06,-6.66398e-06,10142
5.81807e-05,-6.84122e-05,10151
-0.000190605,0.000224125,10155
0.0001408,-0.000165561,10157
-6.93514e-06,8.15474e-06,10158
2.98574e-05,-3.51081e-05,10163
-2.80491e-05,3.29818e-05,10165
1.64659e-06,-1.93616e-06,10166
1.85946e-06,-2.18646e-06,10169
-1.17731e-06,1.38435e-06,10170
7.13569e-07,-8.39057e-07,10172
-4.12526e-06,4.85072e-06,10183
1.93062e-05,-2.27013e-05,10187
-1.52024e-05,1.78759e-05,10189
7.91235e-07,-9.3038e-07,10190
-2.19341e-05,2.57914e-05,10195
2.17864e-05,-2.56178e-05,10197
-1.46721e-06,1.72523e-06,10198
-1.94123e-06,2.28261e-06,10201
1.21903e-06,-1.4334e-06,10202
-7.10704e-07,8.35686e-07,10204
1.22723e-05,-1.44304e-05,10211
-1.21321e-05,1.42656e-05,10213
8.31635e-07,-9.77886e-07,10214
1.23898e-06,-1.45686e-06,10217
-7.93227e-07,9.32722e-07,10218
4.53543e-07,-5.33301e-07,10220
-7.98628e-08,9.39072e-08,10225
5.50693e-08,-6.47541e-08,10226
-3.2211e-08,3.78753e-08,10228
1.51625e-07,-1.7829e-07,10367
-3.04353e-06,3.57876e-06,10431
2.70874e-05,-3.18509e-05,10463
-3.22437e-05,3.7914e-05,10479
1.31168e-05,-1.54235e-05,10487
-1.19869e-05,1.40949e-05,10491
7.33215e-06,-8.62157e-06,10493
-4.25315e-07,5.00111e-07,10494
4.49302e-06,-5.28315e-06,10559
-4.73445e-05,5.56704e-05,10591
5.70779e-05,-6.71155e-05,10607
-2.33776e-05,2.74888e-05,10615
2.12005e-05,-2.49287e-05,10619
-1.29333e-05,1.52077e-05,10621
7.51461e-07,-8.8361e-07,10622
3.10392e-05,-3.64976e-05,10655
-4.84976e-05,5.70262e-05,10671
2.92512e-05,-3.43952e-05,10679
-3.28166e-05,3.85877e-05,10683
2.06768e-05,-2.4313e-05,10685
-1.1313e-06,1.33024e-06,10686
1.37876e-05,-1.62123e-05,10703
-6.62923e-05,7.79503e-05,10711
0.000117042,-0.000137625,10715
-7.90891e-05,9.29975e-05,10717
3.9423e-06,-4.63558e-06,10718
4.52219e-05,-5.31745e-05,10727
-0.000105957,0.000124591,10731
7.39615e-05,-8.69682e-05,10733
-3.54021e-06,4.16279e-06,10734
1.22901e-05,-1.44514e-05,10739
-1.06931e-05,1.25735e-05,10741
5.41801e-07,-6.37081e-07,10742
5.47404e-07,-6.43668e-07,10745
-3.65122e-07,4.29332e-07,10746
2.24792e-07,-2.64323e-07,10748
-2.51788e-06,2.96067e-06,10815
3.55898e-05,-4.18486e-05,10847
-4.68345e-05,5.50707e-05,10863
2.30497e-05,-2.71031e-05,10871
-2.27118e-05,2.67059e-05,10875
1.40463e-05,-1.65164e-05,10877
-8.00122e-07,9.4083e-07,10878
-0.000171902,0.000202132,10911
0.00028539,-0.000335578,10927
-0.000210633,0.000247674,10935
0.000265278,-0.000311929,10939
-0.000171312,0.000201439,10941
9.2418e-06,-1.0867e-05,10942
-0.000116662,0.000137178,10959
0.000649086,-0.000763233,10967
-0.00121769,0.00143183,10971
0.000832814,-0.000979271,10973
-4.16528e-05,4.89777e-05,10974
-0.00045429,0.00053418,10983
0.00111776,-0.00131433,10987
-0.000787546,0.000926043,10989
3.79855e-05,-4.46656e-05,10990
-0.000127972,0.000150477,10995
0.000112422,-0.000132193,10997
-5.80224e-06,6.82261e-06,10998
-5.80224e-06,6.82261e-06,11001
3.85957e-06,-4.5383e-06,11002
-2.38026e-06,2.79885e-06,11004
0.000129175,-0.000151891,11039
-0.000218587,0.000257027,11055
0.00017642,-0.000207445,11063
-0.00023478,0.000276068,11067
0.000153464,-0.000180452,11069
-8.22959e-06,9.67683e-06,11070
0.000117023,-0.000137602,11087
-0.000703152,0.000826807,11095
0.00137177,-0.001613,11099
-0.000945709,0.00111202,11101
4.73445e-05,-5.56704e-05,11102
0.000504731,-0.000593492,11111
-0.0012904,0.00151732,11115
0.000916175,-0.00107729,11117
-4.43812e-05,5.21859e-05,11118
0.000151254,-0.000177853,11123
-0.00013439,0.000158023,11125
7.08333e-06,-8.32899e-06,11126
7.16023e-06,-8.41941e-06,11129
-4.71877e-06,5.54861e-06,11130
2.90686e-06,-3.41806e-06,11132
-1.33732e-05,1.57249e-05,11151
0.000112707,-0.000132527,11159
-0.000281364,0.000330844,11163
0.000201831,-0.000237325,11165
-1.00685e-05,1.18391e-05,11166
-0.000103036,0.000121155,11175
0.000339732,-0.000399477,11179
-0.000251076,0.000295229,11181
1.23429e-05,-1.45135e-05,11182
-5.33139e-05,6.26895e-05,11187
5.00532e-05,-5.88554e-05,11189
-2.92582e-06,3.44035e-06,11190
-3.30886e-06,3.89075e-06,11193
2.09099e-06,-2.4587e-06,11194
-1.2684e-06,1.49146e-06,11196
7.37858e-06,-8.67616e-06,11207
-3.45792e-05,4.06602e-05,11211
2.71989e-05,-3.1982e-05,11213
-1.40815e-06,1.65578e-06,11214
3.91099e-05,-4.59877e-05,11219
-3.87561e-05,4.55717e-05,11221
2.58496e-06,-3.03955e-06,11222
3.42511e-06,-4.02745e-06,11225
-2.14012e-06,2.51647e-06,11226
1.24958e-06,-1.46933e-06,11228
-2.1861e-05,2.57054e-05,11235
2.15536e-05,-2.5344e-05,11237
-1.46156e-06,1.71859e-06,11238
-2.17808e-06,2.56111e-06,11241
1.38538e-06,-1.62901e-06,11242
-7.93228e-07,9.32723e-07,11244
1.40282e-07,-1.64951e-07,11249
-9.56711e-08,1.12497e-07,11250
5.58675e-08,-6.5694e-08,11252
4.7506e-07,-5.58604e-07,11327
-7.7817e-06,9.15017e-06,11359
1.08962e-05,-1.28124e-05,11375
-6.53249e-06,7.68128e-06,11383
7.3837e-06,-8.68218e-06,11387
-4.71457e-06,5.54366e-06,11389
2.642e-07,-3.10661e-07,11390
5.61747e-05,-6.60534e-05,11423
-9.65222e-05,0.000113496,11439
8.45472e-05,-9.94155e-05,11447
-0.000119768,0.00014083,11451
7.94523e-05,-9.34246e-05,11453
-4.26778e-06,5.0183e-06,11454
5.27892e-05,-6.20726e-05,11471
-0.000336075,0.000395176,11479
0.000688644,-0.000809748,11483
-0.00048034,0.000564812,11485
2.42246e-05,-2.84847e-05,11486
0.000243758,-0.000286624,11495
-0.000653274,0.000768157,11499
0.000469004,-0.000551482,11501
-2.29641e-05,2.70025e-05,11502
7.86118e-05,-9.24363e-05,11507
-7.06826e-05,8.31127e-05,11509
3.81748e-06,-4.48881e-06,11510
3.85965e-06,-4.5384e-06,11513
-2.52489e-06,2.96891e-06,11514
1.55448e-06,-1.82784e-06,11516
-5.60365e-05,6.58909e-05,11551
9.76533e-05,-0.000114826,11567
-9.31192e-05,0.000109495,11575
0.000139127,-0.000163594,11579
-9.33689e-05,0.000109789,11581
4.99436e-06,-5.87265e-06,11582
-6.9448e-05,8.16609e-05,11599
0.000472066,-0.000555082,11607
-0.00100329,0.00117972,11611
0.000704969,-0.000828944,11613
-3.55898e-05,4.18486e-05,11614
-0.000350828,0.000412524,11623
0.000974812,-0.00114624,11627
-0.000704841,0.000828792,11629
3.46443e-05,-4.07368e-05,11630
-0.0001208,0.000142044,11635
0.000109701,-0.000128993,11637
-6.02869e-06,7.08889e-06,11638
-6.16603e-06,7.25037e-06,11641
3.99922e-06,-4.70252e-06,11642
-2.45888e-06,2.89129e-06,11644
1.12403e-05,-1.3217e-05,11663
-0.000106301,0.000124995,11671
0.000292519,-0.000343961,11675
-0.000214062,0.000251707,11677
1.08011e-05,-1.27005e-05,11678
0.000101778,-0.000119677,11687
-0.000367964,0.000432674,11691
0.000277064,-0.000325788,11693
-1.38475e-05,1.62826e-05,11694
6.28899e-05,-7.39496e-05,11699
-6.02411e-05,7.0835e-05,11701
3.64462e-06,-4.28556e-06,11702
4.19361e-06,-4.93109e-06,11705
-2.61077e-06,3.0699e-06,11706
1.57828e-06,-1.85583e-06,11708
-8.88536e-06,1.04479e-05,11719
4.55618e-05,-5.35743e-05,11723
-3.65136e-05,4.29348e-05,11725
1.93331e-06,-2.2733e-06,11726
-5.5308e-05,6.50344e-05,11731
5.64682e-05,-6.63986e-05,11733
-3.90433e-06,4.59094e-06,11734
-5.38332e-06,6.33002e-06,11737
3.28008e-06,-3.85691e-06,11738
-1.90526e-06,2.24031e-06,11740
3.09562e-05,-3.64001e-05,11747
-3.16724e-05,3.72423e-05,11749
2.24104e-06,-2.63515e-06,11750
3.53442e-06,-4.15598e-06,11753
-2.17808e-06,2.56111e-06,11754
1.23898e-06,-1.45686e-06,11756
-2.14802e-07,2.52576e-07,11761
1.43066e-07,-1.68226e-07,11762
-8.25475e-08,9.70644e-08,11764
6.26843e-06,-7.37078e-06,11807
-1.10066e-05,1.29422e-05,11823
1.21337e-05,-1.42676e-05,11831
-2.08313e-05,2.44946e-05,11835
1.44745e-05,-1.70199e-05,11837
-7.77512e-07,9.14243e-07,11838
1.07628e-05,-1.26555e-05,11855
-8.56778e-05,0.000100745,11863
0.000209155,-0.000245937,11867
-0.00015161,0.000178271,11869
7.78169e-06,-9.15017e-06,11870
6.85072e-05,-8.05547e-05,11879
-0.000220063,0.000258763,11883
0.000164293,-0.000193185,11885
-8.31298e-06,9.77488e-06,11886
3.20115e-05,-3.76409e-05,11891
-3.03575e-05,3.56961e-05,11893
1.82067e-06,-2.14085e-06,11894
1.94049e-06,-2.28174e-06,11897
-1.22582e-06,1.44139e-06,11898
7.45675e-07,-8.76809e-07,11900
-1.26663e-05,1.48937e-05,11919
0.000141112,-0.000165928,11927
-0.000461167,0.000542267,11931
0.000350361,-0.000411975,11933
-1.83401e-05,2.15654e-05,11934
-0.000148267,0.000174341,11943
0.000632647,-0.000743903,11947
-0.000494072,0.000580958,11949
2.59252e-05,-3.04843e-05,11950
-0.000132419,0.000155706,11955
0.000132918,-0.000156293,11957
-8.88683e-06,1.04496e-05,11958
-1.05969e-05,1.24605e-05,11961
6.54544e-06,-7.69651e-06,11962
-3.89444e-06,4.57931e-06,11964
1.92586e-05,-2.26454e-05,11975
-0.000117499,0.000138162,11979
9.84731e-05,-0.00011579,11981
-5.67027e-06,6.66743e-06,11982
0.000175655,-0.000206545,11987
-0.000192028,0.000225798,11989
1.51263e-05,-1.77864e-05,11990
2.1912e-05,-2.57654e-05,11993
-1.35604e-05,1.59451e-05,11994
7.72931e-06,-9.08857e-06,11996
-0.000100611,0.000118304,12003
0.000111753,-0.000131406,12005
-9.16651e-06,1.07785e-05,12006
-1.55297e-05,1.82607e-05,12009
9.80341e-06,-1.15274e-05,12010
-5.48163e-06,6.44561e-06,12012
8.82007e-07,-1.03712e-06,12017
-6.3728e-07,7.49349e-07,12018
3.70711e-07,-4.35902e-07,12020
7.33326e-06,-8.62287e-06,12047
-8.3177e-05,9.78043e-05,12055
0.000281328,-0.000330802,12059
-0.000215642,0.000253564,12061
1.14332e-05,-1.34438e-05,12062
8.91534e-05,-0.000104832,12071
-0.000394315,0.000463658,12075
0.00031077,-0.000365421,12077
-1.65612e-05,1.94736e-05,12078
8.82345e-05,-0.000103751,12083
-8.98303e-05,0.000105628,12085
6.19631e-06,-7.28598e-06,12086
7.48985e-06,-8.807e-06,12089
-4.63378e-06,5.44866e-06,12090
2.74098e-06,-3.223e-06,12092
-1.44745e-05,1.70199e-05,12103
9.33689e-05,-0.000109789,12107
-7.94523e-05,9.34246e-05,12109
4.71457e-06,-5.54366e-06,12110
-0.000153464,0.000180452,12115
0.000171312,-0.000201439,12117
-1.40463e-05,1.65164e-05,12118
-2.06768e-05,2.4313e-05,12121
1.29333e-05,-1.52077e-05,12122
-7.33215e-06,8.62157e-06,12124
8.95534e-05,-0.000105302,12131
-0.000102026,0.000119968,12133
8.75449e-06,-1.0294e-05,12134
1.51536e-05,-1.78185e-05,12137
-9.70459e-06,1.14112e-05,12138
5.40458e-06,-6.35501e-06,12140
-8.41154e-07,9.89078e-07,12145
6.32193e-07,-7.43367e-07,12146
-3.70711e-07,4.35903e-07,12148
9.03594e-07,-1.0625e-06,12167
-6.82737e-06,8.02802e-06,12171
6.0113e-06,-7.06843e-06,12173
-3.80782e-07,4.47745e-07,12174
1.55079e-05,-1.82351e-05,12179
-1.80812e-05,2.1261e-05,12181
1.61636e-06,-1.9006e-06,12182
2.62851e-06,-3.09076e-06,12185
-1.72155e-06,2.0243e-06,12186
9.63864e-07,-1.13337e-06,12188
-1.09194e-05,1.28396e-05,12195
1.31275e-05,-1.54361e-05,12197
-1.24709e-06,1.4664e-06,12198
-2.42125e-06,2.84705e-06,12201
1.65225e-06,-1.94281e-06,12202
-9.14086e-07,1.07483e-06,12204
1.52804e-07,-1.79676e-07,12209
-1.34254e-07,1.57864e-07,12210
8.25451e-08,-9.70632e-08,12212
5.44746e-07,-6.40544e-07,12227
-6.43017e-07,7.56096e-07,12229
6.40464e-08,-7.53097e-08,12230
1.39109e-07,-1.63572e-07,12233
-1.07762e-07,1.26712e-07,12234
6.0166e-08,-7.07466e-08,12236
-9.9414e-08,1.16896e-07,12241
8.82696e-08,-1.03792e-07,12242
-5.5871e-08,6.56968e-08,12244
6.03304e-08,-7.09396e-08,12257
-5.17518e-08,6.08522e-08,12258
3.22092e-08,-3.78743e-08,12260
-5.66733e-06,6.66398e-06,12511
7.34252e-06,-8.63376e-06,12527
-3.90905e-06,4.59649e-06,12535
4.29822e-06,-5.05409e-06,12539
-2.74098e-06,3.223e-06,12541
1.55726e-07,-1.83111e-07,12542
-8.51277e-07,1.00098e-06,12607
1.00685e-05,-1.18391e-05,12639
-1.30297e-05,1.53211e-05,12655
6.77942e-06,-7.97164e-06,12663
-7.29866e-06,8.58219e-06,12667
4.63378e-06,-5.44866e-06,12669
-2.64408e-07,3.10906e-07,12670
-7.96582e-06,9.36667e-06,12703
1.29521e-05,-1.52299e-05,12719
-9.17275e-06,1.07859e-05,12727
1.15603e-05,-1.35932e-05,12731
-7.48985e-06,8.807e-06,12733
4.10097e-07,-4.82215e-07,12734
-4.44056e-06,5.22147e-06,12751
2.46239e-05,-2.89542e-05,12759
-4.82007e-05,5.66772e-05,12763
3.33608e-05,-3.92276e-05,12765
-1.69114e-06,1.98854e-06,12766
-1.74321e-05,2.04976e-05,12775
4.52219e-05,-5.31745e-05,12779
-3.23019e-05,3.79824e-05,12781
1.58622e-06,-1.86517e-06,12782
-5.51978e-06,6.49048e-06,12787
4.93216e-06,-5.79952e-06,12789
-2.65799e-07,3.12541e-07,12790
-2.67696e-07,3.14774e-07,12793
1.76997e-07,-2.08122e-07,12794
-1.08732e-07,1.27855e-07,12796
7.14179e-07,-8.39772e-07,12863
-1.08011e-05,1.27005e-05,12895
1.49483e-05,-1.75771e-05,12911
-8.72387e-06,1.0258e-05,12919
9.72333e-06,-1.14333e-05,12923
-6.19631e-06,7.28598e-06,12925
3.51358e-07,-4.13146e-07,12926
6.53433e-05,-7.68344e-05,12959
-0.000111853,0.000131523,12975
9.58057e-05,-0.000112654,12983
-0.000135231,0.000159013,12987
8.98303e-05,-0.000105628,12989
-4.88248e-06,5.7411e-06,12990
5.45369e-05,-6.41276e-05,13007
-0.00034085,0.000400791,13015
0.000700495,-0.000823682,13019
-0.000490009,0.000576181,13021
2.5023e-05,-2.94235e-05,13022
0.000245221,-0.000288345,13031
-0.000658695,0.000774532,13035
0.000474139,-0.000557519,13037
-2.35189e-05,2.76549e-05,13038
7.86118e-05,-9.24363e-05,13043
-7.06826e-05,8.31127e-05,13045
3.85965e-06,-4.5384e-06,13046
3.81748e-06,-4.48881e-06,13049
-2.52489e-06,2.96891e-06,13050
1.55448e-06,-1.82784e-06,13052
-5.42956e-05,6.38439e-05,13087
9.43651e-05,-0.00011096,13103
-8.80222e-05,0.000103502,13111
0.000131225,-0.000154302,13115
-8.82345e-05,0.000103751,13117
4.78014e-06,-5.62077e-06,13118
-6.0066e-05,7.06291e-05,13135
0.000402365,-0.000473124,13143
-0.000859635,0.00101081,13147
0.000606214,-0.000712822,13149
-3.10392e-05,3.64976e-05,13150
-0.000296924,0.00034914,13159
0.000828963,-0.000974743,13163
-0.000601464,0.000707236,13165
3.00145e-05,-3.52928e-05,13166
-0.000102037,0.000119981,13171
9.28302e-05,-0.000109155,13173
-5.18687e-06,6.09902e-06,13174
-5.19281e-06,6.10601e-06,13177
3.40685e-06,-4.00597e-06,13178
-2.09289e-06,2.46094e-06,13180
8.20726e-06,-9.65058e-06,13199
-7.65702e-05,9.00357e-05,13207
0.000210909,-0.000247999,13211
-0.000154874,0.00018211,13213
7.96582e-06,-9.36667e-06,13214
7.25624e-05,-8.53231e-05,13223
-0.000262682,0.000308877,13227
0.000198513,-0.000233423,13229
-1.01314e-05,1.1913e-05,13230
4.42433e-05,-5.20239e-05,13235
-4.25383e-05,5.0019e-05,13237
2.64503e-06,-3.11018e-06,13238
2.96838e-06,-3.49039e-06,13241
-1.88653e-06,2.21829e-06,13242
1.13749e-06,-1.33753e-06,13244
-5.79195e-06,6.81051e-06,13255
2.96639e-05,-3.48806e-05,13259
-2.38572e-05,2.80527e-05,13261
1.29729e-06,-1.52543e-06,13262
-3.53534e-05,4.15705e-05,13267
3.61467e-05,-4.25034e-05,13269
-2.59128e-06,3.04698e-06,13270
-3.44331e-06,4.04884e-06,13273
2.19359e-06,-2.57935e-06,13274
-1.27156e-06,1.49517e-06,13276
1.9747e-05,-2.32197e-05,13283
-2.01855e-05,2.37353e-05,13285
1.48206e-06,-1.74269e-06,13286
2.24104e-06,-2.63515e-06,13289
-1.46156e-06,1.71859e-06,13290
8.31636e-07,-9.77886e-07,13292
-1.41764e-07,1.66695e-07,13297
1.02242e-07,-1.20222e-07,13298
-6.01677e-08,7.07493e-08,13300
-1.05665e-06,1.24247e-06,13375
1.83401e-05,-2.15654e-05,13407
-2.70759e-05,3.18374e-05,13423
1.93203e-05,-2.27179e-05,13431
-2.50189e-05,2.94187e-05,13435
1.65612e-05,-1.94736e-05,13437
-9.37136e-07,1.10194e-06,13438
-0.000163888,0.000192709,13471
0.000288297,-0.000338997,13487
-0.000286732,0.000337157,13495
0.00045438,-0.000534286,13499
-0.00031077,0.000365421,13501
1.70549e-05,-2.00542e-05,13502
-0.000183352,0.000215596,13519
0.00128786,-0.00151434,13527
-0.00291317,0.00342547,13531
0.00208781,-0.00245497,13533
-0.000109222,0.00012843,13534
-0.000962003,0.00113118,13543
0.00284844,-0.00334936,13547
-0.00210147,0.00247103,13549
0.000107887,-0.00012686,13550
-0.000369332,0.000434282,13555
0.000343719,-0.000404165,13557
-2.04391e-05,2.40335e-05,13558
-2.04391e-05,2.40335e-05,13561
1.34219e-05,-1.57823e-05,13562
-8.18549e-06,9.62497e-06,13564
0.000180533,-0.000212281,13599
-0.000319976,0.000376246,13615
0.000341708,-0.0004018,13623
-0.000569891,0.00067011,13627
0.000394315,-0.000463658,13629
-2.16342e-05,2.54387e-05,13630
0.000259806,-0.000305495,13647
-0.00193338,0.00227338,13655
0.00453461,-0.00533205,13659
-0.00327428,0.00385009,13661
0.000171902,-0.000202132,13662
0.00147905,-0.00173915,13671
-0.0045385,0.00533663,13675
0.00337258,-0.00396567,13677
-0.000174212,0.000204848,13678
0.000607337,-0.000714142,13683
-0.000570544,0.000670878,13685
3.45192e-05,-4.05897e-05,13686
3.48373e-05,-4.09637e-05,13689
-2.275e-05,2.67508e-05,13690
1.38496e-05,-1.62851e-05,13692
-5.02936e-05,5.91381e-05,13711
0.000524115,-0.000616284,13719
-0.0016194,0.00190419,13723
0.00122239,-0.00143735,13725
-6.53433e-05,7.68344e-05,13726
-0.000522288,0.000614136,13735
0.00211195,-0.00248335,13739
-0.00163967,0.00192802,13741
8.77581e-05,-0.000103191,13742
-0.000398095,0.000468103,13747
0.000395654,-0.000465232,13749
-2.67614e-05,3.14676e-05,13750
-3.01558e-05,3.5459e-05,13753
1.93519e-05,-2.27551e-05,13754
-1.1535e-05,1.35635e-05,13756
5.15069e-05,-6.05648e-05,13767
-0.000296035,0.000348096,13771
0.00024576,-0.000288979,13773
-1.43584e-05,1.68834e-05,13774
0.00039673,-0.000466498,13779
-0.000425895,0.000500791,13781
3.40698e-05,-4.00613e-05,13782
4.61349e-05,-5.42481e-05,13785
-3.03834e-05,3.57266e-05,13786
1.73837e-05,-2.04408e-05,13788
-0.000224221,0.000263652,13795
0.000242945,-0.000285668,13797
-2.01855e-05,2.37353e-05,13798
-3.16724e-05,3.72423e-05,13801
2.15536e-05,-2.5344e-05,13802
-1.21321e-05,1.42656e-05,13804
1.93867e-06,-2.2796e-06,13809
-1.53261e-06,1.80213e-06,13810
9.14085e-07,-1.07483e-06,13812
-2.97998e-05,3.50404e-05,13855
5.26432e-05,-6.19009e-05,13871
-6.35035e-05,7.46711e-05,13879
0.000123723,-0.00014548,13883
-8.91534e-05,0.000104832,13885
4.99908e-06,-5.87821e-06,13886
-5.73857e-05,6.74775e-05,13903
0.000503838,-0.000592442,13911
-0.00138301,0.00162622,13915
0.00103495,-0.00121695,13917
-5.61747e-05,6.60534e-05,13918
-0.000418596,0.000492209,13927
0.00150948,-0.00177493,13931
-0.00116304,0.00136756,13933
6.29476e-05,-7.40174e-05,13934
-0.000241254,0.00028368,13939
0.000237394,-0.000279142,13941
-1.59107e-05,1.87087e-05,13942
-1.65681e-05,1.94817e-05,13945
1.0741e-05,-1.26299e-05,13946
-6.4458e-06,7.57934e-06,13948
8.16258e-05,-9.59803e-05,13967
-0.00101305,0.0011912,13975
0.0037151,-0.00436843,13979
-0.00291139,0.00342338,13981
0.000163888,-0.000192709,13982
0.00110953,-0.00130465,13991
-0.00525589,0.00618018,13995
0.00422869,-0.00497234,13997
-0.000240589,0.000282899,13998
0.0011985,-0.00140927,14003
-0.00124455,0.00146341,14005
9.32438e-05,-0.000109641,14006
0.000107386,-0.000126271,14009
-6.99704e-05,8.22752e-05,14010
4.10567e-05,-4.82769e-05,14012
-0.000160185,0.000188354,14023
0.00107084,-0.00125915,14027
-0.000926132,0.001089,14029
5.90931e-05,-6.94851e-05,14030
-0.00173728,0.0020428,14035
0.00197155,-0.00231827,14037
-0.00017669,0.000207762,14038
-0.000245298,0.000288435,14041
0.000167271,-0.000196687,14042
-9.45313e-05,0.000111155,14044
0.00100666,-0.00118369,14051
-0.00116405,0.00136876,14053
0.000109423,-0.000128666,14054
0.000178233,-0.000209577,14057
-0.000126233,0.000148432,14058
7.04201e-05,-8.28041e-05,14060
-1.04195e-05,1.22518e-05,14065
8.95136e-06,-1.05255e-05,14066
-5.40458e-06,6.35502e-06,14068
-4.84988e-05,5.70277e-05,14095
0.000617269,-0.000725821,14103
-0.0023471,0.00275985,14107
0.00185609,-0.00218249,14109
-0.000106114,0.000124775,14110
-0.000692089,0.000813798,14119
0.00339554,-0.00399268,14123
-0.0027564,0.00324114,14125
0.000159581,-0.000187645,14126
-0.000827126,0.000972583,14131
0.000870353,-0.00102341,14133
-6.72334e-05,7.90569e-05,14134
-7.83173e-05,9.20899e-05,14137
5.14141e-05,-6.04557e-05,14138
-3.00131e-05,3.52912e-05,14140
0.000125447,-0.000147508,14151
-0.000880229,0.00103502,14155
0.000771908,-0.000907654,14157
-5.07288e-05,5.96499e-05,14158
0.00156009,-0.00183445,14163
-0.00180145,0.00211825,14165
0.000167094,-0.000196479,14166
0.000234795,-0.000276085,14169
-0.000162339,0.000190888,14170
9.14438e-05,-0.000107525,14172
-0.000921246,0.00108325,14179
0.00108754,-0.0012788,14181
-0.000106159,0.000124828,14182
-0.000175679,0.000206574,14185
0.000126454,-0.000148692,14186
-7.04201e-05,8.28041e-05,14188
1.00944e-05,-1.18696e-05,14193
-9.00308e-06,1.05863e-05,14194
5.48162e-06,-6.44561e-06,14196
-7.70986e-06,9.0657e-06,14215
6.39183e-05,-7.51589e-05,14219
-5.81807e-05,6.84122e-05,14221
4.12526e-06,-4.85072e-06,14222
-0.000158261,0.000186093,14227
0.000190605,-0.000224125,14229
-1.93062e-05,2.27013e-05,14230
-2.98574e-05,3.51081e-05,14233
2.19341e-05,-2.57914e-05,14234
-1.22723e-05,1.44304e-05,14236
0.000113423,-0.00013337,14243
-0.0001408,0.000165561,14245
1.52024e-05,-1.78759e-05,14246
2.80491e-05,-3.29818e-05,14249
-2.17864e-05,2.56178e-05,14250
1.21321e-05,-1.42656e-05,14252
-1.85946e-06,2.18646e-06,14257
1.94123e-06,-2.28261e-06,14258
-1.23898e-06,1.45686e-06,14260
6.93514e-06,-8.15474e-06,14277
-7.91236e-07,9.30382e-07,14278
-1.64659e-06,1.93616e-06,14281
1.46721e-06,-1.72523e-06,14282
-8.31636e-07,9.77886e-07,14284
1.17731e-06,-1.38435e-06,14289
-1.21903e-06,1.4334e-06,14290
7.93226e-07,-9.32721e-07,14292
-7.13569e-07,8.39055e-07,14305
7.10703e-07,-8.35686e-07,14306
-4.53543e-07,5.33303e-07,14308
6.51479e-07,-7.66047e-07,14399
-1.14332e-05,1.34438e-05,14431
1.70672e-05,-2.00686e-05,14447
-1.26643e-05,1.48914e-05,14455
1.70672e-05,-2.00686e-05,14459
-1.14332e-05,1.34438e-05,14461
6.5148e-07,-7.66047e-07,14462
0.000106114,-0.000124775,14495
-0.000187332,0.000220276,14511
0.000191139,-0.000224752,14519
-0.000312356,0.000367286,14523
0.000215642,-0.000253564,14525
-1.19478e-05,1.40489e-05,14526
0.000123315,-0.000145001,14543
-0.000890035,0.00104655,14551
0.00208222,-0.00244839,14555
-0.00150682,0.00177181,14557
8.00312e-05,-9.41053e-05,14558
0.000672566,-0.000790842,14567
-0.00206431,0.00242733,14571
0.00153871,-0.0018093,14573
-8.05792e-05,9.47497e-05,14574
0.00027793,-0.000326806,14579
-0.00026253,0.000308698,14581
1.62895e-05,-1.91541e-05,14582
1.62895e-05,-1.91541e-05,14585
-1.07503e-05,1.26408e-05,14586
6.51874e-06,-7.66511e-06,14588
-0.000120261,0.00014141,14623
0.000213599,-0.000251162,14639
-0.000233649,0.000274738,14647
0.000402575,-0.00047337,14651
-0.000281328,0.000330802,14653
1.56066e-05,-1.83511e-05,14654
-0.000179017,0.000210499,14671
0.00136829,-0.00160891,14679
-0.00332079,0.00390478,14683
0.00242144,-0.00284726,14685
-0.000129175,0.000151891,14686
-0.00105864,0.00124481,14695
0.00336668,-0.00395873,14699
-0.00252744,0.00297191,14701
0.000133238,-0.000156669,14702
-0.000466894,0.000549001,14707
0.000444788,-0.000523007,14709
-2.80204e-05,3.2948e-05,14710
-2.82185e-05,3.31809e-05,14713
1.85355e-05,-2.17951e-05,14714
-1.12236e-05,1.31974e-05,14716
3.73434e-05,-4.39105e-05,14735
-0.000403051,0.000473931,14743
0.00129968,-0.00152824,14747
-0.000992416,0.00116694,14749
5.42956e-05,-6.38439e-05,14750
0.00040816,-0.000479938,14759
-0.00171973,0.00202216,14763
0.00135049,-0.00158799,14765
-7.4259e-05,8.7318e-05,14766
0.000337488,-0.000396838,14771
-0.000340205,0.000400033,14773
2.40081e-05,-2.82301e-05,14774
2.68849e-05,-3.16128e-05,14777
-1.74956e-05,2.05723e-05,14778
1.03695e-05,-1.21931e-05,14780
-4.23887e-05,4.98431e-05,14791
0.000254198,-0.0002989,14795
-0.00021392,0.000251539,14797
1.29878e-05,-1.52718e-05,14798
-0.000356106,0.00041873,14803
0.000389594,-0.000458107,14805
-3.28733e-05,3.86543e-05,14806
-4.42847e-05,5.20726e-05,14809
3.00653e-05,-3.53525e-05,14810
-1.71201e-05,2.01308e-05,14812
0.000202512,-0.000238125,14819
-0.000224221,0.000263652,14821
1.9747e-05,-2.32197e-05,14822
3.09562e-05,-3.64001e-05,14825
-2.1861e-05,2.57054e-05,14826
1.22723e-05,-1.44304e-05,14828
-1.90274e-06,2.23735e-06,14833
1.59734e-06,-1.87825e-06,14834
-9.63864e-07,1.13337e-06,14836
2.55057e-05,-2.9991e-05,14879
-4.50096e-05,5.29249e-05,14895
5.56866e-05,-6.54796e-05,14903
-0.000113825,0.000133842,14907
8.3177e-05,-9.78043e-05,14909
-4.75166e-06,5.58728e-06,14910
5.09039e-05,-5.98557e-05,14927
-0.000464184,0.000545814,14935
0.00133293,-0.00156733,14939
-0.00100955,0.00118709,14941
5.60365e-05,-6.58909e-05,14942
0.000392069,-0.000461018,14951
-0.00147767,0.00173752,14955
0.00115218,-0.0013548,14957
-6.40349e-05,7.5296e-05,14958
0.000245745,-0.000288961,14963
-0.000245292,0.000288428,14965
1.71497e-05,-2.01656e-05,14966
1.77406e-05,-2.08604e-05,14969
-1.16411e-05,1.36883e-05,14970
6.94663e-06,-8.16825e-06,14972
-7.98667e-05,9.39119e-05,14991
0.00102969,-0.00121077,14999
-0.0039346,0.00462653,15003
0.00311861,-0.00366705,15005
-0.000180533,0.000212281,15006
-0.00114553,0.00134698,15015
0.00563216,-0.00662262,15019
-0.00458153,0.00538723,15021
0.000268789,-0.000316058,15022
-0.00133137,0.0015655,15027
0.00140098,-0.00164736,15029
-0.000109567,0.000128835,15030
-0.000124933,0.000146904,15033
8.31818e-05,-9.781e-05,15034
-4.85524e-05,5.70908e-05,15036
0.00017311,-0.000203553,15047
-0.00119905,0.00140991,15051
0.00105039,-0.00123511,15053
-6.97897e-05,8.20627e-05,15054
0.00202616,-0.00238247,15059
-0.00233489,0.0027455,15061
0.00021984,-0.000258501,15062
0.000301478,-0.000354495,15065
-0.000213306,0.000250818,15066
0.000120225,-0.000141368,15068
-0.00118252,0.00139048,15075
0.00139023,-0.00163471,15077
-0.000137663,0.000161872,15078
-0.000221823,0.000260833,15081
0.000163959,-0.000192792,15082
-9.14438e-05,0.000107525,15084
1.31168e-05,-1.54235e-05,15089
-1.19869e-05,1.40949e-05,15090
7.33215e-06,-8.62157e-06,15092
4.84988e-05,-5.70277e-05,15119
-0.00064285,0.0007559,15127
0.00255069,-0.00299925,15131
-0.00204112,0.00240006,15133
0.000120261,-0.00014141,15134
0.000733214,-0.000862155,15143
-0.00373596,0.00439295,15147
0.00306742,-0.00360686,15149
-0.000183481,0.000215748,15150
0.000945352,-0.0011116,15155
-0.00100848,0.00118583,15157
8.14731e-05,-9.58008e-05,15158
9.39035e-05,-0.000110417,15161
-6.31892e-05,7.43016e-05,15162
3.66957e-05,-4.31489e-05,15164
-0.000139663,0.000164224,15175
0.00101495,-0.00119344,15179
-0.00090187,0.00106047,15181
6.18476e-05,-7.2724e-05,15182
-0.00187559,0.00220542,15187
0.00219853,-0.00258515,15189
-0.000214429,0.000252138,15190
-0.000297156,0.000349413,15193
0.000213871,-0.000251482,15194
-0.000120225,0.000141368,15196
0.00111662,-0.00131298,15203
-0.00133927,0.00157479,15205
0.00013778,-0.000162009,15206
0.000225089,-0.000264672,15209
-0.000169655,0.00019949,15210
9.45313e-05,-0.000111155,15212
-1.31431e-05,1.54544e-05,15217
1.25148e-05,-1.47157e-05,15218
-7.72931e-06,9.08857e-06,15220
8.67059e-06,-1.01954e-05,15239
-7.52702e-05,8.8507e-05,15243
6.96947e-05,-8.1951e-05,15245
-5.21492e-06,6.132e-06,15246
0.000197071,-0.000231727,15251
-0.000241307,0.000283742,15253
2.58997e-05,-3.04543e-05,15254
3.94588e-05,-4.63979e-05,15257
-3.0577e-05,3.59542e-05,15258
1.71201e-05,-2.01308e-05,15260
-0.000143344,0.000168553,15267
0.000180892,-0.000212703,15269
-2.07343e-05,2.43806e-05,15270
-3.76954e-05,4.43245e-05,15273
3.10896e-05,-3.6557e-05,15274
-1.73837e-05,2.04408e-05,15276
2.59395e-06,-3.05011e-06,15281
-2.93075e-06,3.44614e-06,15282
1.90526e-06,-2.24031e-06,15284
-9.17881e-06,1.0793e-05,15301
1.12427e-06,-1.32199e-06,15302
2.32067e-06,-2.72878e-06,15305
-2.2216e-06,2.61228e-06,15306
1.27156e-06,-1.49517e-06,15308
-1.65586e-06,1.94706e-06,15313
1.87663e-06,-2.20665e-06,15314
-1.24958e-06,1.46933e-06,15316
9.99027e-07,-1.17472e-06,15329
-1.0875e-06,1.27875e-06,15330
7.10703e-07,-8.35687e-07,15332
-1.81237e-06,2.13109e-06,15391
3.16405e-06,-3.72047e-06,15407
-4.14653e-06,4.87573e-06,15415
9.66604e-06,-1.13659e-05,15419
-7.33326e-06,8.62287e-06,15421
4.4143e-07,-5.19059e-07,15422
-4.14653e-06,4.87574e-06,15439
4.21175e-05,-4.95242e-05,15447
-0.000136164,0.000160109,15451
0.000106371,-0.000125077,15453
-6.26843e-06,7.37078e-06,15454
-3.74025e-05,4.398e-05,15463
0.000158227,-0.000186052,15467
-0.000127272,0.000149653,15469
7.59702e-06,-8.93302e-06,15470
-2.9772e-05,3.50077e-05,15475
3.09472e-05,-3.63895e-05,15477
-2.4358e-06,2.86416e-06,15478
-2.50076e-06,2.94054e-06,15481
1.71533e-06,-2.01699e-06,15482
-1.00658e-06,1.1836e-06,15484
9.66604e-06,-1.13659e-05,15503
-0.000136164,0.000160109,15511
0.000578876,-0.000680676,15515
-0.000473767,0.000557083,15517
2.97998e-05,-3.50404e-05,15518
0.000158227,-0.000186052,15527
-0.000858838,0.00100987,15531
0.000721232,-0.000848066,15533
-4.63329e-05,5.44809e-05,15534
0.000231666,-0.000272406,15539
-0.000254417,0.000299159,15541
2.26833e-05,-2.66723e-05,15542
2.5478e-05,-2.99585e-05,15545
-1.82522e-05,2.1462e-05,15546
1.04954e-05,-1.23411e-05,15548
-2.9772e-05,3.50077e-05,15559
0.000231666,-0.000272406,15563
-0.000211986,0.000249266,15565
1.6033e-05,-1.88525e-05,15566
-0.000465051,0.000546834,15571
0.000563334,-0.000662401,15573
-6.15309e-05,7.23516e-05,15574
-8.24936e-05,9.70007e-05,15577
6.53887e-05,-7.68878e-05,15578
-3.66957e-05,4.31489e-05,15580
0.000281079,-0.000330509,15587
-0.000348653,0.000409966,15589
4.03261e-05,-4.74177e-05,15590
6.38255e-05,-7.50497e-05,15593
-5.36294e-05,6.30606e-05,15594
3.00131e-05,-3.52912e-05,15596
-3.90905e-06,4.59649e-06,15601
4.29821e-06,-5.05409e-06,15602
-2.74098e-06,3.223e-06,15604
-7.33326e-06,8.62287e-06,15631
0.000106371,-0.000125077,15639
-0.000473767,0.000557083,15643
0.000393061,-0.000462183,15645
-2.55057e-05,2.9991e-05,15646
-0.000127272,0.000149653,15655
0.000721232,-0.000848066,15659
-0.000613608,0.000721515,15661
4.07026e-05,-4.78605e-05,15662
-0.000211986,0.000249266,15667
0.000236959,-0.00027863,15669
-2.20784e-05,2.59611e-05,15670
-2.50286e-05,2.94301e-05,15673
1.83375e-05,-2.15623e-05,15674
-1.04954e-05,1.23411e-05,15676
3.09472e-05,-3.63895e-05,15687
-0.000254417,0.000299159,15691
0.000236959,-0.00027863,15693
-1.86906e-05,2.19775e-05,15694
0.000563334,-0.000662401,15699
-0.000694056,0.000816111,15701
7.8816e-05,-9.26764e-05,15702
0.000106356,-0.00012506,15705
-8.65591e-05,0.000101781,15706
4.85524e-05,-5.70908e-05,15708
-0.000348653,0.000409966,15715
0.000440532,-0.000518003,15717
-5.30475e-05,6.23763e-05,15718
-8.46927e-05,9.95866e-05,15721
7.3249e-05,-8.61304e-05,15722
-4.10567e-05,4.82769e-05,15724
5.22247e-06,-6.14088e-06,15729
-6.03127e-06,7.09191e-06,15730
3.89444e-06,-4.5793e-06,15732
-2.50076e-06,2.94054e-06,15751
2.5478e-05,-2.99585e-05,15755
-2.50286e-05,2.94301e-05,15757
2.2259e-06,-2.61734e-06,15758
-8.24936e-05,9.70008e-05,15763
0.000106356,-0.00012506,15765
-1.35453e-05,1.59274e-05,15766
-2.01002e-05,2.3635e-05,15769
1.83556e-05,-2.15836e-05,15770
-1.03695e-05,1.21931e-05,15772
6.38255e-05,-7.50497e-05,15779
-8.46927e-05,9.95866e-05,15781
1.15644e-05,-1.35981e-05,15782
2.05121e-05,-2.41193e-05,15785
-2.02523e-05,2.38139e-05,15786
1.1535e-05,-1.35635e-05,15788
-1.62319e-06,1.90864e-06,15793
2.29694e-06,-2.70087e-06,15794
-1.57828e-06,1.85583e-06,15796
5.22247e-06,-6.14088e-06,15813
-7.89239e-07,9.28032e-07,15814
-1.62319e-06,1.90864e-06,15817
1.91854e-06,-2.25593e-06,15818
-1.13749e-06,1.33753e-06,15820
1.16415e-06,-1.36888e-06,15825
-1.75791e-06,2.06705e-06,15826
1.2684e-06,-1.49146e-06,15828
-6.85443e-07,8.05984e-07,15841
9.9903e-07,-1.17472e-06,15842
-7.13569e-07,8.39056e-07,15844
7.59703e-06,-8.93302e-06,15911
-4.63329e-05,5.44809e-05,15915
4.07026e-05,-4.78605e-05,15917
-2.967e-06,3.48877e-06,15918
1.6033e-05,-1.88525e-05,15923
-1.86906e-05,2.19775e-05,15925
1.95619e-06,-2.30021e-06,15926
2.2259e-06,-2.61734e-06,15929
-1.76874e-06,2.07978e-06,15930
1.00658e-06,-1.1836e-06,15932
-2.4358e-06,2.86416e-06,15943
2.26833e-05,-2.66723e-05,15947
-2.20784e-05,2.59611e-05,15949
1.95619e-06,-2.30021e-06,15950
-6.15309e-05,7.23516e-05,15955
7.8816e-05,-9.26764e-05,15957
-1.00161e-05,1.17776e-05,15958
-1.35453e-05,1.59274e-05,15961
1.22942e-05,-1.44563e-05,15962
-6.94663e-06,8.16825e-06,15964
4.03261e-05,-4.74177e-05,15971
-5.30475e-05,6.23763e-05,15973
7.19393e-06,-8.45904e-06,15974
1.15644e-05,-1.35981e-05,15977
-1.13279e-05,1.332e-05,15978
6.4458e-06,-7.57934e-06,15980
-7.89238e-07,9.28032e-07,15985
1.09606e-06,-1.28881e-06,15986
-7.45675e-07,8.76809e-07,15988
1.71533e-06,-2.01699e-06,16007
-1.82522e-05,2.1462e-05,16011
1.83375e-05,-2.15623e-05,16013
-1.76874e-06,2.07978e-06,16014
6.53887e-05,-7.68878e-05,16019
-8.65591e-05,0.000101781,16021
1.22942e-05,-1.44563e-05,16022
1.83556e-05,-2.15836e-05,16025
-1.94331e-05,2.28505e-05,16026
1.12236e-05,-1.31974e-05,16028
-5.36294e-05,6.30606e-05,16035
7.3249e-05,-8.61304e-05,16037
-1.13279e-05,1.332e-05,16038
-2.02523e-05,2.38139e-05,16041
2.36045e-05,-2.77555e-05,16042
-1.38496e-05,1.62851e-05,16044
1.91854e-06,-2.25593e-06,16049
-3.36342e-06,3.9549e-06,16050
2.45888e-06,-2.89129e-06,16052
-6.03127e-06,7.09191e-06,16069
1.09606e-06,-1.28881e-06,16070
2.29694e-06,-2.70087e-06,16073
-3.36342e-06,3.9549e-06,16074
2.09289e-06,-2.46094e-06,16076
-1.75791e-06,2.06705e-06,16081
3.65531e-06,-4.29813e-06,16082
-2.90686e-06,3.41806e-06,16084
9.99029e-07,-1.17472e-06,16097
-2.06094e-06,2.42337e-06,16098
1.65095e-06,-1.94128e-06,16100
-1.00658e-06,1.1836e-06,16135
1.04954e-05,-1.23411e-05,16139
-1.04954e-05,1.23411e-05,16141
1.00658e-06,-1.1836e-06,16142
-3.66957e-05,4.31489e-05,16147
4.85524e-05,-5.70908e-05,16149
-6.94663e-06,8.16825e-06,16150
-1.03695e-05,1.21931e-05,16153
1.12236e-05,-1.31974e-05,16154
-6.51874e-06,7.66511e-06,16156
3.00131e-05,-3.52912e-05,16163
-4.10567e-05,4.82769e-05,16165
6.4458e-06,-7.57934e-06,16166
1.1535e-05,-1.35635e-05,16169
-1.38496e-05,1.62851e-05,16170
8.18549e-06,-9.62497e-06,16172
-1.13749e-06,1.33753e-06,16177
2.09289e-06,-2.46095e-06,16178
-1.55448e-06,1.82784e-06,16180
3.89444e-06,-4.57931e-06,16197
-7.45675e-07,8.76808e-07,16198
-1.57828e-06,1.85583e-06,16201
2.45888e-06,-2.89129e-06,16202
-1.55447e-06,1.82784e-06,16204
1.2684e-06,-1.49146e-06,16209
-2.90686e-06,3.41806e-06,16210
2.38026e-06,-2.79885e-06,16212
-7.13568e-07,8.39054e-07,16225
1.65095e-06,-1.94128e-06,16226
-1.37179e-06,1.61303e-06,16228
-2.22922e-07,2.62124e-07,16261
4.41305e-08,-5.18912e-08,16262
1.01142e-07,-1.18929e-07,16265
-1.67692e-07,1.97182e-07,16266
1.08734e-07,-1.27855e-07,16268
-9.81066e-08,1.15359e-07,16273
2.60811e-07,-3.06676e-07,16274
-2.24793e-07,2.64324e-07,16276
6.03305e-08,-7.09398e-08,16289
-1.72486e-07,2.02819e-07,16290
1.53773e-07,-1.80815e-07,16292
-7.30693e-09,8.59134e-09,16324
1.18759e-08,-1.39643e-08,16767
-1.76354e-08,2.07361e-08,16831
1.17583e-07,-1.3826e-07,16863
-1.34279e-07,1.57893e-07,16879
4.66152e-08,-5.48122e-08,16887
-3.84155e-08,4.51702e-08,16891
2.29515e-08,-2.69882e-08,16893
-1.37564e-09,1.61748e-09,16894
-1.76845e-08,2.07943e-08,17023
3.51869e-07,-4.13749e-07,17087
-2.45456e-06,2.88621e-06,17119
2.68405e-06,-3.15606e-06,17135
-8.41155e-07,9.89078e-07,17143
6.32193e-07,-7.43369e-07,17147
-3.70708e-07,4.359e-07,17149
2.31643e-08,-2.72379e-08,17150
-4.07811e-07,4.79529e-07,17215
3.54021e-06,-4.16279e-06,17247
-4.00515e-06,4.70949e-06,17263
1.35572e-06,-1.59413e-06,17271
-1.07515e-06,1.26423e-06,17275
6.37279e-07,-7.49349e-07,17277
-3.90589e-08,4.59281e-08,17278
-1.58622e-06,1.86517e-06,17311
2.3922e-06,-2.81289e-06,17327
-1.309e-06,1.5392e-06,17335
1.409e-06,-1.65679e-06,17339
-8.82009e-07,1.03712e-06,17341
4.92759e-08,-5.79404e-08,17342
-5.62397e-07,6.61298e-07,17359
2.51892e-06,-2.9619e-06,17367
-4.40049e-06,5.17435e-06,17371
2.97911e-06,-3.50301e-06,17373
-1.5079e-07,1.77308e-07,17374
-1.69114e-06,1.98854e-06,17383
3.9423e-06,-4.63558e-06,17387
-2.76123e-06,3.24682e-06,17389
1.3428e-07,-1.57894e-07,17390
-4.62837e-07,5.4423e-07,17395
4.04076e-07,-4.75136e-07,17397
-2.08673e-08,2.45375e-08,17398
-2.07604e-08,2.44111e-08,17401
1.39426e-08,-1.6393e-08,17402
-8.57188e-09,1.00802e-08,17404
1.22686e-07,-1.44262e-07,17535
-2.56561e-06,3.01679e-06,17599
2.19959e-05,-2.58641e-05,17631
-2.57922e-05,3.0328e-05,17647
1.00944e-05,-1.18696e-05,17655
-9.00307e-06,1.05863e-05,17659
5.48162e-06,-6.44561e-06,17661
-3.24582e-07,3.81662e-07,17662
3.70432e-06,-4.35575e-06,17727
-3.79855e-05,4.46656e-05,17759
4.5321e-05,-5.3291e-05,17775
-1.80784e-05,2.12577e-05,17783
1.61244e-05,-1.896e-05,17787
-9.80341e-06,1.15274e-05,17789
5.79901e-07,-6.81881e-07,17790
2.35189e-05,-2.76549e-05,17823
-3.66018e-05,4.30385e-05,17839
2.19224e-05,-2.57776e-05,17847
-2.46264e-05,2.89571e-05,17851
1.55297e-05,-1.82607e-05,17853
-8.58837e-07,1.00987e-06,17854
1.02055e-05,-1.20003e-05,17871
-4.893e-05,5.75347e-05,17879
8.72375e-05,-0.000102579,17883
-5.9162e-05,6.95661e-05,17885
2.97911e-06,-3.50301e-06,17886
3.33608e-05,-3.92276e-05,17895
-7.9089e-05,9.29975e-05,17899
5.54373e-05,-6.51863e-05,17901
-2.68405e-06,3.15606e-06,17902
9.2606e-06,-1.08891e-05,17907
-8.09989e-06,9.52432e-06,17909
4.17914e-07,-4.91408e-07,17910
4.18904e-07,-4.92571e-07,17913
-2.80435e-07,3.2975e-07,17914
1.72487e-07,-2.0282e-07,17916
-1.64932e-06,1.93936e-06,17983
2.29641e-05,-2.70025e-05,18015
-3.01457e-05,3.54471e-05,18031
1.48686e-05,-1.74834e-05,18039
-1.47777e-05,1.73765e-05,18043
9.16651e-06,-1.07785e-05,18045
-5.28006e-07,6.20859e-07,18046
-0.000107887,0.00012686,18079
0.000179271,-0.000210797,18095
-0.000133868,0.00015741,18103
0.000171951,-0.00020219,18107
-0.000111753,0.000131406,18109
6.09678e-06,-7.16894e-06,18110
-7.36977e-05,8.6658e-05,18127
0.000416316,-0.000489528,18135
-0.00080123,0.000942132,18139
0.00055234,-0.000649474,18141
-2.80291e-05,3.29583e-05,18142
-0.000292707,0.000344182,18151
0.00073983,-0.000869935,18155
-0.000525558,0.000617982,18157
2.57922e-05,-3.0328e-05,18158
-8.61176e-05,0.000101262,18163
7.63977e-05,-8.98329e-05,18165
-4.06248e-06,4.7769e-06,18166
-4.02055e-06,4.7276e-06,18169
2.68115e-06,-3.15265e-06,18170
-1.65095e-06,1.94128e-06,18172
8.05792e-05,-9.47497e-05,18207
-0.000136512,0.000160519,18223
0.000111865,-0.000131537,18231
-0.000152671,0.000179519,18235
0.000100611,-0.000118304,18237
-5.46296e-06,6.42366e-06,18238
7.3844e-05,-8.683e-05,18255
-0.000452267,0.000531801,18263
0.000909993,-0.00107002,18267
-0.000633337,0.000744715,18269
3.22437e-05,-3.7914e-05,18270
0.000326634,-0.000384075,18279
-0.000862539,0.00101422,18283
0.000618426,-0.000727181,18285
-3.05716e-05,3.59478e-05,18286
0.000103313,-0.000121482,18291
-9.28861e-05,0.000109221,18293
5.0733e-06,-5.96548e-06,18294
5.0733e-06,-5.96548e-06,18297
-3.35324e-06,3.94293e-06,18298
2.06094e-06,-2.42337e-06,18300
-8.67059e-06,1.01954e-05,18319
7.52702e-05,-8.8507e-05,18327
-0.000197071,0.000231727,18331
0.000143344,-0.000168553,18333
-7.34252e-06,8.63376e-06,18334
-6.96947e-05,8.1951e-05,18343
0.000241307,-0.000283742,18347
-0.000180892,0.000212703,18349
9.17881e-06,-1.0793e-05,18350
-3.94588e-05,4.63979e-05,18355
3.76954e-05,-4.43245e-05,18357
-2.32067e-06,2.72878e-06,18358
-2.59395e-06,3.05011e-06,18361
1.65586e-06,-1.94706e-06,18362
-9.9903e-07,1.17472e-06,18364
5.21492e-06,-6.132e-06,18375
-2.58997e-05,3.04543e-05,18379
2.07343e-05,-2.43806e-05,18381
-1.12427e-06,1.32199e-06,18382
3.0577e-05,-3.59542e-05,18387
-3.10896e-05,3.6557e-05,18389
2.22159e-06,-2.61228e-06,18390
2.93075e-06,-3.44614e-06,18393
-1.87663e-06,2.20665e-06,18394
1.0875e-06,-1.27875e-06,18396
-1.71201e-05,2.01308e-05,18403
1.73837e-05,-2.04408e-05,18405
-1.27156e-06,1.49517e-06,18406
-1.90526e-06,2.24031e-06,18409
1.24958e-06,-1.46933e-06,18410
-7.10703e-07,8.35684e-07,18412
1.21595e-07,-1.42978e-07,18417
-8.79453e-08,1.03412e-07,18418
5.17492e-08,-6.08505e-08,18420
-1.38386e-07,1.62722e-07,18559
2.78114e-06,-3.27022e-06,18623
-2.53036e-05,2.97534e-05,18655
3.05716e-05,-3.59478e-05,18671
-1.31431e-05,1.54544e-05,18679
1.25148e-05,-1.47157e-05,18683
-7.72931e-06,9.08857e-06,18685
4.51175e-07,-5.30518e-07,18686
-4.14055e-06,4.8687e-06,18751
4.43812e-05,-5.21859e-05,18783
-5.42209e-05,6.37561e-05,18799
2.33716e-05,-2.74817e-05,18807
-2.2027e-05,2.59006e-05,18811
1.35604e-05,-1.59451e-05,18813
-7.93115e-07,9.32591e-07,18814
-3.00145e-05,3.52928e-05,18847
4.73408e-05,-5.56661e-05,18863
-2.97512e-05,3.49832e-05,18871
3.44972e-05,-4.05638e-05,18875
-2.1912e-05,2.57654e-05,18877
1.2087e-06,-1.42126e-06,18878
-1.40091e-05,1.64727e-05,18895
6.99901e-05,-8.22984e-05,18903
-0.00012796,0.000150463,18907
8.72375e-05,-0.000102579,18909
-4.40049e-06,5.17435e-06,18910
-4.82007e-05,5.66772e-05,18919
0.000117042,-0.000137625,18923
-8.24336e-05,9.69302e-05,18925
4.00515e-06,-4.70949e-06,18926
-1.38243e-05,1.62554e-05,18931
1.2154e-05,-1.42914e-05,18933
-6.33453e-07,7.44851e-07,18934
-6.35055e-07,7.46736e-07,18937
4.23997e-07,-4.98559e-07,18938
-2.60811e-07,3.06675e-07,18940
2.42456e-06,-2.85093e-06,19007
-3.46443e-05,4.07368e-05,19039
4.61252e-05,-5.42367e-05,19055
-2.37373e-05,2.79117e-05,19063
2.42399e-05,-2.85026e-05,19067
-1.51263e-05,1.77864e-05,19069
8.68091e-07,-1.02075e-06,19070
0.000174212,-0.000204848,19103
-0.000291638,0.000342925,19119
0.000224645,-0.00026415,19127
-0.000294242,0.000345986,19131
0.000192028,-0.000225798,19133
-1.04654e-05,1.23059e-05,19134
0.000124447,-0.000146332,19151
-0.000718401,0.000844737,19159
0.00139955,-0.00164567,19163
-0.000967072,0.00113714,19165
4.90989e-05,-5.77333e-05,19166
0.000507313,-0.000596528,19175
-0.00129622,0.00152416,19179
0.000922614,-0.00108486,19181
-4.5321e-05,5.3291e-05,19182
0.000151254,-0.000177853,19187
-0.00013439,0.000158023,19189
7.16023e-06,-8.41941e-06,19190
7.08333e-06,-8.32898e-06,19193
-4.71877e-06,5.54861e-06,19194
2.90686e-06,-3.41806e-06,19196
-0.000133238,0.000156669,19231
0.000227173,-0.000267123,19247
-0.000191449,0.000225117,19255
0.000265664,-0.000312384,19259
-0.000175655,0.000206545,19261
9.528e-06,-1.12036e-05,19262
-0.000127103,0.000149455,19279
0.00079221,-0.000931526,19287
-0.00160867,0.00189157,19291
0.00112136,-0.00131856,19293
-5.70779e-05,6.71155e-05,19294
-0.000574136,0.000675102,19303
0.00152806,-0.00179678,19307
-0.0010969,0.0012898,19309
5.42209e-05,-6.37561e-05,19310
-0.00018328,0.000215511,19315
0.000164875,-0.00019387,19317
-9.00103e-06,1.05839e-05,19318
-9.00103e-06,1.05839e-05,19321
5.94431e-06,-6.98966e-06,19322
-3.65531e-06,4.29813e-06,19324
1.52233e-05,-1.79004e-05,19343
-0.000133593,0.000157086,19351
0.000350737,-0.000412417,19355
-0.000255034,0.000299884,19357
1.30297e-05,-1.53211e-05,19358
0.000123948,-0.000145745,19367
-0.000429577,0.000505121,19371
0.000321788,-0.000378377,19373
-1.62742e-05,1.91361e-05,19374
7.00168e-05,-8.23298e-05,19379
-6.6757e-05,7.84967e-05,19381
4.08198e-06,-4.79983e-06,19382
4.56623e-06,-5.36924e-06,19385
-2.91054e-06,3.42239e-06,19386
1.75791e-06,-2.06705e-06,19388
-9.28583e-06,1.09188e-05,19399
4.59116e-05,-5.39855e-05,19403
-3.66687e-05,4.31172e-05,19405
1.9742e-06,-2.32138e-06,19406
-5.37505e-05,6.32029e-05,19411
5.4429e-05,-6.40007e-05,19413
-3.84403e-06,4.52003e-06,19414
-5.06991e-06,5.96149e-06,19417
3.23308e-06,-3.80164e-06,19418
-1.87663e-06,2.20665e-06,19420
3.00653e-05,-3.53525e-05,19427
-3.03834e-05,3.57266e-05,19429
2.19359e-06,-2.57935e-06,19430
3.28008e-06,-3.85691e-06,19433
-2.14011e-06,2.51647e-06,19434
1.21903e-06,-1.43341e-06,19436
-2.09672e-07,2.46544e-07,19441
1.50161e-07,-1.76569e-07,19442
-8.82711e-08,1.03795e-07,19444
-5.02298e-07,5.9063e-07,19519
8.31298e-06,-9.77488e-06,19551
-1.18024e-05,1.38779e-05,19567
7.4382e-06,-8.74626e-06,19575
-8.77656e-06,1.032e-05,19579
5.67027e-06,-6.66743e-06,19581
-3.20868e-07,3.77294e-07,19582
-6.29476e-05,7.40174e-05,19615
0.000108967,-0.00012813,19631
-9.94198e-05,0.000116904,19639
0.000146728,-0.000172531,19643
-9.84731e-05,0.00011579,19645
5.36064e-06,-6.30336e-06,19646
-6.20608e-05,7.29747e-05,19663
0.00040801,-0.000479762,19671
-0.000868153,0.00102082,19675
0.000612083,-0.000719722,19677
-3.14367e-05,3.69651e-05,19678
-0.000298439,0.000350921,19687
0.000830404,-0.000976437,19691
-0.000602523,0.000708481,19693
3.01457e-05,-3.54471e-05,19694
-0.000102037,0.000119981,19699
9.28302e-05,-0.000109155,19701
-5.19281e-06,6.10601e-06,19702
-5.18687e-06,6.09902e-06,19705
3.40685e-06,-4.00597e-06,19706
-2.09289e-06,2.46094e-06,19708
6.40349e-05,-7.5296e-05,19743
-0.000112234,0.000131971,19759
0.00011113,-0.000130673,19767
-0.000173021,0.000203448,19771
0.000117499,-0.000138162,19773
-6.37757e-06,7.49911e-06,19774
8.28022e-05,-9.73636e-05,19791
-0.000580188,0.000682218,19799
0.00128103,-0.00150631,19803
-0.000910026,0.00107006,19805
4.68345e-05,-5.50707e-05,19806
0.000434871,-0.000511347,19815
-0.00125515,0.00147587,19819
0.000917403,-0.00107874,19821
-4.61252e-05,5.42367e-05,19822
0.000159067,-0.00018704,19827
-0.000146187,0.000171895,19829
8.32946e-06,-9.79426e-06,19830
8.41351e-06,-9.89309e-06,19833
-5.48431e-06,6.44877e-06,19834
3.36342e-06,-3.9549e-06,19836
-1.39215e-05,1.63697e-05,19855
0.000135866,-0.000159759,19863
-0.000390198,0.000458817,19867
0.000288961,-0.000339777,19869
-1.49483e-05,1.75771e-05,19870
-0.00013159,0.000154731,19879
0.000495852,-0.000583051,19883
-0.000377746,0.000444176,19885
1.94244e-05,-2.28403e-05,19886
-8.72205e-05,0.000102559,19891
8.46319e-05,-9.95151e-05,19893
-5.33513e-06,6.27335e-06,19894
-6.0538e-06,7.11841e-06,19897
3.8155e-06,-4.48649e-06,19898
-2.29694e-06,2.70087e-06,19900
1.18579e-05,-1.39431e-05,19911
-6.33671e-05,7.45107e-05,19915
5.14254e-05,-6.04689e-05,19917
-2.82426e-06,3.32093e-06,19918
7.90023e-05,-9.28954e-05,19923
-8.19773e-05,9.63937e-05,19925
5.95608e-06,-7.0035e-06,19926
8.10923e-06,-9.53531e-06,19929
-5.06991e-06,5.96149e-06,19930
2.93075e-06,-3.44614e-06,19932
-4.42847e-05,5.20726e-05,19939
4.61349e-05,-5.42481e-05,19941
-3.44331e-06,4.04884e-06,19942
-5.38332e-06,6.33002e-06,19945
3.42511e-06,-4.02745e-06,19946
-1.94123e-06,2.28261e-06,19948
3.27893e-07,-3.85556e-07,19953
-2.30508e-07,2.71046e-07,19954
1.34253e-07,-1.57863e-07,19956
1.33756e-05,-1.57278e-05,20015
-1.52156e-05,1.78914e-05,20023
2.73467e-05,-3.21558e-05,20027
-1.92587e-05,2.26454e-05,20029
1.05451e-06,-1.23996e-06,20030
-1.34901e-05,1.58625e-05,20047
0.000110857,-0.000130352,20055
-0.000282556,0.000332246,20059
0.000207314,-0.000243772,20061
-1.08962e-05,1.28124e-05,20062
-8.96245e-05,0.000105386,20071
0.000300387,-0.000353212,20075
-0.000226948,0.000266858,20077
1.18024e-05,-1.38779e-05,20078
-4.49432e-05,5.28468e-05,20083
4.31764e-05,-5.07693e-05,20085
-2.69651e-06,3.17071e-06,20086
-2.83446e-06,3.33292e-06,20089
1.80899e-06,-2.12711e-06,20090
-1.09606e-06,1.28881e-06,20092
1.65763e-05,-1.94914e-05,20111
-0.000191348,0.000224998,20119
0.000653365,-0.000768264,20123
-0.000502386,0.000590734,20125
2.70759e-05,-3.18374e-05,20126
0.000203657,-0.000239472,20135
-0.000904895,0.00106403,20139
0.000714899,-0.00084062,20141
-3.87297e-05,4.55406e-05,20142
0.000194764,-0.000229014,20147
-0.000197913,0.000232717,20149
1.37931e-05,-1.62187e-05,20150
1.61824e-05,-1.90282e-05,20153
-1.01825e-05,1.19732e-05,20154
6.03127e-06,-7.09191e-06,20156
-2.73467e-05,3.21558e-05,20167
0.000173021,-0.000203448,20171
-0.000146728,0.000172531,20173
8.77656e-06,-1.032e-05,20174
-0.000265664,0.000312384,20179
0.000294242,-0.000345986,20181
-2.42399e-05,2.85026e-05,20182
-3.44972e-05,4.05638e-05,20185
2.2027e-05,-2.59006e-05,20186
-1.25148e-05,1.47157e-05,20188
0.000152671,-0.000179519,20195
-0.000171951,0.00020219,20197
1.47777e-05,-1.73765e-05,20198
2.46264e-05,-2.89571e-05,20201
-1.61244e-05,1.896e-05,20202
9.00307e-06,-1.05863e-05,20204
-1.40901e-06,1.65679e-06,20209
1.07515e-06,-1.26423e-06,20210
-6.32192e-07,7.43369e-07,20212
-9.66604e-06,1.13659e-05,20239
0.000113825,-0.000133842,20247
-0.000402575,0.00047337,20251
0.000312356,-0.000367286,20253
-1.70672e-05,2.00686e-05,20254
-0.000123723,0.00014548,20263
0.000569891,-0.00067011,20267
-0.00045438,0.000534286,20269
2.50189e-05,-2.94187e-05,20270
-0.000131225,0.000154302,20275
0.000135231,-0.000159013,20277
-9.72333e-06,1.14333e-05,20278
-1.15603e-05,1.35932e-05,20281
7.29866e-06,-8.58219e-06,20282
-4.29821e-06,5.05409e-06,20284
2.08313e-05,-2.44946e-05,20295
-0.000139127,0.000163594,20299
0.000119768,-0.00014083,20301
-7.3837e-06,8.68218e-06,20302
0.00023478,-0.000276068,20307
-0.000265278,0.000311929,20309
2.27118e-05,-2.67059e-05,20310
3.28166e-05,-3.85877e-05,20313
-2.12005e-05,2.49287e-05,20314
1.19869e-05,-1.40949e-05,20316
-0.00013753,0.000161715,20323
0.000158671,-0.000186574,20325
-1.42351e-05,1.67384e-05,20326
-2.42035e-05,2.84598e-05,20329
1.60863e-05,-1.89152e-05,20330
-8.95136e-06,1.05255e-05,20332
1.35572e-06,-1.59413e-06,20337
-1.07515e-06,1.26423e-06,20338
6.37278e-07,-7.49349e-07,20340
-1.3102e-06,1.54061e-06,20359
1.0264e-05,-1.2069e-05,20363
-9.14792e-06,1.07567e-05,20365
6.03382e-07,-7.09492e-07,20366
-2.40046e-05,2.8226e-05,20371
2.83025e-05,-3.32797e-05,20373
-2.63903e-06,3.10313e-06,20374
-4.20997e-06,4.95033e-06,20377
2.85626e-06,-3.35855e-06,20378
-1.59734e-06,1.87825e-06,20380
1.70039e-05,-1.99942e-05,20387
-2.06659e-05,2.43001e-05,20389
2.04813e-06,-2.4083e-06,20390
3.90108e-06,-4.58712e-06,20393
-2.76785e-06,3.2546e-06,20394
1.53261e-06,-1.80213e-06,20396
-2.4962e-07,2.93518e-07,20401
2.30508e-07,-2.71045e-07,20402
-1.43068e-07,1.68228e-07,20404
1.0173e-06,-1.1962e-06,20421
-1.05862e-07,1.24478e-07,20422
-2.26414e-07,2.6623e-07,20425
1.82563e-07,-2.14668e-07,20426
-1.02243e-07,1.20224e-07,20428
1.61741e-07,-1.90185e-07,20433
-1.50163e-07,1.7657e-07,20434
9.56699e-08,-1.12494e-07,20436
-9.81072e-08,1.1536e-07,20449
8.79442e-08,-1.03411e-07,20450
-5.50716e-08,6.47571e-08,20452
-1.23429e-05,1.45135e-05,20831
1.62742e-05,-1.91361e-05,20847
-9.01381e-06,1.0599e-05,20855
1.01825e-05,-1.19732e-05,20859
-6.54544e-06,7.69651e-06,20861
3.76264e-07,-4.42433e-07,20862
1.01314e-05,-1.1913e-05,20895
-1.66497e-05,1.95777e-05,20911
1.23417e-05,-1.45121e-05,20919
-1.61824e-05,1.90281e-05,20923
1.05969e-05,-1.24605e-05,20925
-5.8618e-07,6.89264e-07,20926
5.97885e-06,-7.03028e-06,20943
-3.44457e-05,4.05032e-05,20951
6.99901e-05,-8.22984e-05,20955
-4.893e-05,5.75347e-05,20957
2.51892e-06,-2.9619e-06,20958
2.46239e-05,-2.89542e-05,20967
-6.62923e-05,7.79503e-05,20971
4.78196e-05,-5.6229e-05,20973
-2.3922e-06,2.81289e-06,20974
8.24222e-06,-9.69167e-06,20979
-7.44412e-06,8.75322e-06,20981
4.13485e-07,-4.862e-07,20982
4.1238e-07,-4.84899e-07,20985
-2.73356e-07,3.21429e-07,20986
1.67693e-07,-1.97183e-07,20988
-9.05705e-07,1.06498e-06,21055
1.38475e-05,-1.62826e-05,21087
-1.94244e-05,2.28403e-05,21103
1.1888e-05,-1.39786e-05,21111
-1.37931e-05,1.62187e-05,21115
8.88682e-06,-1.04496e-05,21117
-5.08411e-07,5.97818e-07,21118
-8.77581e-05,0.000103191,21151
0.000151369,-0.000177989,21167
-0.000134856,0.000158571,21175
0.000197913,-0.000232717,21179
-0.000132918,0.000156293,21181
7.31425e-06,-8.60052e-06,21182
-7.67358e-05,9.02303e-05,21199
0.000494481,-0.000581439,21207
-0.00105214,0.00123717,21211
0.000743246,-0.000873952,21213
-3.85872e-05,4.53731e-05,21214
-0.000358414,0.000421444,21223
0.000996109,-0.00117128,21227
-0.000723869,0.000851167,21229
3.66018e-05,-4.30385e-05,21230
-0.0001208,0.000142044,21235
0.000109701,-0.000128993,21237
-6.16603e-06,7.25037e-06,21238
-6.02869e-06,7.08888e-06,21241
3.99922e-06,-4.70251e-06,21242
-2.45888e-06,2.89129e-06,21244
7.4259e-05,-8.7318e-05,21279
-0.000129849,0.000152684,21295
0.000125645,-0.000147741,21303
-0.000194764,0.000229014,21307
0.000132419,-0.000155706,21309
-7.27013e-06,8.54864e-06,21310
8.56932e-05,-0.000100763,21327
-0.000590786,0.000694681,21335
0.00130718,-0.00153706,21339
-0.000931021,0.00109475,21341
4.84976e-05,-5.70262e-05,21342
0.000439291,-0.000516543,21351
-0.00126941,0.00149265,21355
0.000929984,-0.00109353,21357
-4.73408e-05,5.56661e-05,21358
0.000159067,-0.00018704,21363
-0.000146187,0.000171895,21365
8.41351e-06,-9.89309e-06,21366
8.32946e-06,-9.79426e-06,21369
-5.48431e-06,6.44877e-06,21370
3.36342e-06,-3.9549e-06,21372
-1.21098e-05,1.42394e-05,21391
0.000116252,-0.000136696,21399
-0.000332535,0.000391014,21403
0.000246709,-0.000290095,21405
-1.29521e-05,1.52299e-05,21406
-0.000111273,0.000130841,21415
0.000417709,-0.000491166,21419
-0.000318825,0.000374892,21421
1.66497e-05,-1.95777e-05,21422
-7.20072e-05,8.46702e-05,21427
6.99532e-05,-8.22551e-05,21429
-4.48534e-06,5.27412e-06,21430
-4.98212e-06,5.85826e-06,21433
3.19067e-06,-3.75178e-06,21434
-1.91854e-06,2.25593e-06,21436
9.12439e-06,-1.0729e-05,21447
-4.84027e-05,5.69147e-05,21451
3.93233e-05,-4.62386e-05,21453
-2.19688e-06,2.58322e-06,21454
5.88309e-05,-6.91767e-05,21459
-6.09023e-05,7.16125e-05,21461
4.51383e-06,-5.30762e-06,21462
5.95608e-06,-7.0035e-06,21465
-3.84403e-06,4.52003e-06,21466
2.22159e-06,-2.61228e-06,21468
-3.28733e-05,3.86543e-05,21475
3.40698e-05,-4.00613e-05,21477
-2.59128e-06,3.04698e-06,21478
-3.90433e-06,4.59094e-06,21481
2.58496e-06,-3.03955e-06,21482
-1.46721e-06,1.72523e-06,21484
2.46702e-07,-2.90088e-07,21489
-1.82565e-07,2.1467e-07,21490
1.0776e-07,-1.26711e-07,21492
1.48376e-06,-1.7447e-06,21567
-2.59252e-05,3.04843e-05,21599
3.87296e-05,-4.55406e-05,21615
-2.87683e-05,3.38274e-05,21623
3.87297e-05,-4.55406e-05,21627
-2.59252e-05,3.04843e-05,21629
1.48377e-06,-1.7447e-06,21630
0.000240589,-0.000282899,21663
-0.000425185,0.000499957,21679
0.000435352,-0.000511912,21687
-0.000714899,0.00084062,21691
0.000494072,-0.000580958,21693
-2.74934e-05,3.23283e-05,21694
0.000277923,-0.000326797,21711
-0.00200022,0.00235198,21719
0.00467542,-0.00549763,21723
-0.00338217,0.00397695,21725
0.000179945,-0.000211589,21726
0.00150475,-0.00176937,21735
-0.00460179,0.00541105,21739
0.00342591,-0.00402838,21741
-0.000179271,0.000210797,21742
0.000607337,-0.000714142,21747
-0.000570544,0.000670878,21749
3.48373e-05,-4.09637e-05,21750
3.45192e-05,-4.05897e-05,21753
-2.275e-05,2.67508e-05,21754
1.38496e-05,-1.62851e-05,21756
-0.000268789,0.000316058,21791
0.00047783,-0.000561861,21807
-0.000523689,0.000615784,21815
0.000904895,-0.00106403,21819
-0.000632647,0.000743903,21821
3.52164e-05,-4.14095e-05,21822
-0.000397259,0.00046712,21839
0.00302571,-0.00355781,21847
-0.00733261,0.0086221,21851
0.00534383,-0.00628358,21853
-0.00028539,0.000335578,21854
-0.00233118,0.00274114,21863
0.00738669,-0.00868569,21867
-0.0055385,0.00651249,21869
0.000291638,-0.000342925,21870
-0.00100638,0.00118336,21875
0.000954098,-0.00112188,21877
-5.92433e-05,6.96617e-05,21878
-5.92433e-05,6.96617e-05,21881
3.88463e-05,-4.56777e-05,21882
-2.36045e-05,2.77555e-05,21884
7.9137e-05,-9.30539e-05,21903
-0.000844887,0.000993466,21911
0.00269805,-0.00317252,21915
-0.00205449,0.00241579,21917
0.000111853,-0.000131523,21918
0.000849306,-0.000998663,21927
-0.00354219,0.00416511,21931
0.00277303,-0.00326069,21933
-0.000151369,0.000177989,21934
0.000680185,-0.0007998,21939
-0.000681484,0.000801328,21941
4.71635e-05,-5.54575e-05,21942
5.27119e-05,-6.19817e-05,21945
-3.40452e-05,4.00323e-05,21946
2.02523e-05,-2.38139e-05,21948
-8.56395e-05,0.0001007,21959
0.000506058,-0.000595053,21963
-0.000423421,0.000497883,21965
2.52528e-05,-2.96937e-05,21966
-0.000688752,0.000809874,21971
0.000745509,-0.000876612,21973
-6.09023e-05,7.16125e-05,21974
-8.19773e-05,9.63937e-05,21977
5.4429e-05,-6.40007e-05,21978
-3.10896e-05,3.6557e-05,21980
0.000389594,-0.000458107,21987
-0.000425895,0.000500791,21989
3.61467e-05,-4.25034e-05,21990
5.64682e-05,-6.63986e-05,21993
-3.87561e-05,4.55717e-05,21994
2.17864e-05,-2.56178e-05,21996
-3.45782e-06,4.0659e-06,22001
2.76785e-06,-3.2546e-06,22002
-1.65225e-06,1.94281e-06,22004
-8.1864e-05,9.62604e-05,22063
0.000100757,-0.000118476,22071
-0.000203657,0.000239472,22075
0.000148267,-0.000174341,22077
-8.43903e-06,9.9231e-06,22078
9.09143e-05,-0.000106902,22095
-0.000817612,0.000961395,22103
0.00231862,-0.00272637,22107
-0.00174993,0.00205767,22109
9.65222e-05,-0.000113496,22110
0.000684958,-0.000805413,22119
-0.00254743,0.00299542,22123
0.00197859,-0.00232654,22125
-0.000108967,0.00012813,22126
0.000414226,-0.000487071,22131
-0.000410672,0.000482892,22133
2.8087e-05,-3.30264e-05,22134
2.904e-05,-3.41469e-05,22137
-1.8907e-05,2.22319e-05,22138
1.13279e-05,-1.332e-05,22140
-0.000133643,0.000157146,22159
0.00169619,-0.00199448,22167
-0.0063937,0.00751808,22171
0.00504523,-0.00593247,22173
-0.000288297,0.000338997,22174
-0.00187186,0.00220104,22183
0.00908821,-0.0106864,22187
-0.00735897,0.00865311,22189
0.000425185,-0.000499957,22190
-0.00210049,0.00246988,22195
0.00219343,-0.00257916,22197
-0.000166814,0.000196149,22198
-0.000190971,0.000224554,22201
0.000124986,-0.000146966,22202
-7.3249e-05,8.61304e-05,22204
0.000275043,-0.000323412,22215
-0.00187556,0.0022054,22219
0.00163104,-0.00191787,22221
-0.000105525,0.000124082,22222
0.00307535,-0.00361617,22227
-0.00350605,0.00412261,22229
0.000317658,-0.000373521,22230
0.000439073,-0.000516288,22233
-0.000300461,0.000353299,22234
0.000169655,-0.00019949,22236
-0.00178358,0.00209723,22243
0.00207199,-0.00243637,22245
-0.000196785,0.000231391,22246
-0.000319345,0.000375505,22249
0.000226857,-0.000266752,22250
-0.000126454,0.000148692,22252
1.86728e-05,-2.19566e-05,22257
-1.60863e-05,1.89152e-05,22258
9.70459e-06,-1.14112e-05,22260
7.98667e-05,-9.39119e-05,22287
-0.00103924,0.001222,22295
0.0040579,-0.00477152,22299
-0.00323019,0.00379825,22301
0.000187332,-0.000220276,22302
0.00117411,-0.00138059,22311
-0.00589728,0.00693436,22315
0.00481628,-0.00566326,22317
-0.000282912,0.000332665,22318
0.00145499,-0.00171086,22323
-0.00153884,0.00180946,22325
0.000120462,-0.000141646,22326
0.000139558,-0.000164101,22329
-9.19677e-05,0.000108141,22330
5.36294e-05,-6.30606e-05,22332
-0.000216631,0.000254727,22343
0.00154772,-0.0018199,22347
-0.001364,0.00160387,22349
9.07511e-05,-0.00010671,22350
-0.0027692,0.00325619,22355
0.00320973,-0.00377419,22357
-0.000300341,0.000353158,22358
-0.000420361,0.000494285,22361
0.0002913,-0.000342527,22362
-0.000163959,0.000192792,22364
0.00163668,-0.00192451,22371
-0.00193926,0.0022803,22373
0.000190809,-0.000224364,22374
0.000314684,-0.000370024,22377
-0.000226857,0.000266752,22378
0.000126233,-0.000148432,22380
-1.80784e-05,2.12577e-05,22385
1.61244e-05,-1.896e-05,22386
-9.80341e-06,1.15274e-05,22388
1.33732e-05,-1.57249e-05,22407
-0.000112707,0.000132527,22411
0.000103036,-0.000121155,22413
-7.37858e-06,8.67616e-06,22414
0.000281364,-0.000330844,22419
-0.000339732,0.000399477,22421
3.45792e-05,-4.06602e-05,22422
5.33139e-05,-6.26895e-05,22425
-3.91099e-05,4.59877e-05,22426
2.1861e-05,-2.57054e-05,22428
-0.000201831,0.000237325,22435
0.000251076,-0.000295229,22437
-2.71989e-05,3.1982e-05,22438
-5.00532e-05,5.88554e-05,22441
3.87561e-05,-4.55717e-05,22442
-2.15536e-05,2.5344e-05,22444
3.30886e-06,-3.89075e-06,22449
-3.42511e-06,4.02745e-06,22450
2.17808e-06,-2.56111e-06,22452
1.40815e-06,-1.65578e-06,22470
2.92582e-06,-3.44035e-06,22473
-2.58496e-06,3.03955e-06,22474
1.46156e-06,-1.71859e-06,22476
-2.09099e-06,2.4587e-06,22481
2.14011e-06,-2.51647e-06,22482
-1.38538e-06,1.62901e-06,22484
1.2684e-06,-1.49146e-06,22497
-1.24958e-06,1.46933e-06,22498
7.93227e-07,-9.32723e-07,22500
-9.37136e-07,1.10194e-06,22591
1.65612e-05,-1.94736e-05,22623
-2.50189e-05,2.94187e-05,22639
1.93203e-05,-2.27179e-05,22647
-2.70759e-05,3.18374e-05,22651
1.83401e-05,-2.15654e-05,22653
-1.05665e-06,1.24247e-06,22654
-0.000159581,0.000187645,22687
0.000282912,-0.000332665,22703
-0.000296815,0.000349012,22711
0.000502386,-0.000590734,22715
-0.000350361,0.000411975,22717
1.96701e-05,-2.31293e-05,22718
-0.000191234,0.000224864,22735
0.00141371,-0.00166232,22743
-0.00341535,0.00401597,22747
0.00249358,-0.00293209,22749
-0.000134504,0.000158157,22750
-0.00107607,0.0012653,22759
0.00340834,-0.00400772,22763
-0.0025623,0.0030129,22765
0.000136512,-0.000160519,22766
-0.000466894,0.000549001,22771
0.000444788,-0.000523007,22773
-2.82185e-05,3.31809e-05,22774
-2.80204e-05,3.2948e-05,22777
1.85355e-05,-2.17951e-05,22778
-1.12236e-05,1.31974e-05,22780
0.000183481,-0.000215748,22815
-0.000326714,0.000384169,22831
0.000366258,-0.000430667,22839
-0.000653365,0.000768264,22843
0.000461167,-0.000542267,22845
-2.59322e-05,3.04926e-05,22846
0.00028004,-0.000329288,22863
-0.00218968,0.00257475,22871
0.00548557,-0.00645025,22875
-0.00403483,0.00474439,22877
0.000218587,-0.000257027,22878
0.00170631,-0.00200638,22887
-0.00559654,0.00658073,22891
0.00423657,-0.0049816,22893
-0.000227173,0.000267123,22894
0.000789449,-0.00092828,22899
-0.000758212,0.00089155,22901
4.87976e-05,-5.7379e-05,22902
4.87976e-05,-5.7379e-05,22905
-3.21389e-05,3.77907e-05,22906
1.94331e-05,-2.28505e-05,22908
-6.01488e-05,7.07265e-05,22927
0.000664344,-0.000781175,22935
-0.00220809,0.0025964,22939
0.00169903,-0.00199781,22941
-9.43651e-05,0.00011096,22942
-0.000678303,0.000797587,22951
0.00293891,-0.00345574,22955
-0.00232446,0.00273324,22957
0.000129849,-0.000152684,22958
-0.000585883,0.000688916,22963
0.000594416,-0.000698949,22965
-4.26415e-05,5.01404e-05,22966
-4.74854e-05,5.5836e-05,22969
3.10089e-05,-3.6462e-05,22970
-1.83556e-05,2.15836e-05,22972
7.18871e-05,-8.4529e-05,22983
-0.000441449,0.000519081,22987
0.000373831,-0.000439572,22989
-2.30314e-05,2.70817e-05,22990
0.000625869,-0.000735933,22995
-0.000688752,0.000809874,22997
5.88309e-05,-6.91767e-05,22998
7.90022e-05,-9.28954e-05,23001
-5.37505e-05,6.32029e-05,23002
3.0577e-05,-3.59542e-05,23004
-0.000356106,0.00041873,23011
0.00039673,-0.000466498,23013
-3.53534e-05,4.15705e-05,23014
-5.5308e-05,6.50344e-05,23017
3.91099e-05,-4.59877e-05,23018
-2.19341e-05,2.57914e-05,23020
3.39718e-06,-3.9946e-06,23025
-2.85626e-06,3.35855e-06,23026
1.72155e-06,-2.0243e-06,23028
7.18014e-05,-8.44282e-05,23087
-9.04477e-05,0.000106354,23095
0.000191348,-0.000224998,23099
-0.000141112,0.000165928,23101
8.16236e-06,-9.59777e-06,23102
-8.25652e-05,9.7085e-05,23119
0.000770054,-0.000905474,23127
-0.0022772,0.00267767,23131
0.0017373,-0.00204282,23133
-9.76533e-05,0.000114826,23134
-0.000655454,0.00077072,23143
0.00253884,-0.00298532,23147
-0.00199292,0.00234339,23149
0.000112234,-0.000131971,23150
-0.000428241,0.00050355,23155
0.000429917,-0.000505521,23157
-3.04638e-05,3.58211e-05,23158
-3.13766e-05,3.68945e-05,23161
2.06198e-05,-2.42459e-05,23162
-1.22942e-05,1.44563e-05,23164
0.000133643,-0.000157146,23183
-0.00175649,0.00206538,23191
0.00686744,-0.00807514,23195
-0.00547238,0.00643474,23197
0.000319976,-0.000376246,23198
0.00196646,-0.00231228,23207
-0.00986601,0.011601,23211
0.00806451,-0.00948271,23213
-0.00047783,0.000561861,23214
0.00235499,-0.00276914,23219
-0.00248723,0.00292463,23221
0.000195949,-0.000230408,23222
0.000222825,-0.00026201,23225
-0.000148356,0.000174446,23226
8.65591e-05,-0.000101781,23228
-0.000301395,0.000354397,23239
0.00211979,-0.00249257,23243
-0.00186372,0.00219147,23245
0.000124662,-0.000146585,23246
-0.0036047,0.00423862,23251
0.00416355,-0.00489575,23253
-0.000392881,0.000461972,23254
-0.000538382,0.000633061,23257
0.000379633,-0.000446394,23258
-0.000213871,0.000251482,23260
0.00210428,-0.00247433,23267
-0.00247933,0.00291534,23269
0.000245806,-0.000289032,23270
0.000395984,-0.000465621,23273
-0.0002913,0.000342527,23274
0.000162339,-0.000190888,23276
-2.33776e-05,2.74888e-05,23281
2.12005e-05,-2.49287e-05,23282
-1.29333e-05,1.52077e-05,23284
-8.16258e-05,9.59803e-05,23311
0.00110204,-0.00129585,23319
-0.00446814,0.0052539,23323
0.00359313,-0.00422501,23325
-0.000213599,0.000251162,23326
-0.00126467,0.00148707,23335
0.00656632,-0.00772105,23339
-0.00541508,0.00636736,23341
0.000326714,-0.000384169,23342
-0.00167613,0.00197089,23347
0.00179358,-0.00210899,23349
-0.000145677,0.000171296,23350
-0.000167557,0.000197023,23353
0.000112628,-0.000132434,23354
-6.53887e-05,7.68878e-05,23356
0.000244226,-0.000287174,23367
-0.00179881,0.00211515,23371
0.00160324,-0.00188518,23373
-0.000110476,0.000129904,23374
0.0033407,-0.00392819,23379
-0.003922,0.00461171,23381
0.000382542,-0.000449814,23382
0.000530062,-0.000623278,23385
-0.000379633,0.000446394,23386
0.000213306,-0.000250818,23388
-0.00198908,0.00233888,23395
0.00238894,-0.00280905,23397
-0.000245509,0.000288684,23398
-0.0004012,0.000471754,23401
0.000300461,-0.000353299,23402
-0.000167271,0.000196687,23404
2.33716e-05,-2.74817e-05,23409
-2.2027e-05,2.59006e-05,23410
1.35604e-05,-1.59451e-05,23412
-1.52233e-05,1.79004e-05,23431
0.000133593,-0.000157086,23435
-0.000123948,0.000145745,23437
9.28583e-06,-1.09188e-05,23438
-0.000350737,0.000412417,23443
0.000429577,-0.000505121,23445
-4.59116e-05,5.39855e-05,23446
-7.00168e-05,8.23298e-05,23449
5.37505e-05,-6.32029e-05,23450
-3.00653e-05,3.53525e-05,23452
0.000255034,-0.000299884,23459
-0.000321788,0.000378377,23461
3.66687e-05,-4.31172e-05,23462
6.6757e-05,-7.84967e-05,23465
-5.4429e-05,6.40007e-05,23466
3.03834e-05,-3.57266e-05,23468
-4.56623e-06,5.36924e-06,23473
5.06991e-06,-5.96149e-06,23474
-3.28008e-06,3.85691e-06,23476
-1.9742e-06,2.32138e-06,23494
-4.08198e-06,4.79983e-06,23497
3.84403e-06,-4.52003e-06,23498
-2.19359e-06,2.57935e-06,23500
2.91054e-06,-3.42238e-06,23505
-3.23308e-06,3.80164e-06,23506
2.14011e-06,-2.51647e-06,23508
-1.75791e-06,2.06705e-06,23521
1.87663e-06,-2.20665e-06,23522
-1.21903e-06,1.43341e-06,23524
-5.17169e-06,6.08117e-06,23599
6.8874e-06,-8.0986e-06,23607
-1.65763e-05,1.94914e-05,23611
1.26663e-05,-1.48937e-05,23613
-7.67766e-07,9.02784e-07,23614
6.8874e-06,-8.0986e-06,23631
-7.14862e-05,8.40577e-05,23639
0.000236701,-0.000278327,23643
-0.000185802,0.000218477,23645
1.10066e-05,-1.29422e-05,23646
6.39318e-05,-7.51748e-05,23655
-0.000276195,0.000324766,23659
0.000223069,-0.000262298,23661
-1.33756e-05,1.57278e-05,23662
5.23944e-05,-6.16084e-05,23667
-5.45819e-05,6.41805e-05,23669
4.29565e-06,-5.05107e-06,23670
4.41414e-06,-5.1904e-06,23673
-3.01235e-06,3.54209e-06,23674
1.76874e-06,-2.07978e-06,23676
-1.65763e-05,1.94914e-05,23695
0.000236701,-0.000278327,23703
-0.00102076,0.00120027,23707
0.000837252,-0.000984489,23709
-5.26432e-05,6.19009e-05,23710
-0.000276195,0.000324766,23719
0.00151701,-0.00178379,23723
-0.00127607,0.00150048,23725
8.1864e-05,-9.62604e-05,23726
-0.000410016,0.000482121,23731
0.000450151,-0.000529314,23733
-3.98448e-05,4.68518e-05,23734
-4.48888e-05,5.27828e-05,23737
3.18661e-05,-3.74701e-05,23738
-1.83375e-05,2.15623e-05,23740
5.23944e-05,-6.16084e-05,23751
-0.000410016,0.000482121,23755
0.000375046,-0.000441001,23757
-2.81517e-05,3.31024e-05,23758
0.000820528,-0.000964824,23763
-0.000991939,0.00116638,23765
0.000106983,-0.000125796,23766
0.000144179,-0.000169534,23769
-0.000112628,0.000132434,23770
6.31892e-05,-7.43016e-05,23772
-0.000495274,0.000582371,23779
0.00061295,-0.000720742,23781
-6.99269e-05,8.22241e-05,23782
-0.000111265,0.000130832,23785
9.19677e-05,-0.000108141,23786
-5.14141e-05,6.04557e-05,23788
6.77942e-06,-7.97164e-06,23793
-7.29866e-06,8.58219e-06,23794
4.63378e-06,-5.44866e-06,23796
1.26663e-05,-1.48937e-05,23823
-0.000185802,0.000218477,23831
0.000837252,-0.000984489,23835
-0.000695571,0.000817892,23837
4.50096e-05,-5.29249e-05,23838
0.000223069,-0.000262298,23847
-0.00127607,0.00150048,23851
0.00108659,-0.00127767,23853
-7.18014e-05,8.44282e-05,23854
0.000375046,-0.000441001,23859
-0.000418749,0.000492389,23861
3.86356e-05,-4.543e-05,23862
4.39682e-05,-5.17003e-05,23865
-3.18661e-05,3.74701e-05,23866
1.82522e-05,-2.1462e-05,23868
-5.45819e-05,6.41805e-05,23879
0.000450151,-0.000529314,23883
-0.000418749,0.000492389,23885
3.27007e-05,-3.84514e-05,23886
-0.000991939,0.00116638,23891
0.0012189,-0.00143325,23893
-0.000136441,0.000160435,23894
-0.000185204,0.000217773,23897
0.000148356,-0.000174446,23898
-8.31818e-05,9.781e-05,23900
0.00061295,-0.000720742,23907
-0.000772264,0.000908073,23909
9.15766e-05,-0.000107681,23910
0.000147078,-0.000172942,23913
-0.000124986,0.000146966,23914
6.99704e-05,-8.22752e-05,23916
-9.01381e-06,1.0599e-05,23921
1.01825e-05,-1.19732e-05,23922
-6.54545e-06,7.69651e-06,23924
4.41414e-06,-5.19041e-06,23943
-4.48888e-05,5.27828e-05,23947
4.39682e-05,-5.17003e-05,23949
-3.85275e-06,4.53028e-06,23950
0.000144179,-0.000169534,23955
-0.000185204,0.000217773,23957
2.3174e-05,-2.72493e-05,23958
3.46169e-05,-4.07045e-05,23961
-3.10089e-05,3.6462e-05,23962
1.74956e-05,-2.05723e-05,23964
-0.000111265,0.000130832,23971
0.000147078,-0.000172942,23973
-1.9713e-05,2.31796e-05,23974
-3.51982e-05,4.13881e-05,23977
3.40452e-05,-4.00323e-05,23978
-1.93519e-05,2.27551e-05,23980
2.75891e-06,-3.24409e-06,23985
-3.8155e-06,4.48649e-06,23986
2.61077e-06,-3.0699e-06,23988
1.33357e-06,-1.56808e-06,24006
2.75891e-06,-3.24409e-06,24009
-3.19067e-06,3.75178e-06,24010
1.88653e-06,-2.21829e-06,24012
-1.97457e-06,2.32181e-06,24017
2.91054e-06,-3.42239e-06,24018
-2.09099e-06,2.4587e-06,24020
1.16415e-06,-1.36888e-06,24033
-1.65586e-06,1.94706e-06,24034
1.17731e-06,-1.38435e-06,24036
-2.81517e-05,3.31024e-05,24115
3.27007e-05,-3.84514e-05,24117
-3.36398e-06,3.95557e-06,24118
-3.85275e-06,4.53028e-06,24121
3.01235e-06,-3.54209e-06,24122
-1.71533e-06,2.01699e-06,24124
4.29565e-06,-5.05107e-06,24135
-3.98448e-05,4.68518e-05,24139
3.86356e-05,-4.543e-05,24141
-3.36399e-06,3.95557e-06,24142
0.000106983,-0.000125796,24147
-0.000136441,0.000160435,24149
1.70025e-05,-1.99925e-05,24150
2.3174e-05,-2.72493e-05,24153
-2.06198e-05,2.42459e-05,24154
1.16411e-05,-1.36883e-05,24156
-6.99269e-05,8.22241e-05,24163
9.15766e-05,-0.000107681,24165
-1.21695e-05,1.43096e-05,24166
-1.9713e-05,2.31796e-05,24169
1.8907e-05,-2.22319e-05,24170
-1.0741e-05,1.26299e-05,24172
1.33357e-06,-1.56808e-06,24177
-1.80899e-06,2.12711e-06,24178
1.22582e-06,-1.44139e-06,24180
-3.01235e-06,3.54209e-06,24199
3.18661e-05,-3.74701e-05,24203
-3.18661e-05,3.74701e-05,24205
3.01235e-06,-3.5421e-06,24206
-0.000112628,0.000132434,24211
0.000148356,-0.000174446,24213
-2.06198e-05,2.42459e-05,24214
-3.10089e-05,3.6462e-05,24217
3.21389e-05,-3.77907e-05,24218
-1.85355e-05,2.17951e-05,24220
9.19677e-05,-0.000108141,24227
-0.000124986,0.000146966,24229
1.8907e-05,-2.22319e-05,24230
3.40452e-05,-4.00323e-05,24233
-3.88463e-05,4.56777e-05,24234
2.275e-05,-2.67508e-05,24236
-3.19067e-06,3.75178e-06,24241
5.48431e-06,-6.44877e-06,24242
-3.99922e-06,4.70251e-06,24244
-1.80899e-06,2.12711e-06,24262
-3.8155e-06,4.48649e-06,24265
5.48431e-06,-6.44877e-06,24266
-3.40685e-06,4.00597e-06,24268
2.91055e-06,-3.42239e-06,24273
-5.94431e-06,6.98966e-06,24274
4.71877e-06,-5.54861e-06,24276
-1.65586e-06,1.94706e-06,24289
3.35324e-06,-3.94294e-06,24290
-2.68115e-06,3.15265e-06,24292
1.76874e-06,-2.07978e-06,24327
-1.83375e-05,2.15623e-05,24331
1.82522e-05,-2.1462e-05,24333
-1.71533e-06,2.01699e-06,24334
6.31892e-05,-7.43016e-05,24339
-8.31818e-05,9.781e-05,24341
1.16411e-05,-1.36883e-05,24342
1.74956e-05,-2.05723e-05,24345
-1.85355e-05,2.17951e-05,24346
1.07503e-05,-1.26408e-05,24348
-5.14141e-05,6.04557e-05,24355
6.99704e-05,-8.22752e-05,24357
-1.0741e-05,1.26299e-05,24358
-1.93519e-05,2.27551e-05,24361
2.275e-05,-2.67508e-05,24362
-1.34219e-05,1.57823e-05,24364
1.88653e-06,-2.21829e-06,24369
-3.40685e-06,4.00597e-06,24370
2.52489e-06,-2.96891e-06,24372
1.22582e-06,-1.44139e-06,24390
2.61077e-06,-3.0699e-06,24393
-3.99922e-06,4.70252e-06,24394
2.52489e-06,-2.96891e-06,24396
-2.09099e-06,2.4587e-06,24401
4.71877e-06,-5.54861e-06,24402
-3.85957e-06,4.5383e-06,24404
1.17731e-06,-1.38435e-06,24417
-2.68115e-06,3.15265e-06,24418
2.22523e-06,-2.61655e-06,24420
-7.27862e-08,8.55859e-08,24454
-1.67771e-07,1.97276e-07,24457
2.73359e-07,-3.21432e-07,24458
-1.76995e-07,2.08121e-07,24460
1.61742e-07,-1.90186e-07,24465
-4.23995e-07,4.98558e-07,24466
3.65122e-07,-4.29332e-07,24468
-9.94131e-08,1.16896e-07,24481
2.80436e-07,-3.29752e-07,24482
-2.49832e-07,2.93766e-07,24484
-1.29729e-06,1.52543e-06,24991
2.19688e-06,-2.58322e-06,25007
-1.86707e-06,2.19541e-06,25015
2.83446e-06,-3.33292e-06,25019
-1.94049e-06,2.28174e-06,25021
1.12101e-07,-1.31816e-07,25022
-9.15803e-07,1.07685e-06,25039
5.97885e-06,-7.03028e-06,25047
-1.40091e-05,1.64727e-05,25051
1.02055e-05,-1.20003e-05,25053
-5.62395e-07,6.61297e-07,25054
-4.44056e-06,5.22147e-06,25063
1.37876e-05,-1.62123e-05,25067
-1.03571e-05,1.21785e-05,25069
5.62398e-07,-6.61299e-07,25070
-1.86527e-06,2.19329e-06,25075
1.76449e-06,-2.07479e-06,25077
-1.121e-07,1.31813e-07,25078
-1.08205e-07,1.27233e-07,25081
7.27887e-08,-8.55884e-08,25082
-4.41278e-08,5.18889e-08,25084
1.22741e-07,-1.44326e-07,25151
-1.93331e-06,2.2733e-06,25183
2.82426e-06,-3.32093e-06,25199
-1.99718e-06,2.3484e-06,25207
2.69651e-06,-3.17071e-06,25211
-1.82067e-06,2.14085e-06,25213
1.08207e-07,-1.27235e-07,25214
1.43584e-05,-1.68834e-05,25247
-2.52528e-05,2.96937e-05,25263
2.53432e-05,-2.98e-05,25271
-4.31764e-05,5.07693e-05,25275
3.03575e-05,-3.56961e-05,25277
-1.76449e-06,2.07479e-06,25278
1.44584e-05,-1.7001e-05,25295
-0.000103383,0.000121563,25303
0.000252163,-0.000296508,25307
-0.000185536,0.000218164,25309
1.03571e-05,-1.21785e-05,25310
7.71904e-05,-9.07649e-05,25319
-0.00024538,0.000288532,25323
0.000185536,-0.000218164,25325
-1.02055e-05,1.20003e-05,25326
3.20115e-05,-3.76409e-05,25331
-3.03575e-05,3.56961e-05,25333
1.94049e-06,-2.28174e-06,25334
1.82067e-06,-2.14085e-06,25337
-1.22582e-06,1.44139e-06,25338
7.45676e-07,-8.76809e-07,25340
-1.29878e-05,1.52718e-05,25375
2.30314e-05,-2.70817e-05,25391
-2.49126e-05,2.92936e-05,25399
4.49432e-05,-5.28468e-05,25403
-3.20115e-05,3.76409e-05,25405
1.86527e-06,-2.19329e-06,25406
-1.70157e-05,2.0008e-05,25423
0.000129873,-0.000152712,25431
-0.000330535,0.000388662,25435
0.00024538,-0.000288532,25437
-1.37876e-05,1.62123e-05,25438
-9.96424e-05,0.000117165,25447
0.000330535,-0.000388662,25451
-0.000252163,0.000296508,25453
1.40091e-05,-1.64727e-05,25454
-4.49432e-05,5.28468e-05,25459
4.31764e-05,-5.07693e-05,25461
-2.83446e-06,3.33292e-06,25462
-2.69651e-06,3.17071e-06,25465
1.80899e-06,-2.12711e-06,25466
-1.09606e-06,1.2888e-06,25468
2.77489e-06,-3.26288e-06,25487
-2.98457e-05,3.50943e-05,25495
9.96424e-05,-0.000117165,25499
-7.71904e-05,9.07649e-05,25501
4.44056e-06,-5.22147e-06,25502
2.98457e-05,-3.50943e-05,25511
-0.000129873,0.000152712,25515
0.000103383,-0.000121563,25517
-5.97885e-06,7.03028e-06,25518
2.49126e-05,-2.92936e-05,25523
-2.53432e-05,2.98e-05,25525
1.86708e-06,-2.19541e-06,25526
1.99718e-06,-2.3484e-06,25529
-1.33357e-06,1.56808e-06,25530
7.89239e-07,-9.28032e-07,25532
-2.77489e-06,3.26288e-06,25543
1.70157e-05,-2.0008e-05,25547
-1.44584e-05,1.7001e-05,25549
9.15803e-07,-1.07685e-06,25550
-2.30314e-05,2.70817e-05,25555
2.52528e-05,-2.96937e-05,25557
-2.19688e-06,2.58322e-06,25558
-2.82426e-06,3.32093e-06,25561
1.9742e-06,-2.32138e-06,25562
-1.12427e-06,1.32199e-06,25564
1.29878e-05,-1.52718e-05,25571
-1.43584e-05,1.68834e-05,25573
1.29729e-06,-1.52543e-06,25574
1.93331e-06,-2.2733e-06,25577
-1.40815e-06,1.65578e-06,25578
7.91235e-07,-9.30381e-07,25580
-1.22741e-07,1.44325e-07,25585
1.05861e-07,-1.24477e-07,25586
-6.40489e-08,7.53116e-08,25588
-3.20867e-07,3.77295e-07,25663
5.67027e-06,-6.66743e-06,25695
-8.77657e-06,1.032e-05,25711
7.4382e-06,-8.74626e-06,25719
-1.18024e-05,1.38779e-05,25723
8.31298e-06,-9.77488e-06,25725
-5.02297e-07,5.90629e-07,25726
-5.90931e-05,6.94851e-05,25759
0.000105525,-0.000124082,25775
-0.000118896,0.000139805,25783
0.000226948,-0.000266858,25787
-0.000164293,0.000193185,25789
9.75151e-06,-1.14664e-05,25790
-7.57494e-05,8.90705e-05,25807
0.000602654,-0.000708635,25815
-0.00162801,0.00191431,25819
0.00122826,-0.00144426,25821
-7.07114e-05,8.31466e-05,25822
-0.000469654,0.000552246,25831
0.00165825,-0.00194986,25835
-0.00128665,0.00151292,25837
7.36977e-05,-8.6658e-05,25838
-0.000241254,0.00028368,25843
0.000237394,-0.000279142,25845
-1.65681e-05,1.94817e-05,25846
-1.59107e-05,1.87087e-05,25849
1.0741e-05,-1.26299e-05,25850
-6.4458e-06,7.57934e-06,25852
6.97897e-05,-8.20627e-05,25887
-0.000124662,0.000146585,25903
0.000149155,-0.000175386,25911
-0.000300387,0.000353212,25915
0.000220063,-0.000258763,25917
-1.31108e-05,1.54164e-05,25918
0.000112624,-0.00013243,25935
-0.000947111,0.00111367,25943
0.00265351,-0.00312015,25947
-0.00201622,0.00237079,25949
0.000116662,-0.000137178,25950
0.000755995,-0.000888942,25959
-0.00276295,0.00324884,25963
0.00215797,-0.00253747,25965
-0.000124447,0.000146332,25966
0.000414226,-0.000487071,25971
-0.000410672,0.000482892,25973
2.904e-05,-3.41469e-05,25974
2.8087e-05,-3.30264e-05,25977
-1.8907e-05,2.22319e-05,25978
1.13279e-05,-1.332e-05,25980
-2.62121e-05,3.08217e-05,25999
0.000312685,-0.000367673,26007
-0.00115582,0.00135908,26011
0.000915988,-0.00107707,26013
-5.45369e-05,6.41276e-05,26014
-0.000328113,0.000385814,26023
0.00156834,-0.00184415,26027
-0.0012758,0.00150016,26029
7.67358e-05,-9.02303e-05,26030
-0.00033199,0.000390373,26035
0.000346393,-0.000407309,26037
-2.70728e-05,3.18338e-05,26038
-2.92215e-05,3.43603e-05,26041
1.9713e-05,-2.31796e-05,26042
-1.15644e-05,1.35981e-05,26044
3.71708e-05,-4.37076e-05,26055
-0.000249061,0.00029286,26059
0.000216753,-0.000254871,26061
-1.44584e-05,1.7001e-05,26062
0.000373831,-0.000439572,26067
-0.000423421,0.000497883,26069
3.93233e-05,-4.62386e-05,26070
5.14254e-05,-6.04689e-05,26073
-3.66687e-05,4.31172e-05,26074
2.07343e-05,-2.43806e-05,26076
-0.00021392,0.000251539,26083
0.00024576,-0.000288979,26085
-2.38572e-05,2.80527e-05,26086
-3.65136e-05,4.29348e-05,26089
2.71989e-05,-3.1982e-05,26090
-1.52024e-05,1.78759e-05,26092
2.26739e-06,-2.66613e-06,26097
-2.04813e-06,2.4083e-06,26098
1.24709e-06,-1.4664e-06,26100
-3.73602e-05,4.39303e-05,26167
8.96245e-05,-0.000105386,26171
-6.85072e-05,8.05547e-05,26173
4.21156e-06,-4.9522e-06,26174
-3.37867e-05,3.97283e-05,26191
0.000340616,-0.000400516,26199
-0.00112146,0.00131868,26203
0.000880978,-0.00103591,26205
-5.27892e-05,6.20726e-05,26206
-0.000297835,0.000350211,26215
0.00127505,-0.00149928,26219
-0.00102898,0.00120994,26221
6.20608e-05,-7.29747e-05,26222
-0.000227699,0.000267742,26227
0.000234838,-0.000276136,26229
-1.80372e-05,2.12092e-05,26230
-1.80372e-05,2.12092e-05,26233
1.21695e-05,-1.43096e-05,26234
-7.19393e-06,8.45904e-06,26236
6.01488e-05,-7.07265e-05,26255
-0.000844495,0.000993005,26263
0.00360295,-0.00423655,26267
-0.00294252,0.00345998,26269
0.000183352,-0.000215596,26270
0.000966528,-0.0011365,26279
-0.00524742,0.00617022,26283
0.00439092,-0.00516309,26285
-0.000277923,0.000326797,26286
0.00131625,-0.00154772,26291
-0.0014224,0.00167254,26293
0.000120315,-0.000141473,26294
0.000133129,-0.000156541,26297
-9.15766e-05,0.000107681,26298
5.30475e-05,-6.23763e-05,26300
-0.00015609,0.000183539,26311
0.00117617,-0.00138301,26315
-0.00105791,0.00124396,26317
7.57494e-05,-8.90705e-05,26318
-0.00210245,0.00247218,26323
0.00248075,-0.00291701,26325
-0.000249882,0.000293825,26326
-0.000334044,0.000392788,26329
0.000245509,-0.000288684,26330
-0.00013778,0.000162009,26332
0.00123579,-0.00145311,26339
-0.0014881,0.0017498,26341
0.000157473,-0.000185166,26342
0.000248055,-0.000291677,26345
-0.000190809,0.000224364,26346
0.000106159,-0.000124828,26348
-1.48322e-05,1.74406e-05,26353
1.42351e-05,-1.67384e-05,26354
-8.75449e-06,1.0294e-05,26356
-3.73434e-05,4.39105e-05,26383
0.000536401,-0.000630732,26391
-0.00236473,0.00278059,26395
0.00194767,-0.00229019,26397
-0.000123315,0.000145001,26398
-0.000628759,0.000739331,26407
0.00352041,-0.0041395,26411
-0.00297006,0.00349236,26413
0.000191234,-0.000224864,26414
-0.000944009,0.00111002,26419
0.00103275,-0.00121436,26421
-8.98308e-05,0.000105628,26422
-0.000100638,0.000118336,26425
6.99269e-05,-8.22241e-05,26426
-4.03261e-05,4.74177e-05,26428
0.000127943,-0.000150443,26439
-0.00100608,0.00118301,26443
0.000916647,-0.00107785,26445
-6.74777e-05,7.93442e-05,26446
0.00196219,-0.00230726,26451
-0.00234944,0.0027626,26453
0.000243694,-0.00028655,26454
0.000329558,-0.000387513,26457
-0.000245806,0.000289032,26458
0.000137663,-0.000161872,26460
-0.00117705,0.00138404,26467
0.0014418,-0.00169535,26469
-0.000157473,0.000185166,26470
-0.000251624,0.000295874,26473
0.000196785,-0.000231391,26474
-0.000109423,0.000128666,26476
1.48686e-05,-1.74834e-05,26481
-1.47777e-05,1.73765e-05,26482
9.16651e-06,-1.07785e-05,26484
-8.20727e-06,9.65058e-06,26503
7.65702e-05,-9.00357e-05,26507
-7.25624e-05,8.53231e-05,26509
5.79195e-06,-6.81051e-06,26510
-0.000210909,0.000247999,26515
0.000262682,-0.000308877,26517
-2.96639e-05,3.48806e-05,26518
-4.42433e-05,5.20239e-05,26521
3.53534e-05,-4.15705e-05,26522
-1.9747e-05,2.32197e-05,26524
0.000154874,-0.00018211,26531
-0.000198513,0.000233423,26533
2.38572e-05,-2.80527e-05,26534
4.25383e-05,-5.0019e-05,26537
-3.61467e-05,4.25034e-05,26538
2.01855e-05,-2.37353e-05,26540
-2.96838e-06,3.49039e-06,26545
3.44331e-06,-4.04884e-06,26546
-2.24104e-06,2.63515e-06,26548
-2.64503e-06,3.11018e-06,26569
2.59128e-06,-3.04698e-06,26570
-1.48206e-06,1.74269e-06,26572
1.88653e-06,-2.21829e-06,26577
-2.19359e-06,2.57935e-06,26578
1.46156e-06,-1.71859e-06,26580
-1.13749e-06,1.33753e-06,26593
1.27156e-06,-1.49517e-06,26594
-8.31636e-07,9.77886e-07,26596
2.642e-07,-3.10662e-07,26687
-4.71457e-06,5.54366e-06,26719
7.3837e-06,-8.68218e-06,26735
-6.53249e-06,7.68128e-06,26743
1.08962e-05,-1.28124e-05,26747
-7.7817e-06,9.15017e-06,26749
4.75061e-07,-5.58604e-07,26750
5.07288e-05,-5.96499e-05,26783
-9.07511e-05,0.00010671,26799
0.00010476,-0.000123183,26807
-0.000207314,0.000243772,26811
0.00015161,-0.000178271,26813
-9.09938e-06,1.06996e-05,26814
6.74777e-05,-7.93442e-05,26831
-0.000554703,0.000652251,26839
0.00155791,-0.00183188,26843
-0.00118705,0.0013958,26845
6.93522e-05,-8.15483e-05,26846
0.000439096,-0.000516315,26855
-0.00161437,0.00189827,26859
0.00126556,-0.00148811,26861
-7.3844e-05,8.683e-05,26862
0.000245745,-0.000288961,26867
-0.000245292,0.000288428,26869
1.77406e-05,-2.08604e-05,26870
1.71497e-05,-2.01656e-05,26873
-1.16411e-05,1.36883e-05,26874
6.94663e-06,-8.16825e-06,26876
-6.18476e-05,7.2724e-05,26911
0.000110476,-0.000129904,26927
-0.00013515,0.000158917,26935
0.000282556,-0.000332246,26939
-0.000209155,0.000245937,26941
1.26098e-05,-1.48273e-05,26942
-0.000102977,0.000121086,26959
0.000893659,-0.00105082,26967
-0.00259896,0.003056,26971
0.00199341,-0.00234397,26973
-0.000117023,0.000137602,26974
-0.000723604,0.000850856,26983
0.00274622,-0.00322917,26987
-0.00216549,0.00254631,26989
0.000127103,-0.000149455,26990
-0.000428241,0.00050355,26995
0.000429917,-0.000505521,26997
-3.13766e-05,3.68945e-05,26998
-3.04638e-05,3.58211e-05,27001
2.06198e-05,-2.42459e-05,27002
-1.22942e-05,1.44563e-05,27004
2.62121e-05,-3.08217e-05,27023
-0.000323832,0.00038078,27031
0.0012414,-0.00145971,27035
-0.000992451,0.00116698,27037
6.0066e-05,-7.06291e-05,27038
0.00034511,-0.0004058,27047
-0.00170538,0.00200529,27051
0.00139899,-0.00164501,27053
-8.56932e-05,0.000100763,27054
0.000373344,-0.000438999,27059
-0.000393421,0.000462607,27061
3.15559e-05,-3.71053e-05,27062
3.40594e-05,-4.0049e-05,27065
-2.3174e-05,2.72493e-05,27066
1.35453e-05,-1.59274e-05,27068
-4.10085e-05,4.82201e-05,27079
0.000283478,-0.00033333,27083
-0.000249061,0.00029286,27085
1.70157e-05,-2.0008e-05,27086
-0.000441449,0.000519081,27091
0.000506058,-0.000595053,27093
-4.84027e-05,5.69147e-05,27094
-6.33671e-05,7.45107e-05,27097
4.59116e-05,-5.39855e-05,27098
-2.58997e-05,3.04543e-05,27100
0.000254198,-0.0002989,27107
-0.000296035,0.000348096,27109
2.96639e-05,-3.48806e-05,27110
4.55618e-05,-5.35743e-05,27113
-3.45792e-05,4.06602e-05,27114
1.93062e-05,-2.27013e-05,27116
-2.83641e-06,3.33522e-06,27121
2.63903e-06,-3.10313e-06,27122
-1.61636e-06,1.9006e-06,27124
4.42364e-05,-5.20157e-05,27191
-0.000110857,0.000130352,27195
8.56778e-05,-0.000100745,27197
-5.34122e-06,6.28052e-06,27198
4.04851e-05,-4.76047e-05,27215
-0.000422813,0.000497168,27223
0.00144258,-0.00169627,27227
-0.00114269,0.00134364,27229
6.9448e-05,-8.16609e-05,27230
0.000375254,-0.000441245,27239
-0.00166062,0.00195265,27243
0.00135088,-0.00158845,27245
-8.28022e-05,9.73636e-05,27246
0.000305746,-0.000359514,27251
-0.000318237,0.000374201,27253
2.50305e-05,-2.94323e-05,27254
2.50305e-05,-2.94323e-05,27257
-1.70025e-05,1.99925e-05,27258
1.00161e-05,-1.17776e-05,27260
-7.9137e-05,9.30539e-05,27279
0.00114034,-0.00134088,27287
-0.00499324,0.00587135,27291
0.00410576,-0.00482779,27293
-0.000259806,0.000305495,27294
-0.00131928,0.00155129,27303
0.0073295,-0.00861844,27307
-0.00617338,0.00725902,27309
0.000397259,-0.00046712,27310
-0.00188611,0.0022178,27315
0.00205435,-0.00241562,27317
-0.000177649,0.00020889,27318
-0.000196268,0.000230783,27321
0.000136441,-0.000160435,27322
-7.8816e-05,9.26764e-05,27324
0.000220472,-0.000259243,27335
-0.00169873,0.00199747,27339
0.00153981,-0.0018106,27341
-0.000112624,0.00013243,27342
0.00312797,-0.00367805,27347
-0.00372251,0.00437714,27349
0.000383939,-0.000451458,27350
0.000512036,-0.000602081,27353
-0.000382542,0.000449814,27354
0.000214429,-0.000252138,27356
-0.00184898,0.00217414,27363
0.00224692,-0.00264206,27365
-0.000243694,0.00028655,27366
-0.000383299,0.000450705,27369
0.000300341,-0.000353158,27370
-0.000167094,0.000196479,27372
2.30497e-05,-2.71031e-05,27377
-2.27118e-05,2.67059e-05,27378
1.40463e-05,-1.65164e-05,27380
5.02936e-05,-5.91381e-05,27407
-0.000741116,0.000871447,27415
0.00335337,-0.00394309,27419
-0.00278136,0.00327048,27421
0.000179017,-0.000210499,27422
0.00087851,-0.001033,27431
-0.00503238,0.00591737,27435
0.00427423,-0.00502588,27437
-0.00028004,0.000329288,27438
0.0013863,-0.00163009,27443
-0.00152888,0.00179775,27445
0.000136042,-0.000159967,27446
0.000152164,-0.000178924,27449
-0.000106983,0.000125796,27450
6.15309e-05,-7.23516e-05,27452
-0.00018539,0.000217992,27463
0.00149023,-0.0017523,27467
-0.00136853,0.00160919,27469
0.000102977,-0.000121086,27470
-0.00299499,0.00352168,27475
0.00361566,-0.0042515,27477
-0.000383939,0.000451458,27478
-0.000517684,0.000608723,27481
0.000392881,-0.000461972,27482
-0.00021984,0.000258501,27484
0.00180765,-0.00212554,27491
-0.00223326,0.00262599,27493
0.000249882,-0.000293825,27494
0.000398359,-0.000468414,27497
-0.000317658,0.000373521,27498
0.00017669,-0.000207762,27500
-2.37373e-05,2.79117e-05,27505
2.42399e-05,-2.85026e-05,27506
-1.51263e-05,1.77864e-05,27508
1.21098e-05,-1.42394e-05,27527
-0.000116252,0.000136696,27531
0.000111273,-0.000130841,27533
-9.12439e-06,1.0729e-05,27534
0.000332535,-0.000391014,27539
-0.000417709,0.000491166,27541
4.84027e-05,-5.69147e-05,27542
7.20072e-05,-8.46702e-05,27545
-5.88309e-05,6.91767e-05,27546
3.28733e-05,-3.86543e-05,27548
-0.000246709,0.000290095,27555
0.000318825,-0.000374892,27557
-3.93233e-05,4.62386e-05,27558
-6.99532e-05,8.22551e-05,27561
6.09023e-05,-7.16125e-05,27562
-3.40698e-05,4.00613e-05,27564
4.98212e-06,-5.85826e-06,27569
-5.95608e-06,7.0035e-06,27570
3.90433e-06,-4.59093e-06,27572
4.48534e-06,-5.27412e-06,27593
-4.51383e-06,5.30762e-06,27594
2.59128e-06,-3.04698e-06,27596
-3.19068e-06,3.75178e-06,27601
3.84403e-06,-4.52003e-06,27602
-2.58496e-06,3.03955e-06,27604
1.91854e-06,-2.25593e-06,27617
-2.22159e-06,2.61228e-06,27618
1.46721e-06,-1.72523e-06,27620
-4.75231e-06,5.58805e-06,27703
1.34901e-05,-1.58625e-05,27707
-1.07628e-05,1.26555e-05,27709
7.01054e-07,-8.2434e-07,27710
-4.78837e-06,5.63044e-06,27727
5.54951e-05,-6.52544e-05,27735
-0.000208904,0.000245642,27739
0.00016943,-0.000199225,27741
-1.07628e-05,1.26555e-05,27742
-5.16485e-05,6.07313e-05,27751
0.000250786,-0.000294889,27755
-0.000208904,0.000245642,27757
1.34901e-05,-1.58625e-05,27758
-5.16485e-05,6.07313e-05,27763
5.54951e-05,-6.52544e-05,27765
-4.75231e-06,5.58805e-06,27766
-4.78837e-06,5.63044e-06,27769
3.36398e-06,-3.95557e-06,27770
-1.95619e-06,2.30021e-06,27772
1.39215e-05,-1.63697e-05,27791
-0.000213438,0.000250973,27799
0.00101232,-0.00119035,27803
-0.000853098,0.00100312,27805
5.73857e-05,-6.74775e-05,27806
0.000255921,-0.000300926,27815
-0.00153207,0.0018015,27819
0.00132256,-0.00155515,27821
-9.09143e-05,0.000106902,27822
0.000445508,-0.000523855,27827
-0.000501871,0.000590128,27829
4.76397e-05,-5.60175e-05,27830
5.27945e-05,-6.20788e-05,27833
-3.86356e-05,4.543e-05,27834
2.20784e-05,-2.59611e-05,27836
-5.29431e-05,6.22536e-05,27847
0.000448364,-0.000527213,27851
-0.000420798,0.000494798,27853
3.37867e-05,-3.97283e-05,27854
-0.000966896,0.00113693,27859
0.00119394,-0.0014039,27861
-0.000136042,0.000159967,27862
-0.000180955,0.000212777,27865
0.000145677,-0.000171296,27866
-8.14731e-05,9.58008e-05,27868
0.000590971,-0.000694898,27875
-0.000746892,0.000878239,27877
8.98308e-05,-0.000105628,27878
0.000141409,-0.000166277,27881
-0.000120462,0.000141646,27882
6.72334e-05,-7.90569e-05,27884
-8.72387e-06,1.0258e-05,27889
9.72333e-06,-1.14333e-05,27890
-6.19631e-06,7.28598e-06,27892
-1.12403e-05,1.3217e-05,27919
0.000175138,-0.000205937,27927
-0.000863357,0.00101518,27931
0.000736379,-0.000865877,27933
-5.09039e-05,5.98557e-05,27934
-0.000215672,0.000253599,27943
0.00133849,-0.00157387,27947
-0.00116874,0.00137427,27949
8.25652e-05,-9.7085e-05,27950
-0.000423299,0.00049774,27955
0.000484209,-0.000569361,27957
-4.76397e-05,5.60175e-05,27958
-5.34418e-05,6.284e-05,27961
3.98448e-05,-4.68518e-05,27962
-2.26833e-05,2.66723e-05,27964
5.75653e-05,-6.76886e-05,27975
-0.000511346,0.00060127,27979
0.000487293,-0.000572987,27981
-4.04851e-05,4.76047e-05,27982
0.00120889,-0.00142149,27987
-0.00151317,0.00177927,27989
0.000177649,-0.00020889,27990
0.000238363,-0.000280281,27993
-0.000195949,0.000230408,27994
0.000109567,-0.000128835,27996
-0.000756292,0.000889292,28003
0.000969928,-0.0011405,28005
-0.000120315,0.000141473,28006
-0.000191383,0.000225039,28009
0.000166814,-0.000196149,28010
-9.32438e-05,0.000109641,28012
1.1888e-05,-1.39786e-05,28017
-1.37931e-05,1.62187e-05,28018
8.88683e-06,-1.04496e-05,28020
-5.05881e-06,5.94844e-06,28039
5.49262e-05,-6.45854e-05,28043
-5.49262e-05,6.45854e-05,28045
5.05881e-06,-5.94844e-06,28046
-0.000187577,0.000220564,28051
0.000244075,-0.000286997,28053
-3.15559e-05,3.71053e-05,28054
-4.68556e-05,5.50956e-05,28057
4.26415e-05,-5.01404e-05,28058
-2.40081e-05,2.82301e-05,28060
0.000146847,-0.000172671,28067
-0.000196295,0.000230815,28069
2.70728e-05,-3.18338e-05,28070
4.81276e-05,-5.65912e-05,28073
-4.71635e-05,5.54575e-05,28074
2.67614e-05,-3.14676e-05,28076
-3.83633e-06,4.51098e-06,28081
5.33513e-06,-6.27335e-06,28082
-3.64463e-06,4.28556e-06,28084
-3.86922e-06,4.54966e-06,28105
4.48534e-06,-5.27412e-06,28106
-2.64503e-06,3.11018e-06,28108
2.75891e-06,-3.24409e-06,28113
-4.08198e-06,4.79983e-06,28114
2.92582e-06,-3.44035e-06,28116
-1.62319e-06,1.90864e-06,28129
2.32067e-06,-2.72878e-06,28130
-1.64659e-06,1.93616e-06,28132
5.41586e-06,-6.36828e-06,28217
-4.29565e-06,5.05107e-06,28218
2.4358e-06,-2.86416e-06,28220
-5.41586e-06,6.36828e-06,28231
5.34418e-05,-6.284e-05,28235
-5.27945e-05,6.20788e-05,28237
4.78836e-06,-5.63044e-06,28238
-0.000152164,0.000178924,28243
0.000196268,-0.000230783,28245
-2.50305e-05,2.94324e-05,28246
-3.40594e-05,4.0049e-05,28249
3.04638e-05,-3.58211e-05,28250
-1.71497e-05,2.01656e-05,28252
0.000100638,-0.000118336,28259
-0.000133129,0.000156541,28261
1.80372e-05,-2.12092e-05,28262
2.92215e-05,-3.43603e-05,28265
-2.80871e-05,3.30264e-05,28266
1.59107e-05,-1.87087e-05,28268
-1.99718e-06,2.3484e-06,28273
2.69651e-06,-3.17071e-06,28274
-1.82067e-06,2.14085e-06,28276
3.85275e-06,-4.53028e-06,28295
-4.39682e-05,5.17003e-05,28299
4.48888e-05,-5.27828e-05,28301
-4.41414e-06,5.1904e-06,28302
0.000167557,-0.000197023,28307
-0.000222825,0.00026201,28309
3.13766e-05,-3.68945e-05,28310
4.74854e-05,-5.5836e-05,28313
-4.87976e-05,5.7379e-05,28314
2.80204e-05,-3.2948e-05,28316
-0.000139558,0.000164101,28323
0.000190971,-0.000224554,28325
-2.904e-05,3.41469e-05,28326
-5.27119e-05,6.19817e-05,28329
5.92433e-05,-6.96617e-05,28330
-3.45192e-05,4.05897e-05,28332
4.98211e-06,-5.85826e-06,28337
-8.32946e-06,9.79426e-06,28338
6.02869e-06,-7.08888e-06,28340
6.0538e-06,-7.11841e-06,28361
-8.41351e-06,9.89309e-06,28362
5.18687e-06,-6.09902e-06,28364
-4.56623e-06,5.36923e-06,28369
9.00103e-06,-1.05839e-05,28370
-7.08333e-06,8.32899e-06,28372
2.59395e-06,-3.05011e-06,28385
-5.0733e-06,5.96548e-06,28386
4.02055e-06,-4.7276e-06,28388
-2.2259e-06,2.61734e-06,28423
2.50286e-05,-2.94301e-05,28427
-2.5478e-05,2.99585e-05,28429
2.50076e-06,-2.94054e-06,28430
-9.39035e-05,0.000110417,28435
0.000124933,-0.000146904,28437
-1.77406e-05,2.08604e-05,28438
-2.68849e-05,3.16128e-05,28441
2.82185e-05,-3.31809e-05,28442
-1.62895e-05,1.91541e-05,28444
7.83173e-05,-9.209e-05,28451
-0.000107386,0.000126271,28453
1.65681e-05,-1.94817e-05,28454
3.01558e-05,-3.5459e-05,28457
-3.48373e-05,4.09637e-05,28458
2.04391e-05,-2.40335e-05,28460
-2.96838e-06,3.49039e-06,28465
5.19281e-06,-6.10601e-06,28466
-3.81748e-06,4.48881e-06,28468
-4.19361e-06,4.93109e-06,28489
6.16603e-06,-7.25037e-06,28490
-3.85965e-06,4.5384e-06,28492
3.30886e-06,-3.89075e-06,28497
-7.16023e-06,8.41941e-06,28498
5.80224e-06,-6.82261e-06,28500
-1.85946e-06,2.18646e-06,28513
4.06248e-06,-4.7769e-06,28514
-3.34003e-06,3.92741e-06,28516
2.61946e-07,-3.08011e-07,28553
-4.13484e-07,4.86199e-07,28554
2.65799e-07,-3.12542e-07,28556
-2.49619e-07,2.93516e-07,28561
6.33454e-07,-7.44851e-07,28562
-5.41802e-07,6.37081e-07,28564
1.52805e-07,-1.79676e-07,28577
-4.17912e-07,4.91406e-07,28578
3.69953e-07,-4.35014e-07,28580
3.13648e-06,-3.68806e-06,29127
-4.10085e-05,4.82201e-05,29131
3.71708e-05,-4.37076e-05,29133
-2.77489e-06,3.26288e-06,29134
7.18871e-05,-8.4529e-05,29139
-8.56395e-05,0.0001007,29141
9.12439e-06,-1.0729e-05,29142
1.18579e-05,-1.39431e-05,29145
-9.28583e-06,1.09188e-05,29146
5.21492e-06,-6.132e-06,29148
-4.23887e-05,4.98431e-05,29155
5.15069e-05,-6.05648e-05,29157
-5.79195e-06,6.81051e-06,29158
-8.88536e-06,1.04479e-05,29161
7.37858e-06,-8.67616e-06,29162
-4.12526e-06,4.85072e-06,29164
5.68574e-07,-6.68561e-07,29169
-6.03382e-07,7.0949e-07,29170
3.80782e-07,-4.47745e-07,29172
1.52156e-05,-1.78914e-05,29243
-1.21337e-05,1.42676e-05,29245
7.97485e-07,-9.37729e-07,29246
-5.05881e-06,5.94844e-06,29263
5.75653e-05,-6.76886e-05,29271
-0.000215672,0.000253599,29275
0.000175138,-0.000205937,29277
-1.12403e-05,1.3217e-05,29278
-5.29431e-05,6.22536e-05,29287
0.000255921,-0.000300926,29291
-0.000213438,0.000250973,29293
1.39215e-05,-1.63697e-05,29294
-5.16485e-05,6.07313e-05,29299
5.54951e-05,-6.52544e-05,29301
-4.78837e-06,5.63044e-06,29302
-4.75231e-06,5.58805e-06,29305
3.36399e-06,-3.95557e-06,29306
-1.95619e-06,2.30021e-06,29308
1.21098e-05,-1.42394e-05,29327
-0.00018539,0.000217992,29335
0.00087851,-0.001033,29339
-0.000741116,0.000871447,29341
5.02936e-05,-5.91381e-05,29342
0.000220472,-0.000259243,29351
-0.00131928,0.00155129,29355
0.00114034,-0.00134088,29357
-7.9137e-05,9.30539e-05,29358
0.000375254,-0.000441245,29363
-0.000422813,0.000497168,29365
4.04851e-05,-4.76047e-05,29366
4.42364e-05,-5.20157e-05,29369
-3.27007e-05,3.84514e-05,29370
1.86906e-05,-2.19775e-05,29372
0.00034511,-0.0004058,29387
-0.000323832,0.00038078,29389
2.62121e-05,-3.08217e-05,29390
-0.000723604,0.000850856,29395
0.000893659,-0.00105082,29397
-0.000102977,0.000121086,29398
-0.00013515,0.000158917,29401
0.000110476,-0.000129904,29402
-6.18476e-05,7.2724e-05,29404
0.000439096,-0.000516315,29411
-0.000554703,0.000652251,29413
6.74777e-05,-7.93442e-05,29414
0.00010476,-0.000123183,29417
-9.07511e-05,0.00010671,29418
5.07288e-05,-5.96499e-05,29420
-6.53249e-06,7.68128e-06,29425
7.3837e-06,-8.68218e-06,29426
-4.71457e-06,5.54366e-06,29428
-8.20726e-06,9.65058e-06,29455
0.000127943,-0.000150443,29463
-0.000628759,0.000739331,29467
0.000536401,-0.000630732,29469
-3.73434e-05,4.39105e-05,29470
-0.00015609,0.000183539,29479
0.000966528,-0.0011365,29483
-0.000844495,0.000993005,29485
6.01488e-05,-7.07265e-05,29486
-0.000297835,0.000350211,29491
0.000340616,-0.000400516,29493
-3.37867e-05,3.97283e-05,29494
-3.73602e-05,4.39303e-05,29497
2.81517e-05,-3.31024e-05,29498
-1.6033e-05,1.88525e-05,29500
-0.000328113,0.000385814,29515
0.000312685,-0.000367673,29517
-2.62121e-05,3.08217e-05,29518
0.000755995,-0.000888942,29523
-0.000947111,0.00111367,29525
0.000112624,-0.00013243,29526
0.000149155,-0.000175386,29529
-0.000124662,0.000146585,29530
6.97897e-05,-8.20627e-05,29532
-0.000469654,0.000552246,29539
0.000602654,-0.000708635,29541
-7.57494e-05,8.90705e-05,29542
-0.000118896,0.000139805,29545
0.000105525,-0.000124082,29546
-5.90931e-05,6.94851e-05,29548
7.4382e-06,-8.74626e-06,29553
-8.77657e-06,1.032e-05,29554
5.67027e-06,-6.66743e-06,29556
2.98457e-05,-3.50943e-05,29579
-2.98457e-05,3.50943e-05,29581
2.77489e-06,-3.26288e-06,29582
-9.96424e-05,0.000117165,29587
0.000129873,-0.000152712,29589
-1.70157e-05,2.0008e-05,29590
-2.49126e-05,2.92936e-05,29593
2.30314e-05,-2.70817e-05,29594
-1.29878e-05,1.52718e-05,29596
7.71904e-05,-9.07649e-05,29603
-0.000103383,0.000121563,29605
1.44584e-05,-1.7001e-05,29606
2.53432e-05,-2.98e-05,29609
-2.52528e-05,2.96937e-05,29610
1.43584e-05,-1.68834e-05,29612
-1.99718e-06,2.3484e-06,29617
2.82426e-06,-3.32093e-06,29618
-1.93331e-06,2.2733e-06,29620
-1.86707e-06,2.19541e-06,29641
2.19688e-06,-2.58322e-06,29642
-1.29729e-06,1.52543e-06,29644
1.33356e-06,-1.56808e-06,29649
-1.9742e-06,2.32138e-06,29650
1.40815e-06,-1.65578e-06,29652
-7.89239e-07,9.28032e-07,29665
1.12428e-06,-1.32199e-06,29666
-7.91235e-07,9.3038e-07,29668
-1.33756e-05,1.57278e-05,29755
1.10066e-05,-1.29422e-05,29757
-7.67766e-07,9.02783e-07,29758
4.41414e-06,-5.1904e-06,29775
-5.45819e-05,6.41805e-05,29783
0.000223069,-0.000262298,29787
-0.000185802,0.000218477,29789
1.26663e-05,-1.48937e-05,29790
5.23944e-05,-6.16084e-05,29799
-0.000276195,0.000324766,29803
0.000236701,-0.000278327,29805
-1.65763e-05,1.94914e-05,29806
6.39318e-05,-7.51748e-05,29811
-7.14862e-05,8.40576e-05,29813
6.8874e-06,-8.0986e-06,29814
6.8874e-06,-8.0986e-06,29817
-5.17169e-06,6.08117e-06,29818
2.967e-06,-3.48877e-06,29820
-1.52233e-05,1.79004e-05,29839
0.000244226,-0.000287174,29847
-0.00126467,0.00148707,29851
0.00110204,-0.00129585,29853
-8.16258e-05,9.59803e-05,29854
-0.000301395,0.000354397,29863
0.00196646,-0.00231228,29867
-0.00175649,0.00206538,29869
0.000133643,-0.000157146,29870
-0.000655454,0.00077072,29875
0.000770054,-0.000905474,29877
-8.25652e-05,9.7085e-05,29878
-9.04477e-05,0.000106354,29881
7.18014e-05,-8.44282e-05,29882
-4.07026e-05,4.78605e-05,29884
-0.000678303,0.000797587,29899
0.000664344,-0.000781175,29901
-6.01488e-05,7.07265e-05,29902
0.00170631,-0.00200638,29907
-0.00218968,0.00257475,29909
0.00028004,-0.000329288,29910
0.000366258,-0.000430667,29913
-0.000326714,0.000384169,29914
0.000183481,-0.000215748,29916
-0.00107607,0.0012653,29923
0.00141371,-0.00166232,29925
-0.000191234,0.000224864,29926
-0.000296815,0.000349012,29929
0.000282912,-0.000332665,29930
-0.000159581,0.000187645,29932
1.93203e-05,-2.27179e-05,29937
-2.50189e-05,2.94187e-05,29938
1.65612e-05,-1.94736e-05,29940
1.33732e-05,-1.57249e-05,29967
-0.000216631,0.000254727,29975
0.00117411,-0.00138059,29979
-0.00103924,0.001222,29981
7.98667e-05,-9.39119e-05,29982
0.000275043,-0.000323412,29991
-0.00187186,0.00220104,29995
0.00169619,-0.00199448,29997
-0.000133643,0.000157146,29998
0.000684958,-0.000805413,30003
-0.000817612,0.000961395,30005
9.09143e-05,-0.000106902,30006
0.000100757,-0.000118476,30009
-8.1864e-05,9.62604e-05,30010
4.63329e-05,-5.44809e-05,30012
0.000849306,-0.000998663,30027
-0.000844887,0.000993466,30029
7.9137e-05,-9.30539e-05,30030
-0.00233118,0.00274114,30035
0.00302571,-0.00355781,30037
-0.000397259,0.00046712,30038
-0.000523689,0.000615784,30041
0.00047783,-0.000561861,30042
-0.000268789,0.000316058,30044
0.00150475,-0.00176937,30051
-0.00200022,0.00235198,30053
0.000277923,-0.000326797,30054
0.000435352,-0.000511912,30057
-0.000425185,0.000499957,30058
0.000240589,-0.000282899,30060
-2.87683e-05,3.38274e-05,30065
3.87297e-05,-4.55406e-05,30066
-2.59252e-05,3.04843e-05,30068
-0.000111273,0.000130841,30091
0.000116252,-0.000136696,30093
-1.21098e-05,1.42394e-05,30094
0.000439291,-0.000516543,30099
-0.000590786,0.000694681,30101
8.56932e-05,-0.000100763,30102
0.000125645,-0.000147741,30105
-0.000129849,0.000152684,30106
7.4259e-05,-8.7318e-05,30108
-0.000358414,0.000421444,30115
0.000494481,-0.000581439,30117
-7.67358e-05,9.02303e-05,30118
-0.000134856,0.000158571,30121
0.000151369,-0.000177989,30122
-8.77581e-05,0.000103191,30124
1.1888e-05,-1.39786e-05,30129
-1.94244e-05,2.28403e-05,30130
1.38475e-05,-1.62826e-05,30132
1.23417e-05,-1.45121e-05,30153
-1.66497e-05,1.95777e-05,30154
1.01314e-05,-1.1913e-05,30156
-9.01381e-06,1.0599e-05,30161
1.62742e-05,-1.91361e-05,30162
-1.23429e-05,1.45135e-05,30164
5.22247e-06,-6.14088e-06,30177
-9.17881e-06,1.0793e-05,30178
6.93514e-06,-8.15474e-06,30180
-7.59702e-06,8.93302e-06,30268
-0.00013159,0.000154731,30283
0.000135866,-0.000159759,30285
-1.39215e-05,1.63697e-05,30286
0.000434871,-0.000511347,30291
-0.000580188,0.000682218,30293
8.28022e-05,-9.73636e-05,30294
0.00011113,-0.000130673,30297
-0.000112234,0.000131971,30298
6.40349e-05,-7.5296e-05,30300
-0.000298439,0.000350921,30307
0.00040801,-0.000479762,30309
-6.20608e-05,7.29747e-05,30310
-9.94198e-05,0.000116904,30313
0.000108967,-0.00012813,30314
-6.29476e-05,7.40174e-05,30316
7.4382e-06,-8.74627e-06,30321
-1.18024e-05,1.38779e-05,30322
8.31298e-06,-9.77488e-06,30324
0.000123948,-0.000145745,30347
-0.000133593,0.000157086,30349
1.52233e-05,-1.79004e-05,30350
-0.000574136,0.000675102,30355
0.00079221,-0.000931526,30357
-0.000127103,0.000149455,30358
-0.000191449,0.000225117,30361
0.000227173,-0.000267123,30362
-0.000133238,0.000156669,30364
0.000507313,-0.000596528,30371
-0.000718401,0.000844737,30373
0.000124447,-0.000146332,30374
0.000224645,-0.00026415,30377
-0.000291638,0.000342925,30378
0.000174212,-0.000204848,30380
-2.37373e-05,2.79117e-05,30385
4.61252e-05,-5.42367e-05,30386
-3.46443e-05,4.07367e-05,30388
-2.97512e-05,3.49832e-05,30409
4.73408e-05,-5.56661e-05,30410
-3.00145e-05,3.52928e-05,30412
2.33716e-05,-2.74817e-05,30417
-5.42209e-05,6.37561e-05,30418
4.43812e-05,-5.21859e-05,30420
-1.31431e-05,1.54544e-05,30433
3.05716e-05,-3.59478e-05,30434
-2.53036e-05,2.97534e-05,30436
-6.96947e-05,8.1951e-05,30475
7.52702e-05,-8.8507e-05,30477
-8.67059e-06,1.01954e-05,30478
0.000326634,-0.000384075,30483
-0.000452267,0.000531801,30485
7.3844e-05,-8.683e-05,30486
0.000111865,-0.000131537,30489
-0.000136512,0.000160519,30490
8.05792e-05,-9.47497e-05,30492
-0.000292707,0.000344182,30499
0.000416316,-0.000489528,30501
-7.36977e-05,8.6658e-05,30502
-0.000133868,0.00015741,30505
0.000179271,-0.000210797,30506
-0.000107887,0.00012686,30508
1.48686e-05,-1.74834e-05,30513
-3.01457e-05,3.54471e-05,30514
2.29641e-05,-2.70025e-05,30516
2.19224e-05,-2.57776e-05,30537
-3.66018e-05,4.30385e-05,30538
2.35189e-05,-2.76549e-05,30540
-1.80784e-05,2.12577e-05,30545
4.5321e-05,-5.3291e-05,30546
-3.79855e-05,4.46656e-05,30548
1.00944e-05,-1.18696e-05,30561
-2.57922e-05,3.0328e-05,30562
2.19959e-05,-2.58641e-05,30564
-1.309e-06,1.5392e-06,30601
2.3922e-06,-2.81289e-06,30602
-1.58622e-06,1.86517e-06,30604
1.35572e-06,-1.59413e-06,30609
-4.00515e-06,4.70949e-06,30610
3.54021e-06,-4.16279e-06,30612
-8.41155e-07,9.89078e-07,30625
2.68405e-06,-3.15607e-06,30626
-2.45456e-06,2.88621e-06,30628
-6.26843e-06,7.37078e-06,30781
4.41431e-07,-5.1906e-07,30782
-2.50076e-06,2.94054e-06,30799
3.09472e-05,-3.63895e-05,30807
-0.000127272,0.000149653,30811
0.000106371,-0.000125077,30813
-7.33326e-06,8.62287e-06,30814
-2.9772e-05,3.50077e-05,30823
0.000158227,-0.000186052,30827
-0.000136164,0.000160109,30829
9.66604e-06,-1.13659e-05,30830
-3.74025e-05,4.398e-05,30835
4.21175e-05,-4.95242e-05,30837
-4.14653e-06,4.87573e-06,30838
-4.14653e-06,4.87573e-06,30841
3.16405e-06,-3.72047e-06,30842
-1.81237e-06,2.13109e-06,30844
8.67059e-06,-1.01954e-05,30863
-0.000139663,0.000164224,30871
0.000733214,-0.000862155,30875
-0.00064285,0.0007559,30877
4.84988e-05,-5.70277e-05,30878
0.00017311,-0.000203553,30887
-0.00114553,0.00134698,30891
0.00102969,-0.00121077,30893
-7.98667e-05,9.39119e-05,30894
0.000392069,-0.000461018,30899
-0.000464184,0.000545814,30901
5.09039e-05,-5.98557e-05,30902
5.56866e-05,-6.54795e-05,30905
-4.50096e-05,5.29249e-05,30906
2.55057e-05,-2.9991e-05,30908
0.00040816,-0.000479938,30923
-0.000403051,0.000473931,30925
3.73434e-05,-4.39105e-05,30926
-0.00105864,0.00124481,30931
0.00136829,-0.00160891,30933
-0.000179017,0.000210499,30934
-0.000233649,0.000274738,30937
0.000213599,-0.000251162,30938
-0.000120261,0.00014141,30940
0.000672566,-0.000790842,30947
-0.000890035,0.00104655,30949
0.000123315,-0.000145001,30950
0.000191139,-0.000224752,30953
-0.000187332,0.000220276,30954
0.000106114,-0.000124775,30956
-1.26643e-05,1.48914e-05,30961
1.70672e-05,-2.00686e-05,30962
-1.14332e-05,1.34438e-05,30964
-7.70986e-06,9.0657e-06,30991
0.000125447,-0.000147508,30999
-0.000692089,0.000813798,31003
0.00061727,-0.000725821,31005
-4.84988e-05,5.70277e-05,31006
-0.000160185,0.000188354,31015
0.00110953,-0.00130465,31019
-0.00101305,0.0011912,31021
8.16258e-05,-9.59803e-05,31022
-0.000418596,0.000492209,31027
0.000503838,-0.000592442,31029
-5.73857e-05,6.74775e-05,31030
-6.35035e-05,7.46711e-05,31033
5.26432e-05,-6.19009e-05,31034
-2.97998e-05,3.50404e-05,31036
-0.000522288,0.000614136,31051
0.000524115,-0.000616284,31053
-5.02936e-05,5.91381e-05,31054
0.00147905,-0.00173915,31059
-0.00193338,0.00227338,31061
0.000259806,-0.000305495,31062
0.000341708,-0.0004018,31065
-0.000319976,0.000376246,31066
0.000180533,-0.000212281,31068
-0.000962003,0.00113118,31075
0.00128786,-0.00151434,31077
-0.000183352,0.000215596,31078
-0.000286732,0.000337157,31081
0.000288297,-0.000338997,31082
-0.000163888,0.000192709,31084
1.93203e-05,-2.27179e-05,31089
-2.70759e-05,3.18374e-05,31090
1.83401e-05,-2.15654e-05,31092
7.25624e-05,-8.53231e-05,31115
-7.65702e-05,9.00357e-05,31117
8.20726e-06,-9.65058e-06,31118
-0.000296924,0.00034914,31123
0.000402365,-0.000473124,31125
-6.0066e-05,7.06291e-05,31126
-8.80222e-05,0.000103502,31129
9.43651e-05,-0.00011096,31130
-5.42956e-05,6.38439e-05,31132
0.000245221,-0.000288345,31139
-0.00034085,0.000400791,31141
5.45369e-05,-6.41276e-05,31142
9.58057e-05,-0.000112654,31145
-0.000111853,0.000131523,31146
6.53433e-05,-7.68344e-05,31148
-8.72387e-06,1.0258e-05,31153
1.49483e-05,-1.75771e-05,31154
-1.08011e-05,1.27005e-05,31156
-9.17275e-06,1.07859e-05,31177
1.29521e-05,-1.52299e-05,31178
-7.96582e-06,9.36667e-06,31180
6.77942e-06,-7.97164e-06,31185
-1.30297e-05,1.53211e-05,31186
1.00685e-05,-1.18391e-05,31188
-3.90905e-06,4.59649e-06,31201
7.34252e-06,-8.63376e-06,31202
-5.66733e-06,6.66398e-06,31204
0.000101778,-0.000119677,31307
-0.000106301,0.000124995,31309
1.12403e-05,-1.3217e-05,31310
-0.000350828,0.000412524,31315
0.000472066,-0.000555082,31317
-6.9448e-05,8.16609e-05,31318
-9.31192e-05,0.000109495,31321
9.76533e-05,-0.000114826,31322
-5.60365e-05,6.58909e-05,31324
0.000243758,-0.000286624,31331
-0.000336075,0.000395176,31333
5.27892e-05,-6.20726e-05,31334
8.45472e-05,-9.94155e-05,31337
-9.65222e-05,0.000113496,31338
5.61747e-05,-6.60534e-05,31340
-6.53249e-06,7.68128e-06,31345
1.08962e-05,-1.28124e-05,31346
-7.7817e-06,9.15017e-06,31348
-0.000103036,0.000121155,31371
0.000112707,-0.000132527,31373
-1.33732e-05,1.57249e-05,31374
0.000504731,-0.000593492,31379
-0.000703152,0.000826807,31381
0.000117023,-0.000137602,31382
0.00017642,-0.000207445,31385
-0.000218587,0.000257027,31386
0.000129175,-0.000151891,31388
-0.00045429,0.00053418,31395
0.000649086,-0.000763233,31397
-0.000116662,0.000137178,31398
-0.000210633,0.000247674,31401
0.00028539,-0.000335578,31402
-0.000171902,0.000202132,31404
2.30497e-05,-2.71031e-05,31409
-4.68345e-05,5.50707e-05,31410
3.55898e-05,-4.18486e-05,31412
2.92512e-05,-3.43952e-05,31433
-4.84976e-05,5.70262e-05,31434
3.10391e-05,-3.64976e-05,31436
-2.33776e-05,2.74888e-05,31441
5.70779e-05,-6.71155e-05,31442
-4.73445e-05,5.56704e-05,31444
1.31168e-05,-1.54235e-05,31457
-3.22437e-05,3.7914e-05,31458
2.70874e-05,-3.18509e-05,31460
5.81807e-05,-6.84122e-05,31499
-6.39183e-05,7.51589e-05,31501
7.70986e-06,-9.0657e-06,31502
-0.000291611,0.000342893,31507
0.000408096,-0.000479863,31509
-6.93522e-05,8.15483e-05,31510
-0.000105298,0.000123815,31513
0.000134504,-0.000158157,31514
-8.00312e-05,9.41053e-05,31516
0.000267408,-0.000314434,31523
-0.000384033,0.000451568,31525
7.07114e-05,-8.31466e-05,31526
0.000128588,-0.000151202,31529
-0.000179945,0.000211589,31530
0.000109222,-0.00012843,31532
-1.48322e-05,1.74406e-05,31537
3.14367e-05,-3.69651e-05,31538
-2.42246e-05,2.84847e-05,31540
-2.2216e-05,2.61228e-05,31561
3.85872e-05,-4.53731e-05,31562
-2.5023e-05,2.94235e-05,31564
1.86728e-05,-2.19566e-05,31569
-4.90989e-05,5.77333e-05,31570
4.16528e-05,-4.89777e-05,31572
-1.04195e-05,1.22518e-05,31585
2.80291e-05,-3.29583e-05,31586
-2.42232e-05,2.84831e-05,31588
1.309e-06,-1.5392e-06,31625
-2.51892e-06,2.9619e-06,31626
1.69114e-06,-1.98854e-06,31628
-1.409e-06,1.65679e-06,31633
4.40049e-06,-5.17435e-06,31634
-3.9423e-06,4.63558e-06,31636
8.82008e-07,-1.03712e-06,31649
-2.97911e-06,3.50301e-06,31650
2.76124e-06,-3.24682e-06,31652
-6.80168e-06,7.9978e-06,31819
7.21395e-06,-8.48258e-06,31821
-7.97485e-07,9.37729e-07,31822
2.53186e-05,-2.97711e-05,31827
-3.44977e-05,4.05643e-05,31829
5.34122e-06,-6.28052e-06,31830
7.21395e-06,-8.48258e-06,31833
-8.16236e-06,9.59777e-06,31834
4.75166e-06,-5.58728e-06,31836
-1.81243e-05,2.13116e-05,31843
2.53186e-05,-2.97711e-05,31845
-4.21156e-06,4.9522e-06,31846
-6.80168e-06,7.9978e-06,31849
8.43903e-06,-9.9231e-06,31850
-4.99908e-06,5.87821e-06,31852
5.68573e-07,-6.68561e-07,31857
-1.05451e-06,1.23996e-06,31858
7.77511e-07,-9.14242e-07,31860
9.14792e-06,-1.07567e-05,31883
-1.0264e-05,1.2069e-05,31885
1.31021e-06,-1.54062e-06,31886
-4.99136e-05,5.86913e-05,31891
7.06873e-05,-8.31182e-05,31893
-1.26098e-05,1.48273e-05,31894
-1.91473e-05,2.25145e-05,31897
2.59322e-05,-3.04926e-05,31898
-1.56066e-05,1.83511e-05,31900
4.68106e-05,-5.50427e-05,31907
-6.79312e-05,7.98775e-05,31909
1.31108e-05,-1.54164e-05,31910
2.37898e-05,-2.79734e-05,31913
-3.52164e-05,4.14095e-05,31914
2.16342e-05,-2.54387e-05,31916
-2.83642e-06,3.33522e-06,31921
6.37757e-06,-7.49911e-06,31922
-4.99436e-06,5.87265e-06,31924
-3.96748e-06,4.6652e-06,31945
7.27013e-06,-8.54864e-06,31946
-4.78014e-06,5.62077e-06,31948
3.39718e-06,-3.9946e-06,31953
-9.528e-06,1.12036e-05,31954
8.22959e-06,-9.67683e-06,31956
-1.90274e-06,2.23735e-06,31969
5.46296e-06,-6.42366e-06,31970
-4.80808e-06,5.65361e-06,31972
-6.0113e-06,7.06843e-06,32011
6.82737e-06,-8.02802e-06,32013
-9.03593e-07,1.0625e-06,32014
3.45856e-05,-4.06678e-05,32019
-4.93658e-05,5.80471e-05,32021
9.09938e-06,-1.06996e-05,32022
1.39415e-05,-1.63932e-05,32025
-1.96701e-05,2.31293e-05,32026
1.19478e-05,-1.40489e-05,32028
-3.34028e-05,3.92769e-05,32035
4.88435e-05,-5.7433e-05,32037
-9.75151e-06,1.14664e-05,32038
-1.78373e-05,2.09741e-05,32041
2.74934e-05,-3.23283e-05,32042
-1.70549e-05,2.00542e-05,32044
2.26739e-06,-2.66613e-06,32049
-5.36064e-06,6.30335e-06,32050
4.26778e-06,-5.0183e-06,32052
3.78918e-06,-4.45554e-06,32073
-7.31425e-06,8.60052e-06,32074
4.88248e-06,-5.7411e-06,32076
-3.45781e-06,4.0659e-06,32081
1.04654e-05,-1.23059e-05,32082
-9.2418e-06,1.0867e-05,32084
1.93867e-06,-2.2796e-06,32097
-6.09678e-06,7.16894e-06,32098
5.5112e-06,-6.48039e-06,32100
-2.61945e-07,3.0801e-07,32137
5.86181e-07,-6.89266e-07,32138
-4.10096e-07,4.82215e-07,32140
3.27895e-07,-3.85557e-07,32145
-1.2087e-06,1.42126e-06,32146
1.1313e-06,-1.33024e-06,32148
-2.14801e-07,2.52576e-07,32161
8.58839e-07,-1.00987e-06,32162
-8.31415e-07,9.77625e-07,32164
-2.33972e-07,2.75117e-07,32329
5.0841e-07,-5.97818e-07,32330
-3.51356e-07,4.13146e-07,32332
2.46704e-07,-2.90088e-07,32337
-8.6809e-07,1.02075e-06,32338
8.00124e-07,-9.40831e-07,32340
-1.41764e-07,1.66694e-07,32353
5.28006e-07,-6.2086e-07,32354
-5.00556e-07,5.88584e-07,32356
1.67772e-07,-1.97275e-07,32393
-3.76262e-07,4.42432e-07,32394
2.64409e-07,-3.10907e-07,32396
-2.0967e-07,2.46541e-07,32401
7.93116e-07,-9.32592e-07,32402
-7.5146e-07,8.83608e-07,32404
1.40282e-07,-1.64952e-07,32417
-5.79899e-07,6.8188e-07,32418
5.69917e-07,-6.7014e-07,32420
-1.01141e-07,1.18928e-07,32521
2.22925e-07,-2.62126e-07,32522
-1.55725e-07,1.8311e-07,32524
1.21596e-07,-1.4298e-07,32529
-4.51174e-07,5.30517e-07,32530
4.25316e-07,-5.0011e-07,32532
-7.98603e-08,9.39054e-08,32545
3.24584e-07,-3.81664e-07,32546
-3.17828e-07,3.73721e-07,32548
-3.64462e-06,4.28556e-06,37471
5.33513e-06,-6.27335e-06,37487
-3.83633e-06,4.51098e-06,37495
5.33513e-06,-6.27336e-06,37499
-3.64462e-06,4.28556e-06,37501
2.33973e-07,-2.75118e-07,37502
2.67614e-05,-3.14676e-05,37535
-4.71635e-05,5.54575e-05,37551
4.81276e-05,-5.65912e-05,37559
-8.46319e-05,9.95151e-05,37563
6.02411e-05,-7.0835e-05,37565
-3.78918e-06,4.45554e-06,37566
2.70728e-05,-3.18338e-05,37583
-0.000196295,0.000230815,37591
0.000493065,-0.000579774,37595
-0.000367067,0.000431619,37597
2.2216e-05,-2.61228e-05,37598
0.000146847,-0.000172671,37607
-0.000479998,0.000564409,37611
0.000367067,-0.000431619,37613
-2.19224e-05,2.57776e-05,37614
6.28899e-05,-7.39496e-05,37619
-6.02411e-05,7.0835e-05,37621
4.19361e-06,-4.93109e-06,37622
-2.61077e-06,3.0699e-06,37626
1.57828e-06,-1.85583e-06,37628
-2.40081e-05,2.82301e-05,37663
4.26415e-05,-5.01404e-05,37679
-4.68556e-05,5.50956e-05,37687
8.72205e-05,-0.000102559,37691
-6.28899e-05,7.39496e-05,37693
3.96748e-06,-4.6652e-06,37694
-3.15559e-05,3.71053e-05,37711
0.000244075,-0.000286997,37719
-0.000639128,0.000751523,37723
0.000479998,-0.000564409,37725
-2.92512e-05,3.43952e-05,37726
-0.000187577,0.000220564,37735
0.000639128,-0.000751523,37739
-0.000493065,0.000579774,37741
2.97512e-05,-3.49832e-05,37742
-8.72205e-05,0.000102559,37747
8.46319e-05,-9.95151e-05,37749
-6.0538e-06,7.11841e-06,37750
3.8155e-06,-4.48649e-06,37754
-2.29694e-06,2.70087e-06,37756
5.05881e-06,-5.94844e-06,37775
-5.49262e-05,6.45854e-05,37783
0.000187577,-0.000220564,37787
-0.000146847,0.000172671,37789
9.17275e-06,-1.07859e-05,37790
5.49262e-05,-6.45854e-05,37799
-0.000244075,0.000286997,37803
0.000196295,-0.000230815,37805
-1.23417e-05,1.45121e-05,37806
4.68556e-05,-5.50956e-05,37811
-4.81276e-05,5.65912e-05,37813
3.86922e-06,-4.54966e-06,37814
-2.75891e-06,3.24409e-06,37818
1.62319e-06,-1.90864e-06,37820
3.15559e-05,-3.71053e-05,37835
-2.70728e-05,3.18338e-05,37837
1.86707e-06,-2.19541e-06,37838
-4.26415e-05,5.01404e-05,37843
4.71635e-05,-5.54575e-05,37845
-4.48534e-06,5.27412e-06,37846
4.08198e-06,-4.79983e-06,37850
-2.32067e-06,2.72878e-06,37852
2.40081e-05,-2.82301e-05,37859
-2.67614e-05,3.14676e-05,37861
2.64503e-06,-3.11018e-06,37862
-2.92582e-06,3.44035e-06,37866
1.64659e-06,-1.93616e-06,37868
2.26415e-07,-2.66231e-07,37874
-1.39109e-07,1.63573e-07,37876
8.88682e-06,-1.04496e-05,37983
-1.37931e-05,1.62187e-05,37999
1.1888e-05,-1.39786e-05,38007
-1.94244e-05,2.28403e-05,38011
1.38475e-05,-1.62826e-05,38013
-9.05705e-07,1.06498e-06,38014
-9.32438e-05,0.000109641,38047
0.000166814,-0.000196149,38063
-0.000191383,0.000225039,38071
0.000377746,-0.000444176,38075
-0.000277064,0.000325788,38077
1.78373e-05,-2.09741e-05,38078
-0.000120315,0.000141473,38095
0.000969928,-0.0011405,38103
-0.00269278,0.00316633,38107
0.00205559,-0.00241708,38109
-0.000128588,0.000151202,38110
-0.000756292,0.000889292,38119
0.00273726,-0.00321863,38123
-0.00214783,0.00252554,38125
0.000133868,-0.00015741,38126
-0.000398095,0.000468103,38131
0.000395654,-0.000465232,38133
-3.01558e-05,3.5459e-05,38134
1.93519e-05,-2.27551e-05,38138
-1.1535e-05,1.35635e-05,38140
0.000109567,-0.000128835,38175
-0.000195949,0.000230408,38191
0.000238363,-0.000280281,38199
-0.000495852,0.000583051,38203
0.000367964,-0.000432674,38205
-2.37898e-05,2.79734e-05,38206
0.000177649,-0.00020889,38223
-0.00151317,0.00177927,38231
0.00435565,-0.00512163,38235
-0.00334871,0.0039376,38237
0.000210633,-0.000247674,38238
0.00120889,-0.00142149,38247
-0.00452921,0.0053257,38251
0.00357783,-0.00420702,38253
-0.000224645,0.00026415,38254
0.000680185,-0.0007998,38259
-0.000681484,0.000801328,38261
5.27119e-05,-6.19817e-05,38262
-3.40452e-05,4.00323e-05,38266
2.02523e-05,-2.38139e-05,38268
-4.04851e-05,4.76047e-05,38287
0.000487293,-0.000572987,38295
-0.00184223,0.0021662,38299
0.00147653,-0.00173619,38301
-9.58057e-05,0.000112654,38302
-0.000511346,0.00060127,38311
0.00249652,-0.00293556,38315
-0.00205375,0.00241492,38317
0.000134856,-0.000158571,38318
-0.000530795,0.000624139,38323
0.00056027,-0.000658797,38325
-4.81276e-05,5.65912e-05,38326
3.51982e-05,-4.13881e-05,38330
-2.05121e-05,2.41193e-05,38332
-0.000393421,0.000462607,38347
0.000346393,-0.000407309,38349
-2.53432e-05,2.98e-05,38350
0.000594416,-0.000698949,38355
-0.000681484,0.000801328,38357
6.99532e-05,-8.22551e-05,38358
-6.6757e-05,7.84967e-05,38362
3.76954e-05,-4.43245e-05,38364
-0.000340205,0.000400033,38371
0.000395654,-0.000465232,38373
-4.25383e-05,5.0019e-05,38374
5.00532e-05,-5.88554e-05,38378
-2.80491e-05,3.29818e-05,38380
-3.90108e-06,4.58711e-06,38386
2.42125e-06,-2.84705e-06,38388
-4.76397e-05,5.60175e-05,38479
0.000484209,-0.000569361,38487
-0.00163068,0.00191745,38491
0.00129565,-0.0015235,38493
-8.45472e-05,9.94155e-05,38494
-0.000423299,0.00049774,38503
0.00185114,-0.00217667,38507
-0.00151084,0.00177653,38509
9.94198e-05,-0.000116904,38510
-0.00033199,0.000390373,38515
0.000346393,-0.000407309,38517
-2.92215e-05,3.43603e-05,38518
1.9713e-05,-2.31796e-05,38522
-1.15644e-05,1.35981e-05,38524
8.25652e-05,-9.7085e-05,38543
-0.00116874,0.00137427,38551
0.00509757,-0.00599402,38555
-0.00421235,0.00495312,38557
0.000286732,-0.000337157,38558
0.00133849,-0.00157387,38567
-0.00742302,0.00872842,38571
0.00628517,-0.00739047,38573
-0.000435352,0.000511912,38574
0.001877,-0.00220708,38579
-0.00205375,0.00241492,38581
0.000191383,-0.000225039,38582
-0.000147078,0.000172942,38586
8.46927e-05,-9.95866e-05,38588
0.00165911,-0.00195088,38603
-0.00151084,0.00177653,38605
0.000118896,-0.000139805,38606
-0.00299436,0.00352094,38611
0.00357783,-0.00420702,38613
-0.000398359,0.000468414,38614
0.0004012,-0.000471754,38618
-0.000225089,0.000264672,38620
0.00176122,-0.00207094,38627
-0.00214783,0.00252554,38629
0.000251624,-0.000295874,38630
-0.000314684,0.000370024,38634
0.000175679,-0.000206574,38636
2.42035e-05,-2.84598e-05,38642
-1.51536e-05,1.78185e-05,38644
-5.09039e-05,5.98557e-05,38671
0.000736379,-0.000865877,38679
-0.0033161,0.00389927,38683
0.00276324,-0.00324917,38685
-0.000191139,0.000224752,38686
-0.000863357,0.00101518,38695
0.00493471,-0.00580252,38699
-0.00421235,0.00495312,38701
0.000296815,-0.000349012,38702
-0.00133326,0.00156773,38707
0.00147653,-0.00173619,38709
-0.00014141,0.000166277,38710
0.000111265,-0.000130832,38714
-6.38255e-05,7.50497e-05,38716
-0.00140494,0.001652,38731
0.00129565,-0.0015235,38733
-0.00010476,0.000123183,38734
0.00276321,-0.00324914,38739
-0.00334871,0.0039376,38741
0.000383299,-0.000450705,38742
-0.000395984,0.000465621,38746
0.000221823,-0.000260833,38748
-0.00165802,0.00194959,38755
0.00205559,-0.00241708,38757
-0.000248055,0.000291677,38758
0.000319345,-0.000375505,38762
-0.000178233,0.000209577,38764
-2.46264e-05,2.89571e-05,38770
1.55297e-05,-1.82607e-05,38772
0.000106301,-0.000124995,38795
-0.000101778,0.000119677,38797
8.88536e-06,-1.04479e-05,38798
-0.000292519,0.000343961,38803
0.000367964,-0.000432674,38805
-4.55618e-05,5.35743e-05,38806
5.5308e-05,-6.50344e-05,38810
-3.09562e-05,3.64001e-05,38812
0.000214062,-0.000251707,38819
-0.000277064,0.000325788,38821
3.65136e-05,-4.29348e-05,38822
-5.64682e-05,6.63986e-05,38826
3.16724e-05,-3.72423e-05,38828
5.38332e-06,-6.33002e-06,38834
-3.53442e-06,4.15598e-06,38836
3.90433e-06,-4.59094e-06,38858
-2.24104e-06,2.63515e-06,38860
-3.28008e-06,3.85691e-06,38866
2.17808e-06,-2.56111e-06,38868
1.90526e-06,-2.24031e-06,38882
-1.23898e-06,1.45686e-06,38884
-6.19631e-06,7.28598e-06,39007
9.72333e-06,-1.14333e-05,39023
-8.72387e-06,1.0258e-05,39031
1.49483e-05,-1.75771e-05,39035
-1.08011e-05,1.27005e-05,39037
7.14178e-07,-8.39772e-07,39038
6.72334e-05,-7.90569e-05,39071
-0.000120462,0.000141646,39087
0.000141409,-0.000166277,39095
-0.000288961,0.000339777,39099
0.000214062,-0.000251707,39101
-1.39415e-05,1.63932e-05,39102
8.98308e-05,-0.000105628,39119
-0.000746892,0.000878239,39127
0.00215118,-0.00252948,39131
-0.00165802,0.00194959,39133
0.000105298,-0.000123815,39134
0.000590971,-0.000694898,39143
-0.00222213,0.00261291,39147
0.00176122,-0.00207094,39149
-0.000111865,0.000131537,39150
0.000337488,-0.000396838,39155
-0.000340205,0.000400033,39157
2.68849e-05,-3.16128e-05,39158
-1.74956e-05,2.05723e-05,39162
1.03695e-05,-1.21931e-05,39164
-8.14731e-05,9.58008e-05,39199
0.000145677,-0.000171296,39215
-0.000180955,0.000212777,39223
0.000390198,-0.000458817,39227
-0.000292519,0.000343961,39229
1.91473e-05,-2.25145e-05,39230
-0.000136042,0.000159967,39247
0.00119394,-0.0014039,39255
-0.00356109,0.00418733,39259
0.00276321,-0.00324914,39261
-0.00017642,0.000207445,39262
-0.000966896,0.00113693,39271
0.00375506,-0.00441541,39275
-0.00299436,0.00352094,39277
0.000191449,-0.000225117,39278
-0.000585883,0.000688916,39283
0.000594416,-0.000698949,39285
-4.74854e-05,5.5836e-05,39286
3.10089e-05,-3.6462e-05,39290
-1.83556e-05,2.15836e-05,39292
3.37867e-05,-3.97283e-05,39311
-0.000420798,0.000494798,39319
0.00164873,-0.00193867,39323
-0.00133326,0.00156773,39325
8.80222e-05,-0.000103502,39326
0.000448364,-0.000527213,39335
-0.00226206,0.00265986,39339
0.001877,-0.00220708,39341
-0.000125645,0.000147741,39342
0.000497701,-0.000585225,39347
-0.000530795,0.000624139,39349
4.68556e-05,-5.50956e-05,39350
-3.46169e-05,4.07045e-05,39354
2.01002e-05,-2.3635e-05,39356
0.000373344,-0.000438999,39371
-0.00033199,0.000390373,39373
2.49126e-05,-2.92936e-05,39374
-0.000585883,0.000688916,39379
0.000680185,-0.0007998,39381
-7.20072e-05,8.46702e-05,39382
7.00168e-05,-8.23298e-05,39386
-3.94588e-05,4.63979e-05,39388
0.000337488,-0.000396838,39395
-0.000398095,0.000468103,39397
4.42433e-05,-5.20239e-05,39398
-5.33139e-05,6.26895e-05,39402
2.98574e-05,-3.5108e-05,39404
4.20997e-06,-4.95033e-06,39410
-2.62851e-06,3.09075e-06,39412
4.76397e-05,-5.60175e-05,39503
-0.000501871,0.000590128,39511
0.00175278,-0.00206101,39515
-0.00140494,0.001652,39517
9.31192e-05,-0.000109495,39518
0.000445508,-0.000523855,39527
-0.0020156,0.00237006,39531
0.00165911,-0.00195088,39533
-0.00011113,0.000130673,39534
0.000373344,-0.000438999,39539
-0.000393421,0.000462607,39541
3.40594e-05,-4.0049e-05,39542
-2.3174e-05,2.72493e-05,39546
1.35453e-05,-1.59274e-05,39548
-9.09143e-05,0.000106902,39567
0.00132256,-0.00155515,39575
-0.00592784,0.0069703,39579
0.00493471,-0.00580252,39581
-0.000341708,0.0004018,39582
-0.00153207,0.0018015,39591
0.00870455,-0.0102353,39595
-0.00742302,0.00872842,39597
0.000523689,-0.000615784,39598
-0.00226206,0.00265986,39603
0.00249652,-0.00293556,39605
-0.000238363,0.000280281,39606
0.000185204,-0.000217773,39610
-0.000106356,0.00012506,39612
-0.0020156,0.00237006,39627
0.00185114,-0.00217667,39629
-0.000149155,0.000175386,39630
0.00375506,-0.00441541,39635
-0.00452921,0.0053257,39637
0.000517684,-0.000608723,39638
-0.000530062,0.000623278,39642
0.000297156,-0.000349413,39644
-0.00222213,0.00261291,39651
0.00273726,-0.00321863,39653
-0.000329558,0.000387513,39654
0.000420361,-0.000494285,39658
-0.000234795,0.000276085,39660
-3.28166e-05,3.85877e-05,39666
2.06768e-05,-2.4313e-05,39668
5.73857e-05,-6.74775e-05,39695
-0.000853098,0.00100312,39703
0.00394916,-0.00464365,39707
-0.0033161,0.00389927,39709
0.000233649,-0.000274738,39710
0.00101232,-0.00119035,39719
-0.00592784,0.0069703,39723
0.00509757,-0.00599402,39725
-0.000366258,0.000430667,39726
0.00164873,-0.00193867,39731
-0.00184223,0.0021662,39733
0.000180955,-0.000212777,39734
-0.000144179,0.000169534,39738
8.24936e-05,-9.70007e-05,39740
0.00175278,-0.00206101,39755
-0.00163068,0.00191745,39757
0.00013515,-0.000158917,39758
-0.00356109,0.00418733,39763
0.00435565,-0.00512163,39765
-0.000512036,0.000602081,39766
0.000538382,-0.000633061,39770
-0.000301478,0.000354495,39772
0.00215118,-0.00252948,39779
-0.00269278,0.00316633,39781
0.000334044,-0.000392788,39782
-0.000439073,0.000516288,39786
0.000245298,-0.000288435,39788
3.44972e-05,-4.05638e-05,39794
-2.1912e-05,2.57654e-05,39796
-0.000135866,0.000159759,39819
0.00013159,-0.000154731,39821
-1.18579e-05,1.39431e-05,39822
0.000390198,-0.000458817,39827
-0.000495852,0.000583051,39829
6.33671e-05,-7.45107e-05,39830
-7.90022e-05,9.28954e-05,39834
4.42847e-05,-5.20725e-05,39836
-0.000288961,0.000339777,39843
0.000377746,-0.000444176,39845
-5.14254e-05,6.04689e-05,39846
8.19773e-05,-9.63937e-05,39850
-4.61349e-05,5.42481e-05,39852
-8.10923e-06,9.53531e-06,39858
5.38332e-06,-6.33002e-06,39860
-5.95608e-06,7.0035e-06,39882
3.44331e-06,-4.04884e-06,39884
5.06991e-06,-5.96149e-06,39890
-3.42511e-06,4.02745e-06,39892
-2.93075e-06,3.44614e-06,39906
1.94123e-06,-2.28261e-06,39908
-4.75231e-06,5.58805e-06,40015
5.54951e-05,-6.52544e-05,40023
-0.000213438,0.000250973,40027
0.000175138,-0.000205937,40029
-1.21337e-05,1.42676e-05,40030
-5.16485e-05,6.07313e-05,40039
0.000255921,-0.000300926,40043
-0.000215672,0.000253599,40045
1.52156e-05,-1.78914e-05,40046
-5.29431e-05,6.22536e-05,40051
5.75653e-05,-6.76886e-05,40053
-5.41586e-06,6.36828e-06,40054
3.85275e-06,-4.53028e-06,40058
-2.2259e-06,2.61734e-06,40060
1.34901e-05,-1.58625e-05,40079
-0.000208904,0.000245642,40087
0.00101232,-0.00119035,40091
-0.000863357,0.00101518,40093
6.35035e-05,-7.46711e-05,40094
0.000250786,-0.000294889,40103
-0.00153207,0.0018015,40107
0.00133849,-0.00157387,40109
-0.000100757,0.000118476,40110
0.000448364,-0.000527213,40115
-0.000511346,0.00060127,40117
5.34418e-05,-6.284e-05,40118
-4.39682e-05,5.17003e-05,40122
2.50286e-05,-2.94301e-05,40124
0.000445508,-0.000523855,40139
-0.000423299,0.00049774,40141
3.73602e-05,-4.39303e-05,40142
-0.000966896,0.00113693,40147
0.00120889,-0.00142149,40149
-0.000152164,0.000178924,40150
0.000167557,-0.000197023,40154
-9.39035e-05,0.000110417,40156
0.000590971,-0.000694898,40163
-0.000756292,0.000889292,40165
0.000100638,-0.000118336,40166
-0.000139558,0.000164101,40170
7.83173e-05,-9.209e-05,40172
1.15603e-05,-1.35932e-05,40178
-7.48985e-06,8.807e-06,40180
-1.07628e-05,1.26555e-05,40207
0.00016943,-0.000199225,40215
-0.000853098,0.00100312,40219
0.000736379,-0.000865877,40221
-5.56866e-05,6.54796e-05,40222
-0.000208904,0.000245642,40231
0.00132256,-0.00155515,40235
-0.00116874,0.00137427,40237
9.04477e-05,-0.000106354,40238
-0.000420798,0.000494798,40243
0.000487293,-0.000572987,40245
-5.27945e-05,6.20788e-05,40246
4.48888e-05,-5.27828e-05,40250
-2.5478e-05,2.99585e-05,40252
-0.000501871,0.000590128,40267
0.000484209,-0.000569361,40269
-4.42364e-05,5.20157e-05,40270
0.00119394,-0.0014039,40275
-0.00151317,0.00177927,40277
0.000196268,-0.000230783,40278
-0.000222825,0.00026201,40282
0.000124933,-0.000146904,40284
-0.000746892,0.000878239,40291
0.000969928,-0.0011405,40293
-0.000133129,0.000156541,40294
0.000190971,-0.000224555,40298
-0.000107386,0.000126271,40300
-1.61824e-05,1.90282e-05,40306
1.05969e-05,-1.24605e-05,40308
5.27945e-05,-6.20788e-05,40331
-5.34418e-05,6.284e-05,40333
5.41586e-06,-6.36828e-06,40334
-0.000180955,0.000212777,40339
0.000238363,-0.000280281,40341
-3.40594e-05,4.0049e-05,40342
4.74854e-05,-5.5836e-05,40346
-2.68849e-05,3.16128e-05,40348
0.00014141,-0.000166277,40355
-0.000191383,0.000225039,40357
2.92215e-05,-3.43603e-05,40358
-5.27119e-05,6.19817e-05,40362
3.01558e-05,-3.5459e-05,40364
6.0538e-06,-7.11841e-06,40370
-4.19361e-06,4.93109e-06,40372
4.98212e-06,-5.85826e-06,40394
-2.96838e-06,3.49039e-06,40396
-4.56623e-06,5.36924e-06,40402
3.30886e-06,-3.89075e-06,40404
2.59395e-06,-3.05011e-06,40418
-1.85946e-06,2.18646e-06,40420
-0.000136042,0.000159967,40531
0.000177649,-0.00020889,40533
-2.50305e-05,2.94323e-05,40534
3.13766e-05,-3.68945e-05,40538
-1.77406e-05,2.08604e-05,40540
8.98308e-05,-0.000105628,40547
-0.000120315,0.000141473,40549
1.80372e-05,-2.12092e-05,40550
-2.904e-05,3.41469e-05,40554
1.65681e-05,-1.94817e-05,40556
2.83446e-06,-3.33292e-06,40562
-1.94049e-06,2.28174e-06,40564
-3.86356e-05,4.543e-05,40587
3.98448e-05,-4.68518e-05,40589
-4.29565e-06,5.05107e-06,40590
0.000145677,-0.000171296,40595
-0.000195949,0.000230408,40597
3.04638e-05,-3.58211e-05,40598
-4.87976e-05,5.7379e-05,40602
2.82185e-05,-3.31809e-05,40604
-0.000120462,0.000141646,40611
0.000166814,-0.000196149,40613
-2.8087e-05,3.30264e-05,40614
5.92433e-05,-6.96617e-05,40618
-3.48373e-05,4.09637e-05,40620
-8.41351e-06,9.89309e-06,40626
6.16603e-06,-7.25037e-06,40628
-8.32946e-06,9.79426e-06,40650
5.19281e-06,-6.10601e-06,40652
9.00103e-06,-1.05839e-05,40658
-7.16023e-06,8.41941e-06,40660
-5.0733e-06,5.96548e-06,40674
4.06248e-06,-4.7769e-06,40676
2.20784e-05,-2.59611e-05,40715
-2.26833e-05,2.66723e-05,40717
2.4358e-06,-2.86416e-06,40718
-8.14731e-05,9.58008e-05,40723
0.000109567,-0.000128835,40725
-1.71497e-05,2.01656e-05,40726
2.80204e-05,-3.2948e-05,40730
-1.62895e-05,1.91541e-05,40732
6.72334e-05,-7.90569e-05,40739
-9.32438e-05,0.000109641,40741
1.59107e-05,-1.87087e-05,40742
-3.45192e-05,4.05897e-05,40746
2.04391e-05,-2.40335e-05,40748
5.18687e-06,-6.09902e-06,40754
-3.85965e-06,4.5384e-06,40756
6.02869e-06,-7.08889e-06,40778
-3.81748e-06,4.48881e-06,40780
-7.08333e-06,8.32898e-06,40786
5.80224e-06,-6.82261e-06,40788
4.02055e-06,-4.7276e-06,40802
-3.34003e-06,3.9274e-06,40804
-4.12379e-07,4.84899e-07,40842
2.67699e-07,-3.14776e-07,40844
6.35055e-07,-7.46734e-07,40850
-5.47403e-07,6.43669e-07,40852
-4.18904e-07,4.92571e-07,40866
3.73404e-07,-4.39071e-07,40868
-3.40698e-05,4.00613e-05,41631
6.09023e-05,-7.16125e-05,41647
-6.99532e-05,8.22551e-05,41655
0.000146187,-0.000171895,41659
-0.000109701,0.000128993,41661
7.44412e-06,-8.75322e-06,41662
-3.93233e-05,4.62386e-05,41679
0.000318825,-0.000374892,41687
-0.000929984,0.00109353,41691
0.000723869,-0.000851167,41693
-4.78196e-05,5.6229e-05,41694
-0.000246709,0.000290095,41703
0.000931021,-0.00109475,41707
-0.000743246,0.000873952,41709
4.893e-05,-5.75347e-05,41710
-0.000132419,0.000155706,41715
0.000132918,-0.000156293,41717
-1.05969e-05,1.24605e-05,41718
6.54545e-06,-7.69651e-06,41722
-3.89444e-06,4.5793e-06,41724
3.28733e-05,-3.86543e-05,41759
-5.88309e-05,6.91767e-05,41775
7.20072e-05,-8.46702e-05,41783
-0.000159067,0.00018704,41787
0.0001208,-0.000142044,41789
-8.24222e-06,9.69167e-06,41790
4.84027e-05,-5.69147e-05,41807
-0.000417709,0.000491166,41815
0.00126941,-0.00149265,41819
-0.000996109,0.00117128,41821
6.62923e-05,-7.79503e-05,41822
0.000332535,-0.000391014,41831
-0.00130718,0.00153706,41835
0.00105214,-0.00123717,41837
-6.99901e-05,8.22984e-05,41838
0.000194764,-0.000229014,41843
-0.000197913,0.000232717,41845
1.61824e-05,-1.90282e-05,41846
-1.01825e-05,1.19732e-05,41850
6.03127e-06,-7.09191e-06,41852
-9.12439e-06,1.0729e-05,41871
0.000111273,-0.000130841,41879
-0.000439291,0.000516543,41883
0.000358414,-0.000421444,41885
-2.46239e-05,2.89542e-05,41886
-0.000116252,0.000136696,41895
0.000590786,-0.000694681,41899
-0.000494481,0.000581439,41901
3.44457e-05,-4.05032e-05,41902
-0.000125645,0.000147741,41907
0.000134856,-0.000158571,41909
-1.23417e-05,1.45121e-05,41910
9.01381e-06,-1.0599e-05,41914
-5.22247e-06,6.14088e-06,41916
-8.56932e-05,0.000100763,41931
7.67358e-05,-9.02303e-05,41933
-5.97885e-06,7.03028e-06,41934
0.000129849,-0.000152684,41939
-0.000151369,0.000177989,41941
1.66497e-05,-1.95777e-05,41942
-1.62742e-05,1.91361e-05,41946
9.17881e-06,-1.0793e-05,41948
-7.4259e-05,8.7318e-05,41955
8.77581e-05,-0.000103191,41957
-1.01314e-05,1.1913e-05,41958
1.23429e-05,-1.45135e-05,41962
-6.93514e-06,8.15474e-06,41964
-1.0173e-06,1.1962e-06,41970
6.43017e-07,-7.56096e-07,41972
-1.51263e-05,1.77864e-05,42079
2.42399e-05,-2.85026e-05,42095
-2.37373e-05,2.79117e-05,42103
4.61252e-05,-5.42367e-05,42107
-3.46443e-05,4.07368e-05,42109
2.42456e-06,-2.85093e-06,42110
0.00017669,-0.000207762,42143
-0.000317658,0.000373521,42159
0.000398359,-0.000468414,42167
-0.000917403,0.00107874,42171
0.000704841,-0.000828792,42173
-4.88435e-05,5.7433e-05,42174
0.000249882,-0.000293825,42191
-0.00223326,0.00262599,42199
0.00712197,-0.00837443,42203
-0.0056581,0.00665312,42205
0.000384033,-0.000451568,42206
0.00180765,-0.00212554,42215
-0.00748,0.00879542,42219
0.00610233,-0.00717548,42221
-0.000416316,0.000489528,42222
0.0011985,-0.00140927,42227
-0.00124455,0.00146341,42229
0.000107386,-0.000126271,42230
-6.99704e-05,8.22752e-05,42234
4.10567e-05,-4.82769e-05,42236
-0.00021984,0.000258501,42271
0.000392881,-0.000461972,42287
-0.000517684,0.000608723,42295
0.00125515,-0.00147587,42299
-0.000974812,0.00114624,42301
6.79312e-05,-7.98775e-05,42302
-0.000383939,0.000451458,42319
0.00361566,-0.0042515,42327
-0.0119102,0.0140046,42331
0.00951761,-0.0111914,42333
-0.000649086,0.000763233,42334
-0.00299499,0.00352168,42343
0.0127652,-0.0150101,42347
-0.0104694,0.0123105,42349
0.000718401,-0.000844737,42350
-0.00210049,0.00246988,42355
0.00219343,-0.00257916,42357
-0.000190971,0.000224554,42358
0.000124986,-0.000146966,42362
-7.3249e-05,8.61304e-05,42364
0.000102977,-0.000121086,42383
-0.00136853,0.00160919,42391
0.00582662,-0.00685127,42395
-0.00483248,0.00568231,42397
0.00034085,-0.000400791,42398
0.00149023,-0.0017523,42407
-0.00810684,0.00953249,42411
0.00689265,-0.00810477,42413
-0.000494481,0.000581439,42414
0.001877,-0.00220708,42419
-0.00205375,0.00241492,42421
0.000196295,-0.000230815,42422
-0.000147078,0.000172942,42426
8.46927e-05,-9.95866e-05,42428
0.00139899,-0.00164501,42443
-0.0012758,0.00150016,42445
0.000103383,-0.000121563,42446
-0.00232446,0.00273324,42451
0.00277303,-0.00326069,42453
-0.000318825,0.000374892,42454
0.000321788,-0.000378377,42458
-0.000180892,0.000212703,42460
0.00135049,-0.00158799,42467
-0.00163967,0.00192802,42469
0.000198513,-0.000233423,42470
-0.000251076,0.000295229,42474
0.0001408,-0.000165561,42476
2.06659e-05,-2.43001e-05,42482
-1.31275e-05,1.54361e-05,42484
-0.00152888,0.00179775,42583
0.00580045,-0.00682051,42587
-0.00476595,0.00560408,42589
0.000336075,-0.000395176,42590
0.0013863,-0.00163009,42599
-0.00676604,0.0079559,42603
0.00570378,-0.00670683,42605
-0.00040801,0.000479762,42606
0.00131625,-0.00154772,42611
-0.0014224,0.00167254,42613
0.000133129,-0.000156541,42614
-9.15766e-05,0.000107681,42618
5.30475e-05,-6.23763e-05,42620
-0.00028004,0.000329288,42639
0.00427423,-0.00502588,42647
-0.0204605,0.0240586,42651
0.0174203,-0.0204838,42653
-0.00128786,0.00151434,42654
-0.00503238,0.00591737,42663
0.0303716,-0.0357127,42667
-0.0264809,0.0311378,42669
0.00200022,-0.00235198,42670
-0.00830258,0.00976266,42675
0.00939135,-0.0110429,42677
-0.000969928,0.0011405,42678
0.000772264,-0.000908073,42682
-0.000440532,0.000518003,42684
-0.00734693,0.00863894,42699
0.00691723,-0.00813368,42701
-0.000602654,0.000708635,42702
0.0145554,-0.0171151,42707
-0.0180067,0.0211733,42709
0.00223326,-0.00262599,42710
-0.00238894,0.00280905,42714
0.00133927,-0.00157479,42716
-0.008709,0.0102405,42723
0.0110117,-0.0129482,42725
-0.0014418,0.00169535,42726
0.00193926,-0.0022803,42730
-0.00108754,0.0012788,42732
-0.000158671,0.000186574,42738
0.000102026,-0.000119968,42740
0.000179017,-0.000210499,42767
-0.00278136,0.00327048,42775
0.0137357,-0.0161513,42779
-0.0118017,0.0138771,42781
0.000890035,-0.00104655,42782
0.00335337,-0.00394309,42791
-0.0208423,0.0245076,42795
0.0183339,-0.021558,42797
-0.00141371,0.00166232,42798
0.00612024,-0.00719653,42803
-0.00701345,0.00824682,42805
0.000746892,-0.000878239,42806
-0.00061295,0.000720742,42810
0.000348653,-0.000409966,42812
0.00646686,-0.00760411,42827
-0.00617288,0.00725843,42829
0.000554703,-0.000652251,42830
-0.0140163,0.0164811,42835
0.0175836,-0.0206758,42837
-0.00224692,0.00264206,42838
0.00247933,-0.00291534,42842
-0.00139023,0.00163471,42844
0.00857302,-0.0100806,42851
-0.0110117,0.0129482,42853
0.0014881,-0.0017498,42854
-0.00207199,0.00243637,42858
0.00116405,-0.00136876,42860
0.000171951,-0.00020219,42866
-0.000111753,0.000131406,42868
-0.000524115,0.000616284,42891
0.000522288,-0.000614136,42893
-5.15069e-05,6.05648e-05,42894
0.0016194,-0.00190419,42899
-0.00211195,0.00248335,42901
0.000296035,-0.000348096,42902
-0.00039673,0.000466498,42906
0.000224221,-0.000263652,42908
-0.00122239,0.00143735,42915
0.00163967,-0.00192802,42917
-0.00024576,0.000288979,42918
0.000425895,-0.000500791,42922
-0.000242945,0.000285668,42924
-4.61349e-05,5.42481e-05,42930
3.16724e-05,-3.72423e-05,42932
2.01855e-05,-2.37353e-05,42956
3.03834e-05,-3.57266e-05,42962
-2.15536e-05,2.5344e-05,42964
-1.73837e-05,2.04408e-05,42978
1.21321e-05,-1.42656e-05,42980
1.40463e-05,-1.65164e-05,43103
-2.27118e-05,2.67059e-05,43119
2.30497e-05,-2.71031e-05,43127
-4.68345e-05,5.50707e-05,43131
3.55898e-05,-4.18486e-05,43133
-2.51788e-06,2.96067e-06,43134
-0.000167094,0.000196479,43167
0.000300341,-0.000353158,43183
-0.000383299,0.000450705,43191
0.000910026,-0.00107006,43195
-0.000704969,0.000828944,43197
4.93658e-05,-5.80471e-05,43198
-0.000243694,0.00028655,43215
0.00224692,-0.00264206,43223
-0.0074084,0.00871123,43227
0.00593375,-0.00697724,43229
-0.000408096,0.000479863,43230
-0.00184898,0.00217414,43239
0.00792125,-0.00931426,43243
-0.00651893,0.00766533,43245
0.000452267,-0.000531801,43246
-0.00133137,0.0015655,43251
0.00140098,-0.00164736,43253
-0.000124933,0.000146904,43254
8.31818e-05,-9.781e-05,43258
-4.85524e-05,5.70908e-05,43260
0.000214429,-0.000252138,43295
-0.000382542,0.000449814,43311
0.000512036,-0.000602081,43319
-0.00128103,0.00150631,43323
0.00100329,-0.00117972,43325
-7.06873e-05,8.31182e-05,43326
0.000383939,-0.000451458,43343
-0.00372251,0.00437714,43351
0.0126452,-0.0148689,43355
-0.0101812,0.0119717,43357
0.000703152,-0.000826807,43358
0.00312797,-0.00367805,43367
-0.0137517,0.01617,43371
0.0113673,-0.0133663,43373
-0.00079221,0.000931526,43374
0.00235499,-0.00276914,43379
-0.00248723,0.00292463,43381
0.000222825,-0.00026201,43382
-0.000148356,0.000174446,43386
8.65591e-05,-0.000101781,43388
-0.000112624,0.00013243,43407
0.00153981,-0.0018106,43415
-0.00673547,0.00791995,43419
0.00562449,-0.0066136,43421
-0.000402365,0.000473124,43422
-0.00169873,0.00199747,43431
0.00947103,-0.0111366,43435
-0.00810684,0.00953249,43437
0.000590786,-0.000694681,43438
-0.00226206,0.00265986,43443
0.00249652,-0.00293556,43445
-0.000244075,0.000286997,43446
0.000185204,-0.000217773,43450
-0.000106356,0.00012506,43452
-0.00170538,0.00200529,43467
0.00156834,-0.00184415,43469
-0.000129873,0.000152712,43470
0.00293891,-0.00345574,43475
-0.00354219,0.00416511,43477
0.000417709,-0.000491166,43478
-0.000429577,0.000505121,43482
0.000241307,-0.000283742,43484
-0.00171973,0.00202216,43491
0.00211195,-0.00248335,43493
-0.000262682,0.000308877,43494
0.000339732,-0.000399477,43498
-0.000190605,0.000224125,43500
-2.83025e-05,3.32797e-05,43506
1.80812e-05,-2.1261e-05,43508
0.00205435,-0.00241562,43607
-0.00799998,0.00940684,43611
0.0066146,-0.00777782,43613
-0.000472066,0.000555082,43614
-0.00188611,0.0022178,43623
0.00943095,-0.0110895,43627
-0.00799998,0.00940684,43629
0.000580188,-0.000682218,43630
-0.00188611,0.0022178,43635
0.00205435,-0.00241562,43637
-0.000196268,0.000230783,43638
0.000136441,-0.000160435,43642
-7.8816e-05,9.26764e-05,43644
0.000397259,-0.00046712,43663
-0.00617338,0.00725902,43671
0.0301169,-0.0354132,43675
-0.0257877,0.0303227,43677
0.00193338,-0.00227338,43678
0.0073295,-0.00861844,43687
-0.0450038,0.052918,43691
0.0394604,-0.0463998,43693
-0.00302571,0.00355781,43694
0.012609,-0.0148264,43699
-0.0143654,0.0168916,43701
0.00151317,-0.00177927,43702
-0.0012189,0.00143325,43706
0.000694056,-0.000816111,43708
0.0112439,-0.0132212,43723
-0.0106626,0.0125377,43725
0.000947111,-0.00111367,43726
-0.022932,0.0269648,43731
0.0285802,-0.0336062,43733
-0.00361566,0.0042515,43734
0.003922,-0.00461171,43738
-0.00219853,0.00258515,43740
0.0137996,-0.0162263,43747
-0.0175836,0.0206758,43749
0.00234944,-0.0027626,43750
-0.00320973,0.00377419,43754
0.00180145,-0.00211825,43756
0.000265278,-0.000311929,43762
-0.000171312,0.000201439,43764
-0.000259806,0.000305495,43791
0.00410576,-0.00482779,43799
-0.020672,0.0243073,43803
0.0178686,-0.021011,43805
-0.00136829,0.00160891,43806
-0.00499324,0.00587135,43815
0.0315817,-0.0371356,43819
-0.027946,0.0328605,43821
0.00218968,-0.00257475,43822
-0.00951904,0.011193,43827
0.0109888,-0.0129212,43829
-0.00119394,0.0014039,43830
0.000991939,-0.00116638,43834
-0.000563334,0.000662401,43836
-0.0101418,0.0119254,43851
0.00975188,-0.0114668,43853
-0.000893659,0.00105082,43854
0.0226234,-0.0266019,43859
-0.0285802,0.0336062,43861
0.00372251,-0.00437714,43862
-0.00416355,0.00489575,43866
0.00233489,-0.0027455,43868
-0.0139197,0.0163676,43875
0.0180067,-0.0211733,43877
-0.00248075,0.00291701,43878
0.00350605,-0.00412261,43882
-0.00197155,0.00231827,43884
-0.000294242,0.000345986,43890
0.000192028,-0.000225798,43892
0.000844887,-0.000993466,43915
-0.000849306,0.000998663,43917
8.56395e-05,-0.0001007,43918
-0.00269805,0.00317252,43923
0.00354219,-0.00416511,43925
-0.000506058,0.000595053,43926
0.000688752,-0.000809874,43930
-0.000389594,0.000458107,43932
0.00205449,-0.00241579,43939
-0.00277303,0.00326069,43941
0.000423421,-0.000497883,43942
-0.000745509,0.000876612,43946
0.000425895,-0.000500791,43948
8.19773e-05,-9.63937e-05,43954
-5.64682e-05,6.63986e-05,43956
-3.61467e-05,4.25034e-05,43980
-5.4429e-05,6.40007e-05,43986
3.87561e-05,-4.55717e-05,43988
3.10896e-05,-3.6557e-05,44002
-2.17864e-05,2.56178e-05,44004
-0.000318237,0.000374201,44119
0.00135088,-0.00158845,44123
-0.00114269,0.00134364,44125
8.56778e-05,-0.000100745,44126
0.000305746,-0.000359514,44135
-0.00166062,0.00195265,44139
0.00144258,-0.00169627,44141
-0.000110857,0.000130352,44142
0.000375254,-0.000441245,44147
-0.000422813,0.000497168,44149
4.42364e-05,-5.20157e-05,44150
-3.27007e-05,3.84514e-05,44154
1.86906e-05,-2.19775e-05,44156
-8.28022e-05,9.73636e-05,44175
0.00135088,-0.00158845,44183
-0.00711412,0.0083652,44187
0.00625818,-0.00735873,44189
-0.000503838,0.000592442,44190
-0.00166062,0.00195265,44199
0.0109732,-0.012903,44203
-0.00988851,0.0116275,44205
0.000817612,-0.000961395,44206
-0.00352921,0.00414985,44211
0.00416929,-0.00490249,44213
-0.000484209,0.000569361,44214
0.000418749,-0.000492389,44218
-0.000236959,0.00027863,44220
-0.00352921,0.00414985,44235
0.00347533,-0.00408649,44237
-0.000340616,0.000400516,44238
0.00850753,-0.0100037,44243
-0.0109888,0.0129212,44245
0.00152888,-0.00179775,44246
-0.00179358,0.00210899,44250
0.00100848,-0.00118583,44252
-0.00530415,0.00623692,44259
0.00701345,-0.00824682,44261
-0.00103275,0.00121436,44262
0.00153884,-0.00180946,44266
-0.000870353,0.00102341,44268
-0.000135231,0.000159013,44274
8.98303e-05,-0.000105628,44276
6.9448e-05,-8.16609e-05,44303
-0.00114269,0.00134364,44311
0.00625818,-0.00735873,44315
-0.00558054,0.00656192,44317
0.000464184,-0.000545814,44318
0.00144258,-0.00169627,44327
-0.00988851,0.0116275,44331
0.00902508,-0.0106122,44333
-0.000770054,0.000905474,44334
0.00347533,-0.00408649,44339
-0.00416929,0.00490249,44341
0.000501871,-0.000590128,44342
-0.000450151,0.000529314,44346
0.000254417,-0.000299159,44348
0.00416929,-0.00490249,44363
-0.00416929,0.00490249,44365
0.000422813,-0.000497168,44366
-0.0109888,0.0129212,44371
0.0143654,-0.0168916,44373
-0.00205435,0.00241562,44374
0.00248723,-0.00292463,44378
-0.00140098,0.00164736,44380
0.00701345,-0.00824682,44387
-0.00939135,0.0110429,44389
0.0014224,-0.00167254,44390
-0.00219343,0.00257916,44394
0.00124455,-0.00146341,44396
0.000197913,-0.000232717,44402
-0.000132918,0.000156293,44404
-0.000487293,0.000572987,44427
0.000511346,-0.00060127,44429
-5.75653e-05,6.76886e-05,44430
0.00184223,-0.0021662,44435
-0.00249652,0.00293556,44437
0.000393421,-0.000462607,44438
-0.000594416,0.000698949,44442
0.000340205,-0.000400033,44444
-0.00147653,0.00173619,44451
0.00205375,-0.00241492,44453
-0.000346393,0.000407309,44454
0.000681484,-0.000801328,44458
-0.000395654,0.000465232,44460
-8.46319e-05,9.95151e-05,44466
6.02411e-05,-7.0835e-05,44468
4.25383e-05,-5.0019e-05,44492
6.6757e-05,-7.84967e-05,44498
-5.00532e-05,5.88554e-05,44500
-3.76954e-05,4.43245e-05,44514
2.80491e-05,-3.29818e-05,44516
-0.000429917,0.000505521,44634
0.000245292,-0.000288428,44636
-0.00103275,0.00121436,44643
0.0014224,-0.00167254,44645
-0.000234838,0.000276136,44646
0.000410672,-0.000482892,44650
-0.000237394,0.000279142,44652
-4.31764e-05,5.07693e-05,44658
3.03575e-05,-3.56961e-05,44660
0.000418749,-0.000492389,44683
-0.000450151,0.000529314,44685
5.45819e-05,-6.41805e-05,44686
-0.00179358,0.00210899,44691
0.00248723,-0.00292463,44693
-0.000429917,0.000505521,44694
0.000758212,-0.00089155,44698
-0.000444788,0.000523007,44700
0.00153884,-0.00180946,44707
-0.00219343,0.00257916,44709
0.000410672,-0.000482892,44710
-0.000954098,0.00112188,44714
0.000570544,-0.000670878,44716
0.000146187,-0.000171895,44722
-0.000109701,0.000128993,44724
-9.28302e-05,0.000109155,44748
-0.000164875,0.00019387,44754
0.00013439,-0.000158023,44756
9.28861e-05,-0.000109221,44770
-7.63977e-05,8.98329e-05,44772
-0.000236959,0.00027863,44811
0.000254417,-0.000299159,44813
-3.09472e-05,3.63895e-05,44814
0.00100848,-0.00118583,44819
-0.00140098,0.00164736,44821
0.000245292,-0.000288428,44822
-0.000444788,0.000523007,44826
0.00026253,-0.000308698,44828
-0.000870353,0.00102341,44835
0.00124455,-0.00146341,44837
-0.000237394,0.000279142,44838
0.000570544,-0.000670878,44842
-0.000343719,0.000404165,44844
-9.28302e-05,0.000109155,44850
7.06826e-05,-8.31127e-05,44852
7.06826e-05,-8.31127e-05,44876
0.00013439,-0.000158023,44882
-0.000112422,0.000132193,44884
-7.63977e-05,8.98329e-05,44898
6.49267e-05,-7.63445e-05,44900
-4.93216e-06,5.79952e-06,44940
-1.2154e-05,1.42914e-05,44946
1.06931e-05,-1.25735e-05,44948
8.09989e-06,-9.52432e-06,44962
-7.36632e-06,8.66175e-06,44964
-0.00185969,0.00218673,45771
0.00317083,-0.00372845,45773
-0.000312685,0.000367673,45774
0.00754703,-0.00887423,45779
-0.00975188,0.0114668,45781
0.00136853,-0.00160919,45782
-0.00160324,0.00188518,45786
0.00090187,-0.00106047,45788
-0.00466886,0.00548991,45795
0.00617288,-0.00725843,45797
-0.000916647,0.00107785,45798
0.001364,-0.00160387,45802
-0.000771908,0.000907654,45804
-0.000119768,0.00014083,45810
7.94523e-05,-9.34246e-05,45812
6.0066e-05,-7.06291e-05,45839
-0.000992451,0.00116698,45847
0.00541027,-0.00636171,45851
-0.00482315,0.00567134,45853
0.000403051,-0.000473931,45854
0.0012414,-0.00145971,45863
-0.00847756,0.0099684,45867
0.00773952,-0.00910058,45869
-0.000664344,0.000781175,45870
0.00289776,-0.00340736,45875
-0.00347533,0.00408649,45877
0.000420798,-0.000494798,45878
-0.000375046,0.000441001,45882
0.000211986,-0.000249266,45884
-0.00317083,0.00372845,45901
0.000323832,-0.00038078,45902
-0.00814789,0.00958076,45907
0.0106626,-0.0125377,45909
-0.00153981,0.0018106,45910
0.00186372,-0.00219147,45914
-0.00105039,0.00123511,45916
0.00516182,-0.00606957,45923
-0.00691723,0.00813368,45925
0.00105791,-0.00124396,45926
-0.00163104,0.00191787,45930
0.000926132,-0.001089,45932
0.000146728,-0.000172531,45938
-9.84731e-05,0.00011579,45940
0.000328113,-0.000385814,45965
-3.71708e-05,4.37076e-05,45966
0.00115582,-0.00135908,45971
-0.00156834,0.00184415,45973
0.000249061,-0.00029286,45974
-0.000373831,0.000439572,45978
0.00021392,-0.000251539,45980
-0.000915988,0.00107707,45987
0.0012758,-0.00150016,45989
-0.000216753,0.000254871,45990
0.000423421,-0.000497883,45994
-0.00024576,0.000288979,45996
-5.14254e-05,6.04689e-05,46002
3.65136e-05,-4.29349e-05,46004
2.38572e-05,-2.80527e-05,46028
3.66687e-05,-4.31172e-05,46034
-2.71989e-05,3.1982e-05,46036
-2.07343e-05,2.43806e-05,46050
1.52024e-05,-1.78759e-05,46052
-0.00199292,0.00234339,46171
0.0017373,-0.00204282,46173
-0.000141112,0.000165928,46174
-0.000428241,0.00050355,46183
0.00253884,-0.00298532,46187
-0.0022772,0.00267767,46189
0.000191348,-0.000224998,46190
-0.000655454,0.00077072,46195
0.000770054,-0.000905474,46197
-9.04477e-05,0.000106354,46198
7.18014e-05,-8.44282e-05,46202
-4.07026e-05,4.78605e-05,46204
0.000127103,-0.000149455,46223
-0.00216549,0.00254631,46231
0.0124826,-0.0146778,46235
-0.0113838,0.0133858,46237
0.00101305,-0.0011912,46238
0.00274622,-0.00322917,46247
-0.0198145,0.023299,46251
0.0185139,-0.0217697,46253
-0.00169619,0.00199448,46254
0.00734026,-0.0086311,46259
-0.00902508,0.0106122,46261
0.00116874,-0.00137427,46262
-0.00108659,0.00127767,46266
0.000613608,-0.000721515,46268
-0.00773952,0.00910058,46285
0.000844495,-0.000993005,46286
-0.0209411,0.0246237,46291
0.027946,-0.0328605,46293
-0.00427423,0.00502588,46294
0.00541508,-0.00636736,46298
-0.00306742,0.00360686,46300
0.0134259,-0.0157869,46307
-0.0183339,0.021558,46309
0.00297006,-0.00349236,46310
-0.00481628,0.00566326,46314
0.0027564,-0.00324114,46316
0.00045438,-0.000534286,46322
-0.00031077,0.000365421,46324
-0.000117023,0.000137602,46351
0.00199341,-0.00234397,46359
-0.0120131,0.0141257,46363
0.0111344,-0.0130924,46365
-0.00102969,0.00121077,46366
-0.00259896,0.003056,46375
0.0195299,-0.0229643,46379
-0.0185139,0.0217697,46381
0.00175649,-0.00206538,46382
-0.00792896,0.00932333,46387
0.00988851,-0.0116275,46389
-0.00132256,0.00155515,46390
0.00127607,-0.00150048,46394
-0.000721232,0.000848066,46396
0.0101418,-0.0119254,46413
-0.00114034,0.00134088,46414
0.0292949,-0.0344466,46419
-0.0394604,0.0463998,46421
0.00617338,-0.00725902,46422
-0.00806451,0.00948271,46426
0.00458153,-0.00538723,46428
-0.0192079,0.0225858,46435
0.0264809,-0.0311378,46437
-0.00439092,0.00516309,46438
0.00735897,-0.00865311,46442
-0.00422869,0.00497234,46444
-0.000714899,0.00084062,46450
0.000494072,-0.000580958,46452
-0.00149023,0.0017523,46477
0.00018539,-0.000217992,46478
-0.00582662,0.00685127,46483
0.00810684,-0.00953249,46485
-0.00139899,0.00164501,46486
0.00232446,-0.00273324,46490
-0.00135049,0.00158799,46492
0.00483248,-0.00568231,46499
-0.00689265,0.00810477,46501
0.0012758,-0.00150016,46502
-0.00277303,0.00326069,46506
0.00163967,-0.00192802,46508
0.000377746,-0.000444176,46514
-0.000277064,0.000325788,46516
-0.000198513,0.000233423,46540
-0.000321788,0.000378377,46546
0.000251076,-0.000295229,46548
0.000180892,-0.000212703,46562
-0.0001408,0.000165561,46564
-0.00115218,0.0013548,46684
0.00403788,-0.00474797,46691
-0.00570378,0.00670683,46693
0.00102898,-0.00120994,46694
-0.00197859,0.00232654,46698
0.00116304,-0.00136756,46700
0.000226948,-0.000266858,46706
-0.000164293,0.000193185,46708
0.00179881,-0.00211515,46733
-0.000244226,0.000287174,46734
0.00797455,-0.00937693,46739
-0.0113673,0.0133663,46741
0.00216549,-0.00254631,46742
-0.00423657,0.0049816,46746
0.00252744,-0.00297191,46748
-0.00716094,0.00842024,46755
0.0104694,-0.0123105,46757
-0.00215797,0.00253747,46758
0.0055385,-0.00651249,46762
-0.00337258,0.00396567,46764
-0.000917403,0.00107874,46770
0.000704841,-0.000828792,46772
0.000601464,-0.000707236,46796
0.0010969,-0.0012898,46802
-0.000916175,0.00107729,46804
-0.000618426,0.000727181,46818
0.000522597,-0.0006145,46820
-0.00101495,0.00119344,46861
0.000139663,-0.000164224,46862
-0.00455562,0.00535676,46867
0.00651893,-0.00766533,46869
-0.00126556,0.00148811,46870
0.0025623,-0.0030129,46874
-0.00153871,0.0018093,46876
0.00415461,-0.00488523,46883
-0.00610233,0.00717548,46885
0.00128665,-0.00151292,46886
-0.00342591,0.00402838,46890
0.00210147,-0.00247103,46892
0.000602523,-0.000708481,46898
-0.000469004,0.000551482,46900
-0.000474139,0.000557519,46924
-0.000922614,0.00108486,46930
0.000787546,-0.000926043,46932
0.000525558,-0.000617982,46946
-0.00045654,0.000536827,46948
3.23019e-05,-3.79825e-05,46988
8.24337e-05,-9.69302e-05,46994
-7.39615e-05,8.69682e-05,46996
-5.54373e-05,6.51863e-05,47010
5.14021e-05,-6.04415e-05,47012
-0.00100955,0.00118709,47197
8.3177e-05,-9.78043e-05,47198
0.000245745,-0.000288961,47207
-0.00147767,0.00173752,47211
0.00133293,-0.00156733,47213
-0.000113825,0.000133842,47214
0.000392069,-0.000461018,47219
-0.000464184,0.000545814,47221
5.56866e-05,-6.54796e-05,47222
-4.50096e-05,5.29249e-05,47226
2.55057e-05,-2.9991e-05,47228
-7.3844e-05,8.683e-05,47247
0.00126556,-0.00148811,47255
-0.00741609,0.00872027,47259
0.00680914,-0.00800658,47261
-0.00061727,0.000725821,47262
-0.00161437,0.00189827,47271
0.011837,-0.0139187,47275
-0.0111344,0.0130924,47277
0.00103924,-0.001222,47278
-0.00450731,0.00529995,47283
0.00558054,-0.00656192,47285
-0.000736379,0.000865877,47286
0.000695571,-0.000817892,47290
-0.000393061,0.000462183,47292
0.00482315,-0.00567134,47309
-0.000536401,0.000630732,47310
0.013314,-0.0156553,47315
-0.0178686,0.021011,47317
0.00278136,-0.00327048,47318
-0.00359313,0.00422501,47322
0.00204112,-0.00240006,47324
-0.00859323,0.0101044,47331
0.0118017,-0.0138771,47333
-0.00194767,0.00229019,47334
0.00323019,-0.00379825,47338
-0.00185609,0.00218249,47340
-0.000312356,0.000367286,47346
0.000215642,-0.000253564,47348
6.93522e-05,-8.15483e-05,47375
-0.00118705,0.0013958,47383
0.00729024,-0.00857229,47387
-0.00680914,0.00800658,47389
0.00064285,-0.0007559,47390
0.00155791,-0.00183188,47399
-0.0119201,0.0140163,47403
0.0113838,-0.0133858,47405
-0.00110204,0.00129585,47406
0.004983,-0.0058593,47411
-0.00625818,0.00735873,47413
0.000853098,-0.00100312,47414
-0.000837252,0.000984489,47418
0.000473767,-0.000557083,47420
-0.00646686,0.00760411,47437
0.000741116,-0.000871447,47438
-0.0190407,0.0223892,47443
0.0257877,-0.0303227,47445
-0.00410576,0.00482779,47446
0.00547238,-0.00643474,47450
-0.00311861,0.00366705,47452
0.0125679,-0.014778,47459
-0.0174203,0.0204838,47461
0.00294252,-0.00345998,47462
-0.00504523,0.00593247,47466
0.00291139,-0.00342338,47468
0.000502386,-0.000590734,47474
-0.000350361,0.000411975,47476
0.00100608,-0.00118301,47501
-0.000127943,0.000150443,47502
0.00401914,-0.00472594,47507
-0.00562449,0.0066136,47509
0.000992451,-0.00116698,47510
-0.00169903,0.00199781,47514
0.000992416,-0.00116694,47516
-0.00336878,0.0039612,47523
0.00483248,-0.00568231,47525
-0.000915988,0.00107707,47526
0.00205449,-0.00241579,47530
-0.00122239,0.00143735,47532
-0.000288961,0.000339777,47538
0.000214062,-0.000251707,47540
0.000154874,-0.00018211,47564
0.000255034,-0.000299884,47570
-0.000201831,0.000237325,47572
-0.000143344,0.000168553,47586
0.000113423,-0.00013337,47588
-0.00335298,0.00394262,47715
0.00476595,-0.00560408,47717
-0.000880978,0.00103591,47718
0.00174993,-0.00205767,47722
-0.00103495,0.00121695,47724
-0.000207314,0.000243772,47730
0.00015161,-0.000178271,47732
-0.00154772,0.0018199,47757
0.000216631,-0.000254727,47758
-0.0070921,0.0083393,47763
0.0101812,-0.0119717,47765
-0.00199341,0.00234397,47766
0.00403483,-0.00474439,47770
-0.00242144,0.00284726,47772
0.00646732,-0.00760465,47779
-0.00951761,0.0111914,47781
0.00201622,-0.00237079,47782
-0.00534383,0.00628358,47786
0.00327428,-0.00385009,47788
0.000910026,-0.00107006,47794
-0.000704969,0.000828944,47796
-0.000606214,0.000712822,47820
-0.00112136,0.00131856,47826
0.000945709,-0.00111202,47828
0.000633337,-0.000744715,47842
-0.000541096,0.000636252,47844
0.000880229,-0.00103502,47885
-0.000125447,0.000147508,47886
0.00411405,-0.00483754,47891
-0.00593375,0.00697724,47893
0.00118705,-0.0013958,47894
-0.00249358,0.00293209,47898
0.00150682,-0.00177181,47900
-0.00382485,0.00449748,47907
0.0056581,-0.00665312,47909
-0.00122826,0.00144426,47910
0.00338217,-0.00397695,47914
-0.00208781,0.00245497,47916
-0.000612083,0.000719722,47922
0.00048034,-0.000564812,47924
0.000490009,-0.000576181,47948
0.000967072,-0.00113714,47954
-0.000832814,0.000979271,47956
-0.00055234,0.000649474,47970
0.000484531,-0.000569739,47972
-3.33608e-05,3.92276e-05,48012
-8.72375e-05,0.000102579,48018
7.9089e-05,-9.29975e-05,48020
5.9162e-05,-6.95661e-05,48034
-5.54373e-05,6.51863e-05,48036
0.000243758,-0.000286624,48227
-0.000350828,0.000412524,48229
6.85072e-05,-8.05547e-05,48230
-0.000148267,0.000174341,48234
8.91534e-05,-0.000104832,48236
1.92587e-05,-2.26454e-05,48242
-1.44745e-05,1.70199e-05,48244
0.000139127,-0.000163594,48269
-2.08313e-05,2.44946e-05,48270
0.000688644,-0.000809748,48275
-0.00100329,0.00117972,48277
0.000209155,-0.000245937,48278
-0.000461167,0.000542267,48282
0.000281328,-0.000330802,48284
-0.000653274,0.000768157,48291
0.000974812,-0.00114624,48293
-0.000220063,0.000258763,48294
0.000632647,-0.000743903,48298
-0.000394315,0.000463658,48300
-0.000117499,0.000138162,48306
9.33689e-05,-0.000109789,48308
8.82345e-05,-0.000103751,48332
0.000175655,-0.000206545,48338
-0.000153464,0.000180452,48340
-0.000100611,0.000118304,48354
8.95534e-05,-0.000105302,48356
-9.33689e-05,0.000109789,48397
1.44745e-05,-1.70199e-05,48398
-0.00048034,0.000564812,48403
0.000704969,-0.000828944,48405
-0.00015161,0.000178271,48406
0.000350361,-0.000411975,48410
-0.000215642,0.000253564,48412
0.000469004,-0.000551482,48419
-0.000704841,0.000828792,48421
0.000164293,-0.000193185,48422
-0.000494072,0.000580958,48426
0.00031077,-0.000365421,48428
9.84731e-05,-0.00011579,48434
-7.94523e-05,9.34246e-05,48436
-8.98303e-05,0.000105628,48460
-0.000192028,0.000225798,48466
0.000171312,-0.000201439,48468
0.000111753,-0.000131406,48482
-0.000102026,0.000119968,48484
7.48985e-06,-8.807e-06,48524
2.1912e-05,-2.57654e-05,48530
-2.06768e-05,2.4313e-05,48532
-1.55297e-05,1.82607e-05,48546
1.51536e-05,-1.78185e-05,48548
-9.16651e-06,1.07785e-05,48738
8.75449e-06,-1.0294e-05,48740
-4.63378e-06,5.44866e-06,48780
-1.35604e-05,1.59451e-05,48786
1.29333e-05,-1.52077e-05,48788
9.80341e-06,-1.15274e-05,48802
-9.70459e-06,1.14112e-05,48804
2.74098e-06,-3.223e-06,48908
7.72931e-06,-9.08857e-06,48914
-7.33215e-06,8.62157e-06,48916
-5.48162e-06,6.44561e-06,48930
5.40458e-06,-6.35502e-06,48932
-1.9747e-05,2.32197e-05,49951
3.53534e-05,-4.15705e-05,49967
-4.42433e-05,5.20239e-05,49975
0.000102037,-0.000119981,49979
-7.86118e-05,9.24363e-05,49981
5.51978e-06,-6.49048e-06,49982
-2.96639e-05,3.48806e-05,49999
0.000262682,-0.000308877,50007
-0.000828963,0.000974743,50011
0.000658695,-0.000774532,50013
-4.52219e-05,5.31745e-05,50014
-0.000210909,0.000247999,50023
0.000859635,-0.00101081,50027
-0.000700495,0.000823682,50029
4.82007e-05,-5.66772e-05,50030
-0.000131225,0.000154302,50035
0.000135231,-0.000159013,50037
-1.15603e-05,1.35932e-05,50038
7.29866e-06,-8.58219e-06,50042
-4.29821e-06,5.05409e-06,50044
5.79195e-06,-6.81051e-06,50063
-7.25624e-05,8.53231e-05,50071
0.000296924,-0.00034914,50075
-0.000245221,0.000288345,50077
1.74321e-05,-2.04976e-05,50078
7.65702e-05,-9.00357e-05,50087
-0.000402365,0.000473124,50091
0.00034085,-0.000400791,50093
-2.46239e-05,2.89542e-05,50094
8.80222e-05,-0.000103502,50099
-9.58057e-05,0.000112654,50101
9.17275e-06,-1.07859e-05,50102
-6.77942e-06,7.97164e-06,50106
3.90905e-06,-4.59649e-06,50108
-5.45369e-05,6.41276e-05,50125
4.44056e-06,-5.22147e-06,50126
-9.43651e-05,0.00011096,50131
0.000111853,-0.000131523,50133
-1.29521e-05,1.52299e-05,50134
1.30297e-05,-1.53211e-05,50138
-7.34252e-06,8.63376e-06,50140
5.42956e-05,-6.38439e-05,50147
-6.53433e-05,7.68344e-05,50149
7.96582e-06,-9.36667e-06,50150
-1.00685e-05,1.18391e-05,50154
5.66733e-06,-6.66398e-06,50156
8.51278e-07,-1.00098e-06,50162
-5.44747e-07,6.40544e-07,50164
-1.47777e-05,1.73765e-05,50287
1.48686e-05,-1.74834e-05,50295
-3.01457e-05,3.54471e-05,50299
2.29641e-05,-2.70025e-05,50301
-1.64931e-06,1.93936e-06,50302
-0.000109423,0.000128666,50335
0.000196785,-0.000231391,50351
-0.000251624,0.000295874,50359
0.000602523,-0.000708481,50363
-0.000469004,0.000551482,50365
3.34028e-05,-3.92769e-05,50366
-0.000157473,0.000185166,50383
0.0014418,-0.00169535,50391
-0.00475934,0.0055963,50395
0.00382485,-0.00449748,50397
-0.000267408,0.000314434,50398
-0.00117705,0.00138404,50407
0.00503488,-0.0059203,50411
-0.00415461,0.00488523,50413
0.000292707,-0.000344182,50414
-0.000827126,0.000972583,50419
0.000870353,-0.00102341,50421
-7.83173e-05,9.20899e-05,50422
5.14141e-05,-6.04557e-05,50426
-3.00131e-05,3.52912e-05,50428
0.000137663,-0.000161872,50463
-0.000245806,0.000289032,50479
0.000329558,-0.000387513,50487
-0.000830404,0.000976437,50491
0.000653274,-0.000768157,50493
-4.68106e-05,5.50427e-05,50494
0.000243694,-0.00028655,50511
-0.00234944,0.0027626,50519
0.00800267,-0.00941,50523
-0.00646732,0.00760465,50525
0.00045429,-0.00053418,50526
0.00196219,-0.00230726,50535
-0.00863489,0.0101534,50539
0.00716094,-0.00842024,50541
-0.000507313,0.000596528,50542
0.00145499,-0.00171086,50547
-0.00153884,0.00180946,50549
0.000139558,-0.000164101,50550
-9.19677e-05,0.000108141,50554
5.36294e-05,-6.30606e-05,50556
-6.74777e-05,7.93442e-05,50575
0.000916647,-0.00107785,50583
-0.00401914,0.00472594,50587
0.00336878,-0.0039612,50589
-0.000245221,0.000288345,50590
-0.00100608,0.00118301,50599
0.00562449,-0.0066136,50603
-0.00483248,0.00568231,50605
0.000358414,-0.000421444,50606
-0.00133326,0.00156773,50611
0.00147653,-0.00173619,50613
-0.000146847,0.000172671,50614
0.000111265,-0.000130832,50618
-6.38255e-05,7.50497e-05,50620
0.000915988,-0.00107707,50637
-7.71904e-05,9.07649e-05,50638
0.00169903,-0.00199781,50643
-0.00205449,0.00241579,50645
0.000246709,-0.000290095,50646
-0.000255034,0.000299884,50650
0.000143344,-0.000168553,50652
-0.000992416,0.00116694,50659
0.00122239,-0.00143735,50661
-0.000154874,0.00018211,50662
0.000201831,-0.000237325,50666
-0.000113423,0.00013337,50668
-1.70039e-05,1.99942e-05,50674
1.09194e-05,-1.28396e-05,50676
-0.000944009,0.00111002,50791
0.00473964,-0.00557315,50795
-0.00403788,0.00474797,50797
0.000298439,-0.000350921,50798
-0.000944009,0.00111002,50803
0.00103275,-0.00121436,50805
-0.000100638,0.000118336,50806
6.99269e-05,-8.22241e-05,50810
-4.03261e-05,4.74177e-05,50812
0.000191234,-0.000224864,50831
-0.00297006,0.00349236,50839
0.0146017,-0.0171695,50843
-0.0125679,0.014778,50845
0.000962003,-0.00113118,50846
0.00352041,-0.0041395,50855
-0.0217898,0.0256217,50859
0.0192079,-0.0225858,50861
-0.00150475,0.00176937,50862
0.00612024,-0.00719653,50867
-0.00701345,0.00824682,50869
0.000756292,-0.000889292,50870
-0.00061295,0.000720742,50874
0.000348653,-0.000409966,50876
-0.00516182,0.00606957,50893
0.000469654,-0.000552246,50894
-0.0110982,0.0130499,50899
0.0139197,-0.0163676,50901
-0.00180765,0.00212554,50902
0.00198908,-0.00233888,50906
-0.00111662,0.00131298,50908
0.00668489,-0.00786048,50915
-0.00857302,0.0100806,50917
0.00117705,-0.00138404,50918
-0.00163668,0.00192451,50922
0.000921246,-0.00108325,50924
0.00013753,-0.000161715,50930
-8.95534e-05,0.000105302,50932
-0.000123315,0.000145001,50959
0.00194767,-0.00229019,50967
-0.0098869,0.0116256,50971
0.00859323,-0.0101044,50973
-0.000672566,0.000790842,50974
-0.00236473,0.00278059,50983
0.0150867,-0.0177398,50987
-0.0134259,0.0157869,50989
0.00107607,-0.0012653,50990
-0.00456577,0.0053687,50995
0.00530415,-0.00623692,50997
-0.000590971,0.000694898,50998
0.000495274,-0.000582371,51002
-0.000281079,0.000330509,51004
0.00466886,-0.00548991,51021
-0.000439096,0.000516315,51022
0.0108479,-0.0127555,51027
-0.0137996,0.0162263,51029
0.00184898,-0.00217414,51030
-0.00210428,0.00247433,51034
0.00118252,-0.00139048,51036
-0.00668489,0.00786048,51043
0.008709,-0.0102405,51045
-0.00123579,0.00145311,51046
0.00178358,-0.00209723,51050
-0.00100666,0.00118369,51052
-0.000152671,0.000179519,51058
0.000100611,-0.000118304,51060
-0.00040816,0.000479938,51085
4.23887e-05,-4.98431e-05,51086
-0.00129968,0.00152824,51091
0.00171973,-0.00202216,51093
-0.000254198,0.0002989,51094
0.000356106,-0.00041873,51098
-0.000202512,0.000238125,51100
0.000992416,-0.00116694,51107
-0.00135049,0.00158799,51109
0.00021392,-0.000251539,51110
-0.000389594,0.000458107,51114
0.000224221,-0.000263652,51116
4.42847e-05,-5.20725e-05,51122
-3.09562e-05,3.64001e-05,51124
-3.00653e-05,3.53525e-05,51154
2.1861e-05,-2.57054e-05,51156
1.71201e-05,-2.01308e-05,51170
-1.22723e-05,1.44304e-05,51172
1.42351e-05,-1.67384e-05,51311
-1.48322e-05,1.74406e-05,51319
3.14367e-05,-3.69651e-05,51323
-2.42246e-05,2.84847e-05,51325
1.76006e-06,-2.06958e-06,51326
0.000106159,-0.000124828,51359
-0.000190809,0.000224364,51375
0.000248055,-0.000291677,51383
-0.000612083,0.000719722,51387
0.00048034,-0.000564812,51389
-3.45856e-05,4.06678e-05,51390
0.000157473,-0.000185166,51407
-0.0014881,0.0017498,51415
0.00507778,-0.00597074,51419
-0.00411405,0.00483754,51421
0.000291611,-0.000342893,51422
0.00123579,-0.00145311,51431
-0.00547244,0.00643482,51435
0.00455562,-0.00535676,51437
-0.000326634,0.000384075,51438
0.000945352,-0.0011116,51443
-0.00100848,0.00118583,51445
9.39035e-05,-0.000110417,51446
-6.31892e-05,7.43016e-05,51450
3.66957e-05,-4.31489e-05,51452
-0.00013778,0.000162009,51487
0.000245509,-0.000288684,51503
-0.000334044,0.000392788,51511
0.000868153,-0.00102082,51515
-0.000688644,0.000809748,51517
4.99136e-05,-5.86913e-05,51518
-0.000249882,0.000293825,51535
0.00248075,-0.00291701,51543
-0.00871046,0.0102423,51547
0.0070921,-0.0083393,51549
-0.000504731,0.000593492,51550
-0.00210245,0.00247218,51559
0.00954041,-0.0112182,51563
-0.00797455,0.00937693,51565
0.000574136,-0.000675102,51566
-0.00167613,0.00197089,51571
0.00179358,-0.00210899,51573
-0.000167557,0.000197023,51574
0.000112628,-0.000132434,51578
-6.53887e-05,7.68878e-05,51580
7.57494e-05,-8.90705e-05,51599
-0.00105791,0.00124396,51607
0.00476232,-0.00559981,51611
-0.00401914,0.00472594,51613
0.000296924,-0.00034914,51614
0.00117617,-0.00138301,51623
-0.00673547,0.00791995,51627
0.00582662,-0.00685127,51629
-0.000439291,0.000516543,51630
0.00164873,-0.00193867,51635
-0.00184223,0.0021662,51637
0.000187577,-0.000220564,51638
-0.000144179,0.000169534,51642
8.24936e-05,-9.70007e-05,51644
-0.00115582,0.00135908,51661
9.96424e-05,-0.000117165,51662
-0.00220809,0.0025964,51667
0.00269805,-0.00317252,51669
-0.000332535,0.000391014,51670
0.000350737,-0.000412417,51674
-0.000197071,0.000231727,51676
0.00129968,-0.00152824,51683
-0.0016194,0.00190419,51685
0.000210909,-0.000247999,51686
-0.000281364,0.000330844,51690
0.000158261,-0.000186093,51692
2.40046e-05,-2.8226e-05,51698
-1.55079e-05,1.82351e-05,51700
0.00131625,-0.00154772,51815
-0.00676604,0.0079559,51819
0.00580045,-0.00682051,51821
-0.000434871,0.000511347,51822
0.0013863,-0.00163009,51827
-0.00152888,0.00179775,51829
0.000152164,-0.000178924,51830
-0.000106983,0.000125796,51834
6.15309e-05,-7.23516e-05,51836
-0.000277923,0.000326797,51855
0.00439092,-0.00516309,51863
-0.0219937,0.0258615,51867
0.0190407,-0.0223892,51869
-0.00147905,0.00173915,51870
-0.00524742,0.00617022,51879
0.03304,-0.0388503,51883
-0.0292949,0.0344466,51885
0.00233118,-0.00274114,51886
-0.00951904,0.011193,51891
0.0109888,-0.0129212,51893
-0.00120889,0.00142149,51894
0.000991939,-0.00116638,51898
-0.000563334,0.000662401,51900
0.00814789,-0.00958076,51917
-0.000755995,0.000888942,51918
0.0179074,-0.0210566,51923
-0.0226234,0.0266019,51925
0.00299499,-0.00352168,51926
-0.0033407,0.00392819,51930
0.00187559,-0.00220542,51932
-0.0108479,0.0127555,51939
0.0140163,-0.0164811,51941
-0.00196219,0.00230726,51942
0.0027692,-0.00325619,51946
-0.00156009,0.00183445,51948
-0.00023478,0.000276068,51954
0.000153464,-0.000180452,51956
0.000183352,-0.000215596,51983
-0.00294252,0.00345998,51991
0.0152242,-0.0179015,51995
-0.013314,0.0156553,51997
0.00105864,-0.00124481,51998
0.00360295,-0.00423655,52007
-0.0233887,0.0275018,52011
0.0209411,-0.0246237,52013
-0.00170631,0.00200638,52014
0.00726933,-0.0085477,52019
-0.00850753,0.0100037,52021
0.000966896,-0.00113693,52022
-0.000820528,0.000964824,52026
0.000465051,-0.000546834,52028
-0.00754703,0.00887423,52045
0.000723604,-0.000850856,52046
-0.0179074,0.0210566,52051
0.022932,-0.0269648,52053
-0.00312797,0.00367805,52054
0.0036047,-0.00423862,52058
-0.00202616,0.00238247,52060
0.0110982,-0.0130499,52067
-0.0145554,0.0171151,52069
0.00210245,-0.00247218,52070
-0.00307535,0.00361617,52074
0.00173728,-0.0020428,52076
0.000265664,-0.000312384,52082
-0.000175655,0.000206545,52084
0.000678303,-0.000797587,52109
-7.18871e-05,8.4529e-05,52110
0.00220809,-0.0025964,52115
-0.00293891,0.00345574,52117
0.000441449,-0.000519081,52118
-0.000625869,0.000735933,52122
0.000356106,-0.00041873,52124
-0.00169903,0.00199781,52131
0.00232446,-0.00273324,52133
-0.000373831,0.000439572,52134
0.000688752,-0.000809874,52138
-0.00039673,0.000466498,52140
-7.90023e-05,9.28954e-05,52146
5.5308e-05,-6.50344e-05,52148
5.37505e-05,-6.32029e-05,52178
-3.91099e-05,4.59877e-05,52180
-3.0577e-05,3.59542e-05,52194
2.19341e-05,-2.57914e-05,52196
-0.000227699,0.000267742,52327
0.00127505,-0.00149928,52331
-0.00112146,0.00131868,52333
8.96245e-05,-0.000105386,52334
-0.000297835,0.000350211,52339
0.000340616,-0.000400516,52341
-3.73602e-05,4.39303e-05,52342
2.81517e-05,-3.31024e-05,52346
-1.6033e-05,1.88525e-05,52348
6.20608e-05,-7.29747e-05,52367
-0.00102898,0.00120994,52375
0.00558882,-0.00657166,52379
-0.004983,0.0058593,52381
0.000418596,-0.000492209,52382
0.00127505,-0.00149928,52391
-0.00868014,0.0102066,52395
0.00792896,-0.00932333,52397
-0.000684958,0.000805413,52398
0.00289776,-0.00340736,52403
-0.00347533,0.00408649,52405
0.000423299,-0.00049774,52406
-0.000375046,0.000441001,52410
0.000211986,-0.000249266,52412
-0.00289776,0.00340736,52429
0.000297835,-0.000350211,52430
-0.00726933,0.0085477,52435
0.00951904,-0.011193,52437
-0.0013863,0.00163009,52438
0.00167613,-0.00197089,52442
-0.000945352,0.0011116,52444
0.00456577,-0.0053687,52451
-0.00612024,0.00719653,52453
0.000944009,-0.00111002,52454
-0.00145499,0.00171086,52458
0.000827126,-0.000972583,52460
0.000131225,-0.000154302,52466
-8.82345e-05,0.000103751,52468
-5.27892e-05,6.20726e-05,52495
0.000880978,-0.00103591,52503
-0.004983,0.0058593,52507
0.00450731,-0.00529995,52509
-0.000392069,0.000461018,52510
-0.00112146,0.00131868,52519
0.00792896,-0.00932333,52523
-0.00734026,0.0086311,52525
0.000655454,-0.00077072,52526
-0.00289776,0.00340736,52531
0.00352921,-0.00414985,52533
-0.000445508,0.000523855,52534
0.000410016,-0.000482121,52538
-0.000231666,0.000272406,52540
0.00352921,-0.00414985,52557
-0.000375254,0.000441245,52558
0.00951904,-0.011193,52563
-0.012609,0.0148264,52565
0.00188611,-0.0022178,52566
-0.00235499,0.00276914,52570
0.00133137,-0.0015655,52572
-0.00612024,0.00719653,52579
0.00830258,-0.00976266,52581
-0.00131625,0.00154772,52582
0.00210049,-0.00246988,52586
-0.0011985,0.00140927,52588
-0.000194764,0.000229014,52594
0.000132419,-0.000155706,52596
-0.000448364,0.000527213,52621
5.29431e-05,-6.22536e-05,52622
-0.00164873,0.00193867,52627
0.00226206,-0.00265986,52629
-0.000373344,0.000438999,52630
0.000585883,-0.000688916,52634
-0.000337488,0.000396838,52636
0.00133326,-0.00156773,52643
-0.001877,0.00220708,52645
0.00033199,-0.000390373,52646
-0.000680185,0.0007998,52650
0.000398095,-0.000468103,52652
8.72205e-05,-0.000102559,52658
-6.28899e-05,7.39496e-05,52660
-7.00168e-05,8.23298e-05,52690
5.33139e-05,-6.26895e-05,52692
3.94588e-05,-4.63979e-05,52706
-2.98574e-05,3.51081e-05,52708
-0.000414226,0.000487071,52842
0.000241254,-0.00028368,52844
4.49432e-05,-5.28468e-05,52850
-3.20115e-05,3.76409e-05,52852
0.000410016,-0.000482121,52877
-5.23944e-05,6.16084e-05,52878
0.00167613,-0.00197089,52883
-0.00235499,0.00276914,52885
0.000428241,-0.00050355,52886
-0.000789449,0.00092828,52890
0.000466894,-0.000549001,52892
-0.00145499,0.00171086,52899
0.00210049,-0.00246988,52901
-0.000414226,0.000487071,52902
0.00100638,-0.00118336,52906
-0.000607337,0.000714142,52908
-0.000159067,0.00018704,52914
0.0001208,-0.000142044,52916
0.00018328,-0.000215511,52946
-0.000151254,0.000177853,52948
-0.000103313,0.000121482,52962
8.61176e-05,-0.000101262,52964
-0.000231666,0.000272406,53005
2.9772e-05,-3.50077e-05,53006
-0.000945352,0.0011116,53011
0.00133137,-0.0015655,53013
-0.000245745,0.000288961,53014
0.000466894,-0.000549001,53018
-0.00027793,0.000326806,53020
0.000827126,-0.000972583,53027
-0.0011985,0.00140927,53029
0.000241254,-0.00028368,53030
-0.000607337,0.000714142,53034
0.000369332,-0.000434282,53036
0.000102037,-0.000119981,53042
-7.86118e-05,9.24363e-05,53044
-0.000151254,0.000177853,53074
0.000127972,-0.000150477,53076
8.61176e-05,-0.000101262,53090
-7.40718e-05,8.70979e-05,53092
1.38243e-05,-1.62554e-05,53138
-1.22901e-05,1.44514e-05,53140
-9.2606e-06,1.08891e-05,53154
8.50776e-06,-1.00039e-05,53156
0.00185969,-0.00218673,54093
-0.00034511,0.0004058,54094
0.00847756,-0.0099684,54099
-0.0112439,0.0132212,54101
0.00169873,-0.00199747,54102
-0.00211979,0.00249257,54106
0.00119905,-0.00140991,54108
-0.00541027,0.00636171,54115
0.00734693,-0.00863894,54117
-0.00117617,0.00138301,54118
0.00187556,-0.0022054,54122
-0.00107084,0.00125915,54124
-0.000173021,0.000203448,54130
0.000117499,-0.000138162,54132
4.10085e-05,-4.82201e-05,54158
-0.0012414,0.00145971,54163
0.00170538,-0.00200529,54165
-0.000283478,0.00033333,54166
0.000441449,-0.000519081,54170
-0.000254198,0.0002989,54172
0.000992451,-0.00116698,54179
-0.00139899,0.00164501,54181
0.000249061,-0.00029286,54182
-0.000506058,0.000595053,54186
0.000296035,-0.000348096,54188
6.33671e-05,-7.45107e-05,54194
-4.55618e-05,5.35743e-05,54196
-4.59116e-05,5.39855e-05,54226
3.45792e-05,-4.06602e-05,54228
2.58997e-05,-3.04543e-05,54242
-1.93062e-05,2.27013e-05,54244
-0.00254743,0.00299542,54379
0.00231862,-0.00272637,54381
-0.000203657,0.000239472,54382
0.000684958,-0.000805413,54387
-0.000817612,0.000961395,54389
0.000100757,-0.000118476,54390
-8.1864e-05,9.62604e-05,54394
4.63329e-05,-5.44809e-05,54396
-0.000124447,0.000146332,54415
0.00215797,-0.00253747,54423
-0.0128781,0.0151428,54427
0.0119201,-0.0140163,54429
-0.00110953,0.00130465,54430
-0.00276295,0.00324884,54439
0.0205987,-0.0242211,54443
-0.0195299,0.0229643,54445
0.00187186,-0.00220104,54446
-0.00792896,0.00932333,54451
0.00988851,-0.0116275,54453
-0.00133849,0.00157387,54454
0.00127607,-0.00150048,54458
-0.000721232,0.000848066,54460
-0.000966528,0.0011365,54478
0.0233887,-0.0275018,54483
-0.0315817,0.0371356,54485
0.00503238,-0.00591737,54486
-0.00656632,0.00772105,54490
0.00373596,-0.00439295,54492
-0.0150867,0.0177398,54499
0.0208423,-0.0245076,54501
-0.00352041,0.0041395,54502
0.00589728,-0.00693436,54506
-0.00339554,0.00399268,54508
-0.000569891,0.00067011,54514
0.000394315,-0.000463658,54516
0.000116662,-0.000137178,54543
-0.00201622,0.00237079,54551
0.0125806,-0.0147929,54555
-0.011837,0.0139187,54557
0.00114553,-0.00134698,54558
0.00265351,-0.00312015,54567
-0.0205987,0.0242211,54571
0.0198145,-0.023299,54573
-0.00196646,0.00231228,54574
0.00868014,-0.0102066,54579
-0.0109732,0.012903,54581
0.00153207,-0.0018015,54582
-0.00151701,0.00178379,54586
0.000858838,-0.00100987,54588
0.00131928,-0.00155129,54606
-0.03304,0.0388503,54611
0.0450038,-0.052918,54613
-0.0073295,0.00861844,54614
0.00986601,-0.011601,54618
-0.00563216,0.00662262,54620
0.0217898,-0.0256217,54627
-0.0303716,0.0357127,54629
0.00524742,-0.00617022,54630
-0.00908821,0.0106864,54634
0.00525589,-0.00618018,54636
0.000904895,-0.00106403,54642
-0.000632647,0.000743903,54644
-0.000220472,0.000259243,54670
0.00673547,-0.00791995,54675
-0.00947103,0.0111366,54677
0.00170538,-0.00200529,54678
-0.00293891,0.00345574,54682
0.00171973,-0.00202216,54684
-0.00562449,0.0066136,54691
0.00810684,-0.00953249,54693
-0.00156834,0.00184415,54694
0.00354219,-0.00416511,54698
-0.00211195,0.00248335,54700
-0.000495852,0.000583051,54706
0.000367964,-0.000432674,54708
0.000429577,-0.000505121,54738
-0.000339732,0.000399477,54740
-0.000241307,0.000283742,54754
0.000190605,-0.000224125,54756
-0.00150948,0.00177493,54892
-0.000300387,0.000353212,54898
0.000220063,-0.000258763,54900
0.000301395,-0.000354397,54926
-0.00954041,0.0112182,54931
0.0137517,-0.01617,54933
-0.00274622,0.00322917,54934
0.00559654,-0.00658073,54938
-0.00336668,0.00395873,54940
0.00863489,-0.0101534,54947
-0.0127652,0.0150101,54949
0.00276295,-0.00324884,54950
-0.00738669,0.00868569,54954
0.0045385,-0.00533663,54956
0.00125515,-0.00147587,54962
-0.000974812,0.00114624,54964
-0.00152806,0.00179678,54994
0.0012904,-0.00151732,54996
0.000862539,-0.00101422,55010
-0.000737466,0.000867155,55012
-0.00017311,0.000203553,55054
0.00547244,-0.00643482,55059
-0.00792125,0.00931426,55061
0.00161437,-0.00189827,55062
-0.00340834,0.00400772,55066
0.00206431,-0.00242733,55068
-0.00503488,0.0059203,55075
0.00748,-0.00879542,55077
-0.00165825,0.00194986,55078
0.00460179,-0.00541105,55082
-0.00284844,0.00334936,55084
-0.000830404,0.000976437,55090
0.000653274,-0.000768157,55092
0.00129622,-0.00152416,55122
-0.00111776,0.00131433,55124
-0.00073983,0.000869935,55138
0.000649531,-0.000763756,55140
-0.000117042,0.000137625,55186
0.000105957,-0.000124591,55188
7.9089e-05,-9.29975e-05,55202
-7.39615e-05,8.69682e-05,55204
-0.00138301,0.00162622,55405
0.000123723,-0.00014548,55406
-0.000418596,0.000492209,55411
0.000503838,-0.000592442,55413
-6.35035e-05,7.46711e-05,55414
5.26432e-05,-6.19009e-05,55418
-2.97998e-05,3.50404e-05,55420
7.36977e-05,-8.6658e-05,55439
-0.00128665,0.00151292,55447
0.00781894,-0.00919396,55451
-0.00729024,0.00857229,55453
0.000692089,-0.000813798,55454
0.00165825,-0.00194986,55463
-0.0125806,0.0147929,55467
0.0120131,-0.0141257,55469
-0.00117411,0.00138059,55470
0.004983,-0.0058593,55475
-0.00625818,0.00735873,55477
0.000863357,-0.00101518,55478
-0.000837252,0.000984489,55482
0.000473767,-0.000557083,55484
0.000628759,-0.000739331,55502
-0.0152242,0.0179015,55507
0.020672,-0.0243073,55509
-0.00335337,0.00394309,55510
0.00446814,-0.0052539,55514
-0.00255069,0.00299925,55516
0.0098869,-0.0116256,55523
-0.0137357,0.0161513,55525
0.00236473,-0.00278059,55526
-0.0040579,0.00477152,55530
0.0023471,-0.00275985,55532
0.000402575,-0.00047337,55538
-0.000281328,0.000330802,55540
-7.07114e-05,8.31466e-05,55567
0.00122826,-0.00144426,55575
-0.00781894,0.00919396,55579
0.00741609,-0.00872027,55581
-0.000733214,0.000862155,55582
-0.00162801,0.00191431,55591
0.0128781,-0.0151428,55595
-0.0124826,0.0146778,55597
0.00126467,-0.00148707,55598
-0.00558882,0.00657166,55603
0.00711412,-0.0083652,55605
-0.00101232,0.00119035,55606
0.00102076,-0.00120027,55610
-0.000578876,0.000680676,55612
-0.00087851,0.001033,55630
0.0219937,-0.0258615,55635
-0.0301169,0.0354132,55637
0.00499324,-0.00587135,55638
-0.00686744,0.00807514,55642
0.0039346,-0.00462653,55644
-0.0146017,0.0171695,55651
0.0204605,-0.0240586,55653
-0.00360295,0.00423655,55654
0.0063937,-0.00751808,55658
-0.0037151,0.00436843,55660
-0.000653365,0.000768264,55666
0.000461167,-0.000542267,55668
0.00015609,-0.000183539,55694
-0.00476232,0.00559981,55699
0.00673547,-0.00791995,55701
-0.0012414,0.00145971,55702
0.00220809,-0.0025964,55706
-0.00129968,0.00152824,55708
0.00401914,-0.00472594,55715
-0.00582662,0.00685127,55717
0.00115582,-0.00135908,55718
-0.00269805,0.00317252,55722
0.0016194,-0.00190419,55724
0.000390198,-0.000458817,55730
-0.000292519,0.000343961,55732
-0.000350737,0.000412417,55762
0.000281364,-0.000330844,55764
0.000197071,-0.000231727,55778
-0.000158261,0.000186093,55780
0.000282556,-0.000332246,55922
-0.000209155,0.000245937,55924
-0.000275043,0.000323412,55950
0.00871046,-0.0102423,55955
-0.0126452,0.0148689,55957
0.00259896,-0.003056,55958
-0.00548557,0.00645025,55962
0.00332079,-0.00390478,55964
-0.00800267,0.00941,55971
0.0119102,-0.0140046,55973
-0.00265351,0.00312015,55974
0.00733261,-0.0086221,55978
-0.00453461,0.00533205,55980
-0.00128103,0.00150631,55986
0.00100329,-0.00117972,55988
0.00160867,-0.00189157,56018
-0.00137177,0.001613,56020
-0.000909993,0.00107002,56034
0.000786633,-0.000924968,56036
0.000160185,-0.000188354,56078
-0.00507778,0.00597074,56083
0.0074084,-0.00871123,56085
-0.00155791,0.00183188,56086
0.00341535,-0.00401597,56090
-0.00208222,0.00244839,56092
0.00475934,-0.0055963,56099
-0.00712197,0.00837443,56101
0.00162801,-0.00191431,56102
-0.00467542,0.00549763,56106
0.00291317,-0.00342547,56108
0.000868153,-0.00102082,56114
-0.000688644,0.000809748,56116
-0.00139955,0.00164567,56146
0.00121769,-0.00143183,56148
0.00080123,-0.000942132,56162
-0.000710411,0.000835342,56164
0.00012796,-0.000150463,56210
-0.000117042,0.000137625,56212
-8.72375e-05,0.000102579,56226
8.24337e-05,-9.69302e-05,56228
-2.73467e-05,3.21558e-05,56434
2.08313e-05,-2.44946e-05,56436
2.73467e-05,-3.21558e-05,56462
-0.000868153,0.00102082,56467
0.00128103,-0.00150631,56469
-0.000282556,0.000332246,56470
0.000653365,-0.000768264,56474
-0.000402575,0.00047337,56476
0.000830404,-0.000976437,56483
-0.00125515,0.00147587,56485
0.000300387,-0.000353212,56486
-0.000904895,0.00106403,56490
0.000569891,-0.00067011,56492
0.000173021,-0.000203448,56498
-0.000139127,0.000163594,56500
-0.000265664,0.000312384,56530
0.00023478,-0.000276068,56532
0.000152671,-0.000179519,56546
-0.00013753,0.000161715,56548
-1.92586e-05,2.26454e-05,56590
0.000612083,-0.000719722,56595
-0.000910026,0.00107006,56597
0.000207314,-0.000243772,56598
-0.000502386,0.000590734,56602
0.000312356,-0.000367286,56604
-0.000602523,0.000708481,56611
0.000917403,-0.00107874,56613
-0.000226948,0.000266858,56614
0.000714899,-0.00084062,56618
-0.00045438,0.000534286,56620
-0.000146728,0.000172531,56626
0.000119768,-0.00014083,56628
0.000294242,-0.000345986,56658
-0.000265278,0.000311929,56660
-0.000171951,0.00020219,56674
0.000158671,-0.000186574,56676
-3.44972e-05,4.05638e-05,56722
3.28166e-05,-3.85877e-05,56724
2.46264e-05,-2.89571e-05,56738
-2.42035e-05,2.84598e-05,56740
2.2027e-05,-2.59006e-05,56978
-2.12005e-05,2.49287e-05,56980
-1.61244e-05,1.896e-05,56994
1.60863e-05,-1.89152e-05,56996
-1.25148e-05,1.47157e-05,57106
1.19869e-05,-1.40949e-05,57108
9.00308e-06,-1.05863e-05,57122
-8.95136e-06,1.05255e-05,57124
-3.13648e-06,3.68806e-06,58254
0.00015609,-0.000183539,58259
-0.000220472,0.000259243,58261
4.10085e-05,-4.82201e-05,58262
-7.18871e-05,8.4529e-05,58266
4.23887e-05,-4.98431e-05,58268
-0.000127943,0.000150443,58275
0.00018539,-0.000217992,58277
-3.71708e-05,4.37076e-05,58278
8.56395e-05,-0.0001007,58282
-5.15069e-05,6.05648e-05,58284
-1.18579e-05,1.39431e-05,58290
8.88536e-06,-1.04479e-05,58292
9.28583e-06,-1.09188e-05,58322
-7.37858e-06,8.67616e-06,58324
-5.21492e-06,6.132e-06,58338
4.12526e-06,-4.85072e-06,58340
-8.96245e-05,0.000105386,58483
0.000110857,-0.000130352,58485
-1.52156e-05,1.78914e-05,58486
1.33756e-05,-1.57278e-05,58490
-7.59703e-06,8.93302e-06,58492
1.40091e-05,-1.64727e-05,58511
-0.000252163,0.000296508,58519
0.00162801,-0.00191431,58523
-0.00155791,0.00183188,58525
0.000160185,-0.000188354,58526
0.000330535,-0.000388662,58535
-0.00265351,0.00312015,58539
0.00259896,-0.003056,58541
-0.000275043,0.000323412,58542
0.00112146,-0.00131868,58547
-0.00144258,0.00169627,58549
0.000215672,-0.000253599,58550
-0.000223069,0.000262298,58554
0.000127272,-0.000149653,58556
-0.00360295,0.00423655,58579
0.00499324,-0.00587135,58581
-0.00087851,0.001033,58582
0.00126467,-0.00148707,58586
-0.000733214,0.000862155,58588
0.00236473,-0.00278059,58595
-0.00335337,0.00394309,58597
0.000628759,-0.000739331,58598
-0.00117411,0.00138059,58602
0.000692089,-0.000813798,58604
0.000123723,-0.00014548,58610
-8.91534e-05,0.000104832,58612
-1.37876e-05,1.62123e-05,58639
0.00024538,-0.000288532,58647
-0.00165825,0.00194986,58651
0.00161437,-0.00189827,58653
-0.00017311,0.000203553,58654
-0.000330535,0.000388662,58663
0.00276295,-0.00324884,58667
-0.00274622,0.00322917,58669
0.000301395,-0.000354397,58670
-0.00127505,0.00149928,58675
0.00166062,-0.00195265,58677
-0.000255921,0.000300926,58678
0.000276195,-0.000324766,58682
-0.000158227,0.000186052,58684
0.00524742,-0.00617022,58707
-0.0073295,0.00861844,58709
0.00131928,-0.00155129,58710
-0.00196646,0.00231228,58714
0.00114553,-0.00134698,58716
-0.00352041,0.0041395,58723
0.00503238,-0.00591737,58725
-0.000966528,0.0011365,58726
0.00187186,-0.00220104,58730
-0.00110953,0.00130465,58732
-0.000203657,0.000239472,58738
0.000148267,-0.000174341,58740
-0.00117617,0.00138301,58771
0.00169873,-0.00199747,58773
-0.00034511,0.0004058,58774
0.000678303,-0.000797587,58778
-0.00040816,0.000479938,58780
0.00100608,-0.00118301,58787
-0.00149023,0.0017523,58789
0.000328113,-0.000385814,58790
-0.000849306,0.000998663,58794
0.000522288,-0.000614136,58796
0.00013159,-0.000154731,58802
-0.000101778,0.000119677,58804
-0.000123948,0.000145745,58834
0.000103036,-0.000121155,58836
6.96947e-05,-8.1951e-05,58850
-5.81807e-05,6.84122e-05,58852
-6.85072e-05,8.05547e-05,58996
0.00210245,-0.00247218,59027
-0.00312797,0.00367805,59029
0.000723604,-0.000850856,59030
-0.00170631,0.00200638,59034
0.00105864,-0.00124481,59036
-0.00196219,0.00230726,59043
0.00299499,-0.00352168,59045
-0.000755995,0.000888942,59046
0.00233118,-0.00274114,59050
-0.00147905,0.00173915,59052
-0.000434871,0.000511347,59058
0.000350828,-0.000412524,59060
0.000574136,-0.000675102,59090
-0.000504731,0.000593492,59092
-0.000326634,0.000384075,59106
0.000291611,-0.000342893,59108
-0.00123579,0.00145311,59155
0.00184898,-0.00217414,59157
-0.000439096,0.000516315,59158
0.00107607,-0.0012653,59162
-0.000672566,0.000790842,59164
0.00117705,-0.00138404,59171
-0.00180765,0.00212554,59173
0.000469654,-0.000552246,59174
-0.00150475,0.00176937,59178
0.000962003,-0.00113118,59180
0.000298439,-0.000350921,59186
-0.000243758,0.000286624,59188
-0.000507313,0.000596528,59218
0.00045429,-0.00053418,59220
0.000292707,-0.000344182,59234
-0.000267408,0.000314434,59236
4.82007e-05,-5.66772e-05,59282
-4.52219e-05,5.31745e-05,59284
-3.33608e-05,3.92276e-05,59298
3.23019e-05,-3.79825e-05,59300
-8.56778e-05,0.000100745,59509
1.21337e-05,-1.42676e-05,59510
-1.10066e-05,1.29422e-05,59514
6.26843e-06,-7.37078e-06,59516
-1.02055e-05,1.20003e-05,59535
0.000185536,-0.000218164,59543
-0.00122826,0.00144426,59547
0.00118705,-0.0013958,59549
-0.000125447,0.000147508,59550
-0.00024538,0.000288532,59559
0.00201622,-0.00237079,59563
-0.00199341,0.00234397,59565
0.000216631,-0.000254727,59566
-0.000880978,0.00103591,59571
0.00114269,-0.00134364,59573
-0.000175138,0.000205937,59574
0.000185802,-0.000218477,59578
-0.000106371,0.000125077,59580
0.00294252,-0.00345998,59603
-0.00410576,0.00482779,59605
0.000741116,-0.000871447,59606
-0.00110204,0.00129585,59610
0.00064285,-0.0007559,59612
-0.00194767,0.00229019,59619
0.00278136,-0.00327048,59621
-0.000536401,0.000630732,59622
0.00103924,-0.001222,59626
-0.00061727,0.000725821,59628
-0.000113825,0.000133842,59634
8.3177e-05,-9.78043e-05,59636
1.03571e-05,-1.21785e-05,59663
-0.000185536,0.000218164,59671
0.00128665,-0.00151292,59675
-0.00126556,0.00148811,59677
0.000139663,-0.000164224,59678
0.000252163,-0.000296508,59687
-0.00215797,0.00253747,59691
0.00216549,-0.00254631,59693
-0.000244226,0.000287174,59694
0.00102898,-0.00120994,59699
-0.00135088,0.00158845,59701
0.000213438,-0.000250973,59702
-0.000236701,0.000278327,59706
0.000136164,-0.000160109,59708
-0.00439092,0.00516309,59731
0.00617338,-0.00725902,59733
-0.00114034,0.00134088,59734
0.00175649,-0.00206538,59738
-0.00102969,0.00121077,59740
0.00297006,-0.00349236,59747
-0.00427423,0.00502588,59749
0.000844495,-0.000993005,59750
-0.00169619,0.00199448,59754
0.00101305,-0.0011912,59756
0.000191348,-0.000224998,59762
-0.000141112,0.000165928,59764
0.00105791,-0.00124396,59795
-0.00153981,0.0018106,59797
0.000323832,-0.00038078,59798
-0.000664344,0.000781175,59802
0.000403051,-0.000473931,59804
-0.000916647,0.00107785,59811
0.00136853,-0.00160919,59813
-0.000312685,0.000367673,59814
0.000844887,-0.000993466,59818
-0.000524115,0.000616284,59820
-0.000135866,0.000159759,59826
0.000106301,-0.000124995,59828
0.000133593,-0.000157086,59858
-0.000112707,0.000132527,59860
-7.52702e-05,8.8507e-05,59874
6.39183e-05,-7.51589e-05,59876
-0.00248075,0.00291701,60051
0.00372251,-0.00437714,60053
-0.000893659,0.00105082,60054
0.00218968,-0.00257475,60058
-0.00136829,0.00160891,60060
0.00234944,-0.0027626,60067
-0.00361566,0.0042515,60069
0.000947111,-0.00111367,60070
-0.00302571,0.00355781,60074
0.00193338,-0.00227338,60076
0.000580188,-0.000682218,60082
-0.000472066,0.000555082,60084
-0.00079221,0.000931526,60114
0.000703152,-0.000826807,60116
0.000452267,-0.000531801,60130
-0.000408096,0.000479863,60132
0.0014881,-0.0017498,60179
-0.00224692,0.00264206,60181
0.000554703,-0.000652251,60182
-0.00141371,0.00166232,60186
0.000890035,-0.00104655,60188
-0.0014418,0.00169535,60195
0.00223326,-0.00262599,60197
-0.000602654,0.000708635,60198
0.00200022,-0.00235198,60202
-0.00128786,0.00151434,60204
-0.00040801,0.000479762,60210
0.000336075,-0.000395176,60212
0.000718401,-0.000844737,60242
-0.000649086,0.000763233,60244
-0.000416316,0.000489528,60258
0.000384033,-0.000451568,60260
-6.99901e-05,8.22984e-05,60306
6.62923e-05,-7.79503e-05,60308
4.893e-05,-5.75347e-05,60322
-4.78196e-05,5.6229e-05,60324
0.000334044,-0.000392788,60563
-0.000512036,0.000602081,60565
0.00013515,-0.000158917,60566
-0.000366258,0.000430667,60570
0.000233649,-0.000274738,60572
-0.000329558,0.000387513,60579
0.000517684,-0.000608723,60581
-0.000149155,0.000175386,60582
0.000523689,-0.000615784,60586
-0.000341708,0.0004018,60588
-0.00011113,0.000130673,60594
9.31192e-05,-0.000109495,60596
0.000191449,-0.000225117,60626
-0.00017642,0.000207445,60628
-0.000111865,0.000131537,60642
0.000105298,-0.000123815,60644
-0.000248055,0.000291677,60691
0.000383299,-0.000450705,60693
-0.00010476,0.000123183,60694
0.000296815,-0.000349012,60698
-0.000191139,0.000224752,60700
0.000251624,-0.000295874,60707
-0.000398359,0.000468414,60709
0.000118896,-0.000139805,60710
-0.000435352,0.000511912,60714
0.000286732,-0.000337157,60716
9.94198e-05,-0.000116904,60722
-8.45472e-05,9.94155e-05,60724
-0.000224645,0.00026415,60754
0.000210633,-0.000247674,60756
0.000133868,-0.00015741,60770
-0.000128588,0.000151202,60772
2.97512e-05,-3.49832e-05,60818
-2.92512e-05,3.43952e-05,60820
-2.19224e-05,2.57776e-05,60834
2.2216e-05,-2.61228e-05,60836
-2.33716e-05,2.74817e-05,61074
2.33776e-05,-2.74888e-05,61076
1.80784e-05,-2.12577e-05,61090
-1.86728e-05,2.19566e-05,61092
1.31431e-05,-1.54544e-05,61202
-1.31168e-05,1.54235e-05,61204
-1.00944e-05,1.18696e-05,61218
1.04195e-05,-1.22518e-05,61220
-0.000245509,0.000288684,62611
0.000382542,-0.000449814,62613
-0.000110476,0.000129904,62614
0.000326714,-0.000384169,62618
-0.000213599,0.000251162,62620
0.000245806,-0.000289032,62627
-0.000392881,0.000461972,62629
0.000124662,-0.000146585,62630
-0.00047783,0.000561861,62634
0.000319976,-0.000376246,62636
0.000112234,-0.000131971,62642
-9.76533e-05,0.000114826,62644
-0.000227173,0.000267123,62674
0.000218587,-0.000257027,62676
0.000136512,-0.000160519,62690
-0.000134504,0.000158157,62692
0.000190809,-0.000224364,62739
-0.000300341,0.000353158,62741
9.07511e-05,-0.00010671,62742
-0.000282912,0.000332665,62746
0.000187332,-0.000220276,62748
-0.000196785,0.000231391,62755
0.000317658,-0.000373521,62757
-0.000105525,0.000124082,62758
0.000425185,-0.000499957,62762
-0.000288297,0.000338997,62764
-0.000108967,0.00012813,62770
9.65222e-05,-0.000113496,62772
0.000291638,-0.000342925,62802
-0.00028539,0.000335578,62804
-0.000179271,0.000210797,62818
0.000179945,-0.000211589,62820
-4.73408e-05,5.56661e-05,62866
4.84976e-05,-5.70262e-05,62868
3.66018e-05,-4.30385e-05,62882
-3.85872e-05,4.53731e-05,62884
5.42209e-05,-6.37561e-05,63122
-5.70779e-05,6.71155e-05,63124
-4.5321e-05,5.3291e-05,63138
4.90989e-05,-5.77333e-05,63140
-3.05716e-05,3.59478e-05,63250
3.22437e-05,-3.7914e-05,63252
2.57922e-05,-3.0328e-05,63266
-2.80291e-05,3.29583e-05,63268
0.00013778,-0.000162009,63635
-0.000214429,0.000252138,63637
6.18476e-05,-7.2724e-05,63638
-0.000183481,0.000215748,63642
0.000120261,-0.00014141,63644
-0.000137663,0.000161872,63651
0.00021984,-0.000258501,63653
-6.97897e-05,8.20627e-05,63654
0.000268789,-0.000316058,63658
-0.000180533,0.000212281,63660
-6.40349e-05,7.5296e-05,63666
5.60365e-05,-6.58909e-05,63668
0.000133238,-0.000156669,63698
-0.000129175,0.000151891,63700
-8.05792e-05,9.47497e-05,63714
8.00312e-05,-9.41053e-05,63716
-0.000106159,0.000124828,63763
0.000167094,-0.000196479,63765
-5.07288e-05,5.96499e-05,63766
0.000159581,-0.000187645,63770
-0.000106114,0.000124775,63772
0.000109423,-0.000128666,63779
-0.00017669,0.000207762,63781
5.90931e-05,-6.94851e-05,63782
-0.000240589,0.000282899,63786
0.000163888,-0.000192709,63788
6.29476e-05,-7.40174e-05,63794
-5.61747e-05,6.60534e-05,63796
-0.000174212,0.000204848,63826
0.000171902,-0.000202132,63828
0.000107887,-0.00012686,63842
-0.000109222,0.00012843,63844
3.00145e-05,-3.52928e-05,63890
-3.10391e-05,3.64976e-05,63892
-2.35189e-05,2.76549e-05,63906
2.5023e-05,-2.94235e-05,63908
-4.43812e-05,5.21859e-05,64146
4.73445e-05,-5.56704e-05,64148
3.79855e-05,-4.46656e-05,64162
-4.16528e-05,4.89777e-05,64164
2.53036e-05,-2.97534e-05,64274
-2.70874e-05,3.18509e-05,64276
-2.19959e-05,2.58641e-05,64290
2.42232e-05,-2.84831e-05,64292
4.14055e-06,-4.8687e-06,64658
-4.49302e-06,5.28315e-06,64660
-3.70432e-06,4.35575e-06,64674
4.12599e-06,-4.85158e-06,64676
-2.78114e-06,3.27022e-06,64786
3.04353e-06,-3.57876e-06,64788
2.56561e-06,-3.01679e-06,64802
-2.88062e-06,3.3872e-06,64804
-0.000167271,0.000196687,74911
0.000300461,-0.000353299,74927
-0.0004012,0.000471754,74935
0.0010969,-0.0012898,74939
-0.000916175,0.00107729,74941
8.5356e-05,-0.000100367,74942
0.00238894,-0.00280905,74967
-0.00893969,0.0105118,74971
0.0076836,-0.00903482,74973
-0.000710411,0.000835342,74974
-0.00198908,0.00233888,74983
0.00963233,-0.0113262,74987
-0.00850462,0.0100002,74989
0.00080123,-0.000942132,74990
-0.00173728,0.0020428,74995
0.00197155,-0.00231827,74997
-0.000245298,0.000288435,74998
-9.45313e-05,0.000111155,75004
0.000213306,-0.000250818,75039
-0.000379633,0.000446394,75055
0.000530062,-0.000623278,75063
-0.00152806,0.00179678,75067
0.0012904,-0.00151732,75069
-0.000121373,0.000142717,75070
-0.003922,0.00461171,75095
0.0151458,-0.0178093,75099
-0.0130908,0.0153929,75101
0.00121769,-0.00143183,75102
0.0033407,-0.00392819,75111
-0.0166361,0.0195617,75115
0.0147617,-0.0173577,75117
-0.00139955,0.00164567,75118
0.00307535,-0.00361617,75123
-0.00350605,0.00412261,75125
0.000439073,-0.000516288,75126
0.000169655,-0.00019949,75132
0.00160324,-0.00188518,75159
-0.00797455,0.00937693,75163
0.00716094,-0.00842024,75165
-0.000700495,0.000823682,75166
-0.00179881,0.00211515,75175
0.0113673,-0.0133663,75179
-0.0104694,0.0123105,75181
0.00105214,-0.00123717,75182
-0.00299436,0.00352094,75187
0.00357783,-0.00420702,75189
-0.000493065,0.000579774,75190
-0.000225089,0.000264672,75196
0.00423657,-0.0049816,75219
-0.0055385,0.00651249,75221
0.000929984,-0.00109353,75222
0.000618426,-0.000727181,75228
-0.00252744,0.00297191,75235
0.00337258,-0.00396567,75237
-0.000601464,0.000707236,75238
-0.000522597,0.0006145,75244
5.75698e-05,-6.7694e-05,75252
-0.00541508,0.00636736,75415
0.0302992,-0.0356276,75419
-0.0280175,0.0329446,75421
0.00291317,-0.00342547,75422
0.00656632,-0.00772105,75431
-0.0460768,0.0541798,75435
0.0436577,-0.0513353,75437
-0.00467542,0.00549763,75438
0.0145554,-0.0171151,75443
-0.0180067,0.0211733,75445
0.00269278,-0.00316633,75446
0.00133927,-0.00157479,75452
-0.0293253,0.0344824,75475
0.0395804,-0.0465409,75477
-0.00712197,0.00837443,75478
-0.00505756,0.00594697,75484
0.0180555,-0.0212307,75491
-0.0249223,0.0293051,75493
0.00475934,-0.0055963,75494
0.00440252,-0.00517673,75500
-0.000484531,0.000569739,75508
0.00359313,-0.00422501,75543
-0.0208284,0.0244912,75547
0.0194825,-0.0229087,75549
-0.00208222,0.00244839,75550
-0.00446814,0.0052539,75559
0.0324083,-0.0381076,75563
-0.0310447,0.0365041,75565
0.00341535,-0.00401597,75566
-0.0110982,0.0130499,75571
0.0139197,-0.0163676,75573
-0.00215118,0.00252948,75574
-0.00111662,0.00131298,75580
0.0292947,-0.0344464,75603
-0.0400244,0.047063,75605
0.0074084,-0.00871123,75606
0.00546715,-0.00642859,75612
-0.0184633,0.0217102,75619
0.0258218,-0.0303628,75621
-0.00507778,0.00597074,75622
-0.00489364,0.00575423,75628
0.00055234,-0.000649474,75636
-0.0037151,0.00436843,75667
0.00525589,-0.00618018,75669
-0.00107084,0.00125915,75670
-0.00100666,0.00118369,75676
0.00291139,-0.00342338,75683
-0.00422869,0.00497234,75685
0.000926132,-0.001089,75686
0.00116405,-0.00136876,75692
-0.000178233,0.000209577,75700
0.000126233,-0.000148432,75732
-7.04201e-05,8.28041e-05,75748
0.000162339,-0.000190888,75935
-0.0002913,0.000342527,75951
0.000395984,-0.000465621,75959
-0.00112136,0.00131856,75963
0.000945709,-0.00111202,75965
-8.94531e-05,0.000105184,75966
-0.00247933,0.00291534,75991
0.00963233,-0.0113262,75995
-0.00835803,0.00982785,75997
0.000786633,-0.000924968,75998
0.00210428,-0.00247433,76007
-0.0105943,0.0124574,76011
0.00945131,-0.0111134,76013
-0.000909993,0.00107002,76014
0.00202616,-0.00238247,76019
-0.00233489,0.0027455,76021
0.000301478,-0.000354495,76022
0.000120225,-0.000141368,76028
-0.000213871,0.000251482,76063
0.000379633,-0.000446394,76079
-0.000538382,0.000633061,76087
0.00160867,-0.00189157,76091
-0.00137177,0.001613,76093
0.000131046,-0.000154091,76094
0.00416355,-0.00489575,76119
-0.0166361,0.0195617,76123
0.0145045,-0.0170552,76125
-0.00137177,0.001613,76126
-0.0036047,0.00423862,76135
0.0185763,-0.0218431,76139
-0.0166361,0.0195617,76141
0.00160867,-0.00189157,76142
-0.0036047,0.00423862,76147
0.00416355,-0.00489575,76149
-0.000538382,0.000633061,76150
-0.000213871,0.000251482,76156
-0.00186372,0.00219147,76183
0.00954041,-0.0112182,76187
-0.00863489,0.0101534,76189
0.000859635,-0.00101081,76190
0.00211979,-0.00249257,76199
-0.0137517,0.01617,76203
0.0127652,-0.0150101,76205
-0.00130718,0.00153706,76206
0.00375506,-0.00441541,76211
-0.00452921,0.0053257,76213
0.000639128,-0.000751523,76214
0.000297156,-0.000349413,76220
-0.00559654,0.00658073,76243
0.00738669,-0.00868569,76245
-0.00126941,0.00149265,76246
-0.000862539,0.00101422,76252
0.00336668,-0.00395873,76259
-0.0045385,0.00533663,76261
0.000828963,-0.000974743,76262
0.000737466,-0.000867155,76268
-8.22485e-05,9.67125e-05,76276
0.00806451,-0.00948271,76439
-0.0460768,0.0541798,76443
0.0428946,-0.0504379,76445
-0.00453461,0.00533205,76446
-0.00986601,0.011601,76455
0.0705701,-0.0829803,76459
-0.0673113,0.0791485,76461
0.00733261,-0.0086221,76462
-0.022932,0.0269648,76467
0.0285802,-0.0336062,76469
-0.00435565,0.00512163,76470
-0.00219853,0.00258515,76476
0.0479476,-0.0563796,76499
-0.0651245,0.0765771,76501
0.0119102,-0.0140046,76502
0.00857693,-0.0100853,76508
-0.0296879,0.0349088,76515
0.0412381,-0.0484902,76517
-0.00800267,0.00941,76518
-0.00751082,0.00883166,76524
0.000832814,-0.000979271,76532
-0.00547238,0.00643474,76567
0.0324083,-0.0381076,76571
-0.03053,0.0358989,76573
0.00332079,-0.00390478,76574
0.00686744,-0.00807514,76583
-0.0507888,0.0597204,76587
0.0489883,-0.0576033,76589
-0.00548557,0.00645025,76590
0.0179074,-0.0210566,76595
-0.0226234,0.0266019,76597
0.00356109,-0.00418733,76598
0.00187559,-0.00220542,76604
-0.0489883,0.0576033,76627
0.0673113,-0.0791485,76629
-0.0126452,0.0148689,76630
-0.00945131,0.0111134,76636
0.0310447,-0.0365041,76643
-0.0436577,0.0513353,76645
0.00871046,-0.0102423,76646
0.00850462,-0.0100002,76652
-0.000967072,0.00113714,76660
0.0063937,-0.00751808,76691
-0.00908821,0.0106864,76693
0.00187556,-0.0022054,76694
0.00178358,-0.00209723,76700
-0.00504523,0.00593247,76707
0.00735897,-0.00865311,76709
-0.00163104,0.00191787,76710
-0.00207199,0.00243637,76716
0.000319345,-0.000375505,76724
-0.000226857,0.000266752,76756
0.000126454,-0.000148692,76772
-0.00199292,0.00234339,76951
0.0124826,-0.0146778,76955
-0.0120131,0.0141257,76957
0.00138301,-0.00162622,76958
0.00253884,-0.00298532,76967
-0.0198145,0.023299,76971
0.0195299,-0.0229643,76973
-0.00231862,0.00272637,76974
0.00754703,-0.00887423,76979
-0.00975188,0.0114668,76981
0.00163068,-0.00191745,76982
0.00090187,-0.00106047,76988
-0.0209411,0.0246237,77011
0.0292949,-0.0344466,77013
-0.00580045,0.00682051,77014
-0.00455562,0.00535676,77020
0.0134259,-0.0157869,77027
-0.0192079,0.0225858,77029
0.00403788,-0.00474797,77030
0.00415461,-0.00488523,77036
-0.000490009,0.000576181,77044
0.0017373,-0.00204282,77079
-0.0113838,0.0133858,77083
0.0111344,-0.0130924,77085
-0.00133293,0.00156733,77086
-0.0022772,0.00267767,77095
0.0185139,-0.0217697,77099
-0.0185139,0.0217697,77101
0.0022772,-0.00267767,77102
-0.00773952,0.00910058,77107
0.0101418,-0.0119254,77109
-0.00175278,0.00206101,77110
-0.00101495,0.00119344,77116
0.027946,-0.0328605,77139
-0.0394604,0.0463998,77141
0.00799998,-0.00940684,77142
0.00651893,-0.00766533,77148
-0.0183339,0.021558,77155
0.0264809,-0.0311378,77157
-0.00570378,0.00670683,77158
-0.00610233,0.00717548,77164
0.000743246,-0.000873952,77172
-0.00509757,0.00599402,77203
0.00742302,-0.00872842,77205
-0.00165911,0.00195088,77206
-0.00176122,0.00207094,77212
0.00421235,-0.00495312,77219
-0.00628517,0.00739047,77221
0.00151084,-0.00177653,77222
0.00214783,-0.00252554,77228
-0.000367067,0.000431619,77236
0.000314684,-0.000370024,77268
-0.000175679,0.000206574,77284
0.0025623,-0.0030129,77468
-0.00481628,0.00566326,77475
0.00735897,-0.00865311,77477
-0.00197859,0.00232654,77478
-0.00342591,0.00402838,77484
0.000723869,-0.000851167,77492
-0.000922614,0.00108486,77524
0.000525558,-0.000617982,77540
-0.00306742,0.00360686,77587
0.00458153,-0.00538723,77589
-0.00115218,0.0013548,77590
-0.00153871,0.0018093,77596
0.0027564,-0.00324114,77603
-0.00422869,0.00497234,77605
0.00116304,-0.00136756,77606
0.00210147,-0.00247103,77612
-0.000474139,0.000557519,77620
0.000787546,-0.000926043,77652
-0.00045654,0.000536827,77668
-7.67006e-05,9.0189e-05,77716
5.33314e-05,-6.27101e-05,77732
0.0387228,-0.0455325,79059
-0.0960162,0.112901,79061
0.0204605,-0.0240586,79062
0.0175148,-0.020595,79068
-0.0440348,0.0517786,79075
0.0644315,-0.0757623,79077
-0.0146017,0.0171695,79078
-0.0164875,0.0193869,79084
0.00208781,-0.00245497,79092
-0.00403483,0.00474439,79127
0.0292947,-0.0344464,79131
-0.0297738,0.0350097,79133
0.0039346,-0.00462653,79134
0.00548557,-0.00645025,79143
-0.0489883,0.0576033,79147
0.0507888,-0.0597204,79149
-0.00686744,0.00807514,79150
0.0233887,-0.0275018,79155
-0.0315817,0.0371356,79157
0.00592784,-0.0069703,79158
0.00373596,-0.00439295,79164
0.138441,-0.162787,79189
-0.0301169,0.0354132,79190
-0.0267546,0.0314596,79196
0.0644315,-0.0757623,79203
-0.0949643,0.111664,79205
0.0219937,-0.0258615,79206
0.0258218,-0.0303628,79212
-0.00338217,0.00397695,79220
-0.0303716,0.0357127,79253
0.00734693,-0.00863894,79254
0.008709,-0.0102405,79260
-0.0174203,0.0204838,79267
0.0264809,-0.0311378,79269
-0.00691723,0.00813368,79270
-0.0110117,0.0129482,79276
0.00205559,-0.00241708,79284
-0.00193926,0.0022803,79316
0.00108754,-0.0012788,79332
-0.0180555,0.0212307,79516
0.0280175,-0.0329446,79523
-0.0436577,0.0513353,79525
0.0128781,-0.0151428,79526
0.0249223,-0.0293051,79532
-0.0056581,0.00665312,79540
0.0076836,-0.00903482,79572
-0.00440252,0.00517673,79588
-0.0267546,0.0314596,79637
0.00741609,-0.00872027,79638
0.0111926,-0.0131609,79644
-0.0164875,0.0193869,79651
0.0258218,-0.0303628,79653
-0.00781894,0.00919396,79654
-0.0158041,0.0185834,79660
0.00382485,-0.00449748,79668
-0.00672612,0.00790896,79700
0.00392244,-0.00461223,79716
0.000649531,-0.000763756,79764
-0.00045654,0.000536827,79780
-0.0181607,0.0213544,80029
0.0023471,-0.00275985,80030
0.00340834,-0.00400772,80039
-0.0296879,0.0349088,80043
0.03053,-0.0358989,80045
-0.0040579,0.00477152,80046
0.013314,-0.0156553,80051
-0.0178686,0.021011,80053
0.0033161,-0.00389927,80054
0.00204112,-0.00240006,80060
0.0633238,-0.0744598,80085
-0.0137357,0.0161513,80086
-0.012094,0.0142209,80092
0.0291043,-0.0342226,80099
-0.0427821,0.0503056,80101
0.0098869,-0.0116256,80102
0.011527,-0.0135542,80108
-0.00150682,0.00177181,80116
0.00249358,-0.00293209,80151
-0.0184633,0.0217102,80155
0.0189065,-0.0222314,80157
-0.00255069,0.00299925,80158
-0.00341535,0.00401597,80167
0.0310447,-0.0365041,80171
-0.0324083,0.0381076,80173
0.00446814,-0.0052539,80174
-0.0152242,0.0179015,80179
0.020672,-0.0243073,80181
-0.00394916,0.00464365,80182
-0.00255069,0.00299925,80188
-0.0933067,0.109715,80213
0.020672,-0.0243073,80214
0.0189065,-0.0222314,80220
-0.0435218,0.0511755,80227
0.0644315,-0.0757623,80229
-0.0152242,0.0179015,80230
-0.0184633,0.0217102,80236
0.00249358,-0.00293209,80244
0.0217898,-0.0256217,80277
-0.00541027,0.00636171,80278
-0.00668489,0.00786048,80284
0.0125679,-0.014778,80291
-0.0192079,0.0225858,80293
0.00516182,-0.00606957,80294
0.00857302,-0.0100806,80300
-0.00165802,0.00194959,80308
0.00163668,-0.00192451,80340
-0.000921246,0.00108325,80356
-0.0262956,0.0309199,80547
0.0412381,-0.0484902,80549
-0.0125806,0.0147929,80550
-0.025373,0.0298351,80556
0.00593375,-0.00697724,80564
-0.00835803,0.00982785,80596
0.00481034,-0.00565628,80612
0.025373,-0.0298351,80661
-0.00729024,0.00857229,80662
-0.011527,0.0135542,80668
0.0158041,-0.0185834,80675
-0.0249223,0.0293051,80677
0.00781894,-0.00919396,80678
0.0164875,-0.0193869,80684
-0.00411405,0.00483754,80692
0.00751082,-0.00883166,80724
-0.00440252,0.00517673,80740
-0.00073983,0.000869935,80788
0.000525558,-0.000617982,80804
0.00284844,-0.00334936,81059
-0.0045385,0.00533663,81061
0.00150948,-0.00177493,81062
0.00339554,-0.00399268,81068
-0.000880229,0.00103502,81076
0.00156009,-0.00183445,81108
-0.000921246,0.00108325,81124
-0.00327428,0.00385009,81173
0.00103495,-0.00121695,81174
0.00185609,-0.00218249,81180
-0.00210147,0.00247103,81187
0.00337258,-0.00396567,81189
-0.00116304,0.00136756,81190
-0.0027564,0.00324114,81196
0.000771908,-0.000907654,81204
-0.00180145,0.00211825,81236
0.00108754,-0.0012788,81252
0.000234795,-0.000276085,81300
-0.000175679,0.000206574,81316
0.000126454,-0.000148692,81572
9.14438e-05,-0.000107525,81684
-7.04201e-05,8.2804e-05,81700
-0.000163959,0.000192792,83231
0.0002913,-0.000342527,83247
-0.000420361,0.000494285,83255
0.00129622,-0.00152416,83259
-0.00111776,0.00131433,83261
0.000109821,-0.000129134,83262
0.00320973,-0.00377419,83287
-0.0130908,0.0153929,83291
0.0115162,-0.0135414,83293
-0.00111776,0.00131433,83294
-0.0027692,0.00325619,83303
0.0145045,-0.0170552,83307
-0.0130908,0.0153929,83309
0.00129622,-0.00152416,83310
-0.0027692,0.00325619,83315
0.00320973,-0.00377419,83317
-0.000420361,0.000494285,83318
-0.000163959,0.000192792,83324
-0.001364,0.00160387,83351
0.0070921,-0.0083393,83355
-0.00646732,0.00760465,83357
0.000658695,-0.000774532,83358
0.00154772,-0.0018199,83367
-0.0101812,0.0119717,83371
0.00951761,-0.0111914,83373
-0.000996109,0.00117128,83374
0.00276321,-0.00324914,83379
-0.00334871,0.0039376,83381
0.000479998,-0.000564409,83382
0.000221823,-0.000260833,83388
0.00534383,-0.00628358,83413
-0.000931021,0.00109475,83414
-0.000633337,0.000744715,83420
0.00242144,-0.00284726,83427
-0.00327428,0.00385009,83429
0.000606214,-0.000712822,83430
0.000541096,-0.000636252,83436
-6.07606e-05,7.14458e-05,83444
-0.00589728,0.00693436,83623
0.0428946,-0.0504379,83627
-0.0412381,0.0484902,83629
0.00460179,-0.00541105,83630
-0.0140163,0.0164811,83635
0.0175836,-0.0206758,83637
-0.00273726,0.00321863,83638
-0.00139023,0.00163471,83644
-0.0400244,0.047063,83669
0.00748,-0.00879542,83670
0.00546715,-0.00642859,83676
-0.0181607,0.0213544,83683
0.025373,-0.0298351,83685
-0.00503488,0.0059203,83686
-0.00481034,0.00565628,83692
0.000541096,-0.000636252,83700
-0.00323019,0.00379825,83735
0.0194825,-0.0229087,83739
-0.0185068,0.0217614,83741
0.00206431,-0.00242733,83742
0.0040579,-0.00477152,83751
-0.03053,0.0358989,83755
0.0296879,-0.0349088,83757
-0.00340834,0.00400772,83758
0.0108479,-0.0127555,83763
-0.0137996,0.0162263,83765
0.00222213,-0.00261291,83766
0.00118252,-0.00139048,83772
0.0411687,-0.0484086,83797
-0.00792125,0.00931426,83798
-0.00603742,0.00709914,83804
0.0189065,-0.0222314,83811
-0.0267546,0.0314596,83813
0.00547244,-0.00643482,83814
0.00546715,-0.00642859,83820
-0.000633337,0.000744715,83828
-0.00563216,0.00662262,83861
0.00119905,-0.00140991,83862
0.00118252,-0.00139048,83868
-0.00311861,0.00366705,83875
0.00458153,-0.00538723,83877
-0.00105039,0.00123511,83878
-0.00139023,0.00163471,83884
0.000221823,-0.000260833,83892
9.14438e-05,-0.000107525,83940
0.000226857,-0.000266752,84143
-0.000319345,0.000375505,84151
0.000967072,-0.00113714,84155
-0.000832814,0.000979271,84157
8.22485e-05,-9.67125e-05,84158
0.00207199,-0.00243637,84183
-0.00850462,0.0100002,84187
0.00751082,-0.00883166,84189
-0.000737466,0.000867155,84190
-0.00178358,0.00209723,84199
0.00945131,-0.0111134,84203
-0.00857693,0.0100853,84205
0.000862539,-0.00101422,84206
-0.00187559,0.00220542,84211
0.00219853,-0.00258515,84213
-0.000297156,0.000349413,84214
-0.000120225,0.000141368,84220
0.000169655,-0.00019949,84255
-0.000300461,0.000353299,84271
0.000439073,-0.000516288,84279
-0.00139955,0.00164567,84283
0.00121769,-0.00143183,84285
-0.000121373,0.000142717,84286
-0.00350605,0.00412261,84311
0.0147617,-0.0173577,84315
-0.0130908,0.0153929,84317
0.0012904,-0.00151732,84318
0.00307535,-0.00361617,84327
-0.0166361,0.0195617,84331
0.0151458,-0.0178093,84333
-0.00152806,0.00179678,84334
0.0033407,-0.00392819,84339
-0.003922,0.00461171,84341
0.000530062,-0.000623278,84342
0.000213306,-0.000250818,84348
0.00163104,-0.00191787,84375
-0.00871046,0.0102423,84379
0.00800267,-0.00941,84381
-0.000828963,0.000974743,84382
-0.00187556,0.0022054,84391
0.0126452,-0.0148689,84395
-0.0119102,0.0140046,84397
0.00126941,-0.00149265,84398
-0.00356109,0.00418733,84403
0.00435565,-0.00512163,84405
-0.000639128,0.000751523,84406
-0.000301478,0.000354495,84412
-0.00733261,0.0086221,84437
0.00130718,-0.00153706,84438
0.000909993,-0.00107002,84444
-0.00332079,0.00390478,84451
0.00453461,-0.00533205,84453
-0.000859635,0.00101081,84454
-0.000786633,0.000924968,84460
8.94531e-05,-0.000105184,84468
0.00908821,-0.0106864,84647
-0.0673113,0.0791485,84651
0.0651245,-0.0765771,84653
-0.00738669,0.00868569,84654
0.0226234,-0.0266019,84659
-0.0285802,0.0336062,84661
0.00452921,-0.0053257,84662
0.00233489,-0.0027455,84668
0.0673113,-0.0791485,84693
-0.0127652,0.0150101,84694
-0.00945131,0.0111134,84700
0.03053,-0.0358989,84707
-0.0428946,0.0504379,84709
0.00863489,-0.0101534,84710
0.00835803,-0.00982785,84716
-0.000945709,0.00111202,84724
0.00504523,-0.00593247,84759
-0.0310447,0.0365041,84763
0.0296879,-0.0349088,84765
-0.00336668,0.00395873,84766
-0.0063937,0.00751808,84775
0.0489883,-0.0576033,84779
-0.0479476,0.0563796,84781
0.00559654,-0.00658073,84782
-0.0179074,0.0210566,84787
0.022932,-0.0269648,84789
-0.00375506,0.00441541,84790
-0.00202616,0.00238247,84796
-0.0705701,0.0829803,84821
0.0137517,-0.01617,84822
0.0105943,-0.0124574,84828
-0.0324083,0.0381076,84835
0.0460768,-0.0541798,84837
-0.00954041,0.0112182,84838
-0.00963233,0.0113262,84844
0.00112136,-0.00131856,84852
0.00986601,-0.011601,84885
-0.00211979,0.00249257,84886
-0.00210428,0.00247433,84892
0.00547238,-0.00643474,84899
-0.00806451,0.00948271,84901
0.00186372,-0.00219147,84902
0.00247933,-0.00291534,84908
-0.000395984,0.000465621,84916
-0.000162339,0.000190888,84964
-0.00254743,0.00299542,85159
0.0205987,-0.0242211,85163
-0.0205987,0.0242211,85165
0.00254743,-0.00299542,85166
-0.00814789,0.00958076,85171
0.0106626,-0.0125377,85173
-0.00185114,0.00217667,85174
-0.00105039,0.00123511,85180
-0.03304,0.0388503,85205
0.00676604,-0.0079559,85206
0.00547244,-0.00643482,85212
-0.0150867,0.0177398,85219
0.0217898,-0.0256217,85221
-0.00473964,0.00557315,85222
-0.00503488,0.0059203,85228
0.000606214,-0.000712822,85236
-0.00174993,0.00205767,85271
0.0119201,-0.0140163,85275
-0.011837,0.0139187,85277
0.00147767,-0.00173752,85278
0.00231862,-0.00272637,85287
-0.0195299,0.0229643,85291
0.0198145,-0.023299,85293
-0.00253884,0.00298532,85294
0.00847756,-0.0099684,85299
-0.0112439,0.0132212,85301
0.0020156,-0.00237006,85302
0.00119905,-0.00140991,85308
0.0450038,-0.052918,85333
-0.00943095,0.0110895,85334
-0.00792125,0.00931426,85340
0.0208423,-0.0245076,85347
-0.0303716,0.0357127,85349
0.00676604,-0.0079559,85350
0.00748,-0.00879542,85356
-0.000931021,0.00109475,85364
-0.00870455,0.0102353,85397
0.0020156,-0.00237006,85398
0.00222213,-0.00261291,85404
-0.00493471,0.00580252,85411
0.00742302,-0.00872842,85413
-0.00185114,0.00217667,85414
-0.00273726,0.00321863,85420
0.000479998,-0.000564409,85428
0.000234795,-0.000276085,85476
0.00460179,-0.00541105,85676
-0.000996109,0.00117128,85684
-0.00073983,0.000869935,85732
-0.00563216,0.00662262,85781
0.00147767,-0.00173752,85782
0.00206431,-0.00242733,85788
-0.00339554,0.00399268,85795
0.00525589,-0.00618018,85797
-0.00150948,0.00177493,85798
-0.00284844,0.00334936,85804
0.000658695,-0.000774532,85812
0.000649531,-0.000763756,85860
-7.67006e-05,9.0189e-05,85924
-0.116029,0.136434,87381
0.0450038,-0.052918,87382
0.0411687,-0.0484086,87388
-0.0933067,0.109715,87395
0.138441,-0.162787,87397
-0.03304,0.0388503,87398
-0.0400244,0.047063,87404
0.00534383,-0.00628358,87412
-0.0112439,0.0132212,87446
-0.0137996,0.0162263,87452
0.0257877,-0.0303227,87459
-0.0394604,0.0463998,87461
0.0106626,-0.0125377,87462
0.0175836,-0.0206758,87468
-0.00334871,0.0039376,87476
-0.00180145,0.00211825,87524
-0.0412381,0.0484902,87724
0.00951761,-0.0111914,87732
0.00751082,-0.00883166,87780
-0.011837,0.0139187,87830
-0.0185068,0.0217614,87836
0.025373,-0.0298351,87843
-0.0400244,0.047063,87845
0.0125806,-0.0147929,87846
0.0262956,-0.0309199,87852
-0.00646732,0.00760465,87860
-0.00672612,0.00790896,87908
0.000787546,-0.000926043,87972
-0.0428946,0.0504379,88237
0.00589728,-0.00693436,88238
-0.0190407,0.0223892,88243
0.0257877,-0.0303227,88245
-0.00493471,0.00580252,88246
-0.00311861,0.00366705,88252
0.0208423,-0.0245076,88278
0.0189065,-0.0222314,88284
-0.0427821,0.0503056,88291
0.0633238,-0.0744598,88293
-0.0150867,0.0177398,88294
-0.0181607,0.0213544,88300
0.00242144,-0.00284726,88308
-0.00338217,0.00397695,88343
0.0258218,-0.0303628,88347
-0.0267546,0.0314596,88349
0.00373596,-0.00439295,88350
0.00467542,-0.00549763,88359
-0.0436577,0.0513353,88363
0.0460768,-0.0541798,88365
-0.00656632,0.00772105,88366
0.0219937,-0.0258615,88371
-0.0301169,0.0354132,88373
0.00592784,-0.0069703,88374
0.0039346,-0.00462653,88380
-0.0315817,0.0371356,88406
-0.0297738,0.0350097,88412
0.0644315,-0.0757623,88419
-0.0960162,0.112901,88421
0.0233887,-0.0275018,88422
0.0292947,-0.0344464,88428
-0.00403483,0.00474439,88436
0.00847756,-0.0099684,88470
0.0108479,-0.0127555,88476
-0.0190407,0.0223892,88483
0.0292949,-0.0344466,88485
-0.00814789,0.00958076,88486
-0.0140163,0.0164811,88492
0.00276321,-0.00324914,88500
0.00156009,-0.00183445,88548
-0.0101812,0.0119717,88756
-0.00835803,0.00982785,88804
0.0119201,-0.0140163,88854
0.0194825,-0.0229087,88860
-0.0249223,0.0293051,88867
0.0395804,-0.0465409,88869
-0.0128781,0.0151428,88870
-0.0280175,0.0329446,88876
0.0070921,-0.0083393,88884
0.0076836,-0.00903482,88932
-0.000922614,0.00108486,88996
0.00154772,-0.0018199,89268
0.00163668,-0.00192451,89316
-0.00174993,0.00205767,89366
-0.00323019,0.00379825,89372
0.00342591,-0.00402838,89379
-0.0055385,0.00651249,89381
0.00197859,-0.00232654,89382
0.00481628,-0.00566326,89388
-0.001364,0.00160387,89396
-0.00193926,0.0022803,89444
0.000314684,-0.000370024,89508
0.000126233,-0.000148432,89892
0.00185969,-0.00218673,91542
0.00466886,-0.00548991,91548
-0.00646686,0.00760411,91555
0.0101418,-0.0119254,91557
-0.00317083,0.00372845,91558
-0.00617288,0.00725843,91564
0.00129565,-0.0015235,91572
0.000771908,-0.000907654,91620
-0.00476595,0.00560408,91828
-0.00411405,0.00483754,91876
0.00859323,-0.0101044,91932
-0.00857302,0.0100806,91939
0.0139197,-0.0163676,91941
-0.00516182,0.00606957,91942
-0.0125679,0.014778,91948
0.00335298,-0.00394262,91956
0.00382485,-0.00449748,92004
-0.000474139,0.000557519,92068
-0.0066146,0.00777782,92341
0.00140494,-0.001652,92342
0.00100955,-0.00118709,92348
-0.00680914,0.00800658,92380
0.0118017,-0.0138771,92387
-0.0178686,0.021011,92389
0.00482315,-0.00567134,92390
0.00680914,-0.00800658,92396
-0.00100955,0.00118709,92404
0.000743246,-0.000873952,92439
-0.00610233,0.00717548,92443
0.00651893,-0.00766533,92445
-0.00101495,0.00119344,92446
-0.00105214,0.00123717,92455
0.0104694,-0.0123105,92459
-0.0113673,0.0133663,92461
0.00179881,-0.00211515,92462
-0.00570378,0.00670683,92467
0.00799998,-0.00940684,92469
-0.00175278,0.00206101,92470
-0.00133293,0.00156733,92476
0.0111344,-0.0130924,92508
-0.0183339,0.021558,92515
0.027946,-0.0328605,92517
-0.00773952,0.00910058,92518
-0.0113838,0.0133858,92524
0.0017373,-0.00204282,92532
-0.00482315,0.00567134,92572
0.00617288,-0.00725843,92579
-0.00975188,0.0114668,92581
0.00317083,-0.00372845,92582
0.00646686,-0.00760411,92588
-0.00140494,0.001652,92596
-0.000880229,0.00103502,92644
0.00593375,-0.00697724,92900
-0.0118017,0.0138771,92956
0.0110117,-0.0129482,92963
-0.0180067,0.0211733,92965
0.00691723,-0.00813368,92966
0.0174203,-0.0204838,92972
-0.00476595,0.00560408,92980
-0.0056581,0.00665312,93028
0.000723869,-0.000851167,93092
-0.00165802,0.00194959,93412
0.00276324,-0.00324917,93468
-0.00214783,0.00252554,93475
0.00357783,-0.00420702,93477
-0.00151084,0.00177653,93478
-0.00421235,0.00495312,93484
0.00129565,-0.0015235,93492
0.00205559,-0.00241708,93540
-0.000367067,0.000431619,93604
-0.000178233,0.000209577,93988
0.00055234,-0.000649474,96036
-0.00150682,0.00177181,96484
0.00185609,-0.00218249,96540
-0.00116405,0.00136876,96547
0.00197155,-0.00231827,96549
-0.000926132,0.001089,96550
-0.00291139,0.00342338,96556
0.00103495,-0.00121695,96564
0.00208781,-0.00245497,96612
-0.000490009,0.000576181,96676
-0.000484531,0.000569739,97060
5.75698e-05,-6.7694e-05,97572
-0.00489364,0.00575423,112420
0.011527,-0.0135542,112868
-0.011527,0.0135542,112924
-0.00850462,0.0100002,112933
0.00507778,-0.00597074,112934
0.0184633,-0.0217102,112940
-0.00729024,0.00857229,112948
-0.0164875,0.0193869,112996
0.00415461,-0.00488523,113060
0.00440252,-0.00517673,113444
-0.000522597,0.0006145,113956
0.0111838,-0.0131506,116508
0.0194825,-0.0229087,116517
-0.0098869,0.0116256,116518
-0.0291043,0.0342226,116524
0.00859323,-0.0101044,116532
0.0111926,-0.0131609,116580
-0.00153871,0.0018093,116644
-0.0181607,0.0213544,116965
0.00668489,-0.00786048,116966
0.012094,-0.0142209,116972
-0.00204112,0.00240006,116980
0.00546715,-0.00642859,117021
-0.00111662,0.00131298,117022
-0.00080123,0.000942132,117031
-0.00963233,0.0113262,117037
0.00198908,-0.00233888,117038
0.0074084,-0.00871123,117045
-0.00215118,0.00252948,117046
-0.00208222,0.00244839,117052
0.0292947,-0.0344464,117093
-0.0110982,0.0130499,117094
-0.0208284,0.0244912,117100
0.00359313,-0.00422501,117108
-0.0120131,0.0141257,117157
0.00541027,-0.00636171,117158
0.0137357,-0.0161513,117164
-0.0033161,0.00389927,117172
-0.0023471,0.00275985,117220
-0.0280175,0.0329446,117541
0.0146017,-0.0171695,117542
0.0440348,-0.0517786,117548
-0.013314,0.0156553,117556
-0.0180555,0.0212307,117604
0.0025623,-0.0030129,117668
0.00716094,-0.00842024,118053
-0.00403788,0.00474797,118054
-0.0134259,0.0157869,118060
0.00466886,-0.00548991,118068
0.008709,-0.0102405,118116
-0.00176122,0.00207094,118180
-0.00100666,0.00118369,118564
0.0076836,-0.00903482,121125
-0.00475934,0.0055963,121126
-0.0180555,0.0212307,121132
0.00741609,-0.00872027,121140
0.0175148,-0.020595,121188
-0.00455562,0.00535676,121252
-0.00505756,0.00594697,121636
0.000618426,-0.000727181,122148
-0.000916175,0.00107729,125221
0.000601464,-0.000707236,125222
0.00252744,-0.00297191,125228
-0.00115218,0.0013548,125236
-0.00306742,0.00360686,125284
0.00090187,-0.00106047,125348
0.00133927,-0.00157479,125732
-0.000225089,0.000264672,126244
-9.45313e-05,0.000111155,129316
0.000167271,-0.000196687,149807
-0.000245298,0.000288435,149815
-0.000710411,0.000835342,149821
8.5356e-05,-0.000100367,149822
-0.00173728,0.0020428,149863
-0.00893969,0.0105118,149869
0.0010969,-0.0012898,149870
0.00238894,-0.00280905,149877
-0.0004012,0.000471754,149878
0.00107084,-0.00125915,149927
0.00712197,-0.00837443,149933
-0.000929984,0.00109353,149934
-0.00269278,0.00316633,149941
0.000493065,-0.000579774,149942
-0.00291317,0.00342547,149989
0.000700495,-0.000823682,149990
0.0037151,-0.00436843,150311
0.0293253,-0.0344824,150317
-0.00423657,0.0049816,150318
-0.0145554,0.0171151,150325
0.00299436,-0.00352094,150326
-0.0302992,0.0356276,150373
0.00797455,-0.00937693,150374
0.00541508,-0.00636736,150437
-0.00160324,0.00188518,150438
-0.00138301,0.00162622,150823
-0.0124826,0.0146778,150829
0.00199292,-0.00234339,150830
0.00734693,-0.00863894,150837
-0.00165911,0.00195088,150838
0.0204605,-0.0240586,150885
-0.00580045,0.00682051,150886
-0.00509757,0.00599402,150949
0.00163068,-0.00191745,150950
0.0387228,-0.0455325,153957
-0.0209411,0.0246237,153958
0.00754703,-0.00887423,154022
-0.00185969,0.00218673,158118
! m= 1 ; q= ( 0 0 0  ) 
[ 
energy=  -5.14439 
energy=  -4.71102 
energy=  -4.47836 
energy=  -4.41606 
energy=  -4.36913 
energy=  -4.24328 
energy=  -4.14625 
energy=    -4.006 
energy=  -3.87224 
energy=  -3.68037 
energy=  -3.49739 
energy=  -3.32356 
energy=   -3.0934 
energy=  -2.88641 
energy=  -2.66168 
energy=  -2.42726 
energy=  -2.18841 
energy=  -1.94087 
energy=  -1.69447 
energy=  -1.43464 
energy=  -1.17638 
energy= -0.915329 
energy= -0.647091 
energy= -0.384946 
energy= -0.127011 
energy=   0.13616 
energy=  0.391048 
energy=  0.646119 
energy=  0.891215 
energy=   1.13234 
energy=   1.37346 
energy=   1.59945 
energy=   1.82849 
energy=   2.03802 
energy=   2.24518 
energy=   2.42223 
energy=   2.61345 
energy=   2.77173 
energy=   2.91823 
energy=   3.05459 
energy=   3.18459 
energy=   3.28157 
energy=   3.35706 
energy=   3.41638 
energy=    3.5729 
energy=    3.7455 
] 
! m= 1 ; q= ( 0 0 1  ) 
[ 
energy=  -4.92569 
energy=  -4.53162 
energy=  -4.49736 
energy=  -4.38713 
energy=  -4.26927 
energy=  -4.21621 
energy=  -4.13536 
energy=  -4.00651 
energy=  -3.87456 
energy=  -3.77078 
energy=  -3.60765 
energy=  -3.44101 
energy=  -3.26363 
energy=  -3.09378 
energy=  -2.89466 
energy=  -2.69762 
energy=  -2.48557 
energy=  -2.28983 
energy=  -2.04875 
energy=  -1.83061 
energy=    -1.606 
energy=  -1.36967 
energy=  -1.13349 
energy= -0.904086 
energy= -0.661538 
energy= -0.425106 
energy= -0.180806 
energy= 0.0516586 
energy=  0.289227 
energy=  0.521485 
energy=  0.760566 
energy=  0.984882 
energy=    1.1996 
energy=   1.41445 
energy=   1.63317 
energy=   1.82392 
energy=   2.02528 
energy=   2.20381 
energy=   2.37984 
energy=   2.55702 
energy=   2.72633 
energy=   2.81547 
energy=   2.92612 
energy=   3.06272 
energy=   3.17012 
energy=   3.27071 
energy=   3.31519 
energy=   3.40198 
energy=   3.43123 
energy=   3.48755 
energy=   3.66677 
] 
! m= 1 ; q= ( 0 0 2  ) 
[ 
energy=  -4.98897 
energy=  -4.72729 
energy=  -4.59091 
energy=  -4.48972 
energy=  -4.38936 
energy=  -4.24999 
energy=  -4.16595 
energy=  -4.07886 
energy=  -3.97919 
energy=    -3.849 
energy=  -3.68931 
energy=   -3.5588 
energy=  -3.39478 
energy=  -3.22687 
energy=  -3.04143 
energy=   -2.8494 
energy=  -2.66243 
energy=  -2.46202 
energy=  -2.26723 
energy=  -2.03179 
energy=  -1.81779 
energy=   -1.5947 
energy=  -1.37179 
energy=  -1.14188 
energy= -0.915557 
energy= -0.684156 
energy= -0.451552 
energy= -0.227412 
energy= 0.0066351 
energy=  0.239491 
energy=   0.45978 
energy=  0.689932 
energy=   0.91266 
energy=   1.11628 
energy=   1.33436 
energy=   1.54084 
energy=   1.75803 
energy=   1.93181 
energy=     2.102 
energy=   2.29467 
energy=   2.41917 
energy=   2.59087 
energy=   2.75236 
energy=   2.84907 
energy=   2.98325 
energy=   3.07142 
energy=   3.18691 
energy=   3.26821 
energy=   3.33099 
energy=   3.40422 
energy=   3.48362 
energy=   3.49927 
energy=   3.59703 
] 
! m= 1 ; q= ( 0 0 3  ) 
[ 
energy=   -4.8227 
energy=  -4.65413 
energy=  -4.47407 
energy=  -4.38241 
energy=  -4.26256 
energy=  -4.22588 
energy=  -4.16378 
energy=  -4.07083 
energy=  -3.99013 
energy=  -3.85107 
energy=  -3.72396 
energy=   -3.6019 
energy=   -3.4633 
energy=  -3.31993 
energy=  -3.16027 
energy=  -3.00695 
energy=  -2.83456 
energy=  -2.64345 
energy=   -2.4718 
energy=   -2.2821 
energy=  -2.07319 
energy=  -1.88286 
energy=  -1.68108 
energy=  -1.47692 
energy=  -1.26245 
energy=  -1.05696 
energy= -0.843779 
energy= -0.627321 
energy= -0.416714 
energy= -0.205241 
energy= 0.0109207 
energy=  0.219036 
energy=  0.427004 
energy=  0.636901 
energy=  0.834593 
energy=   1.03766 
energy=   1.24263 
energy=    1.4272 
energy=   1.61609 
energy=   1.80203 
energy=     1.962 
energy=   2.12571 
energy=   2.31008 
energy=   2.43348 
energy=   2.57548 
energy=   2.71203 
energy=   2.83665 
energy=   2.95939 
energy=   3.06776 
energy=   3.14361 
energy=   3.25038 
energy=   3.32783 
energy=   3.40583 
energy=   3.43224 
energy=   3.45336 
energy=    3.5355 
energy=   3.53703 
] 
! m= 1 ; q= ( 0 0 4  ) 
[ 
energy=  -4.98897 
energy=  -4.72729 
energy=  -4.59091 
energy=  -4.48972 
energy=  -4.38936 
energy=  -4.23926 
energy=  -4.17047 
energy=  -4.08232 
energy=  -3.98605 
energy=   -3.8484 
energy=  -3.72066 
energy=  -3.56326 
energy=   -3.3889 
energy=  -3.23622 
energy=  -3.05035 
energy=  -2.85773 
energy=  -2.66199 
energy=  -2.46524 
energy=  -2.25825 
energy=  -2.03861 
energy=  -1.81706 
energy=  -1.60082 
energy=  -1.37876 
energy=  -1.14931 
energy= -0.925387 
energy=  -0.68378 
energy=  -0.45194 
energy= -0.229926 
energy= 0.00246028 
energy=  0.234723 
energy=  0.459804 
energy=   0.69179 
energy=  0.912515 
energy=    1.1134 
energy=   1.33711 
energy=   1.53742 
energy=   1.75161 
energy=   1.92637 
energy=   2.09377 
energy=   2.28638 
energy=   2.41277 
energy=   2.58427 
energy=    2.7521 
energy=   2.84794 
energy=   2.97931 
energy=   3.06659 
energy=    3.1819 
energy=   3.26867 
energy=   3.33096 
energy=   3.40421 
energy=   3.48444 
energy=   3.49927 
energy=   3.59703 
] 
! m= 1 ; q= ( 0 0 5  ) 
[ 
energy=  -4.92569 
energy=  -4.53162 
energy=  -4.49736 
energy=  -4.38714 
energy=  -4.27654 
energy=  -4.18603 
energy=  -4.12862 
energy=  -4.04148 
energy=  -3.90024 
energy=  -3.79332 
energy=  -3.62491 
energy=   -3.4646 
energy=  -3.30198 
energy=  -3.13553 
energy=  -2.93158 
energy=  -2.75008 
energy=  -2.54646 
energy=  -2.34556 
energy=  -2.12781 
energy=  -1.91503 
energy=  -1.69721 
energy=  -1.46499 
energy=  -1.23423 
energy=  -1.00935 
energy= -0.773192 
energy= -0.540292 
energy=  -0.31253 
energy= -0.0702553 
energy=   0.15969 
energy=  0.389183 
energy=  0.621632 
energy=  0.847688 
energy=   1.06854 
energy=   1.28896 
energy=    1.4868 
energy=   1.70839 
energy=   1.87098 
energy=   2.07329 
energy=   2.24122 
energy=    2.3997 
energy=   2.57127 
energy=   2.74342 
energy=   2.85723 
energy=   2.97037 
energy=   3.08955 
energy=   3.17142 
energy=   3.27655 
energy=   3.33252 
energy=   3.40208 
energy=   3.43446 
energy=   3.48755 
energy=   3.66677 
] 
q-vector: ( 0, 0, 0, 0)
Groundstate 
4.55971e-12,-2.17617e-11,1023
-1.41684e-10,2.84695e-10,1535
1.60018e-09,-3.24313e-09,1791
-2.67666e-09,5.43256e-09,1919
3.94953e-09,-8.00786e-09,1983
-1.51217e-08,3.0678e-08,2015
1.465e-08,-2.97118e-08,2031
-3.09003e-09,6.26962e-09,2039
1.69876e-09,-3.44799e-09,2043
-9.30234e-10,1.88496e-09,2045
6.31879e-11,-1.24739e-10,2046
2.2955e-10,-4.67666e-10,2559
-2.73149e-09,5.54155e-09,2815
4.54129e-09,-9.20839e-09,2943
-6.526e-09,1.32418e-08,3007
2.46956e-08,-5.00892e-08,3039
-2.38929e-08,4.84682e-08,3055
5.04482e-09,-1.02334e-08,3063
-2.78515e-09,5.6481e-09,3067
1.52357e-09,-3.09284e-09,3069
-1.01235e-10,2.03178e-10,3070
3.18062e-09,-6.45238e-09,3327
-5.89688e-09,1.19612e-08,3455
9.68612e-09,-1.96478e-08,3519
-3.93802e-08,7.98796e-08,3551
3.81138e-08,-7.73101e-08,3567
-7.93482e-09,1.60922e-08,3575
4.41069e-09,-8.94903e-09,3579
-2.43014e-09,4.92736e-09,3581
1.58445e-10,-3.21749e-10,3582
3.98834e-09,-8.09237e-09,3711
-4.70871e-08,9.55117e-08,3775
2.45377e-07,-4.9773e-07,3807
-2.41336e-07,4.89528e-07,3823
5.07542e-08,-1.02951e-07,3831
-2.80786e-08,5.69524e-08,3835
1.53545e-08,-3.11463e-08,3837
-1.02638e-09,2.08294e-09,3838
4.06958e-08,-8.25517e-08,3903
-2.63899e-07,5.35296e-07,3935
2.65065e-07,-5.37665e-07,3951
-5.80092e-08,1.17664e-07,3959
3.34166e-08,-6.77841e-08,3963
-1.84553e-08,3.74343e-08,3965
1.22566e-09,-2.4897e-09,3966
5.06109e-08,-1.02661e-07,3999
-6.497e-08,1.31785e-07,4015
2.13042e-08,-4.32139e-08,4023
-1.75717e-08,3.56419e-08,4027
1.05432e-08,-2.13907e-08,4029
-6.38899e-10,1.29503e-09,4030
7.96008e-09,-1.61431e-08,4047
-2.22326e-08,4.50994e-08,4055
3.3219e-08,-6.73816e-08,4059
-2.2455e-08,4.55467e-08,4061
1.22646e-09,-2.48986e-09,4062
1.35806e-08,-2.75475e-08,4071
-2.76689e-08,5.61227e-08,4075
1.95219e-08,-3.96023e-08,4077
-1.02646e-09,2.08073e-09,4078
3.30777e-09,-6.71264e-09,4083
-2.89006e-09,5.85543e-09,4085
1.56899e-10,-3.24485e-10,4086
1.44253e-10,-2.98151e-10,4089
-1.02514e-10,2.01547e-10,4090
6.06278e-11,-1.28723e-10,4092
-2.74757e-10,5.56529e-10,4607
3.51531e-09,-7.12929e-09,4863
-6.20258e-09,1.25849e-08,4991
9.52256e-09,-1.9314e-08,5055
-3.59466e-08,7.29158e-08,5087
3.4733e-08,-7.04516e-08,5103
-7.31496e-09,1.48385e-08,5111
4.00243e-09,-8.12169e-09,5115
-2.18723e-09,4.43328e-09,5117
1.46125e-10,-2.96263e-10,5118
-4.62173e-08,9.37504e-08,5375
8.49045e-08,-1.72222e-07,5503
-1.51879e-07,3.08075e-07,5567
6.64028e-07,-1.34692e-06,5599
-6.52959e-07,1.32447e-06,5615
1.40959e-07,-2.85926e-07,5623
-7.82249e-08,1.58673e-07,5627
4.2694e-08,-8.66019e-08,5629
-2.88855e-09,5.85573e-09,5630
-7.04668e-08,1.42935e-07,5759
8.64545e-07,-1.75366e-06,5823
-4.55769e-06,9.24487e-06,5855
4.50683e-06,-9.14171e-06,5871
-9.6158e-07,1.95049e-06,5879
5.21883e-07,-1.05859e-06,5883
-2.81942e-07,5.71895e-07,5885
1.95236e-08,-3.96012e-08,5886
-7.37346e-07,1.49564e-06,5951
4.7772e-06,-9.69014e-06,5983
-4.81257e-06,9.76187e-06,5999
1.06146e-06,-2.15308e-06,6007
-5.99194e-07,1.21541e-06,6011
3.27344e-07,-6.63984e-07,6013
-2.24558e-08,4.55471e-08,6014
-8.62259e-07,1.74902e-06,6047
1.10174e-06,-2.23479e-06,6063
-3.53422e-07,7.16886e-07,6071
2.84561e-07,-5.77207e-07,6075
-1.69959e-07,3.44746e-07,6077
1.05449e-08,-2.13903e-08,6078
-1.25392e-07,2.54349e-07,6095
3.28066e-07,-6.65453e-07,6103
-4.81771e-07,9.77233e-07,6107
3.27341e-07,-6.63984e-07,6109
-1.84545e-08,3.74349e-08,6110
-1.96748e-07,3.99086e-07,6119
3.96298e-07,-8.03856e-07,6123
-2.81942e-07,5.71895e-07,6125
1.53558e-08,-3.11475e-08,6126
-4.85952e-08,9.85702e-08,6131
4.26943e-08,-8.6602e-08,6133
-2.43023e-09,4.92667e-09,6134
-2.18554e-09,4.43233e-09,6137
1.52351e-09,-3.09282e-09,6138
-9.3022e-10,1.88456e-09,6140
4.96872e-08,-1.00788e-07,6399
-8.91739e-08,1.80881e-07,6527
1.61343e-07,-3.27269e-07,6591
-7.28951e-07,1.47861e-06,6623
7.22242e-07,-1.46501e-06,6639
-1.5881e-07,3.22127e-07,6647
8.89923e-08,-1.80516e-07,6651
-4.85948e-08,9.85699e-08,6653
3.30726e-09,-6.71233e-09,6654
8.9489e-08,-1.81521e-07,6783
-1.15403e-06,2.34086e-06,6847
6.22947e-06,-1.26359e-05,6879
-6.19432e-06,1.25646e-05,6895
1.34451e-06,-2.72721e-06,6903
-7.34207e-07,1.48928e-06,6907
3.96299e-07,-8.03856e-07,6909
-2.76681e-08,5.61222e-08,6910
1.01306e-06,-2.0549e-06,6975
-6.72762e-06,1.36464e-05,7007
6.82429e-06,-1.38425e-05,7023
-1.54063e-06,3.12502e-06,7031
8.80797e-07,-1.78662e-06,7035
-4.81772e-07,9.77233e-07,7037
3.32176e-08,-6.73828e-08,7038
1.29692e-06,-2.63069e-06,7071
-1.68245e-06,3.4127e-06,7087
5.68782e-07,-1.15373e-06,7095
-4.73601e-07,9.60658e-07,7099
2.8456e-07,-5.77206e-07,7101
-1.7571e-08,3.56438e-08,7102
2.06489e-07,-4.18845e-07,7119
-5.80072e-07,1.17663e-06,7127
8.80795e-07,-1.78662e-06,7131
-5.99192e-07,1.21541e-06,7133
3.34177e-08,-6.77824e-08,7134
3.53306e-07,-7.16655e-07,7143
-7.34208e-07,1.48928e-06,7147
5.21883e-07,-1.05859e-06,7149
-2.80774e-08,5.69519e-08,7150
8.89925e-08,-1.80516e-07,7155
-7.82256e-08,1.58672e-07,7157
4.41102e-09,-8.95066e-09,7158
4.00232e-09,-8.12261e-09,7161
-2.78587e-09,5.64815e-09,7162
1.69952e-09,-3.44929e-09,7164
-2.03092e-08,4.11911e-08,7295
3.56292e-07,-7.2271e-07,7359
-2.30492e-06,4.67533e-06,7391
2.36958e-06,-4.80649e-06,7407
-5.77436e-07,1.17128e-06,7415
3.53308e-07,-7.16655e-07,7419
-1.96747e-07,3.99086e-07,7421
1.35809e-08,-2.75485e-08,7422
-4.12525e-07,8.36768e-07,7487
3.2827e-06,-6.65867e-06,7519
-3.46038e-06,7.01908e-06,7535
8.94917e-07,-1.81526e-06,7543
-5.8007e-07,1.17662e-06,7547
3.28066e-07,-6.65454e-07,7549
-2.22339e-08,4.50985e-08,7550
-9.87282e-07,2.00262e-06,7583
1.3711e-06,-2.78115e-06,7599
-5.83394e-07,1.18337e-06,7607
5.68782e-07,-1.15372e-06,7611
-3.53422e-07,7.16886e-07,7613
2.13052e-08,-4.32136e-08,7614
-2.43931e-07,4.94797e-07,7631
8.94918e-07,-1.81526e-06,7639
-1.54063e-06,3.12503e-06,7643
1.06146e-06,-2.15308e-06,7645
-5.80079e-08,1.17663e-07,7646
-5.77438e-07,1.17128e-06,7655
1.34451e-06,-2.72721e-06,7659
-9.61581e-07,1.95048e-06,7661
5.07557e-08,-1.02951e-07,7662
-1.58808e-07,3.22128e-07,7667
1.40959e-07,-2.85925e-07,7669
-7.93309e-09,1.60917e-08,7670
-7.31599e-09,1.48357e-08,7673
5.04469e-09,-1.0236e-08,7674
-3.09121e-09,6.26536e-09,7676
5.62101e-08,-1.14014e-07,7743
-6.01648e-07,1.22039e-06,7775
6.97612e-07,-1.41504e-06,7791
-2.43933e-07,4.94797e-07,7799
2.06489e-07,-4.18845e-07,7803
-1.25393e-07,2.5435e-07,7805
7.95755e-09,-1.61446e-08,7806
1.47539e-06,-2.9927e-06,7839
-2.27673e-06,4.61816e-06,7855
1.3711e-06,-2.78115e-06,7863
-1.68245e-06,3.41271e-06,7867
1.10174e-06,-2.23479e-06,7869
-6.49688e-08,1.31784e-07,7870
6.97612e-07,-1.41505e-06,7887
-3.46038e-06,7.01908e-06,7895
6.82429e-06,-1.38425e-05,7899
-4.81256e-06,9.76187e-06,7901
2.65067e-07,-5.37664e-07,7902
2.36958e-06,-4.80649e-06,7911
-6.19432e-06,1.25646e-05,7915
4.50683e-06,-9.14171e-06,7917
-2.41335e-07,4.89528e-07,7918
7.22243e-07,-1.46501e-06,7923
-6.5296e-07,1.32447e-06,7925
3.81127e-08,-7.73123e-08,7926
3.4731e-08,-7.04531e-08,7929
-2.38951e-08,4.8467e-08,7930
1.46465e-08,-2.97154e-08,7932
-9.3347e-07,1.89346e-06,7967
1.47539e-06,-2.9927e-06,7983
-9.87284e-07,2.00262e-06,7991
1.29692e-06,-2.63069e-06,7995
-8.6226e-07,1.74902e-06,7997
5.06112e-08,-1.0266e-07,7998
-6.01647e-07,1.22039e-06,8015
3.2827e-06,-6.65867e-06,8023
-6.72762e-06,1.36464e-05,8027
4.7772e-06,-9.69014e-06,8029
-2.63899e-07,5.35298e-07,8030
-2.30492e-06,4.67534e-06,8039
6.22946e-06,-1.26359e-05,8043
-4.55769e-06,9.24487e-06,8045
2.45379e-07,-4.97729e-07,8046
-7.2895e-07,1.47862e-06,8051
6.64027e-07,-1.34692e-06,8053
-3.93807e-08,7.98782e-08,8054
-3.59475e-08,7.2915e-08,8057
2.46947e-08,-5.00926e-08,8058
-1.51236e-08,3.06747e-08,8060
5.62092e-08,-1.14013e-07,8079
-4.12523e-07,8.36768e-07,8087
1.01306e-06,-2.0549e-06,8091
-7.37346e-07,1.49564e-06,8093
4.06984e-08,-8.25498e-08,8094
3.56293e-07,-7.22711e-07,8103
-1.15403e-06,2.34086e-06,8107
8.64546e-07,-1.75366e-06,8109
-4.70866e-08,9.55132e-08,8110
1.61342e-07,-3.27268e-07,8115
-1.51881e-07,3.08075e-07,8117
9.6858e-09,-1.96488e-08,8118
9.51999e-09,-1.93134e-08,8121
-6.52961e-09,1.32414e-08,8122
3.94671e-09,-8.00985e-09,8124
-2.03077e-08,4.11895e-08,8135
8.9489e-08,-1.8152e-07,8139
-7.04675e-08,1.42934e-07,8141
3.98841e-09,-8.09279e-09,8142
-8.9174e-08,1.80881e-07,8147
8.49039e-08,-1.72223e-07,8149
-5.89748e-09,1.19613e-08,8150
-6.2067e-09,1.25861e-08,8153
4.53779e-09,-9.20578e-09,8154
-2.68084e-09,5.43552e-09,8156
4.96883e-08,-1.00788e-07,8163
-4.6218e-08,9.37473e-08,8165
3.1787e-09,-6.45343e-09,8166
3.512e-09,-7.12799e-09,8169
-2.73449e-09,5.54188e-09,8170
1.59619e-09,-3.2411e-09,8172
-2.77217e-10,5.58377e-10,8177
2.2746e-10,-4.66547e-10,8178
-1.43471e-10,2.8534e-10,8180
9.56882e-10,-1.94148e-09,8703
-1.34127e-08,2.72086e-08,8959
2.47369e-08,-5.01768e-08,9087
-4.33959e-08,8.80258e-08,9151
1.84489e-07,-3.74217e-07,9183
-1.83548e-07,3.72312e-07,9199
4.17527e-08,-8.46919e-08,9207
-2.33184e-08,4.7299e-08,9211
1.26208e-08,-2.56015e-08,9213
-8.84265e-10,1.79154e-09,9214
2.4471e-07,-4.96371e-07,9471
-4.41009e-07,8.94548e-07,9599
8.18615e-07,-1.66049e-06,9663
-3.85216e-06,7.81378e-06,9695
3.86786e-06,-7.84561e-06,9711
-8.87413e-07,1.80004e-06,9719
5.02924e-07,-1.02014e-06,9723
-2.73369e-07,5.54506e-07,9725
1.90305e-08,-3.8601e-08,9726
4.28782e-07,-8.6975e-07,9855
-5.77932e-06,1.17229e-05,9919
3.23183e-05,-6.55549e-05,9951
-3.25561e-05,6.60372e-05,9967
7.41835e-06,-1.50475e-05,9975
-4.13093e-06,8.37924e-06,9979
2.22665e-06,-4.51657e-06,9981
-1.58679e-07,3.21866e-07,9982
5.19699e-06,-1.05416e-05,10047
-3.58402e-05,7.26988e-05,10079
3.69343e-05,-7.49181e-05,10095
-8.87474e-06,1.80017e-05,10103
5.2702e-06,-1.06901e-05,10107
-2.89819e-06,5.87872e-06,10109
2.01817e-07,-4.09369e-07,10110
7.75949e-06,-1.57394e-05,10143
-1.03901e-05,2.10755e-05,10159
3.9731e-06,-8.05908e-06,10167
-3.62582e-06,7.35467e-06,10171
2.22142e-06,-4.50597e-06,10173
-1.34889e-07,2.73611e-07,10174
1.48463e-06,-3.01144e-06,10191
-4.89792e-06,9.93501e-06,10199
8.19365e-06,-1.66201e-05,10203
-5.64236e-06,1.1445e-05,10205
3.07201e-07,-6.23127e-07,10206
3.0919e-06,-6.27165e-06,10215
-7.05114e-06,1.43026e-05,10219
5.05291e-06,-1.02494e-05,10221
-2.65361e-07,5.38263e-07,10222
8.50261e-07,-1.72468e-06,10227
-7.54188e-07,1.52981e-06,10229
4.1997e-08,-8.51853e-08,10230
3.90953e-08,-7.93014e-08,10233
-2.66221e-08,5.4001e-08,10234
1.63269e-08,-3.31235e-08,10236
-3.42871e-07,6.95484e-07,10495
6.01803e-07,-1.22071e-06,10623
-1.10907e-06,2.24965e-06,10687
5.35602e-06,-1.08642e-05,10719
-5.41187e-06,1.09775e-05,10735
1.26187e-06,-2.55959e-06,10743
-7.2406e-07,1.46869e-06,10747
3.94449e-07,-8.00106e-07,10749
-2.74597e-08,5.56966e-08,10750
-6.84912e-07,1.38928e-06,10879
9.58447e-06,-1.94413e-05,10943
-5.44188e-05,0.000110384,10975
5.49881e-05,-0.000111539,10991
-1.26348e-05,2.56286e-05,10999
7.04873e-06,-1.42977e-05,11003
-3.79501e-06,7.69785e-06,11005
2.71257e-07,-5.50221e-07,11006
-8.80233e-06,1.78548e-05,11071
6.1591e-05,-0.000124932,11103
-6.36849e-05,0.000129179,11119
1.54449e-05,-3.13286e-05,11127
-9.1938e-06,1.86488e-05,11131
5.05119e-06,-1.02459e-05,11133
-3.52253e-07,7.14512e-07,11134
-1.37586e-05,2.79081e-05,11167
1.85087e-05,-3.75434e-05,11183
-7.14195e-06,1.44868e-05,11191
6.50224e-06,-1.31892e-05,11195
-3.97451e-06,8.06194e-06,11197
2.40932e-07,-4.88711e-07,11198
-2.68272e-06,5.44168e-06,11215
8.85085e-06,-1.79532e-05,11223
-1.46629e-05,2.97423e-05,11227
1.00611e-05,-2.04081e-05,11229
-5.45271e-07,1.10604e-06,11230
-5.57869e-06,1.13159e-05,11239
1.25901e-05,-2.55379e-05,11243
-8.9907e-06,1.82369e-05,11245
4.69436e-07,-9.52212e-07,11246
-1.51225e-06,3.06747e-06,11251
1.33709e-06,-2.71218e-06,11253
-7.38179e-08,1.49733e-07,11254
-6.89765e-08,1.39916e-07,11257
4.69721e-08,-9.52783e-08,11258
-2.88146e-08,5.84486e-08,11260
2.28862e-07,-4.6423e-07,11391
-4.28407e-06,8.68987e-06,11455
2.89596e-05,-5.8742e-05,11487
-3.02678e-05,6.13957e-05,11503
7.84783e-06,-1.59186e-05,11511
-4.99506e-06,1.0132e-05,11515
2.79804e-06,-5.67558e-06,11517
-1.92355e-07,3.90175e-07,11518
5.16696e-06,-1.04807e-05,11583
-4.28171e-05,8.68508e-05,11615
4.592e-05,-9.31447e-05,11631
-1.26622e-05,2.56842e-05,11639
8.54342e-06,-1.73296e-05,11643
-4.86157e-06,9.86129e-06,11645
3.2677e-07,-6.62827e-07,11646
1.43936e-05,-2.91961e-05,11679
-2.04325e-05,4.14456e-05,11695
9.32955e-06,-1.89242e-05,11703
-9.42443e-06,1.91166e-05,11707
5.87941e-06,-1.19259e-05,11709
-3.47702e-07,7.05281e-07,11710
3.941e-06,-7.99398e-06,11727
-1.53075e-05,3.105e-05,11735
2.68896e-05,-5.45432e-05,11739
-1.85086e-05,3.75431e-05,11741
9.85012e-07,-1.99801e-06,11742
9.97273e-06,-2.02288e-05,11751
-2.3621e-05,4.79132e-05,11755
1.68581e-05,-3.41952e-05,11757
-8.64533e-07,1.75363e-06,11758
2.78317e-06,-5.64543e-06,11763
-2.46431e-06,4.99865e-06,11765
1.34263e-07,-2.72342e-07,11766
1.27266e-07,-2.58151e-07,11769
-8.61923e-08,1.74834e-07,11770
5.30031e-08,-1.07515e-07,11772
-8.55928e-07,1.73617e-06,11839
9.56297e-06,-1.93977e-05,11871
-1.13254e-05,2.29726e-05,11887
4.22391e-06,-8.56784e-06,11895
-3.69144e-06,7.48777e-06,11899
2.24917e-06,-4.56224e-06,11901
-1.40025e-07,2.84025e-07,11902
-2.60236e-05,5.27867e-05,11935
4.08117e-05,-8.27831e-05,11951
-2.55954e-05,5.19181e-05,11959
3.17471e-05,-6.43964e-05,11963
-2.07531e-05,4.20958e-05,11965
1.19516e-06,-2.42427e-06,11966
-1.31038e-05,2.65799e-05,11983
6.62214e-05,-0.000134324,11991
-0.000130572,0.000264853,11995
9.17173e-05,-0.000186041,11997
-4.90709e-06,9.9536e-06,11998
-4.54522e-05,9.21958e-05,12007
0.000118635,-0.00024064,12011
-8.59491e-05,0.00017434,12013
4.46131e-06,-9.04939e-06,12014
-1.38001e-05,2.79923e-05,12019
1.2419e-05,-2.51909e-05,12021
-6.98861e-07,1.41758e-06,12022
-6.5593e-07,1.3305e-06,12025
4.42732e-07,-8.98043e-07,12026
-2.72424e-07,5.5259e-07,12028
1.68123e-05,-3.41023e-05,12063
-2.69965e-05,5.47601e-05,12079
1.87152e-05,-3.79621e-05,12087
-2.47502e-05,5.02037e-05,12091
1.64127e-05,-3.32918e-05,12093
-9.39794e-07,1.90629e-06,12094
1.14795e-05,-2.32851e-05,12111
-6.34112e-05,0.000128624,12119
0.000129644,-0.000262972,12123
-9.16751e-05,0.000185955,12125
4.91786e-06,-9.97545e-06,12126
4.45868e-05,-9.04405e-05,12135
-0.000120103,0.00024362,12139
8.74899e-05,-0.000177466,12141
-4.56531e-06,9.26033e-06,12142
1.40249e-05,-2.84483e-05,12147
-1.27166e-05,2.57946e-05,12149
7.27192e-07,-1.47505e-06,12150
6.83789e-07,-1.38701e-06,12153
-4.60655e-07,9.34398e-07,12154
2.83164e-07,-5.74375e-07,12156
-1.07261e-06,2.17569e-06,12175
7.9746e-06,-1.61758e-05,12183
-1.95658e-05,3.96875e-05,12187
1.41907e-05,-2.87846e-05,12189
-7.6065e-07,1.54291e-06,12190
-6.90246e-06,1.4001e-05,12199
2.23193e-05,-4.52728e-05,12203
-1.66609e-05,3.37951e-05,12205
8.80295e-07,-1.7856e-06,12206
-3.12455e-06,6.33789e-06,12211
2.93182e-06,-5.94695e-06,12213
-1.8117e-07,3.67487e-07,12214
-1.83489e-07,3.7219e-07,12217
1.23144e-07,-2.49788e-07,12218
-7.46895e-08,1.51499e-07,12220
3.96104e-07,-8.03466e-07,12231
-1.74658e-06,3.54278e-06,12235
1.37214e-06,-2.78328e-06,12237
-7.56006e-08,1.53347e-07,12238
1.75161e-06,-3.553e-06,12243
-1.6696e-06,3.38665e-06,12245
1.13896e-07,-2.31027e-07,12246
1.24146e-07,-2.51822e-07,12249
-8.92327e-08,1.80999e-07,12250
5.26468e-08,-1.06789e-07,12252
-9.77319e-07,1.98241e-06,12259
9.11407e-07,-1.84871e-06,12261
-6.19187e-08,1.25595e-07,12262
-7.14132e-08,1.4485e-07,12265
5.46215e-08,-1.10797e-07,12266
-3.19238e-08,6.47546e-08,12268
5.50227e-09,-1.11639e-08,12273
-4.5239e-09,9.17786e-09,12274
2.78875e-09,-5.65523e-09,12276
1.25258e-07,-2.54075e-07,12543
-2.10044e-07,4.26055e-07,12671
3.66656e-07,-7.43731e-07,12735
-1.94001e-06,3.93514e-06,12767
2.01858e-06,-4.0945e-06,12783
-5.17118e-07,1.04893e-06,12791
3.24537e-07,-6.58294e-07,12795
-1.8107e-07,3.67284e-07,12797
1.25289e-08,-2.54169e-08,12798
2.79095e-07,-5.66117e-07,12927
-4.49788e-06,9.12356e-06,12991
2.7414e-05,-5.5607e-05,13023
-2.82607e-05,5.73243e-05,13039
6.9866e-06,-1.41717e-05,13047
-4.12559e-06,8.3684e-06,13051
2.25093e-06,-4.56583e-06,13053
-1.61867e-07,3.28331e-07,13054
4.51841e-06,-9.16521e-06,13119
-3.40072e-05,6.89807e-05,13151
3.60156e-05,-7.30546e-05,13167
-9.54375e-06,1.93587e-05,13175
6.11933e-06,-1.24125e-05,13179
-3.42861e-06,6.95464e-06,13181
2.38596e-07,-4.83973e-07,13182
9.39822e-06,-1.90635e-05,13215
-1.31321e-05,2.66373e-05,13231
5.74356e-06,-1.16503e-05,13239
-5.71977e-06,1.16021e-05,13243
3.57327e-06,-7.24808e-06,13245
-2.16505e-07,4.39162e-07,13246
2.23289e-06,-4.52923e-06,13263
-8.30405e-06,1.6844e-05,13271
1.47344e-05,-2.98875e-05,13275
-1.02379e-05,2.07668e-05,13277
5.61095e-07,-1.13813e-06,13278
5.35759e-06,-1.08674e-05,13287
-1.28838e-05,2.61336e-05,13291
9.29317e-06,-1.88504e-05,13293
-4.92489e-07,9.9897e-07,13294
1.54723e-06,-3.13842e-06,13299
-1.38304e-06,2.80538e-06,13301
7.85341e-08,-1.59304e-07,13302
7.247e-08,-1.47001e-07,13305
-4.95385e-08,1.00485e-07,13306
3.03726e-08,-6.16096e-08,13308
-7.31039e-07,1.48285e-06,13439
1.48845e-05,-3.0192e-05,13503
-0.000108232,0.000219539,13535
0.000116825,-0.000236969,13551
-3.46787e-05,7.03428e-05,13559
2.58595e-05,-5.24538e-05,13563
-1.52837e-05,3.10016e-05,13565
1.03272e-06,-2.09478e-06,13566
-1.93474e-05,3.92446e-05,13631
0.000171287,-0.000347441,13663
-0.000189707,0.000384805,13679
5.96695e-05,-0.000121034,13687
-4.65636e-05,9.44502e-05,13691
2.78083e-05,-5.64067e-05,13693
-1.84924e-06,3.75103e-06,13694
-7.1101e-05,0.000144222,13727
0.000104844,-0.000212666,13743
-5.49865e-05,0.000111535,13751
6.31849e-05,-0.000128165,13755
-4.09823e-05,8.31291e-05,13757
2.47078e-06,-5.01177e-06,13758
-2.36463e-05,4.79645e-05,13775
0.000104847,-0.000212674,13783
-0.000206405,0.000418675,13787
0.000146559,-0.000297281,13789
-8.18036e-06,1.65932e-05,13790
-7.03742e-05,0.000142748,13799
0.000186009,-0.000377303,13803
-0.000136605,0.000277091,13805
7.42196e-06,-1.50548e-05,13806
-2.24837e-05,4.56063e-05,13811
2.04885e-05,-4.15592e-05,13813
-1.21858e-06,2.47178e-06,13814
-1.10846e-06,2.2484e-06,13817
7.58302e-07,-1.53815e-06,13818
-4.6426e-07,9.41712e-07,13820
4.64688e-06,-9.4258e-06,13887
-5.56317e-05,0.000112844,13919
6.84646e-05,-0.000138875,13935
-2.90709e-05,5.89677e-05,13943
2.87601e-05,-5.83373e-05,13947
-1.82254e-05,3.69686e-05,13949
1.14999e-06,-2.33267e-06,13950
0.000182255,-0.000369688,13983
-0.000293568,0.000595478,13999
0.000202415,-0.000410581,14007
-0.000277029,0.00056193,14011
0.000186989,-0.000379292,14013
-1.11801e-05,2.2678e-05,14014
0.000103364,-0.000209666,14031
-0.000561598,0.00113915,14039
0.00120549,-0.00244524,14043
-0.000870005,0.00176473,14045
4.91802e-05,-9.97579e-05,14046
0.000391743,-0.000794616,14055
-0.00111008,0.0022517,14059
0.000825147,-0.00167374,14061
-4.55853e-05,9.24658e-05,14062
0.00013261,-0.000268988,14067
-0.000122349,0.000248175,14069
7.48676e-06,-1.51862e-05,14070
6.71814e-06,-1.36272e-05,14073
-4.59629e-06,9.32319e-06,14074
2.81301e-06,-5.70595e-06,14076
-0.00012192,0.000247304,14111
0.000200718,-0.00040714,14127
-0.000151622,0.000307553,14135
0.000219946,-0.000446141,14139
-0.000150371,0.000305015,14141
8.97124e-06,-1.81974e-05,14142
-9.2471e-05,0.000187569,14159
0.000542738,-0.0011009,14167
-0.00120156,0.00243727,14171
0.000872109,-0.001769,14173
-4.94773e-05,0.00010036,14174
-0.000386944,0.000784883,14183
0.00112598,-0.00228396,14187
-0.000840903,0.0017057,14189
4.67205e-05,-9.47686e-05,14190
-0.000135138,0.000274116,14195
0.000125523,-0.000254613,14197
-7.79826e-06,1.58181e-05,14198
-7.0111e-06,1.42214e-05,14201
4.79577e-06,-9.72781e-06,14202
-2.93074e-06,5.94476e-06,14204
8.62766e-06,-1.75005e-05,14223
-6.80238e-05,0.00013798,14231
0.000180509,-0.000366146,14235
-0.0001343,0.000272417,14237
7.65861e-06,-1.55348e-05,14238
5.97396e-05,-0.000121177,14247
-0.000208218,0.000422352,14251
0.000159288,-0.000323101,14253
-9.01011e-06,1.82762e-05,14254
3.00829e-05,-6.10207e-05,14259
-2.89162e-05,5.8654e-05,14261
1.94789e-06,-3.95113e-06,14262
1.88575e-06,-3.82508e-06,14265
-1.29987e-06,2.63668e-06,14266
7.82459e-07,-1.58715e-06,14268
-3.48689e-06,7.07285e-06,14279
1.64763e-05,-3.34208e-05,14283
-1.32421e-05,2.68604e-05,14285
7.85696e-07,-1.59372e-06,14286
-1.66445e-05,3.3762e-05,14291
1.62511e-05,-3.29639e-05,14293
-1.20873e-06,2.45181e-06,14294
-1.26051e-06,2.55683e-06,14297
9.49656e-07,-1.9263e-06,14298
-5.57692e-07,1.13123e-06,14300
9.23066e-06,-1.87236e-05,14307
-8.81367e-06,1.78778e-05,14309
6.53585e-07,-1.32574e-06,14310
7.22383e-07,-1.46529e-06,14313
-5.8568e-07,1.188e-06,14314
3.41778e-07,-6.93264e-07,14316
-5.71968e-08,1.1602e-07,14321
5.11538e-08,-1.0376e-07,14322
-3.1923e-08,6.4754e-08,14324
4.94534e-07,-1.00312e-06,14463
-1.00502e-05,2.0386e-05,14527
7.53452e-05,-0.000152831,14559
-8.26726e-05,0.000167694,14575
2.6301e-05,-5.33492e-05,14583
-2.1398e-05,4.3404e-05,14587
1.30184e-05,-2.64068e-05,14589
-8.70323e-07,1.76538e-06,14590
1.34139e-05,-2.7209e-05,14655
-0.000121974,0.000247414,14687
0.000137123,-0.000278141,14703
-4.58637e-05,9.30306e-05,14711
3.85078e-05,-7.81097e-05,14715
-2.35613e-05,4.77922e-05,14717
1.55777e-06,-3.15981e-06,14718
5.54069e-05,-0.000112388,14751
-8.29376e-05,0.000168232,14767
4.59663e-05,-9.32387e-05,14775
-5.56626e-05,0.000112907,14779
3.66749e-05,-7.43919e-05,14781
-2.23056e-06,4.52449e-06,14782
1.99591e-05,-4.04853e-05,14799
-9.32111e-05,0.000189071,14807
0.000191665,-0.000388776,14811
-0.00013771,0.000279333,14813
7.83177e-06,-1.58861e-05,14814
6.33368e-05,-0.000128473,14823
-0.000174456,0.00035387,14827
0.000129514,-0.000262708,14829
-7.19453e-06,1.45935e-05,14830
2.13157e-05,-4.3237e-05,14835
-1.96377e-05,3.98334e-05,14837
1.20684e-06,-2.44797e-06,14838
1.08267e-06,-2.1961e-06,14841
-7.43604e-07,1.50834e-06,14842
4.54251e-07,-9.21407e-07,14844
-4.18472e-06,8.48834e-06,14911
5.16576e-05,-0.000104783,14943
-6.46376e-05,0.000131112,14959
2.89754e-05,-5.87741e-05,14967
-3.02396e-05,6.13384e-05,14971
1.94882e-05,-3.95301e-05,14973
-1.2374e-06,2.50997e-06,14974
-0.000185001,0.000375258,15007
0.000301073,-0.000610701,15023
-0.000216199,0.000438542,15031
0.000309431,-0.000627655,15035
-0.000211874,0.000429768,15037
1.28721e-05,-2.61099e-05,15038
-0.00011085,0.000224849,15055
0.000623395,-0.0012645,15063
-0.00139101,0.00282155,15067
0.00101602,-0.00206092,15069
-5.87825e-05,0.000119235,15070
-0.000438497,0.000889454,15079
0.00128954,-0.00261571,15083
-0.000969465,0.00196648,15085
5.49803e-05,-0.000111523,15086
-0.000155961,0.000316353,15091
0.000145515,-0.000295165,15093
-9.22555e-06,1.87132e-05,15094
-8.14251e-06,1.65164e-05,15097
5.59863e-06,-1.13563e-05,15098
-3.41695e-06,6.93099e-06,15100
0.00012698,-0.000257567,15135
-0.000211077,0.000428151,15151
0.000165866,-0.000336445,15159
-0.000251844,0.000510844,15163
0.000174734,-0.000354433,15165
-1.06171e-05,2.15359e-05,15166
0.000101513,-0.000205911,15183
-0.000615558,0.00124861,15191
0.00141883,-0.00287797,15195
-0.00104299,0.00211561,15197
6.06859e-05,-0.000123096,15198
0.000442567,-0.00089771,15207
-0.00133901,0.00271606,15211
0.00101223,-0.00205322,15213
-5.78646e-05,0.000117373,15214
0.000163217,-0.000331072,15219
-0.000153479,0.000311318,15221
9.91353e-06,-2.01087e-05,15222
8.76364e-06,-1.77763e-05,15225
-6.03021e-06,1.22318e-05,15226
3.67257e-06,-7.4495e-06,15228
-9.67888e-06,1.96328e-05,15247
7.94294e-05,-0.000161116,15255
-0.000221951,0.000450209,15259
0.000167772,-0.000340311,15261
-9.89368e-06,2.00685e-05,15262
-7.07057e-05,0.00014342,15271
0.000259299,-0.000525965,15275
-0.000201508,0.000408742,15277
1.18411e-05,-2.40187e-05,15278
-3.88022e-05,7.87069e-05,15283
3.7978e-05,-7.70351e-05,15285
-2.70332e-06,5.48346e-06,15286
-2.58172e-06,5.23679e-06,15289
1.80295e-06,-3.65712e-06,15290
-1.07828e-06,2.1872e-06,15292
4.30294e-06,-8.72815e-06,15303
-2.15859e-05,4.37852e-05,15307
1.76887e-05,-3.58799e-05,15309
-1.10596e-06,2.24335e-06,15310
2.26617e-05,-4.59673e-05,15315
-2.28292e-05,4.63072e-05,15317
1.84208e-06,-3.7365e-06,15318
1.9445e-06,-3.94424e-06,15321
-1.49977e-06,3.04215e-06,15322
8.7287e-07,-1.77054e-06,15324
-1.25603e-05,2.54775e-05,15331
1.24355e-05,-2.52244e-05,15333
-1.01142e-06,2.05159e-06,15334
-1.16008e-06,2.35312e-06,15337
9.63968e-07,-1.95532e-06,15338
-5.57692e-07,1.13123e-06,15340
8.86788e-08,-1.79875e-07,15345
-8.39331e-08,1.70251e-07,15346
5.26473e-08,-1.0679e-07,15348
3.50812e-07,-7.11591e-07,15423
-4.95712e-06,1.00551e-05,15455
6.53243e-06,-1.32505e-05,15471
-3.46591e-06,7.03031e-06,15479
4.29969e-06,-8.72156e-06,15483
-2.92219e-06,5.92741e-06,15485
1.90232e-07,-3.85869e-07,15486
2.5652e-05,-5.20328e-05,15519
-4.30265e-05,8.72755e-05,15535
3.58523e-05,-7.27232e-05,15543
-6.03555e-05,0.000122426,15547
4.33965e-05,-8.80261e-05,15549
-2.77616e-06,5.63121e-06,15550
2.01903e-05,-4.09543e-05,15567
-0.000130208,0.000264115,15575
0.000332428,-0.000674302,15579
-0.000252586,0.000512349,15581
1.57126e-05,-3.18716e-05,15582
9.49698e-05,-0.000192638,15591
-0.000317277,0.00064357,15595
0.000247606,-0.000502247,15597
-1.52483e-05,3.09298e-05,15598
4.03729e-05,-8.18929e-05,15603
-3.92144e-05,7.95431e-05,15605
2.80049e-06,-5.68055e-06,15606
2.37972e-06,-4.82706e-06,15609
-1.66715e-06,3.38168e-06,15610
1.00471e-06,-2.03796e-06,15612
-2.23744e-05,4.53846e-05,15647
3.82331e-05,-7.75526e-05,15663
-3.50968e-05,7.11909e-05,15671
6.34394e-05,-0.000128681,15675
-4.63647e-05,9.40467e-05,15677
2.9916e-06,-6.06821e-06,15678
-2.36042e-05,4.78791e-05,15695
0.000164307,-0.000333283,15703
-0.000437994,0.000888432,15707
0.000336015,-0.000681577,15709
-2.11712e-05,4.29439e-05,15710
-0.000122819,0.000249128,15719
0.000427052,-0.000866238,15723
-0.000336309,0.000682173,15725
2.10398e-05,-4.26774e-05,15726
-5.56867e-05,0.000112956,15731
5.47531e-05,-0.000111062,15733
-4.03024e-06,8.17499e-06,15734
-3.43534e-06,6.96828e-06,15737
2.41709e-06,-4.90286e-06,15738
-1.45037e-06,2.94195e-06,15740
3.00953e-06,-6.10457e-06,15759
-2.92114e-05,5.92528e-05,15767
9.91986e-05,-0.000201216,15771
-7.91882e-05,0.000160626,15773
5.20176e-06,-1.05513e-05,15774
2.77601e-05,-5.6309e-05,15783
-0.000123061,0.000249618,15787
0.000100938,-0.000204745,15789
-6.6985e-06,1.35873e-05,15790
2.16296e-05,-4.38737e-05,15795
-2.2576e-05,4.57935e-05,15797
1.91627e-06,-3.88698e-06,15798
1.80305e-06,-3.65734e-06,15801
-1.32112e-06,2.67978e-06,15802
7.7232e-07,-1.56659e-06,15804
-2.22179e-06,4.50672e-06,15815
1.38876e-05,-2.81699e-05,15819
-1.21685e-05,2.46828e-05,15821
8.9717e-07,-1.81983e-06,15822
-1.77419e-05,3.5988e-05,15827
1.98862e-05,-4.03374e-05,15829
-2.03433e-06,4.12646e-06,15830
-2.28148e-06,4.62778e-06,15833
1.89387e-06,-3.84155e-06,15834
-1.07828e-06,2.1872e-06,15836
9.95835e-06,-2.01997e-05,15843
-1.11961e-05,2.27104e-05,15845
1.19092e-06,-2.41568e-06,15846
1.54144e-06,-3.12668e-06,15849
-1.37718e-06,2.79349e-06,15850
7.82458e-07,-1.58715e-06,15852
-1.05517e-07,2.14033e-07,15857
1.16991e-07,-2.37304e-07,15858
-7.46886e-08,1.515e-07,15860
1.08596e-06,-2.20277e-06,15903
-2.6404e-06,5.35583e-06,15919
2.8552e-06,-5.79152e-06,15927
-6.16342e-06,1.2502e-05,15931
4.72029e-06,-9.5747e-06,15933
-3.20696e-07,6.50507e-07,15934
2.25358e-06,-4.5712e-06,15951
-1.86258e-05,3.77808e-05,15959
5.77486e-05,-0.000117138,15963
-4.6037e-05,9.33821e-05,15965
3.0948e-06,-6.27754e-06,15966
1.48939e-05,-3.02111e-05,15975
-6.02126e-05,0.000122136,15979
4.93103e-05,-0.000100022,15981
-3.33642e-06,6.76765e-06,15982
9.1059e-06,-1.84705e-05,15987
-9.44864e-06,1.91657e-05,15989
8.00831e-07,-1.62442e-06,15990
6.93155e-07,-1.406e-06,15993
-5.06784e-07,1.02797e-06,15994
2.9751e-07,-6.03474e-07,15996
-2.18766e-06,4.43749e-06,16015
2.43846e-05,-4.94621e-05,16023
-9.88078e-05,0.000200423,16027
8.26786e-05,-0.000167706,16029
-5.96086e-06,1.20911e-05,16030
-2.5208e-05,5.11322e-05,16039
0.000133504,-0.000270801,16043
-0.000114972,0.000233211,16045
8.49051e-06,-1.72223e-05,16046
-2.99388e-05,6.07283e-05,16051
3.34008e-05,-6.77507e-05,16053
-3.33757e-06,6.76998e-06,16054
-3.23787e-06,6.56773e-06,16057
2.53306e-06,-5.13809e-06,16058
-1.45037e-06,2.94195e-06,16060
3.05494e-06,-6.19669e-06,16071
-2.37668e-05,4.82089e-05,16075
2.2259e-05,-4.51504e-05,16077
-1.91179e-06,3.8779e-06,16078
4.08888e-05,-8.29393e-05,16083
-5.02086e-05,0.000101844,16085
6.156e-06,-1.24869e-05,16086
7.29683e-06,-1.4801e-05,16089
-6.51904e-06,1.32233e-05,16090
3.67257e-06,-7.4495e-06,16092
-2.39129e-05,4.85052e-05,16099
2.99075e-05,-6.06648e-05,16101
-3.86775e-06,7.8454e-06,16102
-5.41958e-06,1.09932e-05,16105
5.18949e-06,-1.05264e-05,16106
-2.93074e-06,5.94476e-06,16108
3.48422e-07,-7.06746e-07,16113
-4.35621e-07,8.8362e-07,16114
2.83164e-07,-5.74372e-07,16116
1.25278e-06,-2.54115e-06,16143
-1.38558e-05,2.81052e-05,16151
5.73341e-05,-0.000116297,16155
-4.83924e-05,9.81599e-05,16157
3.56138e-06,-7.22395e-06,16158
1.44457e-05,-2.93019e-05,16167
-7.87021e-05,0.00015964,16171
6.84715e-05,-0.000138889,16173
-5.18096e-06,1.05091e-05,16174
1.89984e-05,-3.85366e-05,16179
-2.15597e-05,4.37319e-05,16181
2.24091e-06,-4.5455e-06,16182
2.20698e-06,-4.47667e-06,16185
-1.76187e-06,3.57381e-06,16186
1.00471e-06,-2.03796e-06,16188
-2.15835e-06,4.37803e-06,16199
1.79221e-05,-3.63533e-05,16203
-1.71189e-05,3.47242e-05,16205
1.53293e-06,-3.10941e-06,16206
-3.45871e-05,7.0157e-05,16211
4.3405e-05,-8.80433e-05,16213
-5.53692e-06,1.12312e-05,16214
-6.67725e-06,1.35442e-05,16217
6.07332e-06,-1.23192e-05,16218
-3.41695e-06,6.93099e-06,16220
2.07009e-05,-4.199e-05,16227
-2.65463e-05,5.38469e-05,16229
3.57821e-06,-7.2581e-06,16230
5.12037e-06,-1.03862e-05,16233
-4.98254e-06,1.01067e-05,16234
2.81301e-06,-5.70595e-06,16236
-3.22948e-07,6.55075e-07,16241
4.16544e-07,-8.44923e-07,16242
-2.72425e-07,5.52593e-07,16244
1.48041e-07,-3.00291e-07,16263
-1.39476e-06,2.82916e-06,16267
1.36897e-06,-2.77683e-06,16269
-1.29266e-07,2.62206e-07,16270
3.62522e-06,-7.35344e-06,16275
-4.69252e-06,9.51838e-06,16277
6.34091e-07,-1.2862e-06,16278
8.46075e-07,-1.71619e-06,16281
-8.06329e-07,1.63557e-06,16282
4.54251e-07,-9.21408e-07,16284
-2.60923e-06,5.29261e-06,16291
3.4761e-06,-7.05098e-06,16293
-5.00594e-07,1.01541e-06,16294
-8.01727e-07,1.62624e-06,16297
8.18858e-07,-1.66098e-06,16298
-4.64259e-07,9.41711e-07,16300
5.65024e-08,-1.14611e-07,16305
-7.91902e-08,1.60631e-07,16306
5.30044e-08,-1.07515e-07,16308
-1.64859e-07,3.34402e-07,16325
2.49025e-08,-5.05108e-08,16326
4.57215e-08,-9.27417e-08,16329
-5.24407e-08,1.06372e-07,16330
3.03743e-08,-6.16102e-08,16332
-3.35354e-08,6.80217e-08,16337
4.37328e-08,-8.87083e-08,16338
-2.88126e-08,5.84469e-08,16340
2.03043e-08,-4.11874e-08,16353
-2.5439e-08,5.16054e-08,16354
1.63293e-08,-3.31239e-08,16356
-8.84209e-10,1.79255e-09,16895
1.2623e-08,-2.56017e-08,17151
-2.33193e-08,4.72999e-08,17279
4.17534e-08,-8.4692e-08,17343
-1.83548e-07,3.72312e-07,17375
1.84486e-07,-3.74217e-07,17391
-4.33974e-08,8.80263e-08,17399
2.47366e-08,-5.0177e-08,17403
-1.34164e-08,2.72094e-08,17405
9.55563e-10,-1.93953e-09,17406
-2.3173e-07,4.70044e-07,17663
4.15256e-07,-8.42312e-07,17791
-7.72916e-07,1.56779e-06,17855
3.7251e-06,-7.55605e-06,17887
-3.77246e-06,7.6521e-06,17903
8.93024e-07,-1.81142e-06,17911
-5.17814e-07,1.05034e-06,17915
2.82537e-07,-5.73102e-07,17917
-1.99829e-08,4.05316e-08,17918
-4.13982e-07,8.39725e-07,18047
5.77038e-06,-1.17047e-05,18111
-3.29826e-05,6.69024e-05,18143
3.34961e-05,-6.79439e-05,18159
-7.89471e-06,1.60137e-05,18167
4.5049e-06,-9.13781e-06,18171
-2.43923e-06,4.94776e-06,18173
1.76693e-07,-3.58407e-07,18174
-5.30151e-06,1.07537e-05,18239
3.7437e-05,-7.59377e-05,18271
-3.89682e-05,7.90437e-05,18287
9.7729e-06,-1.98235e-05,18295
-6.02803e-06,1.22273e-05,18299
3.34835e-06,-6.79184e-06,18301
-2.35731e-07,4.78161e-07,18302
-8.74636e-06,1.77412e-05,18335
1.19337e-05,-2.42065e-05,18351
-4.91889e-06,9.97755e-06,18359
4.80775e-06,-9.7521e-06,18363
-3.00162e-06,6.08854e-06,18365
1.83788e-07,-3.72797e-07,18366
-1.86128e-06,3.77544e-06,18383
6.70912e-06,-1.36089e-05,18391
-1.20177e-05,2.43769e-05,18395
8.40092e-06,-1.70405e-05,18397
-4.65484e-07,9.44198e-07,18398
-4.31934e-06,8.76141e-06,18407
1.0522e-05,-2.13429e-05,18411
-7.63942e-06,1.54959e-05,18413
4.09857e-07,-8.31357e-07,18414
-1.27832e-06,2.59297e-06,18419
1.14893e-06,-2.33052e-06,18421
-6.62155e-08,1.34314e-07,18422
-6.06846e-08,1.23094e-07,18425
4.1499e-08,-8.41794e-08,18426
-2.54418e-08,5.16042e-08,18428
3.36763e-07,-6.83097e-07,18687
-5.87545e-07,1.19178e-06,18815
1.08189e-06,-2.19452e-06,18879
-5.34637e-06,1.08446e-05,18911
5.44811e-06,-1.1051e-05,18927
-1.31088e-06,2.65901e-06,18935
7.70647e-07,-1.56319e-06,18939
-4.21756e-07,8.55495e-07,18941
2.97895e-08,-6.04296e-08,18942
6.80189e-07,-1.37971e-06,19071
-9.80414e-06,1.98869e-05,19135
5.67337e-05,-0.000115079,19167
-5.77483e-05,0.000117137,19183
1.36834e-05,-2.77556e-05,19191
-7.80088e-06,1.58234e-05,19195
4.21567e-06,-8.55112e-06,19197
-3.06261e-07,6.21224e-07,19198
9.16617e-06,-1.85928e-05,19263
-6.54337e-05,0.000132727,19295
6.82591e-05,-0.000138458,19311
-1.71978e-05,3.48843e-05,19319
1.05852e-05,-2.14711e-05,19323
-5.86656e-06,1.18998e-05,19325
4.1379e-07,-8.39336e-07,19326
1.55703e-05,-3.15831e-05,19359
-2.12826e-05,4.31699e-05,19375
8.76377e-06,-1.77765e-05,19383
-8.48625e-06,1.72136e-05,19387
5.2785e-06,-1.0707e-05,19389
-3.22916e-07,6.55008e-07,19390
3.31923e-06,-6.73277e-06,19407
-1.1841e-05,2.40185e-05,19415
2.093e-05,-4.24546e-05,19419
-1.4578e-05,2.95703e-05,19421
8.04728e-07,-1.63232e-06,19422
7.59738e-06,-1.54106e-05,19431
-1.8267e-05,3.70531e-05,19435
1.32194e-05,-2.68144e-05,19437
-7.05853e-07,1.43176e-06,19438
2.21344e-06,-4.48978e-06,19443
-1.98338e-06,4.02311e-06,19445
1.13465e-07,-2.30154e-07,19446
1.043e-07,-2.11566e-07,19449
-7.13323e-08,1.4469e-07,19450
4.37325e-08,-8.8708e-08,19452
-2.52802e-07,5.12785e-07,19583
4.83662e-06,-9.81067e-06,19647
-3.32133e-05,6.73702e-05,19679
3.49876e-05,-7.09693e-05,19695
-9.40023e-06,1.90676e-05,19703
6.20238e-06,-1.2581e-05,19707
-3.51204e-06,7.12386e-06,19709
2.43525e-07,-4.9397e-07,19710
-5.91458e-06,1.19972e-05,19775
4.9737e-05,-0.000100887,19807
-5.37893e-05,0.000109107,19823
1.53992e-05,-3.1236e-05,19831
-1.07952e-05,2.18971e-05,19835
6.21503e-06,-1.26067e-05,19837
-4.21141e-07,8.54243e-07,19838
-1.74927e-05,3.54824e-05,19871
2.51079e-05,-5.09293e-05,19887
-1.20059e-05,2.43529e-05,19895
1.27082e-05,-2.57775e-05,19899
-8.03961e-06,1.63077e-05,19901
4.81302e-07,-9.76283e-07,19902
-5.07023e-06,1.02845e-05,19919
2.06687e-05,-4.19248e-05,19927
-3.80565e-05,7.71944e-05,19931
2.65287e-05,-5.38113e-05,19933
-1.4411e-06,2.92314e-06,19934
-1.36129e-05,2.76126e-05,19943
3.37691e-05,-6.84976e-05,19947
-2.4387e-05,4.94669e-05,19949
1.28109e-06,-2.59859e-06,19950
-4.02478e-06,8.16392e-06,19955
3.60499e-06,-7.31242e-06,19957
-2.03368e-07,4.12513e-07,19958
-1.89307e-07,3.83989e-07,19961
1.28907e-07,-2.61478e-07,19962
-7.91912e-08,1.60631e-07,19964
1.03402e-06,-2.09743e-06,20031
-1.17409e-05,2.38154e-05,20063
1.40619e-05,-2.85234e-05,20079
-5.48352e-06,1.11229e-05,20087
5.01505e-06,-1.01726e-05,20091
-3.09884e-06,6.28573e-06,20093
1.94861e-07,-3.95262e-07,20094
3.35072e-05,-6.79665e-05,20127
-5.30587e-05,0.000107625,20143
3.46683e-05,-7.03217e-05,20151
-4.49323e-05,9.11413e-05,20155
2.97683e-05,-6.03825e-05,20157
-1.74265e-06,3.53483e-06,20158
1.77024e-05,-3.59078e-05,20175
-9.26565e-05,0.000187946,20183
0.000190131,-0.000385663,20187
-0.000135119,0.000274076,20189
7.3926e-06,-1.49953e-05,20190
6.40934e-05,-0.000130008,20199
-0.000173888,0.000352718,20203
0.000127375,-0.000258369,20205
-6.77965e-06,1.37519e-05,20206
2.04764e-05,-4.15346e-05,20211
-1.86205e-05,3.77702e-05,20213
1.08327e-06,-2.19731e-06,20214
9.98283e-07,-2.02493e-06,20217
-6.77898e-07,1.37506e-06,20218
4.16544e-07,-8.44925e-07,20220
-2.19006e-05,4.44235e-05,20255
3.54972e-05,-7.2003e-05,20271
-2.56115e-05,5.19508e-05,20279
3.53794e-05,-7.17641e-05,20283
-2.37746e-05,4.82248e-05,20285
1.38534e-06,-2.81005e-06,20286
-1.56669e-05,3.17789e-05,20303
8.93587e-05,-0.000181256,20311
-0.000189926,0.000385249,20315
0.000135856,-0.000275571,20317
-7.45582e-06,1.51235e-05,20318
-6.3289e-05,0.000128376,20327
0.000177014,-0.000359057,20331
-0.00013036,0.000264425,20333
6.97698e-06,-1.41522e-05,20334
-2.09398e-05,4.24747e-05,20339
1.91826e-05,-3.89102e-05,20341
-1.13368e-06,2.29956e-06,20342
-1.04695e-06,2.12364e-06,20345
7.09784e-07,-1.43974e-06,20346
-4.35621e-07,8.83618e-07,20348
1.48276e-06,-3.00764e-06,20367
-1.13635e-05,2.30499e-05,20375
2.89906e-05,-5.8805e-05,20379
-2.12666e-05,4.31375e-05,20381
1.16822e-06,-2.36964e-06,20382
9.91348e-06,-2.01086e-05,20391
-3.32782e-05,6.7502e-05,20395
2.51121e-05,-5.09378e-05,20397
-1.36274e-06,2.7642e-06,20398
4.73595e-06,-9.60647e-06,20403
-4.48965e-06,9.10686e-06,20405
2.86602e-07,-5.8135e-07,20406
2.85649e-07,-5.79419e-07,20409
-1.93302e-07,3.92092e-07,20410
1.1699e-07,-2.37305e-07,20412
-5.77683e-07,1.17178e-06,20423
2.64288e-06,-5.36086e-06,20427
-2.09815e-06,4.25592e-06,20429
1.18957e-07,-2.41295e-07,20430
-2.67268e-06,5.42129e-06,20435
2.57901e-06,-5.23129e-06,20437
-1.81946e-07,3.6906e-07,20438
-1.96455e-07,3.9849e-07,20441
1.42547e-07,-2.89147e-07,20442
-8.39341e-08,1.70252e-07,20444
1.48794e-06,-3.01816e-06,20451
-1.40578e-06,2.85151e-06,20453
9.89057e-08,-2.00625e-07,20454
1.13511e-07,-2.30248e-07,20457
-8.767e-08,1.77831e-07,20458
5.11531e-08,-1.03761e-07,20460
-8.73235e-09,1.77097e-08,20465
7.3298e-09,-1.48688e-08,20466
-4.52619e-09,9.17895e-09,20468
2.75068e-07,-5.57953e-07,20863
-4.76383e-07,9.66302e-07,20927
2.57319e-06,-5.21948e-06,20959
-2.69958e-06,5.47586e-06,20975
7.14057e-07,-1.4484e-06,20983
-4.62396e-07,9.37931e-07,20987
2.60222e-07,-5.27838e-07,20989
-1.816e-08,3.68334e-08,20990
-3.68909e-07,7.48301e-07,21119
6.08653e-06,-1.2346e-05,21183
-3.75881e-05,7.62442e-05,21215
3.89742e-05,-7.90557e-05,21231
-9.88733e-06,2.00556e-05,21239
5.96894e-06,-1.21075e-05,21243
-3.27466e-06,6.64237e-06,21245
2.38057e-07,-4.82879e-07,21246
-6.19412e-06,1.25642e-05,21311
4.72273e-05,-9.57966e-05,21343
-5.03497e-05,0.00010213,21359
1.37456e-05,-2.78817e-05,21367
-9.07221e-06,1.84022e-05,21371
5.1261e-06,-1.03979e-05,21373
-3.59658e-07,7.29534e-07,21374
-1.35734e-05,2.75325e-05,21407
1.91527e-05,-3.88497e-05,21423
-8.72908e-06,1.77062e-05,21431
9.06156e-06,-1.83806e-05,21435
-5.7294e-06,1.16216e-05,21437
3.50269e-07,-7.10491e-07,21438
-3.3952e-06,6.88686e-06,21455
1.32101e-05,-2.67955e-05,21463
-2.44291e-05,4.95523e-05,21467
1.71478e-05,-3.47829e-05,21469
-9.53176e-07,1.93344e-06,21470
-8.60955e-06,1.74637e-05,21479
2.15529e-05,-4.37181e-05,21483
-1.56902e-05,3.18262e-05,21485
8.45232e-07,-1.71448e-06,21486
-2.60917e-06,5.29248e-06,21491
2.35293e-06,-4.77272e-06,21493
-1.36789e-07,2.77463e-07,21494
-1.24779e-07,2.53102e-07,21497
8.55555e-08,-1.73542e-07,21498
-5.24403e-08,1.06373e-07,21500
1.05393e-06,-2.1378e-06,21631
-2.16836e-05,4.39832e-05,21695
0.000159405,-0.000323339,21727
-0.000173308,0.00035154,21743
5.32216e-05,-0.000107956,21751
-4.12136e-05,8.35982e-05,21755
2.46402e-05,-4.99805e-05,21757
-1.67266e-06,3.39285e-06,21758
2.84247e-05,-5.76571e-05,21823
-0.000254143,0.000515508,21855
0.000283542,-0.00057514,21871
-9.22541e-05,0.00018713,21879
7.47006e-05,-0.000151524,21883
-4.51145e-05,9.15108e-05,21885
3.0158e-06,-6.11729e-06,21886
0.000108954,-0.000221004,21919
-0.000162007,0.000328618,21935
8.81127e-05,-0.000178729,21943
-0.000105061,0.000213108,21947
6.88485e-05,-0.000139653,21949
-4.18654e-06,8.49203e-06,21950
3.78221e-05,-7.67188e-05,21967
-0.00017371,0.000352356,21975
0.000353312,-0.000716663,21979
-0.000252879,0.000512943,21981
1.42769e-05,-2.89594e-05,21982
0.000117488,-0.000238314,21991
-0.000320296,0.000649692,21995
0.000236921,-0.000480573,21997
-1.30363e-05,2.6443e-05,21998
3.90027e-05,-7.91136e-05,22003
-3.57716e-05,7.25596e-05,22005
2.1627e-06,-4.38685e-06,22006
1.95115e-06,-3.95773e-06,22009
-1.33768e-06,2.71337e-06,22010
8.18858e-07,-1.66098e-06,22012
-7.08473e-06,1.43708e-05,22079
8.56718e-05,-0.000173778,22111
-0.000106358,0.000215739,22127
4.67679e-05,-9.48646e-05,22135
-4.79184e-05,9.71984e-05,22139
3.06686e-05,-6.22086e-05,22141
-1.9473e-06,3.94993e-06,22142
-0.000289716,0.000587665,22175
0.000469794,-0.000952937,22191
-0.000334035,0.000677561,22199
0.000471709,-0.00095682,22203
-0.000321057,0.000651236,22205
1.93521e-05,-3.92541e-05,22206
-0.000169996,0.000344823,22223
0.000947397,-0.00192171,22231
-0.00208697,0.00423323,22235
0.00151583,-0.00307472,22237
-8.64905e-05,0.000175439,22238
-0.0006644,0.00134768,22247
0.00192914,-0.00391309,22251
-0.00144233,0.00292564,22253
8.04869e-05,-0.000163261,22254
-0.000232,0.000470593,22259
0.000215114,-0.000436339,22261
-1.33213e-05,2.70212e-05,22262
-1.18814e-05,2.41005e-05,22265
8.14102e-06,-1.65134e-05,22266
-4.98254e-06,1.01067e-05,22268
0.000195266,-0.00039608,22303
-0.000323451,0.000656093,22319
0.000251625,-0.0005104,22327
-0.000376161,0.000763011,22331
0.000259202,-0.000525769,22333
-1.55873e-05,3.16175e-05,22334
0.000152917,-0.000310179,22351
-0.000918398,0.00186289,22359
0.00208367,-0.00422654,22363
-0.00152151,0.00308625,22365
8.70828e-05,-0.00017664,22366
0.000657971,-0.00133464,22375
-0.00195919,0.00397405,22379
0.00147121,-0.00298423,22381
-8.25101e-05,0.000167365,22382
0.000236693,-0.000480112,22387
-0.000220851,0.000447976,22389
1.38655e-05,-2.8125e-05,22390
1.23984e-05,-2.5149e-05,22393
-8.49097e-06,1.72232e-05,22394
5.18949e-06,-1.05264e-05,22396
-1.43904e-05,2.91897e-05,22415
0.000115718,-0.000234725,22423
-0.000313884,0.000636686,22427
0.000234716,-0.000476101,22429
-1.34815e-05,2.7346e-05,22430
-0.000102084,0.000207069,22439
0.000363009,-0.000736333,22443
-0.000278948,0.000565822,22445
1.58895e-05,-3.22304e-05,22446
-5.27322e-05,0.000106963,22451
5.08363e-05,-0.000103117,22453
-3.43995e-06,6.97763e-06,22454
-3.3197e-06,6.73373e-06,22457
2.28627e-06,-4.63751e-06,22458
-1.37718e-06,2.79349e-06,22460
5.99494e-06,-1.21602e-05,22471
-2.87993e-05,5.84169e-05,22475
2.32158e-05,-4.70913e-05,22477
-1.38194e-06,2.80314e-06,22478
2.90462e-05,-5.89178e-05,22483
-2.84022e-05,5.76114e-05,22485
2.1066e-06,-4.27305e-06,22486
2.19019e-06,-4.44261e-06,22489
-1.63915e-06,3.32487e-06,22490
9.63968e-07,-1.95532e-06,22492
-1.6085e-05,3.26271e-05,22499
1.5376e-05,-3.1189e-05,22501
-1.13505e-06,2.30235e-06,22502
-1.24739e-06,2.53022e-06,22505
1.00231e-06,-2.0331e-06,22506
-5.8568e-07,1.188e-06,22508
9.91981e-08,-2.01211e-07,22513
-8.76693e-08,1.7783e-07,22514
5.46237e-08,-1.10797e-07,22516
-7.31039e-07,1.48285e-06,22655
1.49816e-05,-3.03888e-05,22719
-0.000113646,0.000230521,22751
0.0001257,-0.000254972,22767
-4.14749e-05,8.41283e-05,22775
3.50838e-05,-7.11644e-05,22779
-2.15827e-05,4.37786e-05,22781
1.44734e-06,-2.9358e-06,22782
-2.01691e-05,4.09112e-05,22847
0.000185282,-0.000375829,22879
-0.00020993,0.000425825,22895
7.27395e-05,-0.000147546,22903
-6.33834e-05,0.000128568,22907
3.91949e-05,-7.95036e-05,22909
-2.60136e-06,5.27664e-06,22910
-8.69156e-05,0.000176301,22943
0.000131166,-0.000266058,22959
-7.52877e-05,0.000152715,22967
9.43232e-05,-0.000191326,22971
-6.27034e-05,0.000127188,22973
3.83852e-06,-7.7861e-06,22974
-3.26291e-05,6.61853e-05,22991
0.000157359,-0.000319189,22999
-0.000332797,0.000675051,23003
0.000240641,-0.00048812,23005
-1.37924e-05,2.79767e-05,23006
-0.00010765,0.000218359,23015
0.00030439,-0.000617429,23019
-0.000227248,0.000460952,23021
1.27301e-05,-2.58219e-05,23022
-3.74135e-05,7.589e-05,23027
3.46338e-05,-7.02518e-05,23029
-2.15042e-06,4.36195e-06,23030
-1.91987e-06,3.89429e-06,23033
1.31963e-06,-2.67675e-06,23034
-8.06331e-07,1.63557e-06,23036
6.53398e-06,-1.32536e-05,23103
-8.14066e-05,0.000165126,23135
0.000102734,-0.000208387,23151
-4.76235e-05,9.66002e-05,23159
5.13183e-05,-0.000104095,23163
-3.33526e-05,6.76529e-05,23165
2.12683e-06,-4.31409e-06,23166
0.000300311,-0.000609156,23199
-0.000491765,0.000997502,23215
0.000363417,-0.000737161,23223
-0.000534591,0.00108437,23227
0.000368478,-0.000747426,23229
-2.24949e-05,4.56291e-05,23230
0.000185754,-0.000376786,23247
-0.00106882,0.00216801,23255
0.00243638,-0.00494198,23259
-0.00178788,0.00362657,23261
0.000103939,-0.000210831,23262
0.000755318,-0.0015321,23271
-0.00226549,0.00459536,23275
0.0017102,-0.00346899,23277
-9.74781e-05,0.000197726,23278
0.000275353,-0.000558529,23283
-0.000257738,0.0005228,23285
1.64285e-05,-3.33237e-05,23286
1.44672e-05,-2.93454e-05,23289
-9.94604e-06,2.01747e-05,23290
6.07331e-06,-1.23192e-05,23292
-0.000207627,0.000421154,23327
0.000347067,-0.000703995,23343
-0.000280263,0.00056849,23351
0.000436708,-0.000885825,23355
-0.000304837,0.000618336,23357
1.86025e-05,-3.77335e-05,23358
-0.000170985,0.000346829,23375
0.0010584,-0.00214686,23383
-0.00248833,0.00504737,23387
0.00183692,-0.00372603,23389
-0.000107309,0.000217668,23390
-0.000764159,0.00155003,23399
0.00235448,-0.00477586,23403
-0.00178648,0.00362372,23405
0.000102539,-0.000207991,23406
-0.000288325,0.000584843,23411
0.000271852,-0.000551428,23413
-1.76227e-05,3.57462e-05,23414
-1.55553e-05,3.15525e-05,23417
1.0697e-05,-2.16979e-05,23418
-6.51905e-06,1.32233e-05,23420
1.64495e-05,-3.33664e-05,23439
-0.000137277,0.000278454,23447
0.000389913,-0.000790905,23451
-0.000295604,0.000599606,23453
1.74556e-05,-3.54071e-05,23454
0.000122644,-0.000248773,23463
-0.000456279,0.000925522,23467
0.000355427,-0.000720954,23469
-2.0898e-05,4.23898e-05,23470
6.84411e-05,-0.000138827,23475
-6.70335e-05,0.000135972,23477
4.75504e-06,-9.64518e-06,23478
4.54467e-06,-9.21847e-06,23481
-3.16229e-06,6.41444e-06,23482
1.89387e-06,-3.84155e-06,23484
-7.49744e-06,1.52079e-05,23495
3.79941e-05,-7.70678e-05,23499
-3.11559e-05,6.31971e-05,23501
1.93989e-06,-3.9349e-06,23502
-3.9737e-05,8.06032e-05,23507
3.99779e-05,-8.10918e-05,23509
-3.19019e-06,6.47103e-06,23510
-3.36765e-06,6.83098e-06,23513
2.57235e-06,-5.21779e-06,23514
-1.49977e-06,3.04215e-06,23516
2.19991e-05,-4.46233e-05,23523
-2.17408e-05,4.40993e-05,23525
1.74542e-06,-3.54043e-06,23526
1.99598e-06,-4.04867e-06,23529
-1.63914e-06,3.32486e-06,23530
9.49658e-07,-1.9263e-06,23532
-1.53079e-07,3.10511e-07,23537
1.42549e-07,-2.89147e-07,23538
-8.92316e-08,1.80999e-07,23540
-5.62669e-07,1.14133e-06,23615
8.02746e-06,-1.6283e-05,23647
-1.06768e-05,2.1657e-05,23663
5.8551e-06,-1.18766e-05,23671
-7.4484e-06,1.51084e-05,23675
5.08622e-06,-1.0317e-05,23677
-3.30672e-07,6.70738e-07,23678
-4.28586e-05,8.6935e-05,23711
7.22782e-05,-0.00014661,23727
-6.17492e-05,0.000125253,23735
0.000105762,-0.00021453,23739
-7.62207e-05,0.000154607,23741
4.85984e-06,-9.85776e-06,23742
-3.47287e-05,7.04442e-05,23759
0.000227617,-0.000461701,23767
-0.000586639,0.00118995,23771
0.000445929,-0.000904529,23773
-2.75876e-05,5.59592e-05,23774
-0.000166475,0.000337681,23783
0.000560497,-0.00113692,23787
-0.000437413,0.000887255,23789
2.67688e-05,-5.42981e-05,23790
-7.13328e-05,0.000144692,23795
6.92149e-05,-0.000140397,23797
-4.8986e-06,9.93639e-06,23798
-4.18356e-06,8.486e-06,23801
2.91842e-06,-5.91975e-06,23802
-1.76187e-06,3.57381e-06,23804
3.77266e-05,-7.65252e-05,23839
-6.47536e-05,0.000131347,23855
6.07801e-05,-0.000123287,23863
-0.00011143,0.000226026,23867
8.15474e-05,-0.000165412,23869
-5.23644e-06,1.06217e-05,23870
4.08255e-05,-8.28111e-05,23887
-0.000288008,0.0005842,23895
0.000773102,-0.00156817,23899
-0.000592929,0.00120271,23901
3.70977e-05,-7.52496e-05,23902
0.000215754,-0.000437639,23911
-0.000754235,0.0015299,23915
0.000593565,-0.001204,23917
-3.68417e-05,7.47303e-05,23918
9.82638e-05,-0.00019932,23923
-9.64445e-05,0.000195629,23925
7.0201e-06,-1.42397e-05,23926
6.0186e-06,-1.22082e-05,23929
-4.21312e-06,8.54595e-06,23930
2.53306e-06,-5.13809e-06,23932
-5.25378e-06,1.06568e-05,23951
5.13577e-05,-0.000104175,23959
-0.000174506,0.00035397,23963
0.000139002,-0.000281954,23965
-9.02686e-06,1.83102e-05,23966
-4.88395e-05,9.90668e-05,23975
0.000216284,-0.000438714,23979
-0.000176946,0.00035892,23981
1.15933e-05,-2.35159e-05,23982
-3.77987e-05,7.66714e-05,23987
3.92918e-05,-7.97e-05,23989
-3.27792e-06,6.64899e-06,23990
-3.10571e-06,6.29966e-06,23993
2.25465e-06,-4.57337e-06,23994
-1.32112e-06,2.67978e-06,23996
3.90106e-06,-7.91297e-06,24007
-2.42482e-05,4.91854e-05,24011
2.11589e-05,-4.29189e-05,24013
-1.53356e-06,3.1107e-06,24014
3.06743e-05,-6.22202e-05,24019
-3.41784e-05,6.93279e-05,24021
3.42431e-06,-6.94592e-06,24022
3.86142e-06,-7.83255e-06,24025
-3.16229e-06,6.41444e-06,24026
1.80295e-06,-3.65712e-06,24028
-1.71965e-05,3.48817e-05,24035
1.92072e-05,-3.89602e-05,24037
-1.99872e-06,4.05422e-06,24038
-2.59647e-06,5.26672e-06,24041
2.28628e-06,-4.63751e-06,24042
-1.29987e-06,2.63668e-06,24044
1.77592e-07,-3.60229e-07,24049
-1.93298e-07,3.92094e-07,24050
1.23146e-07,-2.49789e-07,24052
3.22146e-06,-6.53446e-06,24111
-5.00132e-06,1.01448e-05,24119
1.08289e-05,-2.19655e-05,24123
-8.2758e-06,1.67867e-05,24125
5.55994e-07,-1.12778e-06,24126
-3.94696e-06,8.00608e-06,24143
3.27905e-05,-6.65127e-05,24151
-0.000101364,0.000205608,24155
8.05524e-05,-0.000163394,24157
-5.3419e-06,1.08356e-05,24158
-2.62191e-05,5.31832e-05,24167
0.000105546,-0.000214091,24171
-8.61358e-05,0.000174719,24173
5.74186e-06,-1.16469e-05,24174
-1.58567e-05,3.21639e-05,24179
1.63765e-05,-3.32182e-05,24181
-1.36188e-06,2.76246e-06,24182
-1.18847e-06,2.4107e-06,24185
8.6103e-07,-1.74653e-06,24186
-5.06785e-07,1.02797e-06,24188
3.82695e-06,-7.76264e-06,24207
-4.26998e-05,8.66129e-05,24215
0.00017156,-0.000347994,24219
-0.00014289,0.000289839,24221
1.01246e-05,-2.0537e-05,24222
4.40647e-05,-8.93814e-05,24231
-0.000231174,0.000468918,24235
0.000198119,-0.000401867,24237
-1.4364e-05,2.91362e-05,24238
5.12843e-05,-0.000104026,24243
-5.68906e-05,0.000115398,24245
5.57003e-06,-1.12983e-05,24246
5.44965e-06,-1.10542e-05,24249
-4.21312e-06,8.54596e-06,24250
2.41709e-06,-4.90286e-06,24252
-5.29346e-06,1.07373e-05,24263
4.06853e-05,-8.25266e-05,24267
-3.78904e-05,7.68575e-05,24269
3.18997e-06,-6.47059e-06,24270
-6.91672e-05,0.0001403,24275
8.44513e-05,-0.000171302,24277
-1.0158e-05,2.06046e-05,24278
-1.21351e-05,2.4615e-05,24281
1.0697e-05,-2.16979e-05,24282
-6.03021e-06,1.22318e-05,24284
4.03881e-05,-8.19238e-05,24291
-5.02166e-05,0.00010186,24293
6.3708e-06,-1.29226e-05,24294
8.99052e-06,-1.82365e-05,24297
-8.49096e-06,1.72232e-05,24298
4.79577e-06,-9.72781e-06,24300
-5.76507e-07,1.1694e-06,24305
7.09786e-07,-1.43974e-06,24306
-4.60655e-07,9.34399e-07,24308
-2.18766e-06,4.43749e-06,24335
2.42174e-05,-4.9123e-05,24343
-9.92814e-05,0.000201384,24347
8.33893e-05,-0.000169148,24349
-6.02837e-06,1.2228e-05,24350
-2.5194e-05,5.11039e-05,24359
0.000135851,-0.000275561,24363
-0.000117591,0.000238524,24365
8.7318e-06,-1.77117e-05,24366
-3.24098e-05,6.57404e-05,24371
3.65699e-05,-7.4179e-05,24373
-3.72538e-06,7.55661e-06,24374
-3.70009e-06,7.50531e-06,24377
2.91842e-06,-5.91975e-06,24378
-1.66715e-06,3.38168e-06,24380
3.72381e-06,-7.55344e-06,24391
-3.05379e-05,6.19436e-05,24395
2.9007e-05,-5.88382e-05,24397
-2.54702e-06,5.16642e-06,24398
5.82674e-05,-0.00011819,24403
-7.27429e-05,0.000147553,24405
9.11333e-06,-1.84856e-05,24406
1.10795e-05,-2.24738e-05,24409
-9.94604e-06,2.01747e-05,24410
5.59863e-06,-1.13563e-05,24412
-3.48193e-05,7.06279e-05,24419
4.44171e-05,-9.00963e-05,24421
-5.88074e-06,1.19286e-05,24422
-8.47907e-06,1.71991e-05,24425
8.14102e-06,-1.65134e-05,24426
-4.5963e-06,9.32319e-06,24428
5.33216e-07,-1.08158e-06,24433
-6.77897e-07,1.37506e-06,24434
4.42731e-07,-8.98041e-07,24436
-2.5509e-07,5.17428e-07,24455
2.37367e-06,-4.81478e-06,24459
-2.31671e-06,4.69924e-06,24461
2.14551e-07,-4.35194e-07,24462
-6.09584e-06,1.23649e-05,24467
7.85286e-06,-1.59289e-05,24469
-1.04299e-06,2.11562e-06,24470
-1.40281e-06,2.84548e-06,24473
1.31963e-06,-2.67676e-06,24474
-7.43603e-07,1.50834e-06,24476
4.37806e-06,-8.88053e-06,24483
-5.80592e-06,1.17768e-05,24485
8.22171e-07,-1.6677e-06,24486
1.32692e-06,-2.69154e-06,24489
-1.33768e-06,2.71337e-06,24490
7.58302e-07,-1.53815e-06,24492
-9.31549e-08,1.88956e-07,24497
1.28908e-07,-2.61478e-07,24498
-8.61923e-08,1.74834e-07,24500
-4.08543e-08,8.28697e-08,24518
-7.55083e-08,1.53162e-07,24521
8.55558e-08,-1.73541e-07,24522
-4.95372e-08,1.00483e-07,24524
5.53805e-08,-1.12337e-07,24529
-7.13311e-08,1.44689e-07,24530
4.69727e-08,-9.52783e-08,24532
-3.35353e-08,6.80218e-08,24545
4.15003e-08,-8.41806e-08,24546
-2.66215e-08,5.40012e-08,24548
6.7793e-08,-1.3751e-07,25023
-3.91758e-07,7.94651e-07,25055
4.24064e-07,-8.60175e-07,25071
-1.28442e-07,2.60534e-07,25079
1.00716e-07,-2.04295e-07,25083
-6.07185e-08,1.23161e-07,25085
4.22808e-09,-8.57546e-09,25086
5.88206e-08,-1.1931e-07,25215
-1.04374e-06,2.11714e-06,25279
6.71657e-06,-1.3624e-05,25311
-7.12197e-06,1.44463e-05,25327
2.02225e-06,-4.10195e-06,25335
-1.4288e-06,2.89819e-06,25339
8.33479e-07,-1.69064e-06,25341
-6.07178e-08,1.23161e-07,25342
1.11252e-06,-2.25664e-06,25407
-8.85329e-06,1.79581e-05,25439
9.69197e-06,-1.96593e-05,25455
-3.01204e-06,6.10967e-06,25463
2.36954e-06,-4.80641e-06,25467
-1.42879e-06,2.89819e-06,25469
1.00716e-07,-2.04295e-07,25470
2.99381e-06,-6.07269e-06,25503
-4.39568e-06,8.91627e-06,25519
2.38519e-06,-4.83815e-06,25527
-3.01204e-06,6.10967e-06,25531
2.02225e-06,-4.10195e-06,25533
-1.28442e-07,2.60534e-07,25534
9.35349e-07,-1.89727e-06,25551
-4.39568e-06,8.91627e-06,25559
9.69197e-06,-1.96593e-05,25563
-7.12197e-06,1.44463e-05,25565
4.24064e-07,-8.60173e-07,25566
2.99381e-06,-6.07269e-06,25575
-8.85329e-06,1.79581e-05,25579
6.71657e-06,-1.3624e-05,25581
-3.91759e-07,7.94649e-07,25582
1.11252e-06,-2.25664e-06,25587
-1.04374e-06,2.11714e-06,25589
6.77916e-08,-1.37511e-07,25590
5.88191e-08,-1.19308e-07,25593
-4.08536e-08,8.28699e-08,25594
2.49033e-08,-5.05116e-08,25596
-2.52801e-07,5.12784e-07,25727
5.28051e-06,-1.07111e-05,25791
-4.08797e-05,8.29209e-05,25823
4.61935e-05,-9.36996e-05,25839
-1.69995e-05,3.44821e-05,25847
1.65555e-05,-3.35813e-05,25851
-1.06637e-05,2.16305e-05,25853
7.28389e-07,-1.47747e-06,25854
-7.1899e-06,1.45841e-05,25919
6.73182e-05,-0.000136549,25951
-7.79881e-05,0.000158192,25967
3.01716e-05,-6.12005e-05,25975
-3.02208e-05,6.13003e-05,25979
1.95528e-05,-3.96611e-05,25981
-1.32435e-06,2.68633e-06,25982
-3.41374e-05,6.92447e-05,26015
5.27881e-05,-0.000107076,26031
-3.40087e-05,6.89837e-05,26039
4.85932e-05,-9.85671e-05,26043
-3.35708e-05,6.80955e-05,26045
2.13146e-06,-4.32348e-06,26046
-1.45837e-05,2.95817e-05,26063
7.84723e-05,-0.000159174,26071
-0.000185283,0.00037583,26075
0.00013791,-0.000279739,26077
-8.2988e-06,1.68334e-05,26078
-5.50095e-05,0.000111582,26087
0.000172404,-0.000349706,26091
-0.000132132,0.000268019,26093
7.80885e-06,-1.58396e-05,26094
-2.1773e-05,4.41646e-05,26099
2.06401e-05,-4.18667e-05,26101
-1.3704e-06,2.77974e-06,26102
-1.18409e-06,2.40182e-06,26105
8.22172e-07,-1.6677e-06,26106
-5.00595e-07,1.01541e-06,26108
2.34153e-06,-4.74959e-06,26175
-2.97509e-05,6.03472e-05,26207
3.85826e-05,-7.82614e-05,26223
-2.00796e-05,4.07298e-05,26231
2.46765e-05,-5.00541e-05,26235
-1.66862e-05,3.38465e-05,26237
1.09537e-06,-2.22186e-06,26238
0.000119453,-0.000242299,26271
-0.000199605,0.000404881,26287
0.000163786,-0.000332226,26295
-0.000271393,0.000550498,26299
0.000193468,-0.000392434,26301
-1.22786e-05,2.49061e-05,26302
8.24971e-05,-0.000167338,26319
-0.000518442,0.00105161,26327
0.00130203,-0.00264105,26331
-0.000980666,0.0019892,26333
5.97084e-05,-0.000121113,26334
0.00037357,-0.000757754,26343
-0.00122648,0.00248781,26347
0.000948243,-0.00192343,26349
-5.68189e-05,0.000115252,26350
0.000153076,-0.000310502,26355
-0.000146367,0.000296893,26357
9.91061e-06,-2.01028e-05,26358
8.47278e-06,-1.71863e-05,26361
-5.88074e-06,1.19286e-05,26362
3.57821e-06,-7.2581e-06,26364
-8.42855e-05,0.000170966,26399
0.000143432,-0.00029094,26415
-0.000128117,0.000259874,26423
0.000224239,-0.000454849,26427
-0.000161696,0.000327985,26429
1.02672e-05,-2.08262e-05,26430
-7.69787e-05,0.000156145,26447
0.000517442,-0.00104959,26455
-0.0013371,0.00271219,26459
0.00101255,-0.00205386,26461
-6.1936e-05,0.000125632,26462
-0.00038062,0.000772055,26471
0.00128099,-0.00259838,26475
-0.000995095,0.00201846,26477
6.0017e-05,-0.000121739,26478
-0.000161394,0.000327374,26483
0.000155399,-0.000315214,26485
-1.06891e-05,2.1682e-05,26486
-9.17556e-06,1.86118e-05,26489
6.3708e-06,-1.29226e-05,26490
-3.86775e-06,7.8454e-06,26492
7.72547e-06,-1.56704e-05,26511
-6.95609e-05,0.000141098,26519
0.000216836,-0.000439834,26523
-0.000168466,0.000341719,26525
1.04288e-05,-2.11539e-05,26526
6.34644e-05,-0.000128732,26535
-0.000257534,0.000522385,26539
0.000205268,-0.000416369,26541
-1.26877e-05,2.5736e-05,26542
4.02475e-05,-8.16386e-05,26547
-4.02773e-05,8.1699e-05,26549
3.02619e-06,-6.13837e-06,26550
2.8402e-06,-5.76109e-06,26553
-1.99872e-06,4.05422e-06,26554
1.19092e-06,-2.41568e-06,26556
-4.06161e-06,8.23863e-06,26567
2.23834e-05,-4.54029e-05,26571
-1.87734e-05,3.80801e-05,26573
1.23262e-06,-2.50027e-06,26574
-2.42165e-05,4.91211e-05,26579
2.50857e-05,-5.08841e-05,26581
-2.13472e-06,4.33009e-06,26582
-2.26246e-06,4.58921e-06,26585
1.74542e-06,-3.54044e-06,26586
-1.01142e-06,2.05159e-06,26588
1.33799e-05,-2.714e-05,26595
-1.36661e-05,2.77206e-05,26597
1.17689e-06,-2.38721e-06,26598
1.37222e-06,-2.78344e-06,26601
-1.13505e-06,2.30235e-06,26602
6.53585e-07,-1.32574e-06,26604
-1.03501e-07,2.09943e-07,26609
9.89084e-08,-2.00623e-07,26610
-6.19175e-08,1.25598e-07,26612
2.28864e-07,-4.64229e-07,26751
-4.69682e-06,9.52709e-06,26815
3.79177e-05,-7.69129e-05,26847
-4.39347e-05,8.91177e-05,26863
1.78133e-05,-3.61328e-05,26871
-1.91808e-05,3.89065e-05,26875
1.26933e-05,-2.57472e-05,26877
-8.59756e-07,1.74394e-06,26878
6.58893e-06,-1.33651e-05,26943
-6.38145e-05,0.000129442,26975
7.55251e-05,-0.000153196,26991
-3.17052e-05,6.43113e-05,26999
3.44912e-05,-6.99625e-05,27003
-2.28269e-05,4.63023e-05,27005
1.53915e-06,-3.12204e-06,27006
3.57631e-05,-7.25423e-05,27039
-5.61838e-05,0.000113964,27055
3.82888e-05,-7.76656e-05,27063
-5.72992e-05,0.000116227,27067
4.00566e-05,-8.12513e-05,27069
-2.55815e-06,5.189e-06,27070
1.65711e-05,-3.3613e-05,27087
-9.31842e-05,0.000189016,27095
0.00022702,-0.00046049,27099
-0.000170242,0.000345321,27101
1.03511e-05,-2.09963e-05,27102
6.59798e-05,-0.000133834,27111
-0.00021271,0.000431465,27115
0.000164108,-0.000332878,27117
-9.815e-06,1.99089e-05,27118
2.70748e-05,-5.49188e-05,27123
-2.58349e-05,5.24038e-05,27125
1.74501e-06,-3.53961e-06,27126
1.50021e-06,-3.04305e-06,27129
-1.04299e-06,2.11562e-06,27130
6.34091e-07,-1.2862e-06,27132
-2.83506e-06,5.75069e-06,27199
3.70486e-05,-7.51498e-05,27231
-4.88841e-05,9.91571e-05,27247
2.68386e-05,-5.44397e-05,27255
-3.45354e-05,7.0052e-05,27259
2.3642e-05,-4.79558e-05,27261
-1.5576e-06,3.15946e-06,27262
-0.000161782,0.000328161,27295
0.000272724,-0.000553198,27311
-0.000232239,0.000471076,27319
0.000398515,-0.000808353,27323
-0.000286775,0.000581697,27325
1.83516e-05,-3.72247e-05,27326
-0.000117578,0.000238496,27343
0.000760211,-0.00154202,27351
-0.00195916,0.00397399,27355
0.00148578,-0.00301378,27357
-9.14694e-05,0.000185538,27358
-0.000551397,0.00111846,27367
0.0018536,-0.00375987,27371
-0.00144213,0.00292524,27373
8.74846e-05,-0.000177455,27374
-0.000233056,0.000472734,27379
0.000224188,-0.000454747,27381
-1.54302e-05,3.12988e-05,27382
-1.31143e-05,2.66012e-05,27385
9.11333e-06,-1.84856e-05,27386
-5.53693e-06,1.12312e-05,27388
0.000117265,-0.000237863,27423
-0.000201085,0.000407883,27439
0.000186089,-0.000377465,27447
-0.000337232,0.000684047,27451
0.000245462,-0.000497898,27453
-1.57289e-05,3.19047e-05,27454
0.00011238,-0.000227952,27471
-0.000776089,0.00157423,27479
0.00205931,-0.00417713,27483
-0.0015706,0.00318583,27485
9.72003e-05,-0.000197162,27486
0.00057474,-0.00116581,27495
-0.00198242,0.00402118,27499
0.0015502,-0.00314446,27501
-9.47221e-05,0.000192136,27502
0.000252183,-0.000511531,27507
-0.0002444,0.000495745,27509
1.71089e-05,-3.4704e-05,27510
1.46087e-05,-2.96325e-05,27513
-1.0158e-05,2.06046e-05,27514
6.156e-06,-1.24869e-05,27516
-1.16359e-05,2.36025e-05,27535
0.000108111,-0.000219293,27543
-0.00034813,0.000706153,27547
0.000272729,-0.000553208,27549
-1.71253e-05,3.47372e-05,27550
-9.97212e-05,0.000202276,27559
0.000417271,-0.000846397,27563
-0.000335254,0.000680034,27565
2.10542e-05,-4.27066e-05,27566
-6.67012e-05,0.000135298,27571
6.73392e-05,-0.000136592,27573
-5.17304e-06,1.04931e-05,27574
-4.85016e-06,9.83813e-06,27577
3.42431e-06,-6.94593e-06,27578
-2.03433e-06,4.12646e-06,27580
6.61877e-06,-1.34256e-05,27591
-3.76879e-05,7.64467e-05,27595
3.18969e-05,-6.47002e-05,27597
-2.13666e-06,4.33403e-06,27598
4.1761e-05,-8.47085e-05,27603
-4.38875e-05,8.90219e-05,27605
3.84459e-06,-7.79842e-06,27606
4.12172e-06,-8.36056e-06,27609
-3.19019e-06,6.47103e-06,27610
1.84208e-06,-3.7365e-06,27612
-2.3081e-05,4.68178e-05,27619
2.39831e-05,-4.86476e-05,27621
-2.13472e-06,4.33009e-06,27622
-2.5425e-06,5.15725e-06,27625
2.1066e-06,-4.27305e-06,27626
-1.20873e-06,2.45181e-06,27628
1.88062e-07,-3.81466e-07,27633
-1.81943e-07,3.69061e-07,27634
1.13898e-07,-2.31028e-07,27636
3.47723e-07,-7.0532e-07,27711
-5.18702e-06,1.05214e-05,27743
7.25222e-06,-1.47105e-05,27759
-4.77796e-06,9.69168e-06,27767
7.25222e-06,-1.47105e-05,27771
-5.18702e-06,1.05214e-05,27773
3.4772e-07,-7.05322e-07,27774
3.34345e-05,-6.78189e-05,27807
-5.79195e-05,0.000117485,27823
5.73113e-05,-0.000116251,27831
-0.000113401,0.000230025,27835
8.469e-05,-0.000171786,27837
-5.59869e-06,1.13565e-05,27838
3.22077e-05,-6.53306e-05,27855
-0.00023592,0.000478544,27863
0.000674513,-0.00136819,27867
-0.000525636,0.00106621,27869
3.38036e-05,-6.85677e-05,27870
0.000176934,-0.000358895,27879
-0.000654509,0.00132762,27883
0.000522368,-0.00105958,27885
-3.33112e-05,6.75688e-05,27886
8.59746e-05,-0.000174392,27891
-8.51058e-05,0.00017263,27893
6.32322e-06,-1.28261e-05,27894
5.31443e-06,-1.07799e-05,27897
-3.72538e-06,7.55661e-06,27898
2.24091e-06,-4.5455e-06,27900
-3.15614e-05,6.40196e-05,27935
5.53216e-05,-0.000112215,27951
-5.9529e-05,0.000120749,27959
0.000125029,-0.00025361,27963
-9.45427e-05,0.000191772,27965
6.28383e-06,-1.27462e-05,27966
-3.98985e-05,8.09307e-05,27983
0.00031178,-0.000632419,27991
-0.000923066,0.00187236,27995
0.00072448,-0.00146954,27997
-4.69699e-05,9.52745e-05,27998
-0.000239283,0.000485365,28007
0.000914314,-0.00185461,28011
-0.000734718,0.00149031,28013
4.73443e-05,-9.60339e-05,28014
-0.000123189,0.000249879,28019
0.000123154,-0.000249808,28021
-9.35885e-06,1.89836e-05,28022
-7.92772e-06,1.60807e-05,28025
5.57003e-06,-1.12983e-05,28026
-3.33758e-06,6.76998e-06,28028
5.78097e-06,-1.17262e-05,28047
-6.19544e-05,0.000125669,28055
0.000229746,-0.00046602,28059
-0.000186406,0.000378108,28061
1.24336e-05,-2.52206e-05,28062
6.0642e-05,-0.000123007,28071
-0.000290205,0.000588656,28075
0.000241336,-0.000489528,28077
-1.62356e-05,3.29325e-05,28078
5.30028e-05,-0.000107512,28083
-5.58479e-05,0.000113283,28085
4.77154e-06,-9.67866e-06,28086
4.52916e-06,-9.18701e-06,28089
-3.27792e-06,6.64899e-06,28090
1.91627e-06,-3.88698e-06,28092
-5.23522e-06,1.06192e-05,28103
3.46275e-05,-7.0239e-05,28107
-3.05985e-05,6.20665e-05,28109
2.25785e-06,-4.57986e-06,28110
-4.52335e-05,9.17522e-05,28115
5.1087e-05,-0.000103626,28117
-5.17304e-06,1.04931e-05,28118
-5.91185e-06,1.19917e-05,28121
4.75504e-06,-9.64519e-06,28122
-2.70332e-06,5.48346e-06,28124
2.53686e-05,-5.14581e-05,28131
-2.87825e-05,5.83828e-05,28133
3.02619e-06,-6.13837e-06,28134
4.00221e-06,-8.11814e-06,28137
-3.43995e-06,6.97764e-06,28138
1.94789e-06,-3.95113e-06,28140
-2.69998e-07,5.47671e-07,28145
2.86604e-07,-5.81349e-07,28146
-1.8117e-07,3.67488e-07,28148
4.36388e-06,-8.85175e-06,28215
-1.49709e-05,3.03673e-05,28219
1.1717e-05,-2.37669e-05,28221
-8.03646e-07,1.63012e-06,28222
4.88863e-06,-9.91617e-06,28239
-4.44468e-05,9.01565e-05,28247
0.000148587,-0.000301395,28251
-0.000119902,0.000243211,28253
8.08553e-06,-1.64008e-05,28254
3.64668e-05,-7.39698e-05,28263
-0.000157388,0.000319248,28267
0.000130165,-0.000264029,28269
-8.81863e-06,1.78878e-05,28270
2.45235e-05,-4.97438e-05,28275
-2.55938e-05,5.19148e-05,28277
2.15747e-06,-4.37624e-06,28278
1.89366e-06,-3.84112e-06,28281
-1.36188e-06,2.76246e-06,28282
8.00831e-07,-1.62442e-06,28284
-5.25378e-06,1.06568e-05,28303
6.49294e-05,-0.000131704,28311
-0.000278586,0.000565088,28315
0.000234053,-0.000474756,28317
-1.65859e-05,3.36431e-05,28318
-6.93165e-05,0.000140602,28327
0.000382654,-0.00077618,28331
-0.000329867,0.000669107,28333
2.38317e-05,-4.83406e-05,28334
-8.73685e-05,0.000177219,28339
9.70114e-05,-0.000196779,28341
-9.35885e-06,1.89836e-05,28342
-9.28289e-06,1.88296e-05,28345
7.02011e-06,-1.42397e-05,28346
-4.03024e-06,8.17499e-06,28348
9.0391e-06,-1.8335e-05,28359
-7.07923e-05,0.000143596,28363
6.58201e-05,-0.00013351,28365
-5.42739e-06,1.1009e-05,28366
0.000120697,-0.000244822,28371
-0.000146741,0.000297652,28373
1.71089e-05,-3.4704e-05,28374
2.07789e-05,-4.21481e-05,28377
-1.76227e-05,3.57462e-05,28378
9.91353e-06,-2.01087e-05,28380
-7.03595e-05,0.000142718,28387
8.71122e-05,-0.0001767,28389
-1.06891e-05,2.1682e-05,28390
-1.53361e-05,3.11079e-05,28393
1.38655e-05,-2.8125e-05,28394
-7.79826e-06,1.58181e-05,28396
9.70519e-07,-1.96861e-06,28401
-1.13368e-06,2.29956e-06,28402
7.27192e-07,-1.47504e-06,28404
3.00953e-06,-6.10457e-06,28431
-3.73319e-05,7.57245e-05,28439
0.000163968,-0.000332595,28443
-0.000138833,0.000281611,28445
1.00022e-05,-2.02887e-05,28446
4.04327e-05,-8.20142e-05,28455
-0.000229396,0.000465311,28459
0.000199477,-0.000404622,28461
-1.46914e-05,2.98003e-05,28462
5.62573e-05,-0.000114113,28467
-6.33994e-05,0.0001286,28469
6.32322e-06,-1.28261e-05,28470
6.37635e-06,-1.29339e-05,28473
-4.8986e-06,9.9364e-06,28474
2.80049e-06,-5.68055e-06,28476
-6.57194e-06,1.33306e-05,28487
5.43345e-05,-0.000110213,28491
-5.13588e-05,0.000104177,28493
4.38311e-06,-8.89077e-06,28494
-0.000103096,0.000209121,28499
0.000127795,-0.000259222,28501
-1.54302e-05,3.12988e-05,28502
-1.90806e-05,3.87034e-05,28505
1.64285e-05,-3.33237e-05,28506
-9.22555e-06,1.87132e-05,28508
6.14484e-05,-0.000124643,28515
-7.7822e-05,0.000157855,28517
9.91061e-06,-2.01028e-05,28518
1.45312e-05,-2.94753e-05,28521
-1.33213e-05,2.70212e-05,28522
7.48676e-06,-1.51862e-05,28524
-9.00956e-07,1.82751e-06,28529
1.08327e-06,-2.19731e-06,28530
-6.98862e-07,1.41758e-06,28532
4.34422e-07,-8.81188e-07,28551
-4.11867e-06,8.35436e-06,28555
4.01027e-06,-8.13448e-06,28557
-3.62432e-07,7.35161e-07,28558
1.06224e-05,-2.15467e-05,28563
-1.36057e-05,2.75979e-05,28565
1.74501e-06,-3.53961e-06,28566
2.38808e-06,-4.844e-06,28569
-2.15042e-06,4.36194e-06,28570
1.20684e-06,-2.44797e-06,28572
-7.62399e-06,1.54646e-05,28579
1.00476e-05,-2.03807e-05,28581
-1.3704e-06,2.77974e-06,28582
-2.25055e-06,4.56505e-06,28585
2.1627e-06,-4.38685e-06,28586
-1.21858e-06,2.47178e-06,28588
1.55599e-07,-3.15618e-07,28593
-2.03367e-07,4.12514e-07,28594
1.34264e-07,-2.72341e-07,28596
1.27314e-07,-2.58245e-07,28617
-1.36787e-07,2.77463e-07,28618
7.85377e-08,-1.59304e-07,28620
-9.3154e-08,1.88955e-07,28625
1.13465e-07,-2.30155e-07,28626
-7.3817e-08,1.49731e-07,28628
5.65031e-08,-1.14609e-07,28641
-6.62166e-08,1.34314e-07,28642
4.1995e-08,-8.51858e-08,28644
-2.29874e-06,4.66279e-06,29135
1.46633e-05,-2.97433e-05,29143
-3.98224e-05,8.07762e-05,29147
3.0732e-05,-6.23372e-05,29149
-1.9621e-06,3.97995e-06,29150
-1.07178e-05,2.17401e-05,29159
3.82084e-05,-7.75025e-05,29163
-3.02725e-05,6.14052e-05,29165
1.91327e-06,-3.88091e-06,29166
-5.05878e-06,1.02613e-05,29171
4.9631e-06,-1.00672e-05,29173
-3.62432e-07,7.35159e-07,29174
-3.05281e-07,6.19233e-07,29177
2.14549e-07,-4.35196e-07,29178
-1.29267e-07,2.62203e-07,29180
3.54925e-07,-7.19934e-07,29247
-4.88707e-06,9.91301e-06,29279
6.75064e-06,-1.36931e-05,29295
-4.34721e-06,8.81794e-06,29303
6.55646e-06,-1.32992e-05,29307
-4.69513e-06,9.52367e-06,29309
3.18701e-07,-6.46459e-07,29310
2.62579e-05,-5.3262e-05,29343
-4.53729e-05,9.20349e-05,29359
4.41343e-05,-8.95227e-05,29367
-8.73027e-05,0.000177086,29371
6.53631e-05,-0.000132583,29373
-4.37577e-06,8.87588e-06,29374
2.26516e-05,-4.59468e-05,29391
-0.000163614,0.000331876,29399
0.000470418,-0.000954203,29403
-0.000367828,0.000746107,29405
2.39452e-05,-4.85708e-05,29406
0.000121956,-0.000247378,29415
-0.000453481,0.000919847,29419
0.000363022,-0.000736358,29421
-2.34207e-05,4.75069e-05,29422
5.92598e-05,-0.000120203,29427
-5.86722e-05,0.000119012,29429
4.38311e-06,-8.89077e-06,29430
3.62647e-06,-7.35599e-06,29433
-2.54703e-06,5.16642e-06,29434
1.53293e-06,-3.10941e-06,29436
-2.0701e-05,4.19902e-05,29471
3.62331e-05,-7.34958e-05,29487
-3.82708e-05,7.76291e-05,29495
8.02607e-05,-0.000162802,29499
-6.08306e-05,0.00012339,29501
4.09447e-06,-8.30528e-06,29502
-2.34559e-05,4.75782e-05,29519
0.000180979,-0.0003671,29527
-0.000538625,0.00109255,29531
0.000424178,-0.000860409,29533
-2.78505e-05,5.64923e-05,29534
-0.000138044,0.000280011,29543
0.000529926,-0.00107491,29547
-0.000427132,0.000866401,29549
2.7862e-05,-5.65156e-05,29550
-7.09053e-05,0.000143825,29555
7.09252e-05,-0.000143866,29557
-5.42739e-06,1.1009e-05,29558
-4.52643e-06,9.18148e-06,29561
3.18997e-06,-6.47059e-06,29562
-1.91179e-06,3.8779e-06,29564
2.87706e-06,-5.83587e-06,29583
-3.03807e-05,6.16247e-05,29591
0.000112299,-0.00022779,29595
-9.12647e-05,0.000185123,29597
6.15507e-06,-1.2485e-05,29598
2.94066e-05,-5.96487e-05,29607
-0.000140197,0.000284377,29611
0.000116744,-0.000236805,29613
-7.93497e-06,1.60954e-05,29614
2.49978e-05,-5.07058e-05,29619
-2.63094e-05,5.33664e-05,29621
2.25785e-06,-4.57986e-06,29622
2.10629e-06,-4.27243e-06,29625
-1.53356e-06,3.1107e-06,29626
8.97168e-07,-1.81983e-06,29628
1.50275e-05,-3.0482e-05,29643
-1.32589e-05,2.68945e-05,29645
9.83049e-07,-1.99403e-06,29646
-1.88587e-05,3.82532e-05,29651
2.11359e-05,-4.28724e-05,29653
-2.13666e-06,4.33403e-06,29654
-2.37664e-06,4.82081e-06,29657
1.93989e-06,-3.9349e-06,29658
-1.10596e-06,2.24335e-06,29660
1.05062e-05,-2.13108e-05,29667
-1.17826e-05,2.39001e-05,29669
1.23262e-06,-2.50027e-06,29670
1.57553e-06,-3.19584e-06,29673
-1.38194e-06,2.80314e-06,29674
7.85695e-07,-1.59372e-06,29676
-1.10451e-07,2.2404e-07,29681
1.18958e-07,-2.41293e-07,29682
-7.55997e-08,1.53349e-07,29684
-3.30669e-07,6.70736e-07,29759
5.08623e-06,-1.0317e-05,29791
-7.4484e-06,1.51084e-05,29807
5.8551e-06,-1.18766e-05,29815
-1.06768e-05,2.1657e-05,29819
8.02746e-06,-1.6283e-05,29821
-5.62668e-07,1.14133e-06,29822
-4.08104e-05,8.27804e-05,29855
7.21414e-05,-0.000146333,29871
-8.24613e-05,0.000167266,29879
0.000190541,-0.000386496,29883
-0.000148296,0.000300806,29885
1.03385e-05,-2.09707e-05,29886
-4.72919e-05,9.59276e-05,29903
0.000390396,-0.000791885,29911
-0.00125494,0.00254555,29915
0.00100974,-0.00204818,29917
-6.8985e-05,0.00013993,29918
-0.000302788,0.00061418,29927
0.00124953,-0.00253456,29931
-0.00102827,0.00208575,29933
7.01133e-05,-0.000142219,29934
-0.000175253,0.000355486,29939
0.000179621,-0.000364346,29941
-1.46914e-05,2.98003e-05,29942
-1.21822e-05,2.47106e-05,29945
8.7318e-06,-1.77117e-05,29946
-5.18096e-06,1.05091e-05,29948
4.30677e-05,-8.73591e-05,29983
-7.65052e-05,0.000155184,29999
9.42037e-05,-0.000191084,30007
-0.000230227,0.000466996,30011
0.000181202,-0.000367552,30013
-1.27199e-05,2.58012e-05,30014
6.41974e-05,-0.000130219,30031
-0.000562722,0.00114143,30039
0.00187108,-0.00379533,30043
-0.00151553,0.00307412,30045
0.000104361,-0.000211687,30046
0.00044695,-0.000906599,30055
-0.00190411,0.00386233,30059
0.00157719,-0.0031992,30061
-0.000108624,0.000220334,30062
0.000275711,-0.000559257,30067
-0.000285318,0.000578742,30069
2.38317e-05,-4.83405e-05,30070
1.99635e-05,-4.04942e-05,30073
-1.4364e-05,2.91362e-05,30074
8.49051e-06,-1.72223e-05,30076
-1.16359e-05,2.36025e-05,30095
0.000141106,-0.000286221,30103
-0.000591484,0.00119977,30107
0.000495377,-0.00100483,30109
-3.52739e-05,7.15501e-05,30110
-0.000145095,0.000294313,30119
0.00077743,-0.00157695,30123
-0.000666724,0.00135239,30125
4.8146e-05,-9.766e-05,30126
-0.000158212,0.00032092,30131
0.000172812,-0.000350535,30133
-1.62356e-05,3.29325e-05,30134
-1.53963e-05,3.123e-05,30137
1.15933e-05,-2.35159e-05,30138
-6.6985e-06,1.35873e-05,30140
-0.000108022,0.000219114,30155
9.87311e-05,-0.000200268,30157
-7.93497e-06,1.60954e-05,30158
0.000158088,-0.000320669,30163
-0.000186859,0.000379027,30165
2.10542e-05,-4.27066e-05,30166
2.43748e-05,-4.94423e-05,30169
-2.0898e-05,4.23898e-05,30170
1.18411e-05,-2.40187e-05,30172
-8.98147e-05,0.000182181,30179
0.000107386,-0.000217824,30181
-1.26877e-05,2.5736e-05,30182
-1.72218e-05,3.49329e-05,30185
1.58895e-05,-3.22304e-05,30186
-9.01011e-06,1.82762e-05,30188
1.15577e-06,-2.34437e-06,30193
-1.36274e-06,2.76421e-06,30194
8.80296e-07,-1.7856e-06,30196
2.98868e-05,-6.06229e-05,30267
-3.43878e-05,6.97526e-05,30269
2.49892e-06,-5.06885e-06,30270
-1.21077e-05,2.45595e-05,30287
0.000124513,-0.000252565,30295
-0.000468795,0.000950909,30299
0.000389963,-0.000791006,30301
-2.78988e-05,5.65904e-05,30302
-0.000106916,0.000216871,30311
0.000515765,-0.00104619,30315
-0.00043932,0.000891123,30317
3.1759e-05,-6.44204e-05,30318
-8.86506e-05,0.00017982,30323
9.57178e-05,-0.000194155,30325
-8.81863e-06,1.78878e-05,30326
-7.72593e-06,1.56714e-05,30329
5.74186e-06,-1.16469e-05,30330
-3.33642e-06,6.76765e-06,30332
1.64495e-05,-3.33664e-05,30351
-0.000233849,0.000474343,30359
0.00112174,-0.00227535,30363
-0.000968338,0.00196419,30365
7.27264e-05,-0.000147519,30366
0.000263767,-0.00053503,30375
-0.00160172,0.00324895,30379
0.00141591,-0.00287204,30381
-0.000108624,0.000220334,30382
0.000401295,-0.000813992,30387
-0.000457426,0.000927849,30389
4.73443e-05,-9.60339e-05,30390
4.67379e-05,-9.48039e-05,30393
-3.68417e-05,7.47303e-05,30394
2.10398e-05,-4.26774e-05,30396
0.000334328,-0.000678155,30411
-0.000317934,0.000644902,30413
2.7862e-05,-5.65156e-05,30414
-0.0006116,0.00124058,30419
0.000761341,-0.00154431,30421
-9.47221e-05,0.000192136,30422
-0.000114237,0.00023172,30425
0.000102539,-0.000207991,30426
-5.78646e-05,0.000117373,30428
0.000359787,-0.000729797,30435
-0.000456913,0.000926809,30437
6.0017e-05,-0.000121739,30438
8.57269e-05,-0.00017389,30441
-8.25101e-05,0.000167365,30442
4.67205e-05,-9.47686e-05,30444
-5.50092e-06,1.11581e-05,30449
6.97698e-06,-1.41522e-05,30450
-4.56531e-06,9.26033e-06,30452
-9.67888e-06,1.96328e-05,30479
0.000139915,-0.000283805,30487
-0.000690229,0.00140007,30491
0.000600577,-0.00121822,30493
-4.58473e-05,9.29972e-05,30494
-0.000161316,0.000327215,30503
0.00100751,-0.00204365,30507
-0.000897887,0.00182129,30509
7.01133e-05,-0.000142219,30510
-0.000270975,0.00054965,30515
0.000312839,-0.000634567,30517
-3.33112e-05,6.75688e-05,30518
-3.33996e-05,6.77482e-05,30521
2.67688e-05,-5.42981e-05,30522
-1.52483e-05,3.09298e-05,30524
-0.000269532,0.000546723,30539
0.000259798,-0.000526979,30541
-2.34207e-05,4.75069e-05,30542
0.0005415,-0.00109839,30547
-0.000684184,0.00138781,30549
8.74846e-05,-0.000177455,30550
0.000107069,-0.000217181,30553
-9.74781e-05,0.000197726,30554
5.49803e-05,-0.000111523,30556
-0.000325271,0.000659784,30563
0.000420278,-0.000852497,30565
-5.68189e-05,0.000115252,30566
-8.25599e-05,0.000167466,30569
8.04869e-05,-0.000163261,30570
-4.55853e-05,9.24658e-05,30572
5.20882e-06,-1.05656e-05,30577
-6.77965e-06,1.37519e-05,30578
4.46131e-06,-9.04939e-06,30580
1.99627e-05,-4.04927e-05,30603
-1.98884e-05,4.03418e-05,30605
1.91327e-06,-3.88091e-06,30606
-5.52032e-05,0.000111975,30611
7.20557e-05,-0.000146159,30613
-9.815e-06,1.99089e-05,30614
-1.32733e-05,2.69238e-05,30617
1.27301e-05,-2.58219e-05,30618
-7.19453e-06,1.45935e-05,30620
4.012e-05,-8.138e-05,30627
-5.38495e-05,0.000109229,30629
7.80885e-06,-1.58396e-05,30630
1.26689e-05,-2.56978e-05,30633
-1.30363e-05,2.6443e-05,30634
7.42196e-06,-1.50548e-05,30636
-9.00956e-07,1.82751e-06,30641
1.28109e-06,-2.59858e-06,30642
-8.64531e-07,1.75363e-06,30644
-7.29284e-07,1.47929e-06,30665
8.45232e-07,-1.71448e-06,30666
-4.92489e-07,9.9897e-07,30668
5.33216e-07,-1.08158e-06,30673
-7.05852e-07,1.43176e-06,30674
4.69437e-07,-9.52211e-07,30676
-3.22948e-07,6.55073e-07,30689
4.09856e-07,-8.31357e-07,30690
-2.65362e-07,5.38264e-07,30692
1.90232e-07,-3.8587e-07,30783
-2.92219e-06,5.92741e-06,30815
4.29969e-06,-8.72156e-06,30831
-3.46591e-06,7.03031e-06,30839
6.53243e-06,-1.32505e-05,30843
-4.95712e-06,1.00551e-05,30845
3.50813e-07,-7.11591e-07,30846
2.39455e-05,-4.85714e-05,30879
-4.23985e-05,8.60017e-05,30895
4.95118e-05,-0.00010043,30903
-0.000117591,0.000238524,30907
9.22074e-05,-0.000187035,30909
-6.49581e-06,1.31762e-05,30910
2.85636e-05,-5.79387e-05,30927
-0.000241529,0.000489921,30935
0.000795796,-0.0016142,30939
-0.000644576,0.00130747,30941
4.45917e-05,-9.04504e-05,30942
0.000189089,-0.00038355,30951
-0.000799672,0.00162207,30955
0.00066257,-0.00134397,30957
-4.58473e-05,9.29972e-05,30958
0.000115077,-0.000233425,30963
-0.000119103,0.00024159,30965
1.00022e-05,-2.02887e-05,30966
8.32603e-06,-1.68886e-05,30969
-6.02837e-06,1.2228e-05,30970
3.56138e-06,-7.22395e-06,30972
-2.58485e-05,5.24314e-05,31007
4.59481e-05,-9.32018e-05,31023
-5.78373e-05,0.000117318,31031
0.000145549,-0.000295233,31035
-0.000115454,0.000234188,31037
8.19656e-06,-1.6626e-05,31038
-3.96397e-05,8.04058e-05,31055
0.000356211,-0.000722543,31063
-0.00121481,0.00246414,31067
0.000990613,-0.00200937,31069
-6.90921e-05,0.000140147,31070
-0.000285664,0.000579445,31079
0.00124758,-0.0025306,31083
-0.00104047,0.0021105,31085
7.27264e-05,-0.000147519,31086
-0.000185361,0.000375989,31091
0.000193631,-0.000392765,31093
-1.65859e-05,3.36431e-05,31094
-1.39347e-05,2.82654e-05,31097
1.01246e-05,-2.0537e-05,31098
-5.96085e-06,1.20911e-05,31100
7.72547e-06,-1.56704e-05,31119
-9.67116e-05,0.000196171,31127
0.000417572,-0.00084701,31131
-0.000352356,0.000714725,31133
2.54804e-05,-5.16847e-05,31134
0.000100906,-0.00020468,31143
-0.000555744,0.00112728,31147
0.000480174,-0.000973991,31149
-3.52739e-05,7.15501e-05,31150
0.000117017,-0.000237359,31155
-0.000129052,0.000261771,31157
1.24336e-05,-2.52206e-05,31158
1.18238e-05,-2.39836e-05,31161
-9.02686e-06,1.83102e-05,31162
5.20176e-06,-1.05513e-05,31164
8.11637e-05,-0.000164634,31179
-7.48526e-05,0.000151832,31181
6.15507e-06,-1.2485e-05,31182
-0.000123321,0.000250145,31187
0.000147566,-0.000299326,31189
-1.71253e-05,3.47372e-05,31190
-1.99225e-05,4.04111e-05,31193
1.74556e-05,-3.54071e-05,31194
-9.89368e-06,2.00685e-05,31196
7.04582e-05,-0.000142918,31203
-8.5449e-05,0.000173326,31205
1.04288e-05,-2.11538e-05,31206
1.42665e-05,-2.89383e-05,31209
-1.34815e-05,2.7346e-05,31210
7.65861e-06,-1.55348e-05,31212
-9.57523e-07,1.94225e-06,31217
1.16822e-06,-2.36964e-06,31218
-7.6065e-07,1.54291e-06,31220
1.99755e-05,-4.05186e-05,31293
-2.08269e-06,4.22456e-06,31294
9.59294e-06,-1.94585e-05,31311
-0.000102194,0.000207291,31319
0.000396911,-0.0008051,31323
-0.000332663,0.000674778,31325
2.41418e-05,-4.89695e-05,31326
8.908e-05,-0.000180691,31335
-0.000442519,0.000897612,31339
0.000379758,-0.000770307,31341
-2.78988e-05,5.65904e-05,31342
7.86022e-05,-0.000159438,31347
-8.56684e-05,0.000173771,31349
8.08553e-06,-1.64008e-05,31350
7.10315e-06,-1.44081e-05,31353
-5.3419e-06,1.08356e-05,31354
3.0948e-06,-6.27754e-06,31356
-1.43904e-05,2.91897e-05,31375
0.000211873,-0.000429766,31383
-0.00104362,0.00211689,31387
0.000906774,-0.00183931,31389
-6.90921e-05,0.000140147,31390
-0.000242567,0.000492027,31399
0.00150658,-0.00305598,31403
-0.00133997,0.00271802,31405
0.000104361,-0.000211687,31406
-0.000387769,0.000786556,31411
0.000445091,-0.000902828,31413
-4.69699e-05,9.52745e-05,31414
-4.637e-05,9.40575e-05,31417
3.70977e-05,-7.52496e-05,31418
-2.11712e-05,4.29439e-05,31420
-0.000326475,0.000662227,31435
0.000312373,-0.000633623,31437
-2.78505e-05,5.64923e-05,31438
0.000611016,-0.00123939,31443
-0.000765748,0.00155325,31445
9.72003e-05,-0.000197162,31446
0.000117058,-0.000237442,31449
-0.000107309,0.000217668,31450
6.06859e-05,-0.000123096,31452
-0.000360769,0.000731789,31459
0.000461516,-0.000936146,31461
-6.1936e-05,0.000125632,31462
-8.83919e-05,0.000179295,31465
8.70828e-05,-0.00017664,31466
-4.94773e-05,0.00010036,31468
5.70157e-06,-1.15651e-05,31473
-7.45582e-06,1.51235e-05,31474
4.91786e-06,-9.97545e-06,31476
8.62766e-06,-1.75005e-05,31503
-0.000129574,0.00026283,31511
0.000657126,-0.00133292,31515
-0.00057556,0.00116747,31517
4.45917e-05,-9.04504e-05,31518
0.00015192,-0.000308157,31527
-0.000970574,0.00196873,31531
0.000870201,-0.00176513,31533
-6.8985e-05,0.00013993,31534
0.000268104,-0.000543827,31539
-0.000311554,0.000631961,31541
3.38036e-05,-6.85677e-05,31542
3.38777e-05,-6.87181e-05,31545
-2.75876e-05,5.59592e-05,31546
1.57126e-05,-3.18716e-05,31548
0.000269599,-0.000546858,31563
-0.000261304,0.000530033,31565
2.39452e-05,-4.85708e-05,31566
-0.000552279,0.00112025,31571
0.000701849,-0.00142364,31573
-9.14694e-05,0.000185538,31574
-0.000111661,0.000226495,31577
0.000103939,-0.000210831,31578
-5.87825e-05,0.000119235,31580
0.000332872,-0.000675203,31587
-0.000432748,0.000877793,31589
5.97084e-05,-0.000121113,31590
8.65603e-05,-0.00017558,31593
-8.64905e-05,0.000175439,31594
4.91802e-05,-9.97579e-05,31596
-5.50092e-06,1.11581e-05,31601
7.3926e-06,-1.49953e-05,31602
-4.90709e-06,9.9536e-06,31604
-1.98884e-05,4.03418e-05,31627
1.99627e-05,-4.04927e-05,31629
-1.9621e-06,3.97995e-06,31630
5.65093e-05,-0.000114624,31635
-7.42435e-05,0.000150597,31637
1.03511e-05,-2.09963e-05,31638
1.39587e-05,-2.8314e-05,31641
-1.37924e-05,2.79767e-05,31642
7.83177e-06,-1.58861e-05,31644
-4.13269e-05,8.3828e-05,31651
5.58296e-05,-0.000113245,31653
-8.2988e-06,1.68334e-05,31654
-1.34219e-05,2.72252e-05,31657
1.42769e-05,-2.89594e-05,31658
-8.18036e-06,1.65932e-05,31660
9.70517e-07,-1.96861e-06,31665
-1.4411e-06,2.92314e-06,31666
9.8501e-07,-1.99801e-06,31668
7.88094e-07,-1.59858e-06,31689
-9.53174e-07,1.93343e-06,31690
5.61095e-07,-1.13813e-06,31692
-5.76509e-07,1.1694e-06,31697
8.04727e-07,-1.63232e-06,31698
-5.45272e-07,1.10604e-06,31700
3.48423e-07,-7.06747e-07,31713
-4.65486e-07,9.44197e-07,31714
3.07201e-07,-6.23129e-07,31716
1.10793e-07,-2.24736e-07,31806
-7.15788e-07,1.45191e-06,31823
8.12289e-06,-1.64766e-05,31831
-3.31669e-05,6.72762e-05,31835
2.81158e-05,-5.70305e-05,31837
-2.08269e-06,4.22455e-06,31838
-7.31946e-06,1.48469e-05,31847
3.81881e-05,-7.74613e-05,31851
-3.31669e-05,6.72762e-05,31853
2.49892e-06,-5.06885e-06,31854
-7.31946e-06,1.48469e-05,31859
8.12289e-06,-1.64766e-05,31861
-8.03647e-07,1.63013e-06,31862
-7.1579e-07,1.45191e-06,31865
5.55992e-07,-1.12779e-06,31866
-3.207e-07,6.50506e-07,31868
1.48276e-06,-3.00764e-06,31887
-2.30607e-05,4.67767e-05,31895
0.000118882,-0.000241142,31899
-0.000104543,0.000212056,31901
8.19656e-06,-1.6626e-05,31902
2.7227e-05,-5.52277e-05,31911
-0.000176015,0.000357032,31915
0.000158394,-0.000321289,31917
-1.27199e-05,2.58012e-05,31918
4.86709e-05,-9.87248e-05,31923
-5.67822e-05,0.000115178,31925
6.28384e-06,-1.27462e-05,31926
6.24482e-06,-1.26671e-05,31929
-5.23644e-06,1.06217e-05,31930
2.9916e-06,-6.06821e-06,31932
4.51362e-05,-9.1555e-05,31947
-4.38799e-05,8.90066e-05,31949
4.09447e-06,-8.30528e-06,31950
-9.16437e-05,0.000185891,31955
0.000117013,-0.000237351,31957
-1.57289e-05,3.19047e-05,31958
-1.89639e-05,3.84666e-05,31961
1.86025e-05,-3.77335e-05,31962
-1.06171e-05,2.15359e-05,31964
5.50253e-05,-0.000111614,31971
-7.18698e-05,0.000145782,31973
1.02672e-05,-2.08262e-05,31974
1.46874e-05,-2.97921e-05,31977
-1.55873e-05,3.16175e-05,31978
8.97124e-06,-1.81974e-05,31980
-9.57525e-07,1.94225e-06,31985
1.38534e-06,-2.81005e-06,31986
-9.39794e-07,1.90629e-06,31988
-1.07261e-06,2.17569e-06,32015
1.70993e-05,-3.46844e-05,32023
-9.12619e-05,0.000185117,32027
8.10418e-05,-0.000164386,32029
-6.49581e-06,1.31762e-05,32030
-2.07715e-05,4.21331e-05,32039
0.000138603,-0.000281144,32043
-0.000125897,0.000255372,32045
1.03385e-05,-2.09707e-05,32046
-4.14159e-05,8.40085e-05,32051
4.89697e-05,-9.93309e-05,32053
-5.59869e-06,1.13565e-05,32054
-5.64324e-06,1.14468e-05,32057
4.85984e-06,-9.85776e-06,32058
-2.77616e-06,5.6312e-06,32060
-4.61491e-05,9.36094e-05,32075
4.54697e-05,-9.22314e-05,32077
-4.37577e-06,8.87588e-06,32078
0.0001024,-0.00020771,32083
-0.000132505,0.000268775,32085
1.83516e-05,-3.72247e-05,32086
2.23576e-05,-4.53504e-05,32089
-2.24949e-05,4.56291e-05,32090
1.28721e-05,-2.61099e-05,32092
-6.28166e-05,0.000127418,32099
8.32847e-05,-0.000168936,32101
-1.22786e-05,2.49061e-05,32102
-1.77737e-05,3.60523e-05,32105
1.93521e-05,-3.92541e-05,32106
-1.11801e-05,2.2678e-05,32108
1.15577e-06,-2.34437e-06,32113
-1.74266e-06,3.53482e-06,32114
1.19515e-06,-2.42427e-06,32116
4.01027e-06,-8.13448e-06,32139
-4.11867e-06,8.35436e-06,32141
4.34421e-07,-8.81189e-07,32142
-1.25609e-05,2.54788e-05,32147
1.68568e-05,-3.41925e-05,32149
-2.55815e-06,5.189e-06,32150
-3.43523e-06,6.96807e-06,32153
3.83852e-06,-7.7861e-06,32154
-2.23056e-06,4.52449e-06,32156
9.45623e-06,-1.91812e-05,32163
-1.30547e-05,2.64803e-05,32165
2.13146e-06,-4.32348e-06,32166
3.4283e-06,-6.95401e-06,32169
-4.18653e-06,8.49203e-06,32170
2.47078e-06,-5.01177e-06,32172
-2.7e-07,5.4767e-07,32177
4.81304e-07,-9.76282e-07,32178
-3.47702e-07,7.0528e-07,32180
-2.38925e-07,4.8464e-07,32201
3.50269e-07,-7.10492e-07,32202
-2.16503e-07,4.39159e-07,32204
1.77591e-07,-3.60229e-07,32209
-3.22917e-07,6.55008e-07,32210
2.40933e-07,-4.8871e-07,32212
-1.05517e-07,2.14032e-07,32225
1.83788e-07,-3.72798e-07,32226
-1.34888e-07,2.73609e-07,32228
3.05031e-06,-6.1873e-06,32331
-3.08463e-06,6.2569e-06,32333
3.18702e-07,-6.46458e-07,32334
-7.83205e-06,1.58866e-05,32339
1.03904e-05,-2.1076e-05,32341
-1.5576e-06,3.15946e-06,32342
-1.91308e-06,3.88051e-06,32345
2.12683e-06,-4.31409e-06,32346
-1.2374e-06,2.50997e-06,32348
5.00124e-06,-1.01446e-05,32355
-6.81123e-06,1.3816e-05,32357
1.09537e-06,-2.22187e-06,32358
1.60086e-06,-3.24721e-06,32361
-1.9473e-06,3.94993e-06,32362
1.15e-06,-2.33267e-06,32364
-1.10451e-07,2.2404e-07,32369
1.94862e-07,-3.95262e-07,32370
-1.40023e-07,2.84025e-07,32372
-2.31671e-06,4.69924e-06,32395
2.37367e-06,-4.81478e-06,32397
-2.5509e-07,5.17426e-07,32398
7.05568e-06,-1.43118e-05,32403
-9.53063e-06,1.93321e-05,32405
1.53915e-06,-3.12204e-06,32406
2.04857e-06,-4.15535e-06,32409
-2.60136e-06,5.27664e-06,32410
1.55778e-06,-3.15982e-06,32412
-5.33784e-06,1.08273e-05,32419
7.44636e-06,-1.51043e-05,32421
-1.32435e-06,2.68632e-06,32422
-2.11103e-06,4.28204e-06,32425
3.0158e-06,-6.1173e-06,32426
-1.84924e-06,3.75103e-06,32428
1.88061e-07,-3.81466e-07,32433
-4.21138e-07,8.54244e-07,32434
3.26772e-07,-6.62827e-07,32436
1.86624e-07,-3.78552e-07,32457
-3.59656e-07,7.29531e-07,32458
2.38596e-07,-4.83974e-07,32460
-1.5308e-07,3.10511e-07,32465
4.1379e-07,-8.39336e-07,32466
-3.52251e-07,7.14513e-07,32468
8.86772e-08,-1.79875e-07,32481
-2.35731e-07,4.7816e-07,32482
2.01816e-07,-4.0937e-07,32484
1.36897e-06,-2.77684e-06,32523
-1.39476e-06,2.82916e-06,32525
1.48044e-07,-3.00294e-07,32526
-3.98633e-06,8.08593e-06,32531
5.36137e-06,-1.08751e-05,32533
-8.59756e-07,1.74394e-06,32534
-1.13313e-06,2.29847e-06,32537
1.44734e-06,-2.9358e-06,32538
-8.70322e-07,1.76538e-06,32540
2.94557e-06,-5.97483e-06,32547
-4.09585e-06,8.30808e-06,32549
7.28388e-07,-1.47748e-06,32550
1.14997e-06,-2.3326e-06,32553
-1.67266e-06,3.39285e-06,32554
1.03272e-06,-2.09478e-06,32556
-1.03501e-07,2.09944e-07,32561
2.43525e-07,-4.9397e-07,32562
-1.92354e-07,3.90176e-07,32564
-1.12417e-07,2.28028e-07,32585
2.38058e-07,-4.82881e-07,32586
-1.61867e-07,3.2833e-07,32588
9.91959e-08,-2.0121e-07,32593
-3.0626e-07,6.21224e-07,32594
2.71257e-07,-5.50221e-07,32596
-5.71985e-08,1.16021e-07,32609
1.76691e-07,-3.58407e-07,32610
-1.58679e-07,3.21865e-07,32612
8.50787e-09,-1.72619e-08,32649
-1.81579e-08,3.68333e-08,32650
1.253e-08,-2.5416e-08,32652
-8.73162e-09,1.77101e-08,32657
2.97906e-08,-6.0428e-08,32658
-2.74587e-08,5.56972e-08,32660
5.50343e-09,-1.11627e-08,32673
-1.99822e-08,4.05314e-08,32674
1.90289e-08,-3.86011e-08,32676
1.02816e-07,-2.08555e-07,37503
-1.80559e-06,3.66249e-06,37567
1.15509e-05,-2.343e-05,37599
-1.22415e-05,2.48308e-05,37615
3.48258e-06,-7.0641e-06,37623
-2.44227e-06,4.95394e-06,37627
1.41845e-06,-2.87721e-06,37629
-1.12417e-07,2.28029e-07,37630
1.90593e-06,-3.86601e-06,37695
-1.50675e-05,3.05631e-05,37727
1.64838e-05,-3.34359e-05,37743
-5.13871e-06,1.04234e-05,37751
4.04703e-06,-8.20905e-06,37755
-2.44227e-06,4.95394e-06,37757
1.86626e-07,-3.78552e-07,37758
4.97715e-06,-1.00957e-05,37791
-7.30165e-06,1.48108e-05,37807
3.9897e-06,-8.09276e-06,37815
-5.13871e-06,1.04234e-05,37819
3.48258e-06,-7.0641e-06,37821
-2.38926e-07,4.84642e-07,37822
1.54122e-06,-3.12623e-06,37839
-7.30165e-06,1.48108e-05,37847
1.64838e-05,-3.34359e-05,37851
-1.22415e-05,2.48308e-05,37853
7.88094e-07,-1.59858e-06,37854
4.97715e-06,-1.00957e-05,37863
-1.50675e-05,3.05631e-05,37867
1.15509e-05,-2.343e-05,37869
-7.29283e-07,1.47929e-06,37870
1.90593e-06,-3.86601e-06,37875
-1.80559e-06,3.66249e-06,37877
1.27313e-07,-2.58245e-07,37878
-7.55078e-08,1.53162e-07,37882
4.57217e-08,-9.27428e-08,37884
-3.6891e-07,7.483e-07,38015
7.78531e-06,-1.57918e-05,38079
-5.95611e-05,0.000120815,38111
6.70443e-05,-0.000135994,38127
-2.45258e-05,4.97486e-05,38135
2.39428e-05,-4.85659e-05,38139
-1.55051e-05,3.14507e-05,38141
1.14997e-06,-2.33261e-06,38142
-1.05093e-05,2.13171e-05,38207
9.74212e-05,-0.000197611,38239
-0.000112585,0.000228369,38255
4.35624e-05,-8.83626e-05,38263
-4.41095e-05,8.94723e-05,38267
2.87594e-05,-5.8336e-05,38269
-2.11103e-06,4.28204e-06,38270
-4.81288e-05,9.76252e-05,38303
7.43919e-05,-0.000150897,38319
-4.84593e-05,9.82956e-05,38327
7.12355e-05,-0.000144495,38331
-4.98462e-05,0.000101109,38333
3.4283e-06,-6.95401e-06,38334
-2.05126e-05,4.1608e-05,38351
0.000111928,-0.000227036,38359
-0.000272333,0.000552405,38363
0.00020533,-0.000416494,38365
-1.34219e-05,2.72252e-05,38366
-7.86605e-05,0.000159556,38375
0.000253832,-0.000514877,38379
-0.000196999,0.000399595,38381
1.26689e-05,-2.56978e-05,38382
-3.23216e-05,6.55617e-05,38387
3.1009e-05,-6.2899e-05,38389
-2.25055e-06,4.56505e-06,38390
1.32692e-06,-2.69154e-06,38394
-8.01727e-07,1.62624e-06,38396
-3.83068e-05,7.7702e-05,38495
4.96312e-05,-0.000100673,38511
-2.60969e-05,5.29353e-05,38519
3.29319e-05,-6.67994e-05,38523
-2.25464e-05,4.57335e-05,38525
1.60086e-06,-3.24721e-06,38526
0.000150505,-0.000305287,38559
-0.000251805,0.000510766,38575
0.00020986,-0.000425683,38583
-0.000358232,0.000726643,38587
0.00025866,-0.000524669,38589
-1.77737e-05,3.60523e-05,38590
0.000104477,-0.000211922,38607
-0.000666141,0.00135121,38615
0.00171957,-0.003488,38619
-0.00131081,0.00265887,38621
8.65603e-05,-0.00017558,38622
0.000481176,-0.000976023,38631
-0.00162189,0.00328986,38635
0.00126867,-0.00257339,38637
-8.25599e-05,0.000167466,38638
0.000203788,-0.000413367,38643
-0.000196999,0.000399595,38645
1.45312e-05,-2.94753e-05,38646
-8.47907e-06,1.71991e-05,38650
5.12037e-06,-1.03862e-05,38652
-0.000105414,0.000213823,38687
0.000179566,-0.000364234,38703
-0.000162736,0.000330097,38711
0.000292857,-0.000594035,38715
-0.000213752,0.000433578,38717
1.46874e-05,-2.97921e-05,38718
-9.66297e-05,0.000196005,38735
0.000657659,-0.00133401,38743
-0.00174186,0.00353322,38747
0.00133396,-0.00270582,38749
-8.83919e-05,0.000179295,38750
-0.000484549,0.000982866,38759
0.00166922,-0.00338586,38763
-0.00131081,0.00265887,38765
8.57269e-05,-0.00017389,38766
-0.000211174,0.000428349,38771
0.00020533,-0.000416494,38773
-1.53361e-05,3.11079e-05,38774
8.99052e-06,-1.82365e-05,38778
-5.41958e-06,1.09932e-05,38780
9.59294e-06,-1.94585e-05,38799
-8.6542e-05,0.000175543,38807
0.000272978,-0.000553712,38811
-0.000213752,0.000433578,38813
1.42665e-05,-2.89383e-05,38814
7.86614e-05,-0.000159558,38823
-0.000322209,0.000653574,38827
0.000258659,-0.000524669,38829
-1.72218e-05,3.49329e-05,38830
4.96208e-05,-0.000100652,38835
-4.98462e-05,0.000101109,38837
4.00221e-06,-8.11814e-06,38838
-2.59647e-06,5.26671e-06,38842
1.54144e-06,-3.12668e-06,38844
2.68218e-05,-5.44056e-05,38859
-2.25464e-05,4.57335e-05,38861
1.57553e-06,-3.19584e-06,38862
-2.80229e-05,5.6842e-05,38867
2.87594e-05,-5.8336e-05,38869
-2.5425e-06,5.15725e-06,38870
1.99598e-06,-4.04867e-06,38874
-1.16008e-06,2.35312e-06,38876
1.54051e-05,-3.12479e-05,38883
-1.55051e-05,3.14507e-05,38885
1.37222e-06,-2.78344e-06,38886
-1.24738e-06,2.53022e-06,38890
7.22385e-07,-1.46529e-06,38892
1.13512e-07,-2.30247e-07,38898
-7.14101e-08,1.44851e-07,38900
2.79093e-07,-5.66119e-07,39039
-5.81672e-06,1.17987e-05,39103
4.62284e-05,-9.37703e-05,39135
-5.32655e-05,0.000108044,39151
2.13834e-05,-4.33743e-05,39159
-2.31153e-05,4.68874e-05,39163
1.54051e-05,-3.12479e-05,39165
-1.13314e-06,2.29847e-06,39166
8.0787e-06,-1.63869e-05,39231
-7.72641e-05,0.000156723,39263
9.11091e-05,-0.000184807,39279
-3.81413e-05,7.73664e-05,39287
4.19732e-05,-8.51391e-05,39291
-2.80229e-05,5.6842e-05,39293
2.04857e-06,-4.15535e-06,39294
4.20624e-05,-8.532e-05,39327
-6.60359e-05,0.000133948,39343
4.5477e-05,-9.22461e-05,39351
-7.00503e-05,0.000142091,39355
4.96208e-05,-0.000100652,39357
-3.43523e-06,6.96807e-06,39358
1.94255e-05,-3.9403e-05,39375
-0.000110715,0.000224577,39383
0.000277939,-0.000563775,39387
-0.000211174,0.000428349,39389
1.39587e-05,-2.8314e-05,39390
7.85795e-05,-0.000159392,39399
-0.000260791,0.000528993,39403
0.000203788,-0.000413367,39405
-1.32733e-05,2.69238e-05,39406
3.34626e-05,-6.7876e-05,39411
-3.23216e-05,6.55617e-05,39413
2.38808e-06,-4.84401e-06,39414
-1.40281e-06,2.84548e-06,39418
8.46075e-07,-1.71619e-06,39420
3.98509e-05,-8.0834e-05,39519
-5.25542e-05,0.000106602,39535
2.91934e-05,-5.92163e-05,39543
-3.86608e-05,7.84201e-05,39547
2.68218e-05,-5.44056e-05,39549
-1.91308e-06,3.88051e-06,39550
-0.000170768,0.000346389,39583
0.000288293,-0.000584777,39599
-0.000249487,0.000506064,39607
0.000441725,-0.000896001,39611
-0.000322209,0.000653574,39613
2.23576e-05,-4.53504e-05,39614
-0.00012482,0.000253186,39631
0.00081918,-0.00166164,39639
-0.00217313,0.004408,39643
0.00166922,-0.00338586,39645
-0.000111661,0.000226495,39646
-0.000595738,0.0012084,39655
0.00205894,-0.00417639,39659
-0.00162189,0.00328986,39661
0.000107069,-0.000217181,39662
-0.000260791,0.000528993,39667
0.000253832,-0.000514877,39669
-1.90806e-05,3.87034e-05,39670
1.10795e-05,-2.24738e-05,39674
-6.67725e-06,1.35442e-05,39676
0.00012292,-0.000249333,39711
-0.000211037,0.00042807,39727
0.00019827,-0.000402173,39735
-0.000370161,0.000750839,39739
0.000272978,-0.000553712,39741
-1.89639e-05,3.84666e-05,39742
0.000118298,-0.000239957,39759
-0.000827798,0.00167912,39767
0.00225613,-0.00457636,39771
-0.00174186,0.00353322,39773
0.000117058,-0.000237442,39774
0.000614227,-0.00124591,39783
-0.00217313,0.004408,39787
0.00171957,-0.003488,39789
-0.000114237,0.00023172,39790
0.000277939,-0.000563775,39795
-0.000272333,0.000552405,39797
2.07789e-05,-4.21481e-05,39798
-1.21351e-05,2.4615e-05,39802
7.29683e-06,-1.4801e-05,39804
-1.21077e-05,2.45595e-05,39823
0.000113029,-0.00022927,39831
-0.000370161,0.000750839,39835
0.000292857,-0.000594035,39837
-1.99225e-05,4.04111e-05,39838
-0.000104014,0.000210984,39847
0.000441725,-0.000896001,39851
-0.000358232,0.000726643,39853
2.43748e-05,-4.94423e-05,39854
-7.00503e-05,0.000142091,39859
7.12355e-05,-0.000144495,39861
-5.91185e-06,1.19917e-05,39862
3.86142e-06,-7.83255e-06,39866
-2.28147e-06,4.62778e-06,39868
-3.86608e-05,7.84201e-05,39883
3.29319e-05,-6.67994e-05,39885
-2.37664e-06,4.82081e-06,39886
4.19732e-05,-8.51391e-05,39891
-4.41095e-05,8.94723e-05,39893
4.12172e-06,-8.36056e-06,39894
-3.36765e-06,6.83098e-06,39898
1.9445e-06,-3.94424e-06,39900
-2.31153e-05,4.68874e-05,39907
2.39428e-05,-4.85659e-05,39909
-2.26246e-06,4.58921e-06,39910
2.19019e-06,-4.44261e-06,39914
-1.26051e-06,2.55683e-06,39916
-1.96454e-07,3.98491e-07,39922
1.24148e-07,-2.51822e-07,39924
-4.69513e-06,9.52367e-06,40031
6.55646e-06,-1.32992e-05,40047
-4.34721e-06,8.81794e-06,40055
6.75064e-06,-1.36931e-05,40059
-4.88707e-06,9.91301e-06,40061
3.54924e-07,-7.19932e-07,40062
2.96348e-05,-6.01117e-05,40095
-5.13653e-05,0.00010419,40111
5.12673e-05,-0.000103991,40119
-0.000104014,0.000210984,40123
7.86614e-05,-0.000159558,40125
-5.64324e-06,1.14468e-05,40126
2.84017e-05,-5.76104e-05,40143
-0.000209732,0.000425423,40151
0.000614227,-0.00124591,40155
-0.000484549,0.000982866,40157
3.38777e-05,-6.87181e-05,40158
0.000157396,-0.000319264,40167
-0.000595738,0.0012084,40171
0.000481176,-0.000976023,40173
-3.33996e-05,6.77482e-05,40174
7.85795e-05,-0.000159392,40179
-7.86605e-05,0.000159556,40181
6.37635e-06,-1.29339e-05,40182
-3.70009e-06,7.50531e-06,40186
2.20698e-06,-4.47667e-06,40188
-2.76191e-05,5.60229e-05,40223
4.84337e-05,-9.82436e-05,40239
-5.25224e-05,0.000106537,40247
0.000113029,-0.00022927,40251
-8.6542e-05,0.000175543,40253
6.24482e-06,-1.26671e-05,40254
-3.47086e-05,7.04035e-05,40271
0.000273206,-0.000554175,40279
-0.000827798,0.00167912,40283
0.000657659,-0.00133401,40285
-4.637e-05,9.40575e-05,40286
-0.000209732,0.000425423,40295
0.00081918,-0.00166164,40299
-0.000666141,0.00135121,40301
4.6738e-05,-9.48039e-05,40302
-0.000110715,0.000224577,40307
0.000111928,-0.000227036,40309
-9.28289e-06,1.88295e-05,40310
5.44966e-06,-1.10542e-05,40314
-3.23786e-06,6.56773e-06,40316
4.88863e-06,-9.91617e-06,40335
-5.25224e-05,0.000106537,40343
0.00019827,-0.000402173,40347
-0.000162736,0.000330097,40349
1.18238e-05,-2.39836e-05,40350
5.12673e-05,-0.000103991,40359
-0.000249487,0.000506064,40363
0.00020986,-0.000425683,40365
-1.53963e-05,3.123e-05,40366
4.5477e-05,-9.22461e-05,40371
-4.84593e-05,9.82956e-05,40373
4.52916e-06,-9.18701e-06,40374
-3.1057e-06,6.29966e-06,40378
1.80306e-06,-3.65734e-06,40380
2.91934e-05,-5.92163e-05,40395
-2.60969e-05,5.29353e-05,40397
2.10629e-06,-4.27243e-06,40398
-3.81413e-05,7.73664e-05,40403
4.35624e-05,-8.83626e-05,40405
-4.85016e-06,9.83813e-06,40406
4.54467e-06,-9.21847e-06,40410
-2.58172e-06,5.23679e-06,40412
2.13834e-05,-4.33743e-05,40419
-2.45258e-05,4.97486e-05,40421
2.8402e-06,-5.76109e-06,40422
-3.3197e-06,6.73373e-06,40426
1.88575e-06,-3.82509e-06,40428
2.85653e-07,-5.79419e-07,40434
-1.83487e-07,3.72189e-07,40436
2.69406e-06,-5.46466e-06,40527
-3.47086e-05,7.04035e-05,40535
0.000118298,-0.000239957,40539
-9.66297e-05,0.000196005,40541
7.10315e-06,-1.44081e-05,40542
2.84017e-05,-5.76104e-05,40551
-0.00012482,0.000253186,40555
0.000104477,-0.000211922,40557
-7.72593e-06,1.56714e-05,40558
1.94255e-05,-3.9403e-05,40563
-2.05126e-05,4.1608e-05,40565
1.89366e-06,-3.84113e-06,40566
-1.18846e-06,2.4107e-06,40570
6.93155e-07,-1.406e-06,40572
-3.94696e-06,8.00608e-06,40591
4.84337e-05,-9.82436e-05,40599
-0.000211037,0.00042807,40603
0.000179566,-0.000364234,40605
-1.39347e-05,2.82654e-05,40606
-5.13653e-05,0.00010419,40615
0.000288293,-0.000584777,40619
-0.000251805,0.000510766,40621
1.99635e-05,-4.04942e-05,40622
-6.60359e-05,0.000133948,40627
7.43919e-05,-0.000150897,40629
-7.92772e-06,1.60807e-05,40630
6.01861e-06,-1.22082e-05,40634
-3.43534e-06,6.96829e-06,40636
-5.25542e-05,0.000106602,40651
4.96312e-05,-0.000100673,40653
-4.52643e-06,9.18148e-06,40654
9.11091e-05,-0.000184807,40659
-0.000112585,0.000228369,40661
1.46087e-05,-2.96325e-05,40662
-1.55553e-05,3.15525e-05,40666
8.76364e-06,-1.77763e-05,40668
-5.32655e-05,0.000108044,40675
6.70443e-05,-0.000135994,40677
-9.17556e-06,1.86118e-05,40678
1.23984e-05,-2.5149e-05,40682
-7.0111e-06,1.42214e-05,40684
-1.04695e-06,2.12364e-06,40690
6.83792e-07,-1.38701e-06,40692
2.25358e-06,-4.5712e-06,40719
-2.76191e-05,5.60229e-05,40727
0.00012292,-0.000249333,40731
-0.000105414,0.000213823,40733
8.32603e-06,-1.68886e-05,40734
2.96348e-05,-6.01117e-05,40743
-0.000170768,0.000346389,40747
0.000150505,-0.000305287,40749
-1.21822e-05,2.47106e-05,40750
4.20624e-05,-8.532e-05,40755
-4.81288e-05,9.76252e-05,40757
5.31443e-06,-1.07799e-05,40758
-4.18356e-06,8.486e-06,40762
2.37972e-06,-4.82706e-06,40764
3.98509e-05,-8.0834e-05,40779
-3.83068e-05,7.7702e-05,40781
3.62647e-06,-7.35599e-06,40782
-7.72641e-05,0.000156724,40787
9.74212e-05,-0.000197611,40789
-1.31143e-05,2.66012e-05,40790
1.44672e-05,-2.93454e-05,40794
-8.1425e-06,1.65164e-05,40796
4.62284e-05,-9.37703e-05,40803
-5.95611e-05,0.000120815,40805
8.47278e-06,-1.71863e-05,40806
-1.18814e-05,2.41005e-05,40810
6.71814e-06,-1.36272e-05,40812
9.98283e-07,-2.02493e-06,40818
-6.55929e-07,1.3305e-06,40820
-3.08463e-06,6.2569e-06,40843
3.05031e-06,-6.1873e-06,40845
-3.05278e-07,6.19235e-07,40846
8.0787e-06,-1.63869e-05,40851
-1.05093e-05,2.13171e-05,40853
1.50021e-06,-3.04304e-06,40854
-1.91987e-06,3.89429e-06,40858
1.08267e-06,-2.19609e-06,40860
-5.81672e-06,1.17987e-05,40867
7.78531e-06,-1.57918e-05,40869
-1.18409e-06,2.40182e-06,40870
1.95115e-06,-3.95773e-06,40874
-1.10845e-06,2.2484e-06,40876
-1.89305e-07,3.8399e-07,40882
1.27268e-07,-2.58152e-07,40884
-1.24778e-07,2.53101e-07,40906
7.24702e-08,-1.47001e-07,40908
1.043e-07,-2.11564e-07,40914
-6.89774e-08,1.39915e-07,40916
-6.06848e-08,1.23092e-07,40930
3.90932e-08,-7.93025e-08,40932
2.35293e-06,-4.77272e-06,41663
-1.56902e-05,3.18263e-05,41695
1.71478e-05,-3.47829e-05,41711
-5.7294e-06,1.16216e-05,41719
5.1261e-06,-1.03979e-05,41723
-3.27466e-06,6.64237e-06,41725
2.60224e-07,-5.27838e-07,41726
-2.60917e-06,5.29248e-06,41791
2.15529e-05,-4.37181e-05,41823
-2.44291e-05,4.95523e-05,41839
9.06156e-06,-1.83806e-05,41847
-9.07221e-06,1.84022e-05,41851
5.96894e-06,-1.21075e-05,41853
-4.62395e-07,9.3793e-07,41854
-8.60955e-06,1.74637e-05,41887
1.32101e-05,-2.67955e-05,41903
-8.72908e-06,1.77062e-05,41911
1.37456e-05,-2.78817e-05,41915
-9.88733e-06,2.00556e-05,41917
7.14058e-07,-1.4484e-06,41918
-3.3952e-06,6.88687e-06,41935
1.91527e-05,-3.88497e-05,41943
-5.03497e-05,0.00010213,41947
3.89742e-05,-7.90557e-05,41949
-2.69958e-06,5.47586e-06,41950
-1.35734e-05,2.75325e-05,41959
4.72273e-05,-9.57966e-05,41963
-3.75881e-05,7.62442e-05,41965
2.57319e-06,-5.21948e-06,41966
-6.19412e-06,1.25642e-05,41971
6.08654e-06,-1.2346e-05,41973
-4.76382e-07,9.66299e-07,41974
2.75068e-07,-5.57952e-07,41978
-1.6486e-07,3.34402e-07,41980
6.80189e-07,-1.37971e-06,42111
-1.44126e-05,2.92347e-05,42175
0.000116934,-0.000237191,42207
-0.000138219,0.000280365,42223
6.24186e-05,-0.000126611,42231
-7.75342e-05,0.000157271,42235
5.39973e-05,-0.000109529,42237
-4.09585e-06,8.30808e-06,42238
2.02671e-05,-4.111e-05,42303
-0.000197449,0.000400509,42335
0.000238898,-0.000484584,42351
-0.000112301,0.000227794,42359
0.000141574,-0.00028717,42363
-9.86902e-05,0.000200185,42365
7.44635e-06,-1.51043e-05,42366
0.00011658,-0.000236472,42399
-0.000187258,0.000379836,42415
0.000142908,-0.000289877,42423
-0.000246495,0.000499994,42427
0.000180656,-0.000366446,42429
-1.30547e-05,2.64803e-05,42430
6.0431e-05,-0.000122579,42447
-0.000375337,0.000761339,42455
0.00102831,-0.00208584,42459
-0.000801638,0.00162605,42461
5.58296e-05,-0.000113245,42462
0.000271484,-0.000550681,42471
-0.000976548,0.00198084,42475
0.000781463,-0.00158513,42477
-5.38495e-05,0.000109229,42478
0.000128445,-0.000260539,42483
-0.000126944,0.000257494,42485
1.00476e-05,-2.03807e-05,42486
-5.80592e-06,1.17768e-05,42490
3.47611e-06,-7.05098e-06,42492
0.000102678,-0.000208273,42591
-0.000139055,0.000282061,42607
8.57697e-05,-0.000173976,42615
-0.000127676,0.00025898,42619
9.18703e-05,-0.000186351,42621
-6.81123e-06,1.3816e-05,42622
-0.000476975,0.000967503,42655
0.000818546,-0.00166035,42671
-0.000773131,0.00156823,42679
0.00151881,-0.00308077,42683
-0.00114375,0.00232,42685
8.32847e-05,-0.000168936,42686
-0.000382136,0.00077513,42703
0.00269297,-0.00546245,42711
-0.00776301,0.0157466,42715
0.00611895,-0.0124118,42717
-0.000432748,0.000877793,42718
-0.00199048,0.00403752,42727
0.00743125,-0.0150737,42731
-0.00599776,0.0121659,42733
0.000420278,-0.000852497,42734
-0.000966427,0.00196031,42739
0.000963134,-0.00195363,42741
-7.7822e-05,0.000157855,42742
4.44171e-05,-9.00963e-05,42746
-2.65463e-05,5.38469e-05,42748
0.000350648,-0.000711259,42783
-0.00061025,0.00123784,42799
0.000623494,-0.0012647,42807
-0.00129124,0.00261917,42811
0.000983114,-0.00199416,42813
-7.18698e-05,0.000145782,42814
0.000367463,-0.000745367,42831
-0.00275487,0.00558801,42839
0.00817122,-0.0165746,42843
-0.00647878,0.0131416,42845
0.000461516,-0.000936146,42846
0.0020785,-0.00421606,42855
-0.00795983,0.0161458,42859
0.00645992,-0.0131034,42861
-0.000456913,0.000926809,42862
0.00105099,-0.00213184,42867
-0.0010563,0.00214262,42869
8.71122e-05,-0.0001767,42870
-5.02166e-05,0.00010186,42874
2.99075e-05,-6.06648e-05,42876
-3.96397e-05,8.04058e-05,42895
0.000398296,-0.000807909,42903
-0.00143532,0.00291143,42907
0.00117033,-0.00237392,42909
-8.5449e-05,0.000173326,42910
-0.000375615,0.000761903,42919
0.0017482,-0.00354607,42923
-0.00146075,0.00296301,42925
0.000107386,-0.000217824,42926
-0.000296465,0.000601355,42931
0.000312249,-0.000633369,42933
-2.87825e-05,5.83828e-05,42934
1.92072e-05,-3.89602e-05,42938
-1.11961e-05,2.27104e-05,42940
-0.000166595,0.000337923,42955
0.000147219,-0.000298621,42957
-1.17826e-05,2.39001e-05,42958
0.000198054,-0.000401736,42963
-0.000220371,0.000447004,42965
2.39831e-05,-4.86476e-05,42966
-2.17408e-05,4.40993e-05,42970
1.24355e-05,-2.52244e-05,42972
-0.000109843,0.000222806,42979
0.000121642,-0.00024674,42981
-1.36661e-05,2.77206e-05,42982
1.5376e-05,-3.1189e-05,42986
-8.81367e-06,1.78778e-05,42988
-1.40578e-06,2.85151e-06,42994
9.11407e-07,-1.84871e-06,42996
-6.84912e-07,1.38928e-06,43135
1.41158e-05,-2.86326e-05,43199
-0.000120101,0.000243614,43231
0.000146193,-0.000296539,43247
-7.31118e-05,0.000148301,43255
9.95272e-05,-0.000201882,43259
-7.08436e-05,0.0001437,43261
5.36137e-06,-1.08751e-05,43262
-2.04497e-05,4.14804e-05,43327
0.000206525,-0.000418918,43359
-0.000255944,0.000519159,43375
0.000130819,-0.000265354,43383
-0.000177824,0.000360701,43387
0.000126298,-0.000256184,43389
-9.53064e-06,1.93321e-05,43390
-0.00013404,0.000271888,43423
0.00021831,-0.000442823,43439
-0.000174835,0.000354638,43447
0.000313199,-0.000635298,43451
-0.000231722,0.000470029,43453
1.68568e-05,-3.41925e-05,43454
-7.46038e-05,0.000151327,43471
0.000479701,-0.000973032,43479
-0.00134632,0.0027309,43483
0.00105589,-0.00214177,43485
-7.42435e-05,0.000150597,43486
-0.00034983,0.000709601,43495
0.00128574,-0.00260801,43499
-0.0010345,0.0020984,43501
7.20557e-05,-0.000146159,43502
-0.000170377,0.000345596,43507
0.000169343,-0.000343497,43509
-1.36057e-05,2.75979e-05,43510
7.85286e-06,-1.59289e-05,43514
-4.69252e-06,9.51838e-06,43516
-0.000139455,0.000282872,43615
0.000191894,-0.000389241,43631
-0.00012404,0.000251604,43639
0.000191894,-0.000389241,43643
-0.000139455,0.000282872,43645
1.03904e-05,-2.1076e-05,43646
0.000699045,-0.00141795,43679
-0.00120789,0.00245009,43695
0.00117688,-0.0023872,43703
-0.00237944,0.00482648,43707
0.00180551,-0.00366231,43709
-0.000132505,0.000268775,43710
0.000585017,-0.00118666,43727
-0.0042182,0.00855625,43735
0.0124051,-0.0251628,43739
-0.00983131,0.019942,43741
0.000701849,-0.00142364,43742
0.00313468,-0.00635844,43751
-0.0119151,0.0241687,43755
0.00966481,-0.0196042,43757
-0.000684184,0.00138781,43758
0.00155888,-0.00316206,43763
-0.00156121,0.00316678,43765
0.000127795,-0.000259222,43766
-7.27429e-05,0.000147553,43770
4.3405e-05,-8.80433e-05,43772
-0.0005277,0.00107039,43807
0.000923466,-0.00187317,43823
-0.00097152,0.00197065,43831
0.00206969,-0.0041982,43835
-0.00158756,0.00322023,43837
0.000117013,-0.000237351,43838
-0.000575849,0.00116806,43855
0.00441247,-0.00895032,43863
-0.013356,0.0270915,43867
0.0106482,-0.0215989,43869
-0.000765748,0.00155325,43870
-0.00334782,0.00679076,43879
0.0130601,-0.0264912,43883
-0.0106535,0.0216097,43885
0.000761341,-0.00154431,43886
-0.00173805,0.00352548,43891
0.00175583,-0.00356154,43893
-0.000146741,0.000297652,43894
8.44513e-05,-0.000171302,43898
-5.02086e-05,0.000101844,43900
6.41974e-05,-0.000130219,43919
-0.000661299,0.00134139,43927
0.00243982,-0.00494896,43931
-0.00200104,0.00405893,43933
0.000147566,-0.000299326,43934
0.000629322,-0.00127652,43943
-0.00299308,0.00607121,43947
0.00251479,-0.00510104,43949
-0.000186859,0.000379027,43950
0.000516312,-0.00104729,43955
-0.000546969,0.00110948,43957
5.1087e-05,-0.000103626,43958
-3.41784e-05,6.93279e-05,43962
1.98862e-05,-4.03374e-05,43964
0.000293933,-0.000596219,43979
-0.000261192,0.000529805,43981
2.11359e-05,-4.28724e-05,43982
-0.000355282,0.000720658,43987
0.000398413,-0.000808146,43989
-4.38875e-05,8.90219e-05,43990
3.99779e-05,-8.10918e-05,43994
-2.28292e-05,4.63072e-05,43996
0.000197152,-0.000399907,44003
-0.000220371,0.000447004,44005
2.50857e-05,-5.08841e-05,44006
-2.84022e-05,5.76114e-05,44010
1.62511e-05,-3.29639e-05,44012
2.57901e-06,-5.23129e-06,44018
-1.6696e-06,3.38665e-06,44020
2.3642e-05,-4.79558e-05,44127
-3.45354e-05,7.0052e-05,44143
2.68386e-05,-5.44397e-05,44151
-4.88841e-05,9.91571e-05,44155
3.70486e-05,-7.51498e-05,44157
-2.83507e-06,5.75068e-06,44158
-0.000177512,0.000360068,44191
0.000313639,-0.00063619,44207
-0.000352897,0.00071582,44215
0.000817947,-0.00165914,44219
-0.000642825,0.00130392,44221
4.89697e-05,-9.93309e-05,44222
-0.000195484,0.000396523,44239
0.00158421,-0.00321343,44247
-0.00512945,0.0104047,44251
0.00417189,-0.00846231,44253
-0.000311554,0.000631961,44254
-0.0012166,0.00246777,44263
0.00505195,-0.0102474,44267
-0.00420033,0.00852002,44269
0.000312839,-0.000634567,44270
-0.000694733,0.00140921,44275
0.000716588,-0.00145354,44277
-6.33994e-05,0.0001286,44278
3.65699e-05,-7.4179e-05,44282
-2.15597e-05,4.37319e-05,44284
0.000176988,-0.000359004,44319
-0.000314467,0.00063787,44335
0.000380527,-0.000771865,44343
-0.000931283,0.00188903,44347
0.000740092,-0.00150121,44349
-5.67822e-05,0.000115178,44350
0.000250981,-0.000509093,44367
-0.00215735,0.00437601,44375
0.00721599,-0.014637,44379
-0.00590848,0.0119848,44381
0.000445091,-0.000902828,44382
0.00169517,-0.0034385,44391
-0.00725783,0.0147219,44395
0.00607463,-0.0123219,44397
-0.000457426,0.000927849,44398
0.00102809,-0.0020854,44403
-0.00107129,0.00217301,44405
9.70114e-05,-0.000196779,44406
-5.68906e-05,0.000115398,44410
3.34008e-05,-6.77507e-05,44412
-3.98985e-05,8.09307e-05,44431
0.00046873,-0.000950779,44439
-0.00195633,0.00396825,44443
0.00165483,-0.00335667,44445
-0.000129052,0.000261771,44446
-0.000472407,0.000958238,44455
0.00252288,-0.00511744,44459
-0.00218525,0.00443259,44461
0.000172812,-0.000350535,44462
-0.000495412,0.0010049,44467
0.000545375,-0.00110625,44469
-5.58479e-05,0.000113283,44470
3.92918e-05,-7.97e-05,44474
-2.2576e-05,4.57935e-05,44476
-0.000324203,0.000657618,44491
0.000299118,-0.000606736,44493
-2.63094e-05,5.33664e-05,44494
0.000460138,-0.000933351,44499
-0.000546969,0.00110948,44501
6.73392e-05,-0.000136592,44502
-6.70335e-05,0.000135972,44506
3.7978e-05,-7.70351e-05,44508
-0.000260265,0.000527925,44515
0.000312249,-0.000633369,44517
-4.02773e-05,8.1699e-05,44518
5.08363e-05,-0.000103117,44522
-2.89162e-05,5.8654e-05,44524
-4.48965e-06,9.10687e-06,44530
2.93182e-06,-5.94695e-06,44532
0.000244291,-0.000495523,44631
-0.00129811,0.0026331,44635
0.00109158,-0.00221417,44637
-8.56684e-05,0.000173771,44638
-0.000291172,0.000590618,44647
0.00140193,-0.0028437,44651
-0.00120701,0.00244832,44653
9.57178e-05,-0.000194155,44654
-0.000233467,0.000473568,44659
0.000254302,-0.000515829,44661
-2.55938e-05,5.19148e-05,44662
1.63765e-05,-3.32182e-05,44666
-9.44864e-06,1.91657e-05,44668
4.08255e-05,-8.28111e-05,44687
-0.000556095,0.00112799,44695
0.0026674,-0.00541059,44699
-0.00233348,0.00473327,44701
0.000193631,-0.000392765,44702
0.000613472,-0.00124437,44711
-0.00374617,0.00759879,44715
0.00335933,-0.00681411,44717
-0.000285318,0.000578742,44718
0.000925342,-0.00187698,44723
-0.00107129,0.00217301,44725
0.000123154,-0.000249808,44726
-9.64445e-05,0.000195629,44730
5.47531e-05,-0.000111062,44732
0.000748762,-0.0015188,44747
-0.000725069,0.00147074,44749
7.09252e-05,-0.000143866,44750
-0.00138544,0.00281025,44755
0.00175583,-0.00356154,44757
-0.0002444,0.000495745,44758
0.000271852,-0.000551428,44762
-0.000153479,0.000311318,44764
0.000817157,-0.00165753,44771
-0.0010563,0.00214262,44773
0.000155399,-0.000315214,44774
-0.000220851,0.000447976,44778
0.000125523,-0.000254613,44780
1.91826e-05,-3.89102e-05,44786
-1.27166e-05,2.57946e-05,44788
-2.36042e-05,4.78791e-05,44815
0.00032442,-0.000658058,44823
-0.00159741,0.00324022,44827
0.00140925,-0.00285855,44829
-0.000119103,0.00024159,44830
-0.000364437,0.000739229,44839
0.00228991,-0.00464488,44843
-0.00207209,0.00420307,44845
0.000179621,-0.000364346,44846
-0.000610058,0.00123745,44851
0.000716588,-0.00145354,44853
-8.51058e-05,0.00017263,44854
6.92149e-05,-0.000140397,44858
-3.92144e-05,7.95431e-05,44860
-0.000589757,0.00119627,44875
0.000580201,-0.00117689,44877
-5.86722e-05,0.000119012,44878
0.00121129,-0.002457,44883
-0.00156121,0.00316678,44885
0.000224188,-0.000454747,44886
-0.000257738,0.0005228,44890
0.000145515,-0.000295165,44892
-0.000730832,0.00148243,44899
0.000963134,-0.00195363,44901
-0.000146367,0.000296893,44902
0.000215114,-0.000436339,44906
-0.000122349,0.000248175,44908
-1.86205e-05,3.77702e-05,44914
1.2419e-05,-2.51909e-05,44916
4.54697e-05,-9.22314e-05,44939
-4.61491e-05,9.36094e-05,44941
4.9631e-06,-1.00672e-05,44942
-0.000127404,0.000258427,44947
0.000169343,-0.000343497,44949
-2.58348e-05,5.24038e-05,44950
3.46338e-05,-7.02518e-05,44954
-1.96377e-05,3.98334e-05,44956
9.28909e-05,-0.000188421,44963
-0.000126944,0.000257494,44965
2.06401e-05,-4.18667e-05,44966
-3.57716e-05,7.25596e-05,44970
2.04885e-05,-4.15592e-05,44972
3.605e-06,-7.31242e-06,44978
-2.46432e-06,4.99865e-06,44980
-1.38304e-06,2.80538e-06,45004
-1.98337e-06,4.02311e-06,45010
1.33709e-06,-2.71218e-06,45012
1.14893e-06,-2.33052e-06,45026
-7.54188e-07,1.52981e-06,45028
-0.00016391,0.000332477,45775
0.00130661,-0.00265035,45783
-0.00424088,0.00860225,45787
0.0034595,-0.0070173,45789
-0.000261304,0.000530033,45790
-0.000995891,0.00202008,45799
0.00414236,-0.00840242,45803
-0.00345269,0.00700348,45805
0.000259798,-0.000526979,45806
-0.00056318,0.00114236,45811
0.000580201,-0.00117689,45813
-5.13588e-05,0.000104177,45814
2.9007e-05,-5.88382e-05,45818
-1.71189e-05,3.47242e-05,45820
0.000138002,-0.000279924,45855
-0.000245275,0.00049752,45871
0.000291081,-0.000590433,45879
-0.000709609,0.00143938,45883
0.000565136,-0.00114633,45885
-4.38799e-05,8.90066e-05,45886
0.000175669,-0.000356329,45903
-0.00148805,0.00301839,45911
0.0049897,-0.0101212,45915
-0.00409819,0.00831283,45917
0.000312373,-0.000633623,45918
0.00116063,-0.00235425,45927
-0.00497732,0.0100961,45931
0.00417682,-0.00847233,45933
-0.000317934,0.000644902,45934
0.000696263,-0.00141231,45939
-0.000725069,0.00147074,45941
6.58201e-05,-0.00013351,45942
-3.78904e-05,7.68575e-05,45946
2.2259e-05,-4.51504e-05,45948
-2.34559e-05,4.75782e-05,45967
0.000270855,-0.000549406,45975
-0.0011236,0.00227912,45979
0.000951494,-0.00193002,45981
-7.48526e-05,0.000151832,45982
-0.000269482,0.00054662,45991
0.00142969,-0.0029,45995
-0.00123923,0.00251367,45997
9.87311e-05,-0.000200268,45998
-0.000272403,0.000552546,46003
0.000299118,-0.000606736,46005
-3.05985e-05,6.20665e-05,46006
2.11589e-05,-4.29189e-05,46010
-1.21685e-05,2.46828e-05,46012
0.000150807,-0.000305899,46029
-1.32589e-05,2.68945e-05,46030
0.000221707,-0.000449714,46035
-0.000261192,0.000529805,46037
3.18969e-05,-6.47002e-05,46038
-3.11559e-05,6.31971e-05,46042
1.76887e-05,-3.58799e-05,46044
-0.000124284,0.0002521,46051
0.000147219,-0.000298621,46053
-1.87734e-05,3.80801e-05,46054
2.32158e-05,-4.70913e-05,46058
-1.32421e-05,2.68604e-05,46060
-2.09815e-06,4.25592e-06,46066
1.37214e-06,-2.78328e-06,46068
-3.33526e-05,6.76529e-05,46175
5.13183e-05,-0.000104095,46191
-4.76235e-05,9.66002e-05,46199
0.000102734,-0.000208387,46203
-8.14066e-05,0.000165126,46205
6.53398e-06,-1.32536e-05,46206
0.000318454,-0.000645956,46239
-0.000571279,0.00115879,46255
0.000727726,-0.00147613,46263
-0.00192769,0.00391016,46267
0.00157005,-0.00318471,46269
-0.000125897,0.000255372,46270
0.000411658,-0.000835013,46287
-0.0036909,0.00748668,46295
0.0131865,-0.0267477,46299
-0.0110282,0.0223697,46301
0.000870201,-0.00176513,46302
0.00291994,-0.00592285,46311
-0.0132893,0.0269563,46315
0.0113515,-0.0230256,46317
-0.000897887,0.00182129,46318
0.00194638,-0.00394806,46323
-0.00207209,0.00420307,46325
0.000199477,-0.000404622,46326
-0.000117591,0.000238524,46330
6.84715e-05,-0.000138889,46332
-0.000355264,0.000720623,46367
0.000636002,-0.00129007,46383
-0.00085856,0.00174152,46391
0.00238572,-0.00483922,46395
-0.00196147,0.00397867,46397
0.000158394,-0.000321289,46398
-0.000575849,0.00116806,46415
0.00544497,-0.0110447,46423
-0.0200408,0.040651,46427
0.0168578,-0.0341945,46429
-0.00133997,0.00271802,46430
-0.00440827,0.0089418,46439
0.0206411,-0.0418686,46443
-0.0177348,0.0359735,46445
0.00141591,-0.00287204,46446
-0.00312667,0.00634217,46451
0.00335933,-0.00681411,46453
-0.000329867,0.000669107,46454
0.000198119,-0.000401867,46458
-0.000114972,0.000233211,46460
0.00011238,-0.000227952,46479
-0.00145966,0.00296079,46487
0.0067103,-0.0136113,46491
-0.00582612,0.0118178,46493
0.000480174,-0.000973991,46494
0.0015331,-0.00310975,46503
-0.00894559,0.0181454,46507
0.00794782,-0.0161215,46509
-0.000666724,0.00135239,46510
0.00192722,-0.0039092,46515
-0.00218525,0.00443259,46517
0.000241336,-0.000489528,46518
-0.000176946,0.00035892,46522
0.000100938,-0.000204745,46524
-0.00123923,0.00251367,46541
0.000116744,-0.000236805,46542
-0.00204376,0.00414559,46547
0.00251479,-0.00510104,46549
-0.000335254,0.000680034,46550
0.000355427,-0.000720954,46554
-0.000201508,0.000408742,46556
0.00117072,-0.0023747,46563
-0.00146075,0.00296301,46565
0.000205268,-0.000416369,46566
-0.000278948,0.000565822,46570
0.000159288,-0.000323101,46572
2.51121e-05,-5.09378e-05,46578
-1.66609e-05,3.37951e-05,46580
0.00378173,-0.0076709,46683
-0.00460807,0.00934708,46685
0.000379758,-0.000770307,46686
0.00113597,-0.00230423,46695
-0.00596013,0.0120896,46699
0.00525484,-0.010659,46701
-0.00043932,0.000891123,46702
0.00107822,-0.00218708,46707
-0.00120701,0.00244832,46709
0.000130165,-0.000264029,46710
-8.61358e-05,0.000174719,46714
4.93103e-05,-0.000100022,46716
-0.000170985,0.000346829,46735
0.00258033,-0.00523398,46743
-0.0134178,0.0272168,46747
0.0119835,-0.0243075,46749
-0.00104047,0.0021105,46750
-0.00296596,0.00601619,46759
0.0194001,-0.0393514,46763
-0.0177348,0.0359735,46765
0.00157719,-0.0031992,46766
-0.00514554,0.0104373,46771
0.00607463,-0.0123219,46773
-0.000734718,0.00149031,46774
0.000593565,-0.001204,46778
-0.000336309,0.000682173,46780
0.00417682,-0.00847233,46797
-0.000427132,0.000866401,46798
0.0082697,-0.0167744,46803
-0.0106535,0.0216097,46805
0.0015502,-0.00314446,46806
-0.00178648,0.00362372,46810
0.00101223,-0.00205322,46812
-0.00491175,0.00996306,46819
0.00645992,-0.0131034,46821
-0.000995095,0.00201846,46822
0.00147121,-0.00298423,46826
-0.000840903,0.0017057,46828
-0.00013036,0.000264425,46834
8.74899e-05,-0.000177466,46836
0.000101513,-0.000205911,46863
-0.0015574,0.00315906,46871
0.00832907,-0.0168948,46875
-0.00749955,0.0152122,46877
0.00066257,-0.00134397,46878
0.00183133,-0.00371469,46887
-0.0123155,0.0249809,46891
0.0113515,-0.0230256,46893
-0.00102827,0.00208575,46894
0.0035138,-0.00712744,46899
-0.00420033,0.00852002,46901
0.000522368,-0.00105958,46902
-0.000437413,0.000887255,46906
0.000247606,-0.000502247,46908
-0.00345269,0.00700348,46925
0.000363022,-0.000736358,46926
-0.00740178,0.0150139,46931
0.00966481,-0.0196042,46933
-0.00144213,0.00292524,46934
0.0017102,-0.00346899,46938
-0.000969465,0.00196648,46940
0.00449068,-0.00910895,46947
-0.00599776,0.0121659,46949
0.000948243,-0.00192343,46950
-0.00144233,0.00292564,46954
0.000825147,-0.00167374,46956
0.000127375,-0.000258369,46962
-8.59491e-05,0.00017434,46964
0.000269599,-0.000546858,46989
-3.02725e-05,6.14052e-05,46990
0.000768595,-0.00155903,46995
-0.0010345,0.0020984,46997
0.000164108,-0.000332878,46998
-0.000227248,0.000460952,47002
0.000129514,-0.000262708,47004
-0.000565049,0.00114615,47011
0.000781463,-0.00158513,47013
-0.000132132,0.000268019,47014
0.000236921,-0.000480573,47018
-0.000136605,0.000277091,47020
-2.4387e-05,4.94669e-05,47026
1.68581e-05,-3.41952e-05,47028
9.29317e-06,-1.88504e-05,47052
1.32194e-05,-2.68144e-05,47058
-8.9907e-06,1.82369e-05,47060
-7.63942e-06,1.54959e-05,47074
5.05291e-06,-1.02494e-05,47076
1.94882e-05,-3.95301e-05,47199
-3.02396e-05,6.13384e-05,47215
2.89754e-05,-5.87741e-05,47223
-6.46376e-05,0.000131112,47227
5.16576e-05,-0.000104783,47229
-4.18472e-06,8.48835e-06,47230
-0.000192776,0.00039103,47263
0.000346268,-0.000702376,47279
-0.000450093,0.000912974,47287
0.0012218,-0.00247832,47291
-0.00100151,0.00203147,47293
8.10418e-05,-0.000164386,47294
-0.000256587,0.000520465,47311
0.00235192,-0.00477067,47319
-0.00858289,0.0174096,47323
0.00721845,-0.014642,47325
-0.00057556,0.00116747,47326
-0.00187766,0.00380867,47335
0.00872852,-0.0177051,47339
-0.00749955,0.0152122,47341
0.000600577,-0.00121822,47342
-0.00131202,0.00266132,47347
0.00140925,-0.00285855,47349
-0.000138833,0.000281611,47350
8.33893e-05,-0.000169148,47354
-4.83924e-05,9.81599e-05,47356
0.00022104,-0.000448361,47391
-0.00039566,0.000802563,47407
0.000544051,-0.00110356,47415
-0.0015497,0.00314344,47419
0.00128236,-0.00260117,47421
-0.000104543,0.000212056,47422
0.000367463,-0.000745367,47439
-0.00355121,0.00720333,47447
0.0133484,-0.0270761,47451
-0.0112905,0.0229017,47453
0.000906774,-0.00183931,47454
0.00290107,-0.00588458,47463
-0.0138681,0.0281302,47467
0.0119835,-0.0243075,47469
-0.000968338,0.00196419,47470
0.00215398,-0.00436917,47475
-0.00233348,0.00473327,47477
0.000234053,-0.000474756,47478
-0.00014289,0.000289839,47482
8.26786e-05,-0.000167706,47484
-7.69787e-05,0.000156145,47503
0.0010271,-0.00208339,47511
-0.00483529,0.00980797,47515
0.00422345,-0.0085669,47517
-0.000352356,0.000714725,47518
-0.00109274,0.00221654,47527
0.00651821,-0.0132216,47531
-0.00582612,0.0118178,47533
0.000495377,-0.00100483,47534
-0.00144797,0.00293709,47539
0.00165483,-0.00335667,47541
-0.000186406,0.000378108,47542
0.000139002,-0.000281954,47546
-7.91882e-05,0.000160626,47548
0.000951494,-0.00193002,47565
-9.12647e-05,0.000185123,47566
0.00161079,-0.00326735,47571
-0.00200104,0.00405893,47573
0.000272729,-0.000553208,47574
-0.000295604,0.000599606,47578
0.000167772,-0.000340311,47580
-0.000927738,0.00188184,47587
0.00117033,-0.00237392,47589
-0.000168466,0.000341719,47590
0.000234716,-0.000476101,47594
-0.0001343,0.000272417,47596
-2.12666e-05,4.31375e-05,47602
1.41907e-05,-2.87846e-05,47604
0.0028238,-0.00572784,47709
-0.000332663,0.000674778,47710
-0.000967823,0.00196315,47719
0.00519621,-0.0105401,47723
-0.00460807,0.00934708,47725
0.000389963,-0.000791006,47726
-0.000967823,0.00196315,47731
0.00109158,-0.00221417,47733
-0.000119902,0.000243211,47734
8.05524e-05,-0.000163394,47738
-4.6037e-05,9.33821e-05,47740
0.000152917,-0.000310179,47759
-0.00237146,0.0048103,47767
0.0125805,-0.0255185,47771
-0.0112905,0.0229017,47773
0.000990613,-0.00200937,47774
0.00275929,-0.00559698,47783
-0.0183567,0.0372349,47787
0.0168578,-0.0341945,47789
-0.00151553,0.00307412,47790
0.00497918,-0.0100998,47795
-0.00590848,0.0119848,47797
0.00072448,-0.00146954,47798
-0.000592929,0.00120271,47802
0.000336015,-0.000681577,47804
-0.00409819,0.00831283,47821
0.000424178,-0.000860409,47822
-0.0082271,0.016688,47827
0.0106482,-0.0215989,47829
-0.0015706,0.00318583,47830
0.00183692,-0.00372603,47834
-0.00104299,0.00211561,47836
0.00490135,-0.00994197,47843
-0.00647878,0.0131416,47845
0.00101255,-0.00205386,47846
-0.00152151,0.00308625,47850
0.000872109,-0.001769,47852
0.000135856,-0.000275571,47858
-9.16751e-05,0.000185955,47860
-9.2471e-05,0.000187569,47887
0.00146106,-0.00296363,47895
-0.00797767,0.016182,47899
0.00721845,-0.014642,47901
-0.000644576,0.00130747,47902
-0.00174158,0.00353264,47911
0.0119115,-0.0241615,47915
-0.0110282,0.0223697,47917
0.00100974,-0.00204818,47918
-0.00347358,0.00704586,47923
0.00417189,-0.00846231,47925
-0.000525636,0.00106621,47926
0.000445929,-0.000904529,47930
-0.000252586,0.000512349,47932
0.0034595,-0.0070173,47949
-0.000367828,0.000746107,47950
0.00750003,-0.0152132,47955
-0.00983131,0.019942,47957
0.00148578,-0.00301378,47958
-0.00178788,0.00362657,47962
0.00101602,-0.00206092,47964
-0.00456259,0.00925482,47971
0.00611895,-0.0124118,47973
-0.000980666,0.0019892,47974
0.00151583,-0.00307472,47978
-0.000870005,0.00176473,47980
-0.000135119,0.000274076,47986
9.17173e-05,-0.000186041,47988
-0.000269532,0.000546723,48013
3.0732e-05,-6.23372e-05,48014
-0.000780936,0.00158406,48019
0.00105589,-0.00214177,48021
-0.000170242,0.000345321,48022
0.000240641,-0.00048812,48026
-0.00013771,0.000279333,48028
0.000577061,-0.00117052,48035
-0.000801638,0.00162605,48037
0.00013791,-0.000279739,48038
-0.000252879,0.000512943,48042
0.000146559,-0.000297281,48044
2.65287e-05,-5.38113e-05,48050
-1.85086e-05,3.75431e-05,48052
-1.02379e-05,2.07668e-05,48076
-1.4578e-05,2.95703e-05,48082
1.00611e-05,-2.04081e-05,48084
8.40092e-06,-1.70405e-05,48098
-5.64236e-06,1.1445e-05,48100
1.99755e-05,-4.05186e-05,48222
7.86022e-05,-0.000159438,48231
-0.000442519,0.000897612,48235
0.000396911,-0.0008051,48237
-3.43878e-05,6.97526e-05,48238
8.908e-05,-0.000180691,48243
-0.000102194,0.000207291,48245
1.1717e-05,-2.37669e-05,48246
-8.2758e-06,1.67867e-05,48250
4.72029e-06,-9.57471e-06,48252
-1.56669e-05,3.17789e-05,48271
0.000255489,-0.000518237,48279
-0.00141328,0.00286672,48283
0.00128236,-0.00260117,48285
-0.000115454,0.000234188,48286
-0.000306214,0.000621129,48295
0.00211325,-0.00428655,48299
-0.00196147,0.00397867,48301
0.000181202,-0.000367552,48302
-0.000614765,0.001247,48307
0.000740092,-0.00150121,48309
-9.45427e-05,0.000191772,48310
8.15474e-05,-0.000165412,48314
-4.63647e-05,9.40467e-05,48316
0.000565136,-0.00114633,48333
-6.08306e-05,0.00012339,48334
0.00120773,-0.00244978,48339
-0.00158756,0.00322023,48341
0.000245462,-0.000497898,48342
-0.000304837,0.000618336,48346
0.000174734,-0.000354433,48348
-0.000731109,0.00148299,48355
0.000983114,-0.00199416,48357
-0.000161696,0.000327985,48358
0.000259202,-0.000525769,48362
-0.000150371,0.000305015,48364
-2.37746e-05,4.82248e-05,48370
1.64127e-05,-3.32918e-05,48372
1.14795e-05,-2.32851e-05,48399
-0.000191136,0.000387703,48407
0.00109309,-0.00221724,48411
-0.00100151,0.00203147,48413
9.22074e-05,-0.000187035,48414
0.000235593,-0.000477879,48423
-0.00167603,0.00339968,48427
0.00157005,-0.00318471,48429
-0.000148296,0.000300806,48430
0.000527194,-0.00106937,48435
-0.000642825,0.00130392,48437
8.469e-05,-0.000171786,48438
-7.62207e-05,0.000154607,48442
4.33965e-05,-8.80261e-05,48444
-0.000589757,0.00119627,48461
6.53631e-05,-0.000132583,48462
-0.00135717,0.00275291,48467
0.00180551,-0.00366231,48469
-0.000286775,0.000581697,48470
0.000368478,-0.000747426,48474
-0.000211874,0.000429768,48476
0.000839344,-0.00170254,48483
-0.00114375,0.00232,48485
0.000193468,-0.000392434,48486
-0.000321057,0.000651236,48490
0.000186989,-0.000379292,48492
2.97683e-05,-6.03825e-05,48498
-2.07531e-05,4.20958e-05,48500
5.43345e-05,-0.000110213,48525
-6.57194e-06,1.33306e-05,48526
0.000168488,-0.000341763,48531
-0.000231722,0.000470029,48533
4.00566e-05,-8.12513e-05,48534
-6.27034e-05,0.000127188,48538
3.66749e-05,-7.43919e-05,48540
-0.000127819,0.00025927,48547
0.000180656,-0.000366446,48549
-3.35708e-05,6.80955e-05,48550
6.88485e-05,-0.000139653,48554
-4.09823e-05,8.31291e-05,48556
-8.03961e-06,1.63077e-05,48562
5.87941e-06,-1.19259e-05,48564
3.57327e-06,-7.24808e-06,48588
5.2785e-06,-1.0707e-05,48594
-3.97451e-06,8.06195e-06,48596
-3.00162e-06,6.08854e-06,48610
2.22143e-06,-4.50597e-06,48612
-6.59462e-05,0.000133766,48739
9.18703e-05,-0.000186351,48741
-1.66862e-05,3.38465e-05,48742
3.06686e-05,-6.22086e-05,48746
-1.82254e-05,3.69686e-05,48748
-3.09884e-06,6.28573e-06,48754
2.24917e-06,-4.56224e-06,48756
-3.05379e-05,6.19436e-05,48781
3.72381e-06,-7.55344e-06,48782
-9.15697e-05,0.000185741,48787
0.000126298,-0.000256184,48789
-2.28269e-05,4.63023e-05,48790
3.91949e-05,-7.95036e-05,48794
-2.35613e-05,4.77922e-05,48796
6.94099e-05,-0.000140792,48803
-9.86902e-05,0.000200185,48805
1.95528e-05,-3.96611e-05,48806
-4.51145e-05,9.15108e-05,48810
2.78083e-05,-5.64067e-05,48812
6.21503e-06,-1.26067e-05,48818
-4.86157e-06,9.86129e-06,48820
-3.42861e-06,6.95464e-06,48844
-5.86655e-06,1.18998e-05,48850
5.05118e-06,-1.02459e-05,48852
3.34835e-06,-6.79184e-06,48866
-2.89819e-06,5.87872e-06,48868
1.79221e-05,-3.63533e-05,48909
-2.15835e-06,4.37802e-06,48910
5.15924e-05,-0.000104651,48915
-7.08436e-05,0.0001437,48917
1.26933e-05,-2.57472e-05,48918
-2.15827e-05,4.37786e-05,48922
1.30184e-05,-2.64068e-05,48924
-3.81165e-05,7.7316e-05,48931
5.39973e-05,-0.000109529,48933
-1.06637e-05,2.16305e-05,48934
2.46402e-05,-4.99805e-05,48938
-1.52837e-05,3.10016e-05,48940
-3.51204e-06,7.12386e-06,48946
2.79804e-06,-5.67558e-06,48948
2.25093e-06,-4.56583e-06,48972
4.21567e-06,-8.55112e-06,48978
-3.79501e-06,7.69785e-06,48980
-2.43923e-06,4.94776e-06,48994
2.22665e-06,-4.51657e-06,48996
-1.8107e-07,3.67284e-07,49036
-4.21754e-07,8.55495e-07,49042
3.94451e-07,-8.00107e-07,49044
2.82538e-07,-5.73104e-07,49058
-2.73369e-07,5.54507e-07,49060
1.54723e-06,-3.13842e-06,49983
-1.28838e-05,2.61336e-05,50015
1.47344e-05,-2.98875e-05,50031
-5.71977e-06,1.16021e-05,50039
6.11933e-06,-1.24125e-05,50043
-4.12559e-06,8.3684e-06,50045
3.24536e-07,-6.58293e-07,50046
5.35759e-06,-1.08674e-05,50079
-8.30405e-06,1.6844e-05,50095
5.74356e-06,-1.16503e-05,50103
-9.54375e-06,1.93587e-05,50107
6.9866e-06,-1.41717e-05,50109
-5.17118e-07,1.04893e-06,50110
2.23289e-06,-4.52923e-06,50127
-1.31321e-05,2.66373e-05,50135
3.60156e-05,-7.30546e-05,50139
-2.82607e-05,5.73243e-05,50141
2.01857e-06,-4.0945e-06,50142
9.39822e-06,-1.90635e-05,50151
-3.40072e-05,6.89807e-05,50155
2.7414e-05,-5.5607e-05,50157
-1.94001e-06,3.93514e-06,50158
4.51841e-06,-9.16521e-06,50163
-4.49788e-06,9.12356e-06,50165
3.66656e-07,-7.43732e-07,50166
-2.10043e-07,4.26054e-07,50170
1.25257e-07,-2.54076e-07,50172
-4.1398e-07,8.39723e-07,50303
8.78527e-06,-1.78202e-05,50367
-7.20329e-05,0.000146113,50399
8.60709e-05,-0.000174587,50415
-4.07615e-05,8.26811e-05,50423
5.36854e-05,-0.000108896,50427
-3.81165e-05,7.7316e-05,50429
2.94557e-06,-5.97483e-06,50430
-1.24397e-05,2.52328e-05,50495
0.000122218,-0.000247908,50527
-0.000149382,0.000303009,50543
7.34039e-05,-0.000148894,50551
-9.77545e-05,0.000198287,50555
6.94099e-05,-0.000140792,50557
-5.33784e-06,1.08273e-05,50558
-7.45619e-05,0.000151242,50591
0.000120709,-0.000244847,50607
-9.54815e-05,0.000193676,50615
0.000171919,-0.000348722,50619
-0.000127819,0.00025927,50621
9.45623e-06,-1.91812e-05,50622
-4.02841e-05,8.17129e-05,50639
0.000258018,-0.000523366,50647
-0.000731667,0.00148412,50651
0.000577061,-0.00117052,50653
-4.13269e-05,8.3828e-05,50654
-0.000188003,0.000381347,50663
0.000698346,-0.00141654,50667
-0.000565049,0.00114615,50669
4.012e-05,-8.138e-05,50670
-9.29357e-05,0.000188512,50675
9.28909e-05,-0.000188421,50677
-7.62399e-06,1.54646e-05,50678
4.37807e-06,-8.88053e-06,50682
-2.60923e-06,5.29261e-06,50684
9.0193e-05,-0.000182949,50799
-5.78132e-05,0.000117269,50807
9.0193e-05,-0.000182949,50811
-6.59462e-05,0.000133766,50813
5.00124e-06,-1.01446e-05,50814
0.000317601,-0.000644226,50847
-0.000548092,0.00111176,50863
0.000535029,-0.00108526,50871
-0.00109813,0.00222746,50875
0.000839344,-0.00170254,50877
-6.28166e-05,0.000127418,50878
0.00026372,-0.000534934,50895
-0.00191217,0.00387868,50903
0.00571552,-0.0115934,50907
-0.00456259,0.00925482,50909
0.000332872,-0.000675203,50910
0.00142324,-0.00288692,50919
-0.00549678,0.0111498,50923
0.00449068,-0.00910895,50925
-0.000325271,0.000659784,50926
0.000724295,-0.00146917,50931
-0.000730832,0.00148243,50933
6.14484e-05,-0.000124643,50934
-3.48193e-05,7.06279e-05,50938
2.07009e-05,-4.199e-05,50940
-0.000236572,0.000479866,50975
0.000413575,-0.000838902,50991
-0.00043651,0.000885422,50999
0.0009457,-0.00191827,51003
-0.000731109,0.00148299,51005
5.50253e-05,-0.000111614,51006
-0.000256587,0.000520465,51023
0.00197986,-0.00401598,51031
-0.00609997,0.0123733,51035
0.00490135,-0.00994197,51037
-0.000360769,0.000731789,51038
-0.00150513,0.00305302,51047
0.00597476,-0.0121193,51051
-0.00491175,0.00996306,51053
0.000359787,-0.000729797,51054
-0.000802087,0.00162696,51059
0.000817157,-0.00165753,51061
-7.03595e-05,0.000142718,51062
4.03881e-05,-8.19238e-05,51066
-2.39129e-05,4.85052e-05,51068
2.85636e-05,-5.79387e-05,51087
-0.000297049,0.000602539,51095
0.00112031,-0.00227245,51099
-0.000927738,0.00188184,51101
7.04582e-05,-0.000142918,51102
0.000283695,-0.000575452,51111
-0.00137955,0.0027983,51115
0.00117072,-0.0023747,51117
-8.98147e-05,0.000182181,51118
0.000242585,-0.000492062,51123
-0.000260265,0.000527925,51125
2.53686e-05,-5.14581e-05,51126
-1.71965e-05,3.48817e-05,51130
9.95835e-06,-2.01997e-05,51132
-0.000124284,0.0002521,51149
1.05062e-05,-2.13108e-05,51150
-0.000172368,0.000349635,51155
0.000197152,-0.000399907,51157
-2.3081e-05,4.68178e-05,51158
2.19991e-05,-4.46233e-05,51162
-1.25603e-05,2.54775e-05,51164
9.607e-05,-0.00019487,51171
-0.000109843,0.000222806,51173
1.33799e-05,-2.714e-05,51174
-1.6085e-05,3.26271e-05,51178
9.23066e-06,-1.87236e-05,51180
1.48794e-06,-3.01816e-06,51186
-9.7732e-07,1.98241e-06,51188
4.28782e-07,-8.69749e-07,51327
-8.83228e-06,1.79155e-05,51391
7.60894e-05,-0.000154341,51423
-9.37608e-05,0.000190186,51439
4.93033e-05,-0.000100007,51447
-7.1141e-05,0.000144303,51451
5.15924e-05,-0.000104651,51453
-3.98633e-06,8.08593e-06,51454
1.28871e-05,-2.61403e-05,51519
-0.00013137,0.000266472,51551
0.000164631,-0.00033394,51567
-8.81431e-05,0.000178791,51575
0.000126613,-0.000256823,51579
-9.15697e-05,0.000185741,51581
7.05568e-06,-1.43118e-05,51582
8.80832e-05,-0.000178669,51615
-0.000144572,0.000293253,51631
0.000120001,-0.000243411,51639
-0.000224464,0.000455306,51643
0.000168488,-0.000341763,51645
-1.25609e-05,2.54788e-05,51646
5.10875e-05,-0.000103627,51663
-0.000338657,0.000686937,51671
0.000984034,-0.00199603,51675
-0.000780936,0.00158406,51677
5.65093e-05,-0.000114624,51678
0.000248809,-0.000504687,51687
-0.000944548,0.00191593,51691
0.000768595,-0.00155903,51693
-5.52032e-05,0.000111975,51694
0.000126711,-0.000257022,51699
-0.000127404,0.000258427,51701
1.06224e-05,-2.15467e-05,51702
-6.09584e-06,1.23649e-05,51706
3.62522e-06,-7.35345e-06,51708
-0.000127676,0.00025898,51823
8.57697e-05,-0.000173976,51831
-0.000139055,0.000282061,51835
0.000102678,-0.000208273,51837
-7.83205e-06,1.58866e-05,51838
-0.000477242,0.000968045,51871
0.000829058,-0.00168167,51887
-0.000834598,0.00169291,51895
0.00176244,-0.00357495,51899
-0.00135717,0.00275291,51901
0.0001024,-0.00020771,51902
-0.000413623,0.000838999,51919
0.00306676,-0.00622065,51927
-0.00934575,0.018957,51931
0.00750003,-0.0152132,51933
-0.000552279,0.00112025,51934
-0.00229451,0.00465423,51943
0.00901639,-0.018289,51947
-0.00740178,0.0150139,51949
0.0005415,-0.00109839,51950
-0.00119485,0.00242364,51955
0.00121129,-0.002457,51957
-0.000103096,0.000209121,51958
5.82674e-05,-0.00011819,51962
-3.45871e-05,7.0157e-05,51964
0.000364985,-0.000740341,51999
-0.000641395,0.00130101,52015
0.000696589,-0.00141297,52023
-0.00155114,0.00314635,52027
0.00120773,-0.00244978,52029
-9.16437e-05,0.000185891,52030
0.000411658,-0.000835013,52047
-0.00324358,0.00657933,52055
0.0101864,-0.0206622,52059
-0.0082271,0.016688,52061
0.000611016,-0.00123939,52062
0.0024789,-0.00502824,52071
-0.0100117,0.0203078,52075
0.0082697,-0.0167744,52077
-0.0006116,0.00124058,52078
0.00135359,-0.00274563,52083
-0.00138544,0.00281025,52085
0.000120697,-0.000244822,52086
-6.91672e-05,0.0001403,52090
4.08888e-05,-8.29393e-05,52092
-4.72919e-05,9.59276e-05,52111
0.000502989,-0.00102027,52119
-0.00193574,0.00392648,52123
0.00161079,-0.00326735,52125
-0.000123321,0.000250145,52126
-0.000484193,0.000982144,52135
0.00239763,-0.00486339,52139
-0.00204376,0.00414559,52141
0.000158088,-0.000320669,52142
-0.000427095,0.000866325,52147
0.000460138,-0.000933351,52149
-4.52335e-05,9.17522e-05,52150
3.06743e-05,-6.22202e-05,52154
-1.77419e-05,3.5988e-05,52156
0.000221707,-0.000449714,52173
-1.88587e-05,3.82532e-05,52174
0.000309307,-0.000627403,52179
-0.000355282,0.000720658,52181
4.1761e-05,-8.47085e-05,52182
-3.9737e-05,8.06032e-05,52186
2.26617e-05,-4.59673e-05,52188
-0.000172368,0.000349635,52195
0.000198054,-0.000401736,52197
-2.42165e-05,4.91211e-05,52198
2.90462e-05,-5.89178e-05,52202
-1.66445e-05,3.3762e-05,52204
-2.67267e-06,5.42129e-06,52210
1.75161e-06,-3.553e-06,52212
2.46765e-05,-5.00541e-05,52335
-2.00796e-05,4.07298e-05,52343
3.85826e-05,-7.82614e-05,52347
-2.97509e-05,6.03472e-05,52349
2.34153e-06,-4.74959e-06,52350
0.000131416,-0.000266566,52383
-0.000233259,0.000473146,52399
0.000271903,-0.000551533,52407
-0.000660539,0.00133985,52411
0.000527194,-0.00106937,52413
-4.14159e-05,8.40085e-05,52414
0.000150244,-0.000304757,52431
-0.00125404,0.00254372,52439
0.00421523,-0.00855023,52443
-0.00347358,0.00704586,52445
0.000268104,-0.000543827,52446
0.000970419,-0.00196841,52455
-0.00417303,0.00846462,52459
0.0035138,-0.00712744,52461
-0.000270975,0.00054965,52462
0.000583618,-0.00118382,52467
-0.000610058,0.00123745,52469
5.62573e-05,-0.000114113,52470
-3.24098e-05,6.57404e-05,52474
1.89984e-05,-3.85366e-05,52476
-0.000133538,0.000270871,52511
0.000237908,-0.000482575,52527
-0.000297329,0.000603107,52535
0.000761926,-0.0015455,52539
-0.000614765,0.001247,52541
4.86709e-05,-9.87248e-05,52542
-0.000195484,0.000396523,52559
0.00172885,-0.00350682,52567
-0.00600202,0.0121746,52571
0.00497918,-0.0100998,52573
-0.000387769,0.000786556,52574
-0.00136911,0.00277712,52583
0.00607019,-0.0123129,52587
-0.00514554,0.0104373,52589
0.000401295,-0.000813992,52590
-0.000876111,0.00177712,52595
0.000925342,-0.00187698,52597
-8.73685e-05,0.000177219,52598
5.12843e-05,-0.000104026,52602
-2.99388e-05,6.07283e-05,52604
3.22077e-05,-6.53306e-05,52623
-0.000389798,0.000790671,52631
0.00168932,-0.00342665,52635
-0.00144797,0.00293709,52637
0.000117017,-0.000237359,52638
0.000397027,-0.000805334,52647
-0.0021962,0.00445481,52651
0.00192722,-0.0039092,52653
-0.000158212,0.00032092,52654
0.000443564,-0.000899732,52659
-0.000495412,0.0010049,52661
5.30028e-05,-0.000107512,52662
-3.77987e-05,7.66714e-05,52666
2.16296e-05,-4.38737e-05,52668
-0.000272403,0.000552546,52685
2.49978e-05,-5.07058e-05,52686
-0.000427095,0.000866325,52691
0.000516312,-0.00104729,52693
-6.67012e-05,0.000135298,52694
6.84411e-05,-0.000138827,52698
-3.88022e-05,7.87069e-05,52700
0.000242585,-0.000492062,52707
-0.000296465,0.000601355,52709
4.02475e-05,-8.16386e-05,52710
-5.27322e-05,0.000106963,52714
3.00829e-05,-6.10207e-05,52716
4.73595e-06,-9.60647e-06,52722
-3.12455e-06,6.33789e-06,52724
0.00017524,-0.000355459,52839
-0.00123631,0.00250775,52843
0.00107822,-0.00218708,52845
-8.86506e-05,0.00017982,52846
0.000211323,-0.000428651,52851
-0.000233467,0.000473568,52853
2.45235e-05,-4.97438e-05,52854
-1.58567e-05,3.21639e-05,52858
9.1059e-06,-1.84705e-05,52860
-3.47287e-05,7.04442e-05,52879
0.000488568,-0.000991018,52887
-0.00243045,0.00492997,52891
0.00215398,-0.00436917,52893
-0.000185361,0.000375989,52894
-0.000545435,0.00110637,52903
0.00344273,-0.00698327,52907
-0.00312667,0.00634217,52909
0.000275711,-0.000559257,52910
-0.000876111,0.00177712,52915
0.00102809,-0.0020854,52917
-0.000123189,0.000249879,52918
9.82638e-05,-0.00019932,52922
-5.56867e-05,0.000112956,52924
0.000696263,-0.00141231,52941
-7.09053e-05,0.000143825,52942
0.00135359,-0.00274563,52947
-0.00173805,0.00352548,52949
0.000252183,-0.000511531,52950
-0.000288325,0.000584843,52954
0.000163217,-0.000331072,52956
-0.000802087,0.00162696,52963
0.00105099,-0.00213184,52965
-0.000161394,0.000327374,52966
0.000236693,-0.000480112,52970
-0.000135138,0.000274116,52972
-2.09398e-05,4.24747e-05,52978
1.40249e-05,-2.84483e-05,52980
2.01903e-05,-4.09543e-05,53007
-0.000287094,0.000582346,53015
0.00146765,-0.00297701,53019
-0.00131202,0.00266132,53021
0.000115077,-0.000233425,53022
0.000326805,-0.000662897,53031
-0.00212355,0.00430744,53035
0.00194638,-0.00394806,53037
-0.000175253,0.000355486,53038
0.000583618,-0.00118382,53043
-0.000694733,0.00140921,53045
8.59746e-05,-0.000174392,53046
-7.13328e-05,0.000144692,53050
4.03729e-05,-8.18929e-05,53052
-0.00056318,0.00114236,53069
5.92598e-05,-0.000120203,53070
-0.00119485,0.00242364,53075
0.00155888,-0.00316206,53077
-0.000233056,0.000472734,53078
0.000275353,-0.000558529,53082
-0.000155961,0.000316353,53084
0.000724295,-0.00146917,53091
-0.000966427,0.00196031,53093
0.000153076,-0.000310502,53094
-0.000232,0.000470593,53098
0.00013261,-0.000268988,53100
2.04764e-05,-4.15346e-05,53106
-1.38001e-05,2.79923e-05,53108
4.51362e-05,-9.1555e-05,53133
-5.05878e-06,1.02613e-05,53134
0.000126711,-0.000257022,53139
-0.000170377,0.000345596,53141
2.70748e-05,-5.49188e-05,53142
-3.74135e-05,7.589e-05,53146
2.13157e-05,-4.3237e-05,53148
-9.29357e-05,0.000188512,53155
0.000128445,-0.000260539,53157
-2.1773e-05,4.41646e-05,53158
3.90027e-05,-7.91136e-05,53162
-2.24837e-05,4.56063e-05,53164
-4.02478e-06,8.16391e-06,53170
2.78317e-06,-5.64542e-06,53172
2.21345e-06,-4.48978e-06,53202
-1.51225e-06,3.06747e-06,53204
-1.27832e-06,2.59297e-06,53218
8.50261e-07,-1.72468e-06,53220
-0.00016391,0.000332477,54095
0.00142969,-0.0029,54103
-0.00497732,0.0100961,54107
0.00414236,-0.00840242,54109
-0.000326475,0.000662227,54110
-0.0011236,0.00227912,54119
0.0049897,-0.0101212,54123
-0.00424088,0.00860225,54125
0.000334328,-0.000678155,54126
-0.000709609,0.00143938,54131
0.000748762,-0.0015188,54133
-7.07923e-05,0.000143596,54134
4.06853e-05,-8.25266e-05,54138
-2.37668e-05,4.82089e-05,54140
2.26516e-05,-4.59468e-05,54159
-0.000269482,0.00054662,54167
0.00116063,-0.00235425,54171
-0.000995891,0.00202008,54173
8.11637e-05,-0.000164634,54174
0.000270855,-0.000549406,54183
-0.00148805,0.00301839,54187
0.00130661,-0.00265035,54189
-0.000108022,0.000219114,54190
0.000291081,-0.000590433,54195
-0.000324203,0.000657618,54197
3.46275e-05,-7.0239e-05,54198
-2.42482e-05,4.91854e-05,54202
1.38876e-05,-2.81699e-05,54204
1.50275e-05,-3.0482e-05,54222
-0.000245275,0.00049752,54227
0.000293933,-0.000596219,54229
-3.76879e-05,7.64467e-05,54230
3.79941e-05,-7.70678e-05,54234
-2.15859e-05,4.37852e-05,54236
0.000138002,-0.000279924,54243
-0.000166595,0.000337923,54245
2.23834e-05,-4.54029e-05,54246
-2.87993e-05,5.84169e-05,54250
1.64763e-05,-3.34208e-05,54252
2.64288e-06,-5.36086e-06,54258
-1.74658e-06,3.54278e-06,54260
-4.79184e-05,9.71984e-05,54383
4.67679e-05,-9.48646e-05,54391
-0.000106358,0.000215739,54395
8.56718e-05,-0.000173778,54397
-7.08473e-06,1.43708e-05,54398
-0.000309931,0.000628669,54431
0.000557896,-0.00113164,54447
-0.000733557,0.00148796,54455
0.0020287,-0.00411505,54459
-0.00167603,0.00339968,54461
0.000138603,-0.000281144,54462
-0.000413623,0.000838999,54479
0.00380667,-0.00772151,54487
-0.0140693,0.0285384,54491
0.0119115,-0.0241615,54493
-0.000970574,0.00196873,54494
-0.00303261,0.00615139,54503
0.0142468,-0.0288983,54507
-0.0123155,0.0249809,54509
0.00100751,-0.00204365,54510
-0.00212355,0.00430744,54515
0.00228991,-0.00464488,54517
-0.000229396,0.000465311,54518
0.000135851,-0.000275561,54522
-7.87021e-05,0.00015964,54524
0.000352394,-0.0007148,54559
-0.000631677,0.0012813,54575
0.000875784,-0.00177645,54583
-0.00253517,0.00514237,54587
0.00211325,-0.00428655,54589
-0.000176015,0.000357032,54590
0.000585017,-0.00118666,54607
-0.00566842,0.0114979,54615
0.0215617,-0.0437361,54619
-0.0183567,0.0372349,54621
0.00150658,-0.00305598,54622
0.00462079,-0.00937288,54631
-0.022315,0.045264,54635
0.0194001,-0.0393514,54637
-0.00160172,0.00324895,54638
0.00344273,-0.00698327,54643
-0.00374617,0.00759879,54645
0.000382654,-0.00077618,54646
-0.000231174,0.000468918,54650
0.000133504,-0.000270801,54652
-0.000117578,0.000238496,54671
0.00156398,-0.00317239,54679
-0.00741881,0.0150484,54683
0.00651821,-0.0132216,54685
-0.000555744,0.00112728,54686
-0.00165625,0.00335955,54695
0.00995077,-0.0201843,54699
-0.00894559,0.0181454,54701
0.00077743,-0.00157695,54702
-0.0021962,0.00445481,54707
0.00252288,-0.00511744,54709
-0.000290205,0.000588656,54710
0.000216284,-0.000438714,54714
-0.000123061,0.000249618,54716
-0.000140197,0.000284377,54734
0.00239763,-0.00486339,54739
-0.00299308,0.00607121,54741
0.000417271,-0.000846397,54742
-0.000456279,0.000925522,54746
0.000259299,-0.000525965,54748
-0.00137955,0.0027983,54755
0.0017482,-0.00354607,54757
-0.000257534,0.000522385,54758
0.000363009,-0.000736333,54762
-0.000208218,0.000422352,54764
-3.32782e-05,6.7502e-05,54770
2.23193e-05,-4.52728e-05,54772
0.00472451,-0.00958327,54891
-0.00596013,0.0120896,54893
0.000515765,-0.00104619,54894
-0.00123631,0.00250775,54899
0.00140193,-0.0028437,54901
-0.000157388,0.000319248,54902
0.000105546,-0.000214091,54906
-6.02126e-05,0.000122136,54908
0.000185754,-0.000376786,54927
-0.00286582,0.00581306,54935
0.0153451,-0.0311262,54939
-0.0138681,0.0281302,54941
0.00124758,-0.0025306,54942
0.00332012,-0.00673457,54951
-0.022315,0.045264,54955
0.0206411,-0.0418686,54957
-0.00190411,0.00386233,54958
0.00607019,-0.0123129,54963
-0.00725783,0.0147219,54965
0.000914314,-0.00185461,54966
-0.000754235,0.0015299,54970
0.000427052,-0.000866238,54972
0.000529926,-0.00107491,54990
-0.0100117,0.0203078,54995
0.0130601,-0.0264912,54997
-0.00198242,0.00402118,54998
0.00235448,-0.00477586,55002
-0.00133901,0.00271606,55004
0.00597476,-0.0121193,55011
-0.00795983,0.0161458,55013
0.00128099,-0.00259838,55014
-0.00195919,0.00397405,55018
0.00112598,-0.00228396,55020
0.000177014,-0.000359057,55026
-0.000120103,0.00024362,55028
-0.00011085,0.000224849,55055
0.00173857,-0.00352653,55063
-0.00957775,0.0194276,55067
0.00872852,-0.0177051,55069
-0.000799672,0.00162207,55070
-0.00206135,0.00418127,55079
0.0142468,-0.0288983,55083
-0.0132893,0.0269563,55085
0.00124953,-0.00253456,55086
-0.00417303,0.00846462,55091
0.00505195,-0.0102474,55093
-0.000654509,0.00132762,55094
0.000560497,-0.00113692,55098
-0.000317277,0.00064357,55100
-0.000453481,0.000919847,55118
0.00901639,-0.018289,55123
-0.0119151,0.0241687,55125
0.0018536,-0.00375987,55126
-0.00226549,0.00459536,55130
0.00128954,-0.00261571,55132
-0.00549678,0.0111498,55139
0.00743125,-0.0150737,55141
-0.00122648,0.00248781,55142
0.00192914,-0.00391309,55146
-0.00111008,0.0022517,55148
-0.000173888,0.000352718,55154
0.000118635,-0.00024064,55156
3.82084e-05,-7.75025e-05,55182
-0.000944548,0.00191593,55187
0.00128574,-0.00260801,55189
-0.00021271,0.000431465,55190
0.00030439,-0.000617429,55194
-0.000174456,0.00035387,55196
0.000698346,-0.00141654,55203
-0.000976548,0.00198084,55205
0.000172404,-0.000349706,55206
-0.000320296,0.000649692,55210
0.000186009,-0.000377303,55212
3.37691e-05,-6.84976e-05,55218
-2.3621e-05,4.79132e-05,55220
-1.8267e-05,3.70531e-05,55250
1.25901e-05,-2.55379e-05,55252
1.0522e-05,-2.13429e-05,55266
-7.05114e-06,1.43026e-05,55268
2.87601e-05,-5.83373e-05,55407
-2.90709e-05,5.89677e-05,55415
6.84646e-05,-0.000138875,55419
-5.56317e-05,0.000112844,55421
4.64688e-06,-9.4258e-06,55422
0.00019183,-0.00038911,55455
-0.000345693,0.000701208,55471
0.000463814,-0.000940806,55479
-0.00131463,0.00266662,55483
0.00109309,-0.00221724,55485
-9.12619e-05,0.000185117,55486
0.00026372,-0.000534934,55503
-0.00248175,0.00503401,55511
0.00936953,-0.0190053,55515
-0.00797767,0.016182,55517
0.000657126,-0.00133292,55518
0.00199575,-0.00404821,55527
-0.00957775,0.0194276,55531
0.00832907,-0.0168948,55533
-0.000690229,0.00140007,55534
0.00146765,-0.00297701,55539
-0.00159741,0.00324022,55541
0.000163968,-0.000332595,55542
-9.92814e-05,0.000201384,55546
5.73341e-05,-0.000116297,55548
-0.000224585,0.000455552,55583
0.000402407,-0.000816249,55599
-0.000567878,0.00115189,55607
0.0016846,-0.00341708,55611
-0.00141328,0.00286672,55613
0.000118882,-0.000241142,55614
-0.000382136,0.00077513,55631
0.00378373,-0.00767497,55639
-0.0146955,0.0298087,55643
0.0125805,-0.0255185,55645
-0.00104362,0.00211689,55646
-0.00311275,0.00631395,55655
0.0153451,-0.0311262,55659
-0.0134178,0.0272168,55661
0.00112174,-0.00227535,55662
-0.00243045,0.00492997,55667
0.0026674,-0.00541059,55669
-0.000278586,0.000565088,55670
0.00017156,-0.000347994,55674
-9.88078e-05,0.000200423,55676
8.24971e-05,-0.000167338,55695
-0.0011266,0.00228522,55703
0.00547013,-0.0110957,55707
-0.00483529,0.00980797,55709
0.000417572,-0.00084701,55710
0.00120834,-0.00245101,55719
-0.00741881,0.0150484,55723
0.0067103,-0.0136113,55725
-0.000591484,0.00119977,55726
0.00168932,-0.00342665,55731
-0.00195633,0.00396825,55733
0.000229746,-0.00046602,55734
-0.000174506,0.00035397,55738
9.91986e-05,-0.000201216,55740
0.000112299,-0.00022779,55758
-0.00193574,0.00392648,55763
0.00243982,-0.00494896,55765
-0.00034813,0.000706153,55766
0.000389913,-0.000790905,55770
-0.000221951,0.000450209,55772
0.00112031,-0.00227245,55779
-0.00143532,0.00291143,55781
0.000216836,-0.000439834,55782
-0.000313884,0.000636686,55786
0.000180509,-0.000366146,55788
2.89906e-05,-5.8805e-05,55794
-1.95658e-05,3.96875e-05,55796
0.00378173,-0.0076709,55917
-0.000468795,0.000950909,55918
0.00113597,-0.00230423,55923
-0.00129811,0.0026331,55925
0.000148587,-0.000301395,55926
-0.000101364,0.000205608,55930
5.77486e-05,-0.000117138,55932
-0.000169996,0.000344823,55951
0.00269128,-0.00545903,55959
-0.0146955,0.0298087,55963
0.0133484,-0.0270761,55965
-0.00121481,0.00246414,55966
-0.00315461,0.00639886,55975
0.0215617,-0.0437361,55979
-0.0200408,0.040651,55981
0.00187108,-0.00379533,55982
-0.00600202,0.0121746,55987
0.00721599,-0.014637,55989
-0.000923066,0.00187236,55990
0.000773102,-0.00156817,55994
-0.000437994,0.000888432,55996
-0.000538625,0.00109255,56014
0.0101864,-0.0206622,56019
-0.013356,0.0270915,56021
0.00205931,-0.00417713,56022
-0.00248833,0.00504737,56026
0.00141883,-0.00287797,56028
-0.00609997,0.0123733,56035
0.00817122,-0.0165746,56037
-0.0013371,0.00271219,56038
0.00208367,-0.00422654,56042
-0.00120156,0.00243727,56044
-0.000189926,0.000385249,56050
0.000129644,-0.000262972,56052
0.000103364,-0.000209666,56079
-0.00166653,0.00338041,56087
0.00936953,-0.0190053,56091
-0.00858289,0.0174096,56093
0.000795796,-0.0016142,56094
0.00200176,-0.00406039,56103
-0.0140693,0.0285384,56107
0.0131865,-0.0267477,56109
-0.00125494,0.00254555,56110
0.00421523,-0.00855023,56115
-0.00512945,0.0104047,56117
0.000674513,-0.00136819,56118
-0.000586639,0.00118995,56122
0.000332428,-0.000674302,56124
0.000470418,-0.000954203,56142
-0.00934575,0.018957,56147
0.0124051,-0.0251628,56149
-0.00195916,0.00397399,56150
0.00243638,-0.00494198,56154
-0.00139101,0.00282155,56156
0.00571552,-0.0115934,56163
-0.00776301,0.0157466,56165
0.00130203,-0.00264105,56166
-0.00208697,0.00423323,56170
0.00120549,-0.00244524,56172
0.000190131,-0.000385663,56178
-0.000130572,0.000264853,56180
-3.98224e-05,8.07762e-05,56206
0.000984034,-0.00199603,56211
-0.00134632,0.0027309,56213
0.00022702,-0.00046049,56214
-0.000332797,0.000675051,56218
0.000191665,-0.000388776,56220
-0.000731667,0.00148412,56227
0.00102831,-0.00208584,56229
-0.000185283,0.00037583,56230
0.000353312,-0.000716663,56234
-0.000206405,0.000418675,56236
-3.80565e-05,7.71944e-05,56242
2.68896e-05,-5.45432e-05,56244
2.093e-05,-4.24546e-05,56274
-1.46629e-05,2.97423e-05,56276
-1.20177e-05,2.43769e-05,56290
8.19365e-06,-1.66201e-05,56292
2.98868e-05,-6.06229e-05,56430
-0.000106916,0.000216871,56435
0.000124513,-0.000252565,56437
-1.49709e-05,3.03673e-05,56438
1.08289e-05,-2.19655e-05,56442
-6.16342e-06,1.2502e-05,56444
1.77024e-05,-3.59078e-05,56463
-0.000294908,0.000598195,56471
0.0016846,-0.00341708,56475
-0.0015497,0.00314344,56477
0.000145549,-0.000295233,56478
0.000356377,-0.000722881,56487
-0.00253517,0.00514237,56491
0.00238572,-0.00483922,56493
-0.000230227,0.000466996,56494
0.000761926,-0.0015455,56499
-0.000931283,0.00188903,56501
0.000125029,-0.00025361,56502
-0.00011143,0.000226026,56506
6.34394e-05,-0.000128681,56508
8.02607e-05,-0.000162802,56526
-0.00155114,0.00314635,56531
0.00206969,-0.0041982,56533
-0.000337232,0.000684047,56534
0.000436708,-0.000885825,56538
-0.000251844,0.000510844,56540
0.0009457,-0.00191827,56547
-0.00129124,0.00261917,56549
0.000224239,-0.000454849,56550
-0.000376161,0.000763011,56554
0.000219946,-0.000446141,56556
3.53794e-05,-7.17641e-05,56562
-2.47502e-05,5.02037e-05,56564
-1.31038e-05,2.65799e-05,56591
0.000222487,-0.000451297,56599
-0.00131463,0.00266662,56603
0.0012218,-0.00247832,56605
-0.000117591,0.000238524,56606
-0.00027651,0.000560877,56615
0.0020287,-0.00411505,56619
-0.00192769,0.00391016,56621
0.000190541,-0.000386496,56622
-0.000660539,0.00133985,56627
0.000817947,-0.00165914,56629
-0.000113401,0.000230025,56630
0.000105762,-0.00021453,56634
-6.03555e-05,0.000122426,56636
-8.73027e-05,0.000177086,56654
0.00176244,-0.00357495,56659
-0.00237944,0.00482648,56661
0.000398515,-0.000808353,56662
-0.000534591,0.00108437,56666
0.000309431,-0.000627655,56668
-0.00109813,0.00222746,56675
0.00151881,-0.00308077,56677
-0.000271393,0.000550498,56678
0.000471709,-0.00095682,56682
-0.000277029,0.00056193,56684
-4.49323e-05,9.11413e-05,56690
3.17471e-05,-6.43964e-05,56692
9.0391e-06,-1.8335e-05,56718
-0.000224464,0.000455306,56723
0.000313199,-0.000635298,56725
-5.72992e-05,0.000116227,56726
9.43232e-05,-0.000191326,56730
-5.56626e-05,0.000112907,56732
0.000171919,-0.000348722,56739
-0.000246495,0.000499994,56741
4.85932e-05,-9.85671e-05,56742
-0.000105061,0.000213108,56746
6.31849e-05,-0.000128165,56748
1.27082e-05,-2.57775e-05,56754
-9.42443e-06,1.91166e-05,56756
-8.48625e-06,1.72136e-05,56786
6.50224e-06,-1.31892e-05,56788
4.80774e-06,-9.7521e-06,56802
-3.62582e-06,7.35467e-06,56804
5.01505e-06,-1.01726e-05,56946
-3.69144e-06,7.48777e-06,56948
-5.29346e-06,1.07373e-05,56974
0.000126613,-0.000256823,56979
-0.000177824,0.000360701,56981
3.44912e-05,-6.99625e-05,56982
-6.33834e-05,0.000128568,56986
3.85078e-05,-7.81097e-05,56988
-9.77545e-05,0.000198287,56995
0.000141574,-0.00028717,56997
-3.02208e-05,6.13003e-05,56998
7.47006e-05,-0.000151524,57002
-4.65636e-05,9.44502e-05,57004
-1.07952e-05,2.18971e-05,57010
8.54342e-06,-1.73296e-05,57012
1.05852e-05,-2.14711e-05,57042
-9.19379e-06,1.86488e-05,57044
-6.02803e-06,1.22273e-05,57058
5.2702e-06,-1.06901e-05,57060
3.05494e-06,-6.19669e-06,57102
-7.1141e-05,0.000144303,57107
9.95272e-05,-0.000201882,57109
-1.91808e-05,3.89065e-05,57110
3.50838e-05,-7.11644e-05,57114
-2.1398e-05,4.3404e-05,57116
5.36854e-05,-0.000108896,57123
-7.75342e-05,0.000157271,57125
1.65555e-05,-3.35813e-05,57126
-4.12136e-05,8.35982e-05,57130
2.58595e-05,-5.24538e-05,57132
6.20238e-06,-1.2581e-05,57138
-4.99506e-06,1.0132e-05,57140
-7.80088e-06,1.58234e-05,57170
7.04873e-06,-1.42977e-05,57172
4.5049e-06,-9.13781e-06,57186
-4.13093e-06,8.37924e-06,57188
7.70648e-07,-1.56319e-06,57234
-7.2406e-07,1.46869e-06,57236
-5.17815e-07,1.05034e-06,57250
5.02925e-07,-1.02014e-06,57252
-2.29874e-06,4.66279e-06,58255
2.94066e-05,-5.96487e-05,58263
-0.000138044,0.000280011,58267
0.000121956,-0.000247378,58269
-1.07178e-05,2.17401e-05,58270
-3.03807e-05,6.16247e-05,58279
0.000180979,-0.0003671,58283
-0.000163614,0.000331876,58285
1.46633e-05,-2.97433e-05,58286
-3.82708e-05,7.76291e-05,58291
4.41343e-05,-8.95227e-05,58293
-5.23522e-06,1.06192e-05,58294
3.90106e-06,-7.91297e-06,58298
-2.22179e-06,4.50671e-06,58300
3.62331e-05,-7.34958e-05,58323
-4.53729e-05,9.20349e-05,58325
6.61877e-06,-1.34256e-05,58326
-7.49744e-06,1.52079e-05,58330
4.30294e-06,-8.72815e-06,58332
-2.0701e-05,4.19902e-05,58339
2.62579e-05,-5.3262e-05,58341
-4.06161e-06,8.23864e-06,58342
5.99494e-06,-1.21602e-05,58346
-3.48689e-06,7.07285e-06,58348
-5.77683e-07,1.17178e-06,58354
3.96104e-07,-8.03463e-07,58356
-5.48352e-06,1.11229e-05,58487
1.40619e-05,-2.85234e-05,58491
-1.17409e-05,2.38154e-05,58493
1.03402e-06,-2.09743e-06,58494
3.57121e-05,-7.2439e-05,58527
-6.46196e-05,0.000131075,58543
9.08239e-05,-0.000184228,58551
-0.00027651,0.000560877,58555
0.000235593,-0.000477879,58557
-2.07715e-05,4.21331e-05,58558
5.10875e-05,-0.000103627,58575
-0.000500611,0.00101545,58583
0.00200176,-0.00406039,58587
-0.00174158,0.00353264,58589
0.00015192,-0.000308157,58590
0.000406915,-0.000825392,58599
-0.00206135,0.00418127,58603
0.00183133,-0.00371469,58605
-0.000161316,0.000327215,58606
0.000326805,-0.000662897,58611
-0.000364437,0.000739229,58613
4.04327e-05,-8.20142e-05,58614
-2.5194e-05,5.11039e-05,58618
1.44457e-05,-2.93019e-05,58620
-4.26861e-05,8.65851e-05,58655
7.65444e-05,-0.000155264,58671
-0.0001122,0.000227588,58679
0.000356377,-0.000722881,58683
-0.000306214,0.000621129,58685
2.7227e-05,-5.52277e-05,58686
-7.46038e-05,0.000151327,58703
0.000767575,-0.00155696,58711
-0.00315461,0.00639886,58715
0.00275929,-0.00559698,58717
-0.000242567,0.000492027,58718
-0.000638353,0.00129484,58727
0.00332012,-0.00673457,58731
-0.00296596,0.00601619,58733
0.000263767,-0.00053503,58734
-0.000545435,0.00110637,58739
0.000613472,-0.00124437,58741
-6.93165e-05,0.000140602,58742
4.40647e-05,-8.93814e-05,58746
-2.5208e-05,5.11322e-05,58748
1.65711e-05,-3.3613e-05,58767
-0.000235208,0.000477099,58775
0.00120834,-0.00245101,58779
-0.00109274,0.00221654,58781
0.000100906,-0.00020468,58782
0.000255647,-0.000518559,58791
-0.00165625,0.00335955,58795
0.0015331,-0.00310975,58797
-0.000145095,0.000294313,58798
0.000397027,-0.000805334,58803
-0.000472407,0.000958238,58805
6.0642e-05,-0.000123007,58806
-4.88395e-05,9.90668e-05,58810
2.77601e-05,-5.63091e-05,58812
-0.000484193,0.000982144,58835
0.000629322,-0.00127652,58837
-9.97212e-05,0.000202276,58838
0.000122644,-0.000248773,58842
-7.07057e-05,0.00014342,58844
0.000283695,-0.000575452,58851
-0.000375615,0.000761903,58853
6.34644e-05,-0.000128732,58854
-0.000102084,0.000207069,58858
5.97396e-05,-0.000121177,58860
9.91348e-06,-2.01086e-05,58866
-6.90246e-06,1.4001e-05,58868
0.00017524,-0.000355459,58995
-0.000291172,0.000590618,58997
3.64668e-05,-7.39698e-05,58998
-2.62191e-05,5.31832e-05,59002
1.48939e-05,-3.02111e-05,59004
-3.26291e-05,6.61853e-05,59023
0.000536858,-0.00108897,59031
-0.00311275,0.00631395,59035
0.00290107,-0.00588458,59037
-0.000285664,0.000579445,59038
-0.000638353,0.00129484,59047
0.00462079,-0.00937288,59051
-0.00440827,0.0089418,59053
0.00044695,-0.000906599,59054
-0.00136911,0.00277712,59059
0.00169517,-0.0034385,59061
-0.000239283,0.000485365,59062
0.000215754,-0.000437639,59066
-0.000122819,0.000249128,59068
0.0024789,-0.00502824,59091
-0.00334782,0.00679076,59093
0.00057474,-0.00116581,59094
-0.000764159,0.00155003,59098
0.000442567,-0.00089771,59100
-0.00150513,0.00305302,59107
0.0020785,-0.00421606,59109
-0.00038062,0.000772055,59110
0.000657971,-0.00133464,59114
-0.000386944,0.000784883,59116
-6.3289e-05,0.000128376,59122
4.45868e-05,-9.04405e-05,59124
1.99591e-05,-4.04853e-05,59151
-0.000333856,0.000677198,59159
0.00199575,-0.00404821,59163
-0.00187766,0.00380867,59165
0.000189089,-0.00038355,59166
0.000406915,-0.000825392,59175
-0.00303261,0.00615139,59179
0.00291994,-0.00592285,59181
-0.000302788,0.00061418,59182
0.000970419,-0.00196841,59187
-0.0012166,0.00246777,59189
0.000176934,-0.000358895,59190
-0.000166475,0.000337681,59194
9.49698e-05,-0.000192638,59196
-0.00229451,0.00465423,59219
0.00313468,-0.00635844,59221
-0.000551397,0.00111846,59222
0.000755318,-0.0015321,59226
-0.000438497,0.000889454,59228
0.00142324,-0.00288692,59235
-0.00199048,0.00403752,59237
0.00037357,-0.000757754,59238
-0.0006644,0.00134768,59242
0.000391743,-0.000794616,59244
6.40934e-05,-0.000130008,59250
-4.54522e-05,9.21958e-05,59252
0.000248809,-0.000504687,59283
-0.00034983,0.000709601,59285
6.59798e-05,-0.000133834,59286
-0.00010765,0.000218359,59290
6.33368e-05,-0.000128473,59292
-0.000188003,0.000381347,59299
0.000271484,-0.000550681,59301
-5.50095e-05,0.000111582,59302
0.000117488,-0.000238314,59306
-7.03742e-05,0.000142748,59308
-1.36129e-05,2.76126e-05,59314
9.97273e-06,-2.02288e-05,59316
7.59739e-06,-1.54106e-05,59346
-5.57869e-06,1.13159e-05,59348
-4.31934e-06,8.76141e-06,59362
3.0919e-06,-6.27165e-06,59364
4.22391e-06,-8.56784e-06,59511
-1.13254e-05,2.29726e-05,59515
9.56297e-06,-1.93977e-05,59517
-8.55926e-07,1.73617e-06,59518
-2.72673e-05,5.53093e-05,59551
4.93628e-05,-0.000100128,59567
-7.09174e-05,0.00014385,59575
0.000222487,-0.000451297,59579
-0.000191136,0.000387703,59581
1.70992e-05,-3.46844e-05,59582
-4.02841e-05,8.17129e-05,59599
0.000405653,-0.000822833,59607
-0.00166653,0.00338041,59611
0.00146106,-0.00296363,59613
-0.000129574,0.00026283,59614
-0.000333856,0.000677198,59623
0.00173857,-0.00352653,59627
-0.0015574,0.00315906,59629
0.000139915,-0.000283805,59630
-0.000287094,0.000582346,59635
0.00032442,-0.000658058,59637
-3.73319e-05,7.57245e-05,59638
2.42174e-05,-4.9123e-05,59642
-1.38558e-05,2.81052e-05,59644
3.37407e-05,-6.84401e-05,59679
-6.04163e-05,0.000122549,59695
9.01498e-05,-0.000182861,59703
-0.000294908,0.000598195,59707
0.000255489,-0.000518237,59709
-2.30607e-05,4.67767e-05,59710
6.0431e-05,-0.000122579,59727
-0.000638071,0.00129427,59735
0.00269128,-0.00545903,59739
-0.00237146,0.0048103,59741
0.000211873,-0.000429766,59742
0.000536858,-0.00108897,59751
-0.00286582,0.00581306,59755
0.00258033,-0.00523398,59757
-0.000233849,0.000474343,59758
0.000488568,-0.000991018,59763
-0.000556095,0.00112799,59765
6.49294e-05,-0.000131704,59766
-4.26998e-05,8.66129e-05,59770
2.43846e-05,-4.94621e-05,59772
-1.45837e-05,2.95817e-05,59791
0.000213285,-0.000432631,59799
-0.0011266,0.00228522,59803
0.0010271,-0.00208339,59805
-9.67116e-05,0.000196171,59806
-0.000235208,0.000477099,59815
0.00156398,-0.00317239,59819
-0.00145966,0.00296079,59821
0.000141106,-0.000286221,59822
-0.000389798,0.000790671,59827
0.00046873,-0.000950779,59829
-6.19544e-05,0.000125669,59830
5.13577e-05,-0.000104175,59834
-2.92114e-05,5.92528e-05,59836
0.000502989,-0.00102027,59859
-0.000661299,0.00134139,59861
0.000108111,-0.000219293,59862
-0.000137277,0.000278454,59866
7.94294e-05,-0.000161116,59868
-0.000297049,0.000602539,59875
0.000398296,-0.000807909,59877
-6.95609e-05,0.000141098,59878
0.000115718,-0.000234725,59882
-6.80238e-05,0.00013798,59884
-1.13635e-05,2.30499e-05,59890
7.9746e-06,-1.61758e-05,59892
0.000244291,-0.000495523,60021
-4.44468e-05,9.01565e-05,60022
3.27905e-05,-6.65127e-05,60026
-1.86258e-05,3.77808e-05,60028
3.78221e-05,-7.67188e-05,60047
-0.000638071,0.00129427,60055
0.00378373,-0.00767497,60059
-0.00355121,0.00720333,60061
0.000356211,-0.000722543,60062
0.000767575,-0.00155696,60071
-0.00566842,0.0114979,60075
0.00544497,-0.0110447,60077
-0.000562722,0.00114143,60078
0.00172885,-0.00350682,60083
-0.00215735,0.00437601,60085
0.00031178,-0.000632419,60086
-0.000288008,0.0005842,60090
0.000164307,-0.000333283,60092
-0.00324358,0.00657933,60115
0.00441247,-0.00895032,60117
-0.000776089,0.00157423,60118
0.0010584,-0.00214686,60122
-0.000615558,0.00124861,60124
0.00197986,-0.00401598,60131
-0.00275487,0.00558801,60133
0.000517442,-0.00104959,60134
-0.000918398,0.00186289,60138
0.000542738,-0.0011009,60140
8.93587e-05,-0.000181256,60146
-6.34112e-05,0.000128624,60148
-2.36463e-05,4.79645e-05,60175
0.000405653,-0.000822833,60183
-0.00248175,0.00503401,60187
0.00235192,-0.00477067,60189
-0.000241529,0.000489921,60190
-0.000500611,0.00101545,60199
0.00380667,-0.00772151,60203
-0.0036909,0.00748668,60205
0.000390396,-0.000791885,60206
-0.00125404,0.00254372,60211
0.00158421,-0.00321343,60213
-0.00023592,0.000478544,60214
0.000227617,-0.000461701,60218
-0.000130208,0.000264115,60220
0.00306676,-0.00622065,60243
-0.0042182,0.00855625,60245
0.000760211,-0.00154202,60246
-0.00106882,0.00216801,60250
0.000623395,-0.0012645,60252
-0.00191217,0.00387868,60259
0.00269297,-0.00546245,60261
-0.000518442,0.00105161,60262
0.000947397,-0.00192171,60266
-0.000561598,0.00113915,60268
-9.26565e-05,0.000187946,60274
6.62214e-05,-0.000134324,60276
-0.000338657,0.000686937,60307
0.000479701,-0.000973032,60309
-9.31842e-05,0.000189016,60310
0.000157359,-0.000319189,60314
-9.32111e-05,0.000189071,60316
0.000258018,-0.000523366,60323
-0.000375337,0.000761339,60325
7.84723e-05,-0.000159174,60326
-0.00017371,0.000352356,60330
0.000104847,-0.000212674,60332
2.06687e-05,-4.19248e-05,60338
-1.53075e-05,3.105e-05,60340
-1.1841e-05,2.40185e-05,60370
8.85086e-06,-1.79532e-05,60372
6.70912e-06,-1.36089e-05,60386
-4.89792e-06,9.93501e-06,60388
4.36388e-06,-8.85175e-06,60534
-5.00132e-06,1.01448e-05,60538
2.8552e-06,-5.79152e-06,60540
-5.07023e-06,1.02845e-05,60559
9.01498e-05,-0.000182861,60567
-0.000567878,0.00115189,60571
0.000544051,-0.00110356,60573
-5.78373e-05,0.000117318,60574
-0.0001122,0.000227588,60583
0.000875784,-0.00177645,60587
-0.00085856,0.00174152,60589
9.42037e-05,-0.000191084,60590
-0.000297329,0.000603107,60595
0.000380527,-0.000771865,60597
-5.9529e-05,0.000120749,60598
6.07801e-05,-0.000123287,60602
-3.50968e-05,7.11909e-05,60604
0.000696589,-0.00141297,60627
-0.00097152,0.00197065,60629
0.000186089,-0.000377465,60630
-0.000280263,0.00056849,60634
0.000165866,-0.000336445,60636
-0.00043651,0.000885422,60643
0.000623494,-0.0012647,60645
-0.000128117,0.000259874,60646
0.000251625,-0.0005104,60650
-0.000151622,0.000307553,60652
-2.56115e-05,5.19508e-05,60658
1.87152e-05,-3.79621e-05,60660
3.941e-06,-7.99397e-06,60687
-7.09174e-05,0.00014385,60695
0.000463814,-0.000940806,60699
-0.000450093,0.000912974,60701
4.95118e-05,-0.00010043,60702
9.08239e-05,-0.000184228,60711
-0.000733557,0.00148796,60715
0.000727726,-0.00147613,60717
-8.24613e-05,0.000167266,60718
0.000271903,-0.000551533,60723
-0.000352897,0.00071582,60725
5.73113e-05,-0.000116251,60726
-6.17492e-05,0.000125253,60730
3.58523e-05,-7.27232e-05,60732
-0.000834598,0.00169291,60755
0.00117688,-0.0023872,60757
-0.000232239,0.000471076,60758
0.000363417,-0.000737161,60762
-0.000216199,0.000438542,60764
0.000535029,-0.00108526,60771
-0.000773131,0.00156823,60773
0.000163786,-0.000332226,60774
-0.000334035,0.000677561,60778
0.000202415,-0.000410581,60780
3.46683e-05,-7.03217e-05,60786
-2.55954e-05,5.19181e-05,60788
0.000120001,-0.000243411,60819
-0.000174835,0.000354638,60821
3.82888e-05,-7.76656e-05,60822
-7.52877e-05,0.000152715,60826
4.59663e-05,-9.32387e-05,60828
-9.54815e-05,0.000193676,60835
0.000142908,-0.000289877,60837
-3.40087e-05,6.89837e-05,60838
8.81127e-05,-0.000178729,60842
-5.49865e-05,0.000111535,60844
-1.20059e-05,2.43529e-05,60850
9.32955e-06,-1.89242e-05,60852
8.76377e-06,-1.77765e-05,60882
-7.14195e-06,1.44868e-05,60884
-4.91889e-06,9.97755e-06,60898
3.9731e-06,-8.05908e-06,60900
-8.81431e-05,0.000178791,61075
0.000130819,-0.000265354,61077
-3.17052e-05,6.43113e-05,61078
7.27395e-05,-0.000147546,61082
-4.58637e-05,9.30306e-05,61084
7.34039e-05,-0.000148894,61091
-0.000112301,0.000227794,61093
3.01716e-05,-6.12005e-05,61094
-9.22541e-05,0.00018713,61098
5.96695e-05,-0.000121034,61100
1.53992e-05,-3.1236e-05,61106
-1.26622e-05,2.56842e-05,61108
-1.71978e-05,3.48843e-05,61138
1.54449e-05,-3.13286e-05,61140
9.7729e-06,-1.98235e-05,61154
-8.87474e-06,1.80017e-05,61156
4.93033e-05,-0.000100007,61203
-7.31118e-05,0.000148301,61205
1.78133e-05,-3.61328e-05,61206
-4.14749e-05,8.41283e-05,61210
2.6301e-05,-5.33492e-05,61212
-4.07615e-05,8.26811e-05,61219
6.24186e-05,-0.000126611,61221
-1.69995e-05,3.44821e-05,61222
5.32216e-05,-0.000107956,61226
-3.46787e-05,7.03429e-05,61228
-9.40023e-06,1.90676e-05,61234
7.84783e-06,-1.59186e-05,61236
1.36834e-05,-2.77556e-05,61266
-1.26348e-05,2.56286e-05,61268
-7.89471e-06,1.60137e-05,61282
7.41835e-06,-1.50475e-05,61284
-1.31088e-06,2.65902e-06,61330
1.26187e-06,-2.55959e-06,61332
8.93024e-07,-1.81142e-06,61346
-8.87412e-07,1.80004e-06,61348
3.31923e-06,-6.73277e-06,62418
-2.68272e-06,5.44168e-06,62420
-1.86128e-06,3.77545e-06,62434
1.48463e-06,-3.01144e-06,62436
3.22147e-06,-6.53447e-06,62586
-2.6404e-06,5.35583e-06,62588
-6.04163e-05,0.000122549,62615
0.000402407,-0.000816249,62619
-0.00039566,0.000802563,62621
4.59481e-05,-9.32018e-05,62622
7.65444e-05,-0.000155264,62631
-0.000631677,0.0012813,62635
0.000636002,-0.00129007,62637
-7.65052e-05,0.000155184,62638
0.000237908,-0.000482575,62643
-0.000314467,0.00063787,62645
5.53216e-05,-0.000112215,62646
-6.47536e-05,0.000131347,62650
3.82331e-05,-7.75526e-05,62652
-0.000641395,0.00130101,62675
0.000923466,-0.00187317,62677
-0.000201085,0.000407883,62678
0.000347067,-0.000703995,62682
-0.000211077,0.000428151,62684
0.000413575,-0.000838902,62691
-0.00061025,0.00123784,62693
0.000143432,-0.00029094,62694
-0.000323451,0.000656093,62698
0.000200718,-0.00040714,62700
3.54972e-05,-7.2003e-05,62706
-2.69965e-05,5.47601e-05,62708
4.93628e-05,-0.000100128,62743
-0.000345693,0.000701208,62747
0.000346268,-0.000702376,62749
-4.23985e-05,8.60017e-05,62750
-6.46196e-05,0.000131075,62759
0.000557896,-0.00113164,62763
-0.000571279,0.00115879,62765
7.21414e-05,-0.000146333,62766
-0.000233259,0.000473146,62771
0.000313639,-0.00063619,62773
-5.79195e-05,0.000117485,62774
7.22782e-05,-0.00014661,62778
-4.30265e-05,8.72755e-05,62780
0.000829058,-0.00168167,62803
-0.00120789,0.00245009,62805
0.000272724,-0.000553198,62806
-0.000491765,0.000997502,62810
0.000301073,-0.000610701,62812
-0.000548092,0.00111176,62819
0.000818546,-0.00166035,62821
-0.000199605,0.000404881,62822
0.000469794,-0.000952937,62826
-0.000293568,0.000595478,62828
-5.30587e-05,0.000107625,62834
4.08117e-05,-8.27831e-05,62836
-0.000144572,0.000293253,62867
0.00021831,-0.000442823,62869
-5.61838e-05,0.000113964,62870
0.000131166,-0.000266058,62874
-8.29376e-05,0.000168232,62876
0.000120709,-0.000244847,62883
-0.000187258,0.000379836,62885
5.27881e-05,-0.000107076,62886
-0.000162007,0.000328618,62890
0.000104844,-0.000212666,62892
2.51079e-05,-5.09293e-05,62898
-2.04325e-05,4.14456e-05,62900
-2.12826e-05,4.31699e-05,62930
1.85087e-05,-3.75434e-05,62932
1.19337e-05,-2.42065e-05,62946
-1.03901e-05,2.10755e-05,62948
0.000164631,-0.00033394,63123
-0.000255944,0.000519159,63125
7.55251e-05,-0.000153196,63126
-0.00020993,0.000425825,63130
0.000137123,-0.000278141,63132
-0.000149382,0.000303009,63139
0.000238898,-0.000484584,63141
-7.79881e-05,0.000158192,63142
0.000283542,-0.00057514,63146
-0.000189707,0.000384805,63148
-5.37893e-05,0.000109107,63154
4.592e-05,-9.31447e-05,63156
6.82591e-05,-0.000138458,63186
-6.36849e-05,0.000129179,63188
-3.89682e-05,7.90437e-05,63202
3.69343e-05,-7.49181e-05,63204
-9.37608e-05,0.000190186,63251
0.000146193,-0.000296539,63253
-4.39347e-05,8.91177e-05,63254
0.0001257,-0.000254972,63258
-8.26726e-05,0.000167694,63260
8.60709e-05,-0.000174587,63267
-0.000138219,0.000280365,63269
4.61935e-05,-9.36996e-05,63270
-0.000173308,0.00035154,63274
0.000116825,-0.000236969,63276
3.49876e-05,-7.09693e-05,63282
-3.02678e-05,6.13957e-05,63284
-5.77483e-05,0.000117137,63314
5.49881e-05,-0.000111539,63316
3.34961e-05,-6.79439e-05,63330
-3.25561e-05,6.60372e-05,63332
5.44811e-06,-1.1051e-05,63378
-5.41187e-06,1.09775e-05,63380
-3.77246e-06,7.6521e-06,63394
3.86786e-06,-7.84561e-06,63396
1.08596e-06,-2.20277e-06,63612
3.37407e-05,-6.84401e-05,63639
-0.000224585,0.000455552,63643
0.00022104,-0.000448361,63645
-2.58485e-05,5.24314e-05,63646
-4.26861e-05,8.65851e-05,63655
0.000352394,-0.0007148,63659
-0.000355264,0.000720623,63661
4.30677e-05,-8.73591e-05,63662
-0.000133538,0.000270871,63667
0.000176988,-0.000359004,63669
-3.15614e-05,6.40196e-05,63670
3.77266e-05,-7.65252e-05,63674
-2.23744e-05,4.53846e-05,63676
0.000364985,-0.000740341,63699
-0.0005277,0.00107039,63701
0.000117265,-0.000237863,63702
-0.000207627,0.000421154,63706
0.00012698,-0.000257567,63708
-0.000236572,0.000479866,63715
0.000350648,-0.000711259,63717
-8.42855e-05,0.000170966,63718
0.000195266,-0.00039608,63722
-0.00012192,0.000247304,63724
-2.19006e-05,4.44235e-05,63730
1.68123e-05,-3.41023e-05,63732
-2.72673e-05,5.53093e-05,63767
0.00019183,-0.00038911,63771
-0.000192776,0.00039103,63773
2.39455e-05,-4.85714e-05,63774
3.57121e-05,-7.2439e-05,63783
-0.000309931,0.000628669,63787
0.000318454,-0.000645956,63789
-4.08104e-05,8.27804e-05,63790
0.000131416,-0.000266566,63795
-0.000177512,0.000360068,63797
3.34345e-05,-6.78189e-05,63798
-4.28586e-05,8.6935e-05,63802
2.5652e-05,-5.20328e-05,63804
-0.000477242,0.000968045,63827
0.000699045,-0.00141795,63829
-0.000161782,0.000328161,63830
0.000300311,-0.000609156,63834
-0.000185001,0.000375258,63836
0.000317601,-0.000644226,63843
-0.000476975,0.000967503,63845
0.000119453,-0.000242299,63846
-0.000289716,0.000587665,63850
0.000182255,-0.000369688,63852
3.35072e-05,-6.79665e-05,63858
-2.60236e-05,5.27867e-05,63860
8.80832e-05,-0.000178669,63891
-0.00013404,0.000271888,63893
3.57631e-05,-7.25423e-05,63894
-8.69156e-05,0.000176301,63898
5.54069e-05,-0.000112388,63900
-7.45619e-05,0.000151242,63907
0.00011658,-0.000236472,63909
-3.41374e-05,6.92447e-05,63910
0.000108954,-0.000221004,63914
-7.1101e-05,0.000144222,63916
-1.74927e-05,3.54824e-05,63922
1.43936e-05,-2.91961e-05,63924
1.55703e-05,-3.15831e-05,63954
-1.37586e-05,2.79081e-05,63956
-8.74636e-06,1.77412e-05,63970
7.75949e-06,-1.57394e-05,63972
-0.00013137,0.000266472,64147
0.000206525,-0.000418918,64149
-6.38145e-05,0.000129442,64150
0.000185282,-0.000375829,64154
-0.000121974,0.000247414,64156
0.000122218,-0.000247908,64163
-0.000197449,0.000400509,64165
6.73182e-05,-0.000136549,64166
-0.000254143,0.000515508,64170
0.000171287,-0.000347441,64172
4.9737e-05,-0.000100887,64178
-4.28171e-05,8.68508e-05,64180
-6.54337e-05,0.000132727,64210
6.1591e-05,-0.000124932,64212
3.7437e-05,-7.59377e-05,64226
-3.58402e-05,7.26988e-05,64228
7.60894e-05,-0.000154341,64275
-0.000120101,0.000243614,64277
3.79177e-05,-7.69129e-05,64278
-0.000113646,0.000230521,64282
7.53452e-05,-0.000152831,64284
-7.20329e-05,0.000146113,64291
0.000116934,-0.000237191,64293
-4.08797e-05,8.29209e-05,64294
0.000159405,-0.000323339,64298
-0.000108232,0.000219539,64300
-3.32133e-05,6.73702e-05,64306
2.89596e-05,-5.8742e-05,64308
5.67337e-05,-0.000115079,64338
-5.44188e-05,0.000110384,64340
-3.29826e-05,6.69024e-05,64354
3.23183e-05,-6.55549e-05,64356
-5.34637e-06,1.08446e-05,64402
5.35602e-06,-1.08642e-05,64404
3.7251e-06,-7.55605e-06,64418
-3.85216e-06,7.81378e-06,64420
1.28871e-05,-2.61403e-05,64659
-2.04497e-05,4.14804e-05,64661
6.58893e-06,-1.33651e-05,64662
-2.01691e-05,4.09112e-05,64666
1.34139e-05,-2.7209e-05,64668
-1.24397e-05,2.52328e-05,64675
2.02671e-05,-4.111e-05,64677
-7.1899e-06,1.45841e-05,64678
2.84247e-05,-5.76571e-05,64682
-1.93474e-05,3.92446e-05,64684
-5.91458e-06,1.19972e-05,64690
5.16696e-06,-1.04807e-05,64692
9.16618e-06,-1.85928e-05,64722
-8.80233e-06,1.78548e-05,64724
-5.30151e-06,1.07537e-05,64738
5.19699e-06,-1.05416e-05,64740
-8.83228e-06,1.79155e-05,64787
1.41158e-05,-2.86326e-05,64789
-4.69682e-06,9.52709e-06,64790
1.49816e-05,-3.03888e-05,64794
-1.00502e-05,2.0386e-05,64796
8.78527e-06,-1.78202e-05,64803
-1.44126e-05,2.92347e-05,64805
5.2805e-06,-1.0711e-05,64806
-2.16836e-05,4.39832e-05,64810
1.48845e-05,-3.0192e-05,64812
4.83662e-06,-9.81067e-06,64818
-4.28407e-06,8.68987e-06,64820
-9.80414e-06,1.98869e-05,64850
9.58447e-06,-1.94413e-05,64852
5.77038e-06,-1.17047e-05,64866
-5.77932e-06,1.17229e-05,64868
1.08189e-06,-2.19452e-06,64914
-1.10907e-06,2.24965e-06,64916
-7.72916e-07,1.56779e-06,64930
8.18614e-07,-1.66049e-06,64932
-5.87545e-07,1.19178e-06,65170
6.01803e-07,-1.2207e-06,65172
4.15256e-07,-8.42314e-07,65186
-4.41008e-07,8.94545e-07,65188
3.36764e-07,-6.83096e-07,65298
-3.4287e-07,6.95482e-07,65300
-2.3173e-07,4.70042e-07,65314
2.44709e-07,-4.96373e-07,65316
1.24845e-05,-2.53238e-05,74943
-0.000101337,0.000205553,74975
0.000121694,-0.000246847,74991
-6.15027e-05,0.000124753,74999
9.66918e-05,-0.000196131,75003
-7.51353e-05,0.000152406,75005
7.42959e-06,-1.50703e-05,75006
-1.76461e-05,3.57936e-05,75071
0.000171517,-0.000347907,75103
-0.000210828,0.000427647,75119
0.000110664,-0.000224472,75127
-0.000175491,0.000355969,75131
0.000136249,-0.00027637,75133
-1.34116e-05,2.72043e-05,75134
-0.000105551,0.000214101,75167
0.000172228,-0.00034935,75183
-0.000147343,0.000298873,75191
0.000315254,-0.000639467,75195
-0.000254805,0.00051685,75197
2.45321e-05,-4.97613e-05,75198
0.000422946,-0.00085791,75223
-0.00140456,0.00284903,75227
0.00119478,-0.0024235,75229
-0.000113258,0.000229735,75230
-0.000315052,0.000639056,75239
0.00136045,-0.00275955,75243
-0.00118448,0.00240262,75245
0.000112193,-0.000227573,75246
-0.000191242,0.000387918,75251
0.000205482,-0.000416803,75253
-2.28644e-05,4.63785e-05,75254
-7.14891e-06,1.45009e-05,75260
0.000455532,-0.000924008,75423
-0.000792562,0.00160764,75439
0.000844773,-0.00171355,75447
-0.00207949,0.00421807,75451
0.001729,-0.00350712,75453
-0.000169784,0.000344392,75454
-0.00319325,0.00647724,75479
0.0112258,-0.0227705,75483
-0.00967549,0.0196259,75485
0.000936996,-0.00190062,75486
0.00242808,-0.00492516,75495
-0.0109381,0.0221869,75499
0.009626,-0.0195255,75501
-0.000931827,0.00189013,75502
0.00152392,-0.00309114,75507
-0.00165362,0.00335422,75509
0.000188343,-0.000382037,75510
5.78221e-05,-0.000117287,75516
-0.00034428,0.000698343,75551
0.000605479,-0.00122816,75567
-0.00069763,0.00141508,75575
0.00181695,-0.00368553,75579
-0.00152791,0.00309923,75581
0.000151309,-0.000306918,75582
0.00334348,-0.00678196,75607
-0.0121386,0.0246221,75611
0.0105341,-0.0213676,75613
-0.00103052,0.00209033,75614
-0.00259864,0.00527113,75623
0.0120556,-0.0244538,75627
-0.0106813,0.021666,75629
0.00104685,-0.00212344,75630
-0.00172099,0.00349087,75635
0.00188732,-0.00382827,75637
-0.000220503,0.000447272,75638
-6.91891e-05,0.000140344,75644
-0.000527688,0.00107037,75671
0.00235327,-0.00477341,75675
-0.00210473,0.00426927,75677
0.00021381,-0.000433694,75678
0.000518942,-0.00105263,75687
-0.00295805,0.00600015,75691
0.00270733,-0.00549159,75693
-0.000279499,0.000566939,75694
0.000570079,-0.00115636,75699
-0.00066042,0.00133961,75701
8.78713e-05,-0.000178239,75702
3.4592e-05,-7.01669e-05,75708
-0.000443453,0.000899507,75731
0.000552084,-0.00111986,75733
-8.9657e-05,0.000181861,75734
-5.5091e-05,0.000111747,75740
0.000249139,-0.000505356,75747
-0.000311956,0.000632775,75749
5.3399e-05,-0.000108315,75750
4.35054e-05,-8.82469e-05,75756
-5.0628e-06,1.02695e-05,75764
-1.24332e-05,2.52196e-05,75967
0.000105906,-0.00021482,75999
-0.000131449,0.000266633,76015
7.46619e-05,-0.000151445,76023
-0.000130033,0.000263761,76027
0.000103295,-0.000209525,76029
-1.02908e-05,2.08741e-05,76030
1.81075e-05,-3.67296e-05,76095
-0.000182364,0.000369909,76127
0.000230315,-0.000467173,76143
-0.000133178,0.00027014,76151
0.000230315,-0.000467173,76155
-0.000182364,0.000369909,76157
1.81075e-05,-3.67296e-05,76158
0.000123781,-0.00025108,76191
-0.000205014,0.000415853,76207
0.000185341,-0.000375948,76215
-0.000415007,0.000841805,76219
0.000339104,-0.000687844,76221
-3.30136e-05,6.69653e-05,76222
-0.000557095,0.00113002,76247
0.00190416,-0.00386242,76251
-0.00163145,0.00330926,76253
0.000156553,-0.000317554,76254
0.00041882,-0.000849541,76263
-0.00185527,0.00376327,76267
0.00162598,-0.00329817,76269
-0.000156027,0.000316486,76270
0.00026339,-0.000534264,76275
-0.000284912,0.000577919,76277
3.22267e-05,-6.5369e-05,76278
1.00804e-05,-2.04472e-05,76284
-0.000682138,0.00138366,76447
0.00119536,-0.00242469,76463
-0.00132114,0.00267982,76471
0.00336601,-0.00682766,76475
-0.0028224,0.005725,76477
0.00028001,-0.000567975,76478
0.00514508,-0.0104363,76503
-0.0185085,0.0375428,76507
0.0160484,-0.0325529,76509
-0.00157038,0.00318539,76510
-0.00393544,0.00798269,76519
0.0180924,-0.0366988,76523
-0.0160099,0.0324746,76525
0.0015666,-0.00317772,76526
-0.00253753,0.00514716,76531
0.0027677,-0.00561404,76533
-0.00031908,0.000647227,76534
-9.76863e-05,0.000198148,76540
0.000530488,-0.00107605,76575
-0.000937953,0.00190256,76591
0.00111728,-0.0022663,76599
-0.00300699,0.00609943,76603
0.00254881,-0.00517004,76605
-0.000254931,0.000517106,76606
-0.00550768,0.0111719,76631
0.0204487,-0.0414783,76635
-0.017848,0.0362032,76637
0.00176324,-0.00357657,76638
0.00430652,-0.00873541,76647
-0.020381,0.0413412,76651
0.0181534,-0.0368225,76653
-0.00179733,0.00364574,76654
0.00293297,-0.00594928,76659
-0.0032325,0.00655684,76661
0.000381975,-0.000774802,76662
0.000119663,-0.000242726,76668
0.000901076,-0.00182775,76695
-0.00410659,0.00832987,76699
0.00369113,-0.00748714,76701
-0.000377998,0.000766736,76702
-0.000893698,0.00181279,76711
0.00519177,-0.0105311,76715
-0.00477309,0.00968181,76717
0.000496679,-0.00100747,76718
-0.00101369,0.00205618,76723
0.00117893,-0.00239136,76725
-0.000157972,0.000320432,76726
-6.21751e-05,0.000126117,76732
0.000803156,-0.00162913,76755
-0.00100326,0.00203503,76757
0.000163235,-0.000331108,76758
9.98563e-05,-0.00020255,76764
-0.000451306,0.000915436,76771
0.000567276,-0.00115067,76773
-9.723e-05,0.000197223,76774
-7.87676e-05,0.000159773,76780
9.12099e-06,-1.85011e-05,76788
0.000193292,-0.000392077,76959
-0.000345674,0.00070117,76975
0.000449159,-0.000911081,76983
-0.00134036,0.00271881,76987
0.00116659,-0.00236632,76989
-0.000121131,0.000245703,76990
-0.00220912,0.004481,77015
0.00885836,-0.0179684,77019
-0.00789583,0.016016,77021
0.000810572,-0.00164418,77022
0.00175369,-0.00355721,77031
-0.00889988,0.0180526,77035
0.00808718,-0.0164041,77037
-0.000834061,0.00169182,77038
0.00133192,-0.00270169,77043
-0.0015,0.00304263,77045
0.000187048,-0.00037941,77046
5.9488e-05,-0.000120666,77052
-0.000202026,0.000409793,77087
0.000360924,-0.000732104,77103
-0.000499933,0.00101407,77111
0.00157232,-0.00318931,77115
-0.00138219,0.00280365,77117
0.000144782,-0.000293678,77118
0.003093,-0.00627389,77143
-0.0128036,0.025971,77147
0.0114837,-0.0232937,77149
-0.00118925,0.00241228,77150
-0.00251464,0.00510073,77159
0.0131517,-0.026677,77163
-0.0120271,0.024396,77165
0.00125389,-0.00254341,77166
-0.00204105,0.0041401,77171
0.00232235,-0.00471068,77173
-0.000296267,0.000600952,77174
-9.68182e-05,0.000196387,77180
-0.000747816,0.00151688,77207
0.00383583,-0.00778064,77211
-0.00354522,0.00719118,77213
0.000381725,-0.000774297,77214
0.000786835,-0.00159603,77223
-0.00509154,0.0103277,77227
0.00481005,-0.00975677,77229
-0.000528271,0.00107155,77230
0.00113261,-0.0022974,77235
-0.00136128,0.00276124,77237
0.000196374,-0.000398327,77238
8.24067e-05,-0.000167155,77244
-0.00119593,0.00242585,77267
0.00155788,-0.00316002,77269
-0.000273117,0.000553995,77270
-0.000179158,0.000363407,77276
0.000688196,-0.00139595,77283
-0.000909377,0.00184459,77285
0.000168915,-0.00034263,77286
0.000147122,-0.000298424,77292
-1.67772e-05,3.40312e-05,77300
0.000720636,-0.00146175,77463
-0.00594184,0.0120525,77467
0.00566088,-0.0114826,77469
-0.000647194,0.00131278,77470
-0.00117826,0.00239001,77479
0.00860519,-0.0174549,77483
-0.00838838,0.0170151,77485
0.000985332,-0.00199866,77486
-0.00243411,0.00493739,77491
0.00305956,-0.00620606,77493
-0.000490035,0.000993993,77494
-0.000236916,0.000480563,77500
0.00411782,-0.00835265,77523
-0.00563489,0.0114299,77525
0.0010914,-0.0022138,77526
0.000802127,-0.00162705,77532
-0.00248038,0.00503123,77539
0.00346557,-0.0070296,77541
-0.000713686,0.00144765,77542
-0.000693401,0.00140651,77548
7.85399e-05,-0.000159311,77556
-0.000608147,0.00123357,77591
0.0036441,-0.00739174,77595
-0.00350205,0.00710361,77597
0.000408515,-0.000828638,77598
0.000718421,-0.00145725,77607
-0.00539691,0.0109472,77611
0.00530829,-0.0107674,77613
-0.000636912,0.00129192,77614
0.00165524,-0.00335752,77619
-0.0021081,0.0042761,77621
0.000348255,-0.000706404,77622
0.000176866,-0.000358758,77628
-0.0037072,0.00751974,77651
0.00513955,-0.0104251,77653
-0.00102229,0.00207362,77654
-0.000778688,0.0015795,77660
0.00228559,-0.00463613,77667
-0.00323999,0.00657205,77669
0.000685467,-0.00139041,77670
0.000689007,-0.00139759,77676
-7.82671e-05,0.000158758,77684
0.000404897,-0.000821299,77715
-0.000576359,0.00116909,77717
0.000121828,-0.000247117,77718
0.000110703,-0.000224552,77724
-0.000302926,0.00061446,77731
0.000442512,-0.000897598,77733
-0.000100117,0.00020308,77734
-0.00012106,0.00024556,77740
1.63609e-05,-3.31868e-05,77748
-8.85483e-06,1.79613e-05,77780
4.9383e-06,-1.00169e-05,77796
0.00665444,-0.013498,79063
-0.0295076,0.0598537,79067
0.0269943,-0.0547556,79069
-0.00291365,0.0059101,79070
-0.00545618,0.0110674,79079
0.0303585,-0.0615795,79083
-0.0282915,0.0573868,79085
0.00307985,-0.00624721,79086
-0.00487899,0.00989661,79091
0.00566075,-0.0114823,79093
-0.000762112,0.00154588,79094
-0.000255024,0.000517295,79100
0.000523454,-0.00106178,79135
-0.000937953,0.00190256,79151
0.00145517,-0.0029517,79159
-0.00522225,0.0105929,79163
0.00473707,-0.00960873,79165
-0.000521074,0.00105695,79166
-0.0100657,0.0204174,79191
0.04581,-0.0929216,79195
-0.042103,0.0854023,79197
0.00457346,-0.00927687,79198
0.00844803,-0.0171361,79207
-0.0481951,0.0977596,79211
0.0451345,-0.0915514,79213
-0.00495369,0.0100481,79214
0.00804257,-0.0163137,79219
-0.00940938,0.0190861,79221
0.00128972,-0.00261609,79222
0.000443089,-0.000898768,79228
0.00300007,-0.00608539,79255
-0.0167545,0.0339851,79259
0.015827,-0.0321036,79261
-0.00178714,0.00362506,79262
-0.00328395,0.00666121,79271
0.0229293,-0.0465101,79275
-0.0221269,0.0448825,79277
0.00255551,-0.00518364,79278
-0.00557408,0.0113065,79283
0.00686418,-0.0139234,79285
-0.00105718,0.00214441,79286
-0.000472922,0.000959281,79292
-0.00889686,0.0180465,79317
0.00167375,-0.00339505,79318
0.00119115,-0.00241614,79324
-0.0038867,0.00788384,79331
0.00528736,-0.010725,79333
-0.00105943,0.00214895,79334
-0.00100813,0.00204491,79340
0.000118073,-0.000239502,79348
0.0260705,-0.0528817,79515
-0.0356983,0.0724109,79517
0.00424781,-0.00861632,79518
0.00710443,-0.0144107,79527
-0.0546743,0.110902,79531
0.0541118,-0.109761,79533
-0.00662043,0.013429,79534
0.0164523,-0.0333721,79539
-0.021,0.0425968,79541
0.00352929,-0.00715886,79542
0.00179605,-0.00364314,79548
0.0408961,-0.0829543,79573
-0.00830854,0.0168532,79574
-0.00646428,0.0131122,79580
0.0179058,-0.0363204,79587
-0.0253529,0.0514262,79589
0.00549103,-0.0111381,79590
0.00566965,-0.0115004,79596
-0.000658717,0.00133615,79604
0.00366036,-0.00742473,79639
-0.0233366,0.0473363,79643
0.0227834,-0.0462141,79645
-0.0027655,0.00560957,79646
-0.00448229,0.00909194,79655
0.0354102,-0.0718266,79659
-0.035334,0.0716719,79661
0.0044109,-0.00894713,79662
-0.0115056,0.0233381,79667
0.0148557,-0.0301334,79669
-0.00256741,0.00520777,79670
-0.00136961,0.00277814,79676
-0.0378177,0.07671,79701
0.00786071,-0.0159448,79702
0.00631295,-0.0128053,79708
-0.0167404,0.0339564,79715
0.0239864,-0.0486544,79717
-0.00531569,0.0107824,79718
-0.00565304,0.0114667,79724
0.00065861,-0.00133593,79732
0.00418961,-0.00849826,79765
-0.000927201,0.00188075,79766
-0.000890315,0.00180593,79772
0.00219644,-0.00445529,79779
-0.00323999,0.00657205,79781
0.000768895,-0.00155964,79782
0.000984209,-0.00199638,79788
-0.000136511,0.000276901,79796
7.27264e-05,-0.000147519,79828
-4.03785e-05,8.19043e-05,79844
0.000278119,-0.000564141,80031
-0.000503727,0.00102177,80047
0.000764688,-0.0015511,80055
-0.00269802,0.00547271,80059
0.00244306,-0.00495554,80061
-0.000269324,0.0005463,80062
-0.00439382,0.00891249,80087
0.0198883,-0.0403417,80091
-0.0182865,0.0370927,80093
0.00199412,-0.0040449,80094
0.00364052,-0.00738447,80103
-0.0206768,0.041941,80107
0.0193744,-0.0392994,80109
-0.00213549,0.00433166,80110
0.00343152,-0.00696054,80115
-0.00401798,0.00815013,80117
0.000554922,-0.00112561,80118
0.000192688,-0.000390851,80124
-0.000338457,0.00068653,80159
0.000605479,-0.00122816,80175
-0.000954543,0.00193621,80183
0.00350883,-0.00711736,80187
-0.00320115,0.00649326,80189
0.000355529,-0.000721159,80190
0.00680536,-0.0138041,80215
-0.0315899,0.0640774,80219
0.029175,-0.0591789,80221
-0.00320115,0.00649326,80222
-0.00576904,0.011702,80231
0.0335578,-0.0680692,80235
-0.0315899,0.0640774,80237
0.00350883,-0.00711736,80238
-0.00576904,0.011702,80243
0.00680536,-0.0138041,80245
-0.000954543,0.00193621,80246
-0.000338457,0.00068653,80252
-0.00219557,0.00445353,80279
0.0125162,-0.025388,80283
-0.0118853,0.0241084,80285
0.00135905,-0.00275673,80286
0.00243416,-0.00493747,80295
-0.0173214,0.035135,80299
0.0168053,-0.0340881,80301
-0.00196832,0.00399258,80302
0.00435007,-0.00882373,80307
-0.00539648,0.0109463,80309
0.000849416,-0.00172297,80310
0.000391165,-0.000793444,80316
0.00735641,-0.0149218,80341
-0.00141945,0.00287924,80342
-0.00104468,0.00211904,80348
0.00320855,-0.00650827,80355
-0.00440634,0.00893789,80357
0.000907447,-0.00184068,80358
0.000894764,-0.00181495,80364
-0.000105948,0.000214905,80372
0.0245484,-0.0497944,80541
-0.00418347,0.0084858,80542
-0.00684111,0.0138766,80551
0.0533863,-0.108289,80555
-0.053064,0.107636,80557
0.00657892,-0.0133448,80558
-0.016444,0.0333552,80563
0.0210979,-0.0427953,80565
-0.00361156,0.00732574,80566
-0.0018857,0.00382498,80572
-0.0422819,0.0857651,80597
0.00876983,-0.0177888,80598
0.00702064,-0.0142408,80604
-0.0184967,0.037519,80611
0.0263265,-0.053401,80613
-0.00583005,0.0118257,80614
-0.00620321,0.0125827,80620
0.000729374,-0.00147947,80628
-0.00356057,0.0072223,80663
0.023083,-0.046822,80667
-0.0226387,0.0459207,80669
0.0027855,-0.00565014,80670
0.0044109,-0.00894713,80679
-0.035334,0.0716719,80683
0.0354102,-0.0718266,80685
-0.00448229,0.00909194,80686
0.0117459,-0.0238256,80691
-0.015241,0.0309151,80693
0.00268371,-0.00544367,80694
0.00147059,-0.00298297,80700
0.0398123,-0.0807558,80725
-0.00845135,0.0171428,80726
-0.00699178,0.0141822,80732
0.0176113,-0.0357231,80739
-0.0253529,0.0514262,80741
0.00574728,-0.0116579,80742
0.00630686,-0.0127929,80748
-0.000745368,0.00151191,80756
-0.00445196,0.00903041,80789
0.00101238,-0.00205352,80790
0.00101254,-0.00205386,80796
-0.00233691,0.00474022,80803
0.00346557,-0.0070296,80805
-0.000847061,0.00171819,80806
-0.00113218,0.00229653,80812
0.000161594,-0.000327779,80820
-8.90051e-05,0.000180539,80852
4.9327e-05,-0.000100056,80868
0.000371159,-0.000752863,81054
0.000805362,-0.00163361,81063
-0.00651571,0.0132166,81067
0.00655824,-0.0133028,81069
-0.000848313,0.00172073,81070
0.00218283,-0.00442769,81075
-0.0028492,0.00577936,81077
0.00051986,-0.00105449,81078
0.000301466,-0.000611498,81084
0.00691908,-0.0140348,81109
-0.00154833,0.00314065,81110
-0.00138465,0.00280865,81116
0.00303629,-0.00615886,81123
-0.00440634,0.00893789,81125
0.00105878,-0.00214764,81126
0.00126277,-0.00256142,81132
-0.000155331,0.000315076,81140
0.000497687,-0.00100952,81175
-0.00337524,0.00684637,81179
0.00336016,-0.0068158,81181
-0.000434472,0.000881289,81182
-0.000636912,0.00129192,81191
0.00530829,-0.0107674,81195
-0.00539691,0.0109472,81197
0.000718421,-0.00145725,81198
-0.00193416,0.00392328,81203
0.00255667,-0.00518598,81205
-0.000483653,0.000981049,81206
-0.000298299,0.000605074,81212
-0.00811201,0.0164545,81237
0.00187134,-0.00379584,81238
0.00174983,-0.00354937,81244
-0.00360295,0.00730828,81251
0.00528736,-0.010725,81253
-0.00131091,0.00265906,81254
-0.00163337,0.00331315,81260
0.000205008,-0.00041584,81268
0.00112627,-0.00228455,81301
-0.000288214,0.000584617,81302
-0.000345954,0.000701738,81308
0.000599418,-0.00121587,81315
-0.000909377,0.00184459,81317
0.00025315,-0.000513493,81318
0.000409842,-0.000831329,81324
-6.75313e-05,0.000136981,81332
4.91655e-05,-9.9728e-05,81364
-2.73429e-05,5.54628e-05,81380
-0.000367598,0.000745642,81571
0.000567276,-0.00115067,81573
-0.000179407,0.000363911,81574
-0.000355569,0.000721242,81580
7.30143e-05,-0.000148103,81588
-8.57575e-05,0.000173952,81620
4.9327e-05,-0.000100056,81636
0.000380949,-0.000772721,81685
-0.000107926,0.000218918,81686
-0.000157015,0.000318491,81692
0.000202323,-0.000410395,81699
-0.000311956,0.000632775,81701
9.96002e-05,-0.00020203,81702
0.000202323,-0.000410395,81708
-4.41548e-05,8.95642e-05,81716
6.86299e-05,-0.00013921,81748
-4.03785e-05,8.19043e-05,81764
-7.03244e-06,1.42647e-05,81812
4.9383e-06,-1.00169e-05,81828
1.26372e-05,-2.56334e-05,83263
-0.000123838,0.000251196,83295
0.000154989,-0.000314382,83311
-8.84998e-05,0.000179514,83319
0.000154989,-0.000314382,83323
-0.000123838,0.000251196,83325
1.26372e-05,-2.56334e-05,83326
8.01697e-05,-0.000162617,83359
-0.000132638,0.000269045,83375
0.000121561,-0.000246577,83383
-0.00028124,0.000570472,83387
0.000232539,-0.000471685,83389
-2.32406e-05,4.71416e-05,83390
-0.000365416,0.000741215,83415
0.00128629,-0.00260914,83419
-0.00111358,0.00225879,83421
0.00010964,-0.000222396,83422
0.000275586,-0.000559003,83431
-0.00125459,0.00254482,83435
0.00111042,-0.0022524,83437
-0.000109353,0.000221813,83438
0.000179579,-0.00036426,83443
-0.000195984,0.000397537,83445
2.27512e-05,-4.61488e-05,83446
7.08241e-06,-1.43661e-05,83452
0.000645805,-0.00130996,83631
-0.00073303,0.00148689,83639
0.00194706,-0.00394945,83643
-0.00165476,0.00335653,83645
0.000168845,-0.000342487,83646
0.0028875,-0.00585704,83671
-0.0107609,0.0218276,83675
0.00944176,-0.0191518,83677
-0.000950625,0.00192826,83678
-0.0022211,0.00450531,83687
0.0105513,-0.0214025,83691
-0.00944339,0.0191551,83693
0.000951459,-0.00192995,83694
-0.00149865,0.00303989,83699
0.00165254,-0.00335204,83701
-0.000196654,0.000398896,83702
-6.00805e-05,0.000121868,83708
0.000284384,-0.000576847,83743
-0.000503727,0.00102177,83759
0.00061643,-0.00125037,83767
-0.00173216,0.00351354,83771
0.00148859,-0.00301948,83773
-0.000153256,0.000310866,83774
-0.00307911,0.00624572,83799
0.0118611,-0.0240593,83803
-0.0104803,0.0212584,83805
0.00106644,-0.00216319,83806
0.00242296,-0.00491476,83815
-0.0118673,0.0240718,83819
0.010696,-0.021696,83821
-0.00109181,0.00221464,83822
0.00173468,-0.00351866,83827
-0.00193454,0.00392406,83829
0.000236606,-0.000479935,83830
7.43115e-05,-0.000150734,83836
0.000514799,-0.00104422,83863
-0.00244199,0.00495337,83867
0.00222419,-0.00451158,83869
-0.000235558,0.000477809,83870
-0.000515795,0.00104624,83879
0.00311153,-0.00631147,83883
-0.00289844,0.00587924,83885
0.000312464,-0.000633807,83886
-0.000626894,0.0012716,83891
0.000739899,-0.00150082,83893
-0.000103589,0.00021012,83894
-4.18902e-05,8.49707e-05,83900
-0.000666859,0.00135267,83925
0.00011482,-0.000232903,83926
7.43115e-05,-0.000150734,83932
-0.00029635,0.000601121,83939
0.000380949,-0.000772721,83941
-6.94715e-05,0.000140917,83942
-6.00805e-05,0.000121868,83948
7.08241e-06,-1.43661e-05,83956
9.12099e-06,-1.85011e-05,84159
-7.87676e-05,0.000159773,84191
9.98563e-05,-0.00020255,84207
-6.21751e-05,0.000126117,84215
0.000119663,-0.000242726,84219
-9.76862e-05,0.000198148,84221
1.00804e-05,-2.04472e-05,84222
-1.34116e-05,2.72043e-05,84287
0.000136249,-0.00027637,84319
-0.000175491,0.000355969,84335
0.000110664,-0.000224472,84343
-0.000210828,0.000427647,84347
0.000171517,-0.000347907,84349
-1.76461e-05,3.57936e-05,84350
-9.723e-05,0.000197223,84383
0.000163235,-0.000331108,84399
-0.000157972,0.000320432,84407
0.000381975,-0.000774802,84411
-0.00031908,0.000647227,84413
3.22267e-05,-6.5369e-05,84414
0.000496679,-0.00100747,84439
-0.00179733,0.00364574,84443
0.0015666,-0.00317772,84445
-0.000156027,0.000316486,84446
-0.000377998,0.000766736,84455
0.00176324,-0.00357657,84459
-0.00157038,0.00318539,84461
0.000156553,-0.000317554,84462
-0.000254931,0.000517106,84467
0.00028001,-0.000567975,84469
-3.30136e-05,6.69653e-05,84470
-1.02908e-05,2.08741e-05,84476
-0.00100326,0.00203503,84655
0.00117893,-0.00239136,84663
-0.0032325,0.00655684,84667
0.0027677,-0.00561404,84669
-0.000284912,0.000577919,84670
-0.00477309,0.00968181,84695
0.0181534,-0.0368225,84699
-0.0160099,0.0324746,84701
0.00162598,-0.00329817,84702
0.00369113,-0.00748714,84711
-0.017848,0.0362032,84715
0.0160484,-0.0325529,84717
-0.00163145,0.00330926,84718
0.00254881,-0.00517004,84723
-0.0028224,0.005725,84725
0.000339104,-0.000687844,84726
0.000103295,-0.000209525,84732
-0.000451306,0.000915436,84767
0.000803156,-0.00162913,84783
-0.00101369,0.00205618,84791
0.00293297,-0.00594928,84795
-0.00253753,0.00514716,84797
0.00026339,-0.000534264,84798
0.00519177,-0.0105311,84823
-0.020381,0.0413412,84827
0.0180924,-0.0366988,84829
-0.00185527,0.00376327,84830
-0.00410659,0.00832987,84839
0.0204487,-0.0414783,84843
-0.0185085,0.0375428,84845
0.00190416,-0.00386242,84846
-0.00300699,0.00609943,84851
0.00336601,-0.00682766,84853
-0.000415007,0.000841805,84854
-0.000130033,0.000263761,84860
-0.000893698,0.00181279,84887
0.00430652,-0.00873541,84891
-0.00393544,0.00798269,84893
0.00041882,-0.000849541,84894
0.000901076,-0.00182775,84903
-0.00550768,0.0111719,84907
0.00514508,-0.0104363,84909
-0.000557095,0.00113002,84910
0.00111728,-0.0022663,84915
-0.00132114,0.00267982,84917
0.000185341,-0.000375948,84918
7.46619e-05,-0.000151445,84924
0.00119536,-0.00242469,84949
-0.000205014,0.000415853,84950
-0.000131449,0.000266633,84956
0.000530488,-0.00107605,84963
-0.000682138,0.00138366,84965
0.000123781,-0.00025108,84966
0.000105906,-0.00021482,84972
-1.24332e-05,2.52196e-05,84980
0.000322907,-0.00065499,85167
-0.000444402,0.000901432,85175
0.00141791,-0.00287612,85179
-0.00125649,0.00254869,85181
0.000134881,-0.000273594,85182
0.00226613,-0.00459665,85207
-0.00954491,0.019361,85211
0.00863285,-0.017511,85213
-0.000915824,0.00185767,85214
-0.00181825,0.00368816,85223
0.00964622,-0.0195665,85227
-0.00888761,0.0180277,85229
0.000947995,-0.00192293,85230
-0.00147284,0.00298752,85235
0.00168115,-0.00341007,85237
-0.000217562,0.000441305,85238
-6.94715e-05,0.000140917,85244
0.000192936,-0.000391354,85279
-0.000345674,0.00070117,85295
0.000503385,-0.00102107,85303
-0.00168639,0.0034207,85307
0.001508,-0.00305885,85309
-0.0001632,0.000331036,85310
-0.00321923,0.00652992,85335
0.0139704,-0.0283377,85339
-0.0127074,0.0257759,85341
0.00135888,-0.00275637,85342
0.00264528,-0.00536573,85351
-0.0144387,0.0292876,85355
0.0133819,-0.027144,85357
-0.00144178,0.00292452,85358
0.00228922,-0.00464349,85363
-0.00263892,0.00535282,85365
0.000349093,-0.000708105,85366
0.00011482,-0.000232903,85372
0.000814459,-0.00165206,85399
-0.00435355,0.0088308,85403
0.00407434,-0.00826446,85405
-0.000452585,0.00091803,85406
-0.000867826,0.00176031,85415
0.00582599,-0.0118175,85419
-0.00557028,0.0112988,85421
0.000631529,-0.001281,85422
-0.00133267,0.0027032,85427
0.00162088,-0.00328781,85429
-0.000242131,0.000491142,85430
-0.000103589,0.00021012,85436
-0.00191879,0.0038921,85461
0.000349093,-0.000708105,85462
0.000236606,-0.000479935,85468
-0.000841204,0.00170631,85475
0.00112627,-0.00228455,85477
-0.000217562,0.000441305,85478
-0.000196654,0.000398896,85484
2.27512e-05,-4.61488e-05,85492
0.000974804,-0.00197731,85671
-0.0103668,0.0210282,85675
0.0102091,-0.0207082,85677
-0.00123519,0.00250549,85678
0.00300938,-0.00610427,85683
-0.00381967,0.00774787,85685
0.000631529,-0.001281,85686
0.000312464,-0.000633807,85692
0.00720801,-0.0146208,85717
-0.00144178,0.00292452,85718
-0.00109181,0.00221464,85724
0.0031584,-0.00640653,85731
-0.00445196,0.00903041,85733
0.000947995,-0.00192293,85734
0.000951459,-0.00192995,85740
-0.000109353,0.000221813,85748
0.000709011,-0.00143817,85783
-0.00439334,0.00891151,85787
0.00426723,-0.00865572,85789
-0.000512754,0.00104008,85790
-0.000848313,0.00172073,85799
0.00655824,-0.0133028,85803
-0.00651571,0.0132166,85805
0.000805362,-0.00163361,85806
-0.00206491,0.0041885,85811
0.00265463,-0.00538469,85813
-0.000452585,0.00091803,85814
-0.000235558,0.000477809,85820
-0.00661952,0.0134271,85845
0.00135888,-0.00275637,85846
0.00106644,-0.00216319,85852
-0.00293201,0.00594732,85859
0.00418961,-0.00849826,85861
-0.000915824,0.00185767,85862
-0.000950625,0.00192826,85868
0.00010964,-0.000222396,85876
0.000747286,-0.00151581,85909
-0.0001632,0.000331036,85910
-0.000153256,0.000310866,85916
0.000391701,-0.000794532,85923
-0.000576359,0.00116909,85925
0.000134881,-0.000273594,85926
0.000168845,-0.000342487,85932
-2.32406e-05,4.71416e-05,85940
-7.03244e-06,1.42647e-05,85988
0.0135841,-0.0275542,87383
-0.0639684,0.129754,87387
0.0594027,-0.120493,87389
-0.00661952,0.0134271,87390
-0.0114947,0.0233159,87399
0.0676299,-0.137181,87403
-0.0639684,0.129754,87405
0.00720801,-0.0146208,87406
-0.0114947,0.0233159,87411
0.0135841,-0.0275542,87413
-0.00191879,0.0038921,87414
-0.000666859,0.00135267,87420
-0.00418165,0.00848212,87447
0.0240335,-0.04875,87451
-0.0229153,0.0464816,87453
0.00265463,-0.00538469,87454
0.0046179,-0.00936702,87463
-0.0330818,0.0671036,87467
0.0322142,-0.0653436,87469
-0.00381967,0.00774787,87470
0.00821946,-0.0166725,87475
-0.0102157,0.0207217,87477
0.00162088,-0.00328781,87478
0.000739899,-0.00150082,87484
-0.00263892,0.00535282,87510
-0.00193454,0.00392406,87516
0.00590407,-0.0119759,87523
-0.00811201,0.0164545,87525
0.00168115,-0.00341007,87526
0.00165254,-0.00335204,87532
-0.000195984,0.000397537,87540
0.0576191,-0.116875,87723
-0.0813139,0.164938,87725
0.0102091,-0.0207082,87726
-0.0250318,0.0507748,87731
0.0322142,-0.0653436,87733
-0.00557028,0.0112988,87734
-0.00289844,0.00587924,87740
0.0133819,-0.027144,87766
0.010696,-0.021696,87772
-0.0279041,0.0566011,87779
0.0398123,-0.0807558,87781
-0.00888761,0.0180277,87782
-0.00944339,0.0191551,87788
0.00111042,-0.0022524,87796
-0.00533123,0.0108139,87831
0.0347944,-0.0705775,87835
-0.0342583,0.0694901,87837
0.00426723,-0.00865572,87838
0.00657892,-0.0133448,87847
-0.053064,0.107636,87851
0.0533863,-0.108289,87853
-0.00684111,0.0138766,87854
0.017606,-0.0357122,87859
-0.0229153,0.0464816,87861
0.00407434,-0.00826446,87862
0.00222419,-0.00451158,87868
-0.0127074,0.0257759,87894
-0.0104803,0.0212584,87900
0.0262067,-0.0531581,87907
-0.0378177,0.07671,87909
0.00863285,-0.017511,87910
0.00944176,-0.0191518,87916
-0.00111358,0.00225879,87924
0.001508,-0.00305885,87958
0.00148859,-0.00301948,87964
-0.003462,0.00702237,87971
0.00513955,-0.0104251,87973
-0.00125649,0.00254869,87974
-0.00165476,0.00335653,87980
0.000232539,-0.000471685,87988
6.86299e-05,-0.00013921,88036
0.000645805,-0.00130996,88239
-0.0010203,0.00206958,88247
0.0037754,-0.00765807,88251
-0.003462,0.00702237,88253
0.000391701,-0.000794532,88254
0.00601844,-0.0122079,88279
-0.0282063,0.0572141,88283
0.0262067,-0.0531581,88285
-0.00293201,0.00594732,88286
-0.0050298,0.0102025,88295
0.0294812,-0.0598001,88299
-0.0279041,0.0566011,88301
0.0031584,-0.00640653,88302
-0.00498991,0.0101216,88307
0.00590407,-0.0119759,88309
-0.000841204,0.00170631,88310
-0.00029635,0.000601121,88316
0.000443089,-0.000898768,88351
-0.000792562,0.00160764,88367
0.00128972,-0.00261609,88375
-0.00495369,0.0100481,88379
0.00457346,-0.00927687,88381
-0.000521074,0.00105695,88382
-0.00940938,0.0190861,88407
0.0451345,-0.0915514,88411
-0.042103,0.0854023,88413
0.00473707,-0.00960873,88414
0.00804257,-0.0163137,88423
-0.0481951,0.0977596,88427
0.04581,-0.0929216,88429
-0.00522225,0.0105929,88430
0.00844803,-0.0171361,88435
-0.0100657,0.0204174,88437
0.00145517,-0.0029517,88438
0.000523454,-0.00106178,88444
0.00313596,-0.00636103,88471
-0.0183735,0.037269,88475
0.017606,-0.0357122,88477
-0.00206491,0.0041885,88478
-0.00350664,0.00711291,88487
0.0255736,-0.0518738,88491
-0.0250318,0.0507748,88493
0.00300938,-0.00610427,88494
-0.00656557,0.0133177,88499
0.00821946,-0.0166725,88501
-0.00133267,0.0027032,88502
-0.000626894,0.0012716,88508
0.00228922,-0.00464349,88534
0.00173468,-0.00351866,88540
-0.00498991,0.0101216,88547
0.00691908,-0.0140348,88549
-0.00147284,0.00298752,88550
-0.00149865,0.00303989,88556
0.000179579,-0.00036426,88564
0.0576191,-0.116875,88749
-0.0103668,0.0210282,88750
0.0255736,-0.0518738,88755
-0.0330818,0.0671036,88757
0.00582599,-0.0118175,88758
0.00311153,-0.00631147,88764
-0.0144387,0.0292876,88790
-0.0118673,0.0240718,88796
0.0294812,-0.0598001,88803
-0.0422819,0.0857651,88805
0.00964622,-0.0195665,88806
0.0105513,-0.0214025,88812
-0.00125459,0.00254482,88820
0.0053062,-0.0107632,88855
-0.0351808,0.0713612,88859
0.0347944,-0.0705775,88861
-0.00439334,0.00891151,88862
-0.00662043,0.013429,88871
0.0541118,-0.109761,88875
-0.0546743,0.110902,88877
0.00710443,-0.0144107,88878
-0.0183735,0.037269,88883
0.0240335,-0.04875,88885
-0.00435355,0.0088308,88886
-0.00244199,0.00495337,88892
0.0139704,-0.0283377,88918
0.0118611,-0.0240593,88924
-0.0282063,0.0572141,88931
0.0408961,-0.0829543,88933
-0.00954491,0.019361,88934
-0.0107609,0.0218276,88940
0.00128629,-0.00260914,88948
-0.00168639,0.0034207,88982
-0.00173216,0.00351354,88988
0.0037754,-0.00765807,88995
-0.00563489,0.0114299,88997
0.00141791,-0.00287612,88998
0.00194706,-0.00394945,89004
-0.00028124,0.000570472,89012
-8.57575e-05,0.000173952,89060
0.000974804,-0.00197731,89262
-0.00350664,0.00711291,89267
0.0046179,-0.00936702,89269
-0.000867826,0.00176031,89270
-0.000515795,0.00104624,89276
0.00264528,-0.00536573,89302
0.00242296,-0.00491476,89308
-0.0050298,0.0102025,89315
0.00735641,-0.0149218,89317
-0.00181825,0.00368816,89318
-0.0022211,0.00450531,89324
0.000275586,-0.000559003,89332
-0.00076439,0.0015505,89367
0.0053062,-0.0107632,89371
-0.00533123,0.0108139,89373
0.000709011,-0.00143817,89374
0.000985332,-0.00199866,89383
-0.00838838,0.0170151,89387
0.00860519,-0.0174549,89389
-0.00117826,0.00239001,89390
0.00313596,-0.00636103,89395
-0.00418165,0.00848212,89397
0.000814459,-0.00165206,89398
0.000514799,-0.00104422,89404
-0.00321923,0.00652992,89430
-0.00307911,0.00624572,89436
0.00601844,-0.0122079,89443
-0.00889686,0.0180465,89445
0.00226613,-0.00459665,89446
0.0028875,-0.00585704,89452
-0.000365416,0.000741215,89460
0.000503385,-0.00102107,89494
0.00061643,-0.00125037,89500
-0.0010203,0.00206958,89507
0.00155788,-0.00316002,89509
-0.000444402,0.000901432,89510
-0.00073303,0.00148689,89516
0.000121561,-0.000246577,89524
4.91655e-05,-9.9728e-05,89572
-0.000132638,0.000269045,89780
-8.90051e-05,0.000180539,89828
0.000192936,-0.000391354,89878
0.000284384,-0.000576847,89884
-0.000355569,0.000721242,89891
0.000552084,-0.00111986,89893
-0.000179407,0.000363911,89894
-0.000367598,0.000745642,89900
8.01697e-05,-0.000162617,89908
7.27264e-05,-0.000147519,89956
-8.85483e-06,1.79613e-05,90020
0.000924294,-0.00187485,91543
-0.00569307,0.0115479,91547
0.00555454,-0.0112669,91549
-0.00069309,0.00140587,91550
-0.001051,0.00213186,91559
0.00802622,-0.0162805,91563
-0.00800115,0.0162296,91565
0.00102767,-0.00208453,91566
-0.00217875,0.00441942,91571
0.00278808,-0.00565538,91573
-0.000493633,0.00100129,91574
-0.000253898,0.000515011,91580
0.000785298,-0.00159291,91612
-0.00179695,0.00364495,91619
0.00255667,-0.00518598,91621
-0.000607994,0.00123326,91622
-0.000698033,0.0014159,91628
8.73337e-05,-0.000177149,91636
0.00591135,-0.0119907,91827
-0.0110574,0.0224289,91829
0.0021398,-0.00434039,91830
0.00126168,-0.0025592,91836
-0.00522468,0.0105978,91868
0.0103892,-0.0210737,91875
-0.015241,0.0309151,91877
0.00387618,-0.0078625,91878
0.00475108,-0.00963716,91884
-0.000589591,0.00119593,91892
0.00155286,-0.00314985,91927
-0.0107923,0.0218913,91931
0.0108873,-0.0220839,91933
-0.00148253,0.00300718,91934
-0.00196832,0.00399258,91943
0.0168053,-0.0340881,91947
-0.0173214,0.035135,91949
0.00243416,-0.00493747,91950
-0.00607082,0.0123141,91955
0.00812022,-0.0164712,91957
-0.00161965,0.00328531,91958
-0.00100654,0.00204167,91964
0.0052661,-0.0106818,91996
-0.0100262,0.0203372,92003
0.0148557,-0.0301334,92005
-0.00386521,0.00784025,92006
-0.00488098,0.00990065,92012
0.000610212,-0.00123776,92020
-0.000801612,0.001626,92060
0.00138363,-0.00280658,92067
-0.0021081,0.0042761,92069
0.000594965,-0.00120684,92070
0.000921856,-0.00186991,92076
-0.000141038,0.000286084,92084
-4.41548e-05,8.95642e-05,92132
0.000225167,-0.000456731,92343
-0.000922608,0.00187143,92347
0.000869639,-0.00176399,92349
-0.000105006,0.000212995,92350
-0.00143637,0.00291356,92375
0.00729338,-0.014794,92379
-0.00694044,0.0140781,92381
0.000830724,-0.00168505,92382
0.00123592,-0.00250695,92391
-0.00781747,0.0158571,92395
0.00758377,-0.015383,92397
-0.000925145,0.00187658,92398
0.00144922,-0.00293961,92403
-0.00177308,0.00359654,92405
0.000283549,-0.000575154,92406
0.000113174,-0.000229565,92412
-9.68181e-05,0.000196387,92447
0.000172228,-0.00034935,92463
-0.000296267,0.000600952,92471
0.00125389,-0.00254341,92475
-0.00118925,0.00241228,92477
0.000144782,-0.000293678,92478
0.00232235,-0.00471068,92503
-0.0120271,0.024396,92507
0.0114837,-0.0232937,92509
-0.00138219,0.00280365,92510
-0.00204105,0.0041401,92519
0.0131517,-0.026677,92523
-0.0128036,0.025971,92525
0.00157232,-0.00318931,92526
-0.00251464,0.00510073,92531
0.003093,-0.00627389,92533
-0.000499933,0.00101407,92534
-0.000202026,0.000409793,92540
-0.000891287,0.0018079,92567
0.00560443,-0.0113681,92571
-0.00550089,0.0111581,92573
0.000698583,-0.00141702,92574
0.00102767,-0.00208453,92583
-0.00800115,0.0162296,92587
0.00802622,-0.0162805,92589
-0.001051,0.00213186,92590
0.00225806,-0.00458028,92595
-0.00291445,0.00591171,92597
0.000530626,-0.00107633,92598
0.000283549,-0.000575154,92604
-0.000925145,0.00187658,92636
0.00198351,-0.00402337,92643
-0.0028492,0.00577936,92645
0.000698583,-0.00141702,92646
0.000830724,-0.00168505,92652
-0.000105006,0.000212995,92660
0.0104064,-0.0211084,92853
-0.00291445,0.00591171,92854
-0.00177308,0.00359654,92860
0.00758377,-0.015383,92892
-0.0142958,0.0289979,92899
0.0210979,-0.0427953,92901
-0.00550089,0.0111581,92902
-0.00694044,0.0140781,92908
0.000869639,-0.00176399,92916
-0.0019957,0.0040481,92951
0.0140932,-0.0285869,92955
-0.0142958,0.0289979,92957
0.00198351,-0.00402337,92958
0.00255551,-0.00518364,92967
-0.0221269,0.0448825,92971
0.0229293,-0.0465101,92973
-0.00328395,0.00666121,92974
0.00821575,-0.0166649,92979
-0.0110574,0.0224289,92981
0.00225806,-0.00458028,92982
0.00144922,-0.00293961,92988
-0.00781747,0.0158571,93020
0.0140932,-0.0285869,93027
-0.021,0.0425968,93029
0.00560443,-0.0113681,93030
0.00729338,-0.014794,93036
-0.000922608,0.00187143,93044
0.00123592,-0.00250695,93084
-0.0019957,0.0040481,93091
0.00305956,-0.00620606,93093
-0.000891287,0.0018079,93094
-0.00143637,0.00291356,93100
0.000225167,-0.000456731,93108
7.30143e-05,-0.000148103,93156
0.000444346,-0.000901318,93366
0.000436125,-0.000884642,93372
-0.00231149,0.00468866,93404
0.00357495,-0.00725148,93411
-0.00539648,0.0109463,93413
0.00154256,-0.00312896,93414
0.00218058,-0.00442311,93420
-0.00028555,0.000579214,93428
0.000398514,-0.000808351,93463
-0.00297402,0.00603255,93467
0.00308421,-0.00625605,93469
-0.000462277,0.000937689,93470
-0.000528271,0.00107155,93479
0.00481005,-0.00975677,93483
-0.00509154,0.0103277,93485
0.000786835,-0.00159603,93486
-0.00202087,0.00409915,93491
0.00278808,-0.00565538,93493
-0.000624848,0.00126745,93494
-0.000462277,0.000937689,93500
0.00308421,-0.00625605,93532
-0.00450419,0.00913636,93539
0.00686418,-0.0139234,93541
-0.00202087,0.00409915,93542
-0.00297402,0.00603255,93548
0.000398514,-0.000808351,93556
-0.000704271,0.00142855,93596
0.000865476,-0.00175554,93603
-0.00136128,0.00276124,93605
0.000452467,-0.00091779,93606
0.000865476,-0.00175554,93612
-0.000154767,0.000313931,93620
-6.75313e-05,0.000136981,93668
0.000161594,-0.000327779,93924
-0.000442375,0.00089732,93980
0.000409842,-0.000831329,93987
-0.00066042,0.00133961,93989
0.00025315,-0.000513493,93990
0.000599418,-0.00121587,93996
-0.000141038,0.000286084,94004
-0.000136511,0.000276901,94052
1.63609e-05,-3.31868e-05,94116
0.000205008,-0.00041584,95716
-0.000745368,0.00151191,95972
0.00163503,-0.00331652,96028
-0.00113218,0.00229653,96035
0.00188732,-0.00382827,96037
-0.000847061,0.00171819,96038
-0.00233691,0.00474022,96044
0.000610212,-0.00123776,96052
0.00065861,-0.00133593,96100
-7.82671e-05,0.000158758,96164
0.000257746,-0.000522816,96444
-0.00225535,0.00457479,96476
0.00258274,-0.00523887,96483
-0.00401798,0.00815013,96485
0.00132576,-0.00268919,96486
0.00221361,-0.00449011,96492
-0.000316417,0.000641824,96500
-0.00163337,0.00331315,96539
0.00174983,-0.00354937,96541
-0.000298299,0.000605074,96542
-0.000279499,0.000566939,96551
0.00270733,-0.00549159,96555
-0.00295805,0.00600015,96557
0.000518942,-0.00105263,96558
-0.00131091,0.00265906,96563
0.00187134,-0.00379584,96565
-0.000483653,0.000981049,96566
-0.000434472,0.000881289,96572
0.00336016,-0.0068158,96604
-0.00360295,0.00730828,96611
0.00566075,-0.0114823,96613
-0.00193416,0.00392328,96614
-0.00337524,0.00684637,96620
0.000497687,-0.00100952,96628
-0.00106252,0.00215524,96668
0.000921856,-0.00186991,96675
-0.0015,0.00304263,96677
0.000594965,-0.00120684,96678
0.00138363,-0.00280658,96684
-0.00028555,0.000579214,96692
-0.000155331,0.000315076,96740
0.000729374,-0.00147947,96996
-0.00151561,0.00307428,97052
0.000984209,-0.00199638,97059
-0.00165362,0.00335422,97061
0.000768895,-0.00155964,97062
0.00219644,-0.00445529,97068
-0.000589591,0.00119593,97076
-0.000658717,0.00133615,97124
7.85399e-05,-0.000159311,97188
-0.000105948,0.000214905,97508
0.000203006,-0.00041178,97564
-0.00012106,0.00024556,97571
0.000205482,-0.000416803,97573
-0.000100117,0.00020308,97574
-0.000302926,0.00061446,97580
8.73337e-05,-0.000177149,97588
0.000118073,-0.000239502,97636
-1.67772e-05,3.40312e-05,97700
-5.0628e-06,1.02695e-05,98084
0.00630686,-0.0127929,112356
-0.012151,0.0246473,112412
-0.0106813,0.021666,112421
0.00574728,-0.0116579,112422
0.0176113,-0.0357231,112428
-0.00488098,0.00990065,112436
-0.00565304,0.0114667,112484
0.000689007,-0.00139759,112548
0.0104918,-0.0212818,112860
0.0193744,-0.0392994,112869
-0.00782269,0.0158677,112870
-0.0148024,0.0300253,112876
0.00221361,-0.00449011,112884
-0.00699178,0.0141822,112925
0.00147059,-0.00298297,112926
0.00104685,-0.00212344,112935
0.0120556,-0.0244538,112941
-0.00259864,0.00527113,112942
-0.00845135,0.0171428,112949
0.00268371,-0.00544367,112950
0.0027855,-0.00565014,112956
-0.0226387,0.0459207,112988
-0.0282915,0.0573868,112997
0.0117459,-0.0238256,112998
0.023083,-0.046822,113004
-0.00356057,0.0072223,113012
0.00758975,-0.0153952,113052
0.00808718,-0.0164041,113061
-0.00386521,0.00784025,113062
-0.0100262,0.0203372,113068
0.00218058,-0.00442311,113076
0.00126277,-0.00256142,113124
-0.00620321,0.0125827,113380
0.0114192,-0.0231629,113436
0.009626,-0.0195255,113445
-0.00531569,0.0107824,113446
-0.0167404,0.0339564,113452
0.00475108,-0.00963716,113460
0.00566965,-0.0115004,113508
-0.000693401,0.00140651,113572
0.000894764,-0.00181495,113892
-0.00151561,0.00307428,113948
-0.00118448,0.00240262,113957
0.000685467,-0.00139041,113958
0.00228559,-0.00463613,113964
-0.000698033,0.0014159,113972
-0.00100813,0.00204491,114020
0.000147122,-0.000298424,114084
4.35054e-05,-8.82469e-05,114468
0.0126901,-0.0257407,116509
-0.00215568,0.00437262,116510
-0.00213549,0.00433166,116519
-0.0206768,0.041941,116525
0.00364052,-0.00738447,116526
0.0108873,-0.0220839,116533
-0.00281584,0.00571168,116534
-0.00215568,0.00437262,116540
0.0227834,-0.0462141,116581
-0.00782269,0.0158677,116582
-0.012151,0.0246473,116588
0.00163503,-0.00331652,116596
-0.00350205,0.00710361,116645
0.00132576,-0.00268919,116646
0.00258274,-0.00523887,116652
-0.000442375,0.00089732,116660
-0.000157015,0.000318491,116708
0.00101254,-0.00205386,116967
0.00702064,-0.0142408,116973
-0.00104468,0.00211904,116974
-0.0018857,0.00382498,116981
0.000391165,-0.000793444,116982
0.000192688,-0.000390851,116988
-6.91891e-05,0.000140344,117023
0.000121694,-0.000246847,117039
-0.000220503,0.000447272,117047
-0.00103052,0.00209033,117053
0.000151309,-0.000306918,117054
0.0105341,-0.0213676,117085
-0.00152791,0.00309923,117086
-0.00172099,0.00349087,117095
-0.0121386,0.0246221,117101
0.00181695,-0.00368553,117102
0.00334348,-0.00678196,117109
-0.00069763,0.00141508,117110
-0.00034428,0.000698343,117116
-0.00583005,0.0118257,117149
0.000907447,-0.00184068,117150
0.00101238,-0.00205352,117159
0.00876983,-0.0177888,117165
-0.00141945,0.00287924,117166
-0.00361156,0.00732574,117173
0.000849416,-0.00172297,117174
0.000554922,-0.00112561,117180
-0.00418347,0.0084858,117221
0.00135905,-0.00275673,117222
0.00199412,-0.0040449,117228
-0.000269324,0.0005463,117236
0.0245484,-0.0497944,117477
-0.0118853,0.0241084,117478
-0.0182865,0.0370927,117484
0.00244306,-0.00495554,117492
-0.0184967,0.037519,117533
0.00320855,-0.00650827,117534
0.00307985,-0.00624721,117543
0.0303585,-0.0615795,117549
-0.00545618,0.0110674,117550
-0.016444,0.0333552,117557
0.00435007,-0.00882373,117558
0.00343152,-0.00696054,117564
-0.0356983,0.0724109,117605
0.0125162,-0.025388,117606
0.0198883,-0.0403417,117612
-0.00269802,0.00547271,117620
0.00566088,-0.0114826,117669
-0.00219557,0.00445353,117670
-0.00439382,0.00891249,117676
0.000764688,-0.0015511,117684
0.000278119,-0.000564141,117732
0.0031365,-0.00636213,117990
0.00758975,-0.0153952,117996
-0.00106252,0.00215524,118004
0.0052661,-0.0106818,118045
-0.00100654,0.00204167,118046
-0.000834061,0.00169182,118055
-0.00889988,0.0180526,118061
0.00175369,-0.00355721,118062
0.00555454,-0.0112669,118069
-0.00161965,0.00328531,118070
-0.00148253,0.00300718,118076
0.015827,-0.0321036,118117
-0.00607082,0.0123141,118118
-0.0107923,0.0218913,118124
0.00155286,-0.00314985,118132
-0.00354522,0.00719118,118181
0.00154256,-0.00312896,118182
0.00357495,-0.00725148,118188
-0.000704271,0.00142855,118196
-0.000345954,0.000701738,118244
-0.00210473,0.00426927,118565
0.00105878,-0.00214764,118566
0.00303629,-0.00615886,118572
-0.000801612,0.001626,118580
-0.000890315,0.00180593,118628
0.000110703,-0.000224552,118692
0.00631295,-0.0128053,120676
-0.000778688,0.0015795,120740
0.0104918,-0.0212818,121068
-0.00225535,0.00457479,121076
-0.00136961,0.00277814,121118
-0.000931827,0.00189013,121127
-0.0109381,0.0221869,121133
0.00242808,-0.00492516,121134
0.00786071,-0.0159448,121141
-0.00256741,0.00520777,121142
-0.0027655,0.00560957,121148
0.0269943,-0.0547556,121189
-0.0115056,0.0233381,121190
-0.0233366,0.0473363,121196
0.00366036,-0.00742473,121204
-0.00789583,0.016016,121253
0.00387618,-0.0078625,121254
0.0103892,-0.0210737,121260
-0.00231149,0.00468866,121268
-0.00138465,0.00280865,121316
-0.00967549,0.0196259,121637
0.00549103,-0.0111381,121638
0.0179058,-0.0363204,121644
-0.00522468,0.0105978,121652
-0.00646428,0.0131122,121700
0.000802127,-0.00162705,121764
0.00119478,-0.0024235,122149
-0.000713686,0.00144765,122150
-0.00248038,0.00503123,122156
0.000785298,-0.00159291,122164
0.00119115,-0.00241614,122212
-0.000179158,0.000363407,122276
-5.5091e-05,0.000111747,122660
0.000176866,-0.000358758,124836
0.000257746,-0.000522816,125172
0.000112193,-0.000227573,125223
0.00136045,-0.00275955,125229
-0.000315052,0.000639056,125230
-0.00102229,0.00207362,125237
0.000348255,-0.000706404,125238
0.000408515,-0.000828638,125244
-0.0037072,0.00751974,125285
0.00165524,-0.00335752,125286
0.0036441,-0.00739174,125292
-0.000608147,0.00123357,125300
0.00116659,-0.00236632,125349
-0.000607994,0.00123326,125350
-0.00179695,0.00364495,125356
0.000436125,-0.000884642,125364
0.000301466,-0.000611498,125412
0.001729,-0.00350712,125733
-0.00105943,0.00214895,125734
-0.0038867,0.00788384,125740
0.00126168,-0.0025592,125748
0.00179605,-0.00364314,125796
-0.000236916,0.000480563,125860
-0.000254805,0.00051685,126245
0.000168915,-0.00034263,126246
0.000688196,-0.00139595,126252
-0.000253898,0.000515011,126260
-0.000472922,0.000959281,126308
8.24067e-05,-0.000167155,126372
3.4592e-05,-7.01669e-05,126756
-7.51353e-05,0.000152406,129317
5.3399e-05,-0.000108315,129318
0.000249139,-0.000505356,129324
-0.000107926,0.000218918,129332
-0.000255024,0.000517295,129380
5.9488e-05,-0.000120666,129444
5.78221e-05,-0.000117287,129828
-7.14891e-06,1.45009e-05,130340
7.42959e-06,-1.50703e-05,149823
9.66918e-05,-0.000196131,149871
-6.15027e-05,0.000124753,149879
-0.000101337,0.000205553,149885
1.24845e-05,-2.53238e-05,149886
-8.9657e-05,0.000181861,149935
8.78713e-05,-0.000178239,149943
0.000188343,-0.000382037,149949
-2.28644e-05,4.63785e-05,149950
0.00021381,-0.000433694,149991
0.000936996,-0.00190062,149997
-0.000113258,0.000229735,149998
-0.000169784,0.000344392,150005
2.45321e-05,-4.97613e-05,150006
-0.000443453,0.000899507,150319
0.000570079,-0.00115636,150327
0.00152392,-0.00309114,150333
-0.000191242,0.000387918,150334
0.00235327,-0.00477341,150375
0.0112258,-0.0227705,150381
-0.00140456,0.00284903,150382
-0.00207949,0.00421807,150389
0.000315254,-0.000639467,150390
-0.000527688,0.00107037,150439
-0.00319325,0.00647724,150445
0.000422946,-0.00085791,150446
0.000844773,-0.00171355,150453
-0.000147343,0.000298873,150454
0.000455532,-0.000924008,150501
-0.000105551,0.000214101,150502
0.000193292,-0.000392077,150831
-0.000288214,0.000584617,150839
-0.000927201,0.00188075,150845
0.000121828,-0.000247117,150846
-0.00154833,0.00314065,150887
-0.00830854,0.0168532,150893
0.0010914,-0.0022138,150894
0.00167375,-0.00339505,150901
-0.000273117,0.000553995,150902
0.00051986,-0.00105449,150951
0.00352929,-0.00715886,150957
-0.000490035,0.000993993,150958
-0.00105718,0.00214441,150965
0.000196374,-0.000398327,150966
-0.000762112,0.00154588,151013
0.000187048,-0.00037941,151014
0.000371159,-0.000752863,151335
0.00424781,-0.00861632,151341
-0.000647194,0.00131278,151342
-0.00178714,0.00362506,151349
0.000381725,-0.000774297,151350
-0.00291365,0.0059101,151397
0.000810572,-0.00164418,151398
0.000404897,-0.000821299,151461
-0.000121131,0.000245703,151462
-0.00487899,0.00989661,153959
-0.0295076,0.0598537,153965
0.00411782,-0.00835265,153966
0.00665444,-0.013498,153973
-0.00119593,0.00242585,153974
0.00218283,-0.00442769,154023
0.0164523,-0.0333721,154029
-0.00243411,0.00493739,154030
-0.00557408,0.0113065,154037
0.00113261,-0.0022974,154038
0.00133192,-0.00270169,154086
0.0260705,-0.0528817,154413
-0.00594184,0.0120525,154414
-0.0167545,0.0339851,154421
0.00383583,-0.00778064,154422
0.00885836,-0.0179684,154470
-0.00134036,0.00271881,154534
0.000720636,-0.00146175,154926
0.00300007,-0.00608539,154933
-0.000747816,0.00151688,154934
-0.00220912,0.004481,154982
0.000449159,-0.000911081,155046
-0.00069309,0.00140587,158119
-0.00569307,0.0115479,158125
0.000924294,-0.00187485,158126
0.0021398,-0.00434039,158133
-0.000493633,0.00100129,158134
0.00591135,-0.0119907,158517
-0.00217875,0.00441942,158518
0.000444346,-0.000901318,159030
! m= 2 ; q= ( 0 0 0  ) 
[ 
energy=  -4.42005 
energy=  -4.17346 
energy=  -4.12332 
energy=  -4.01908 
energy=  -3.96877 
energy=  -3.88349 
energy=   -3.8281 
energy=  -3.75132 
energy=   -3.6649 
energy=  -3.56932 
energy=  -3.42102 
energy=  -3.31286 
energy=   -3.2009 
energy=  -3.05551 
energy=  -2.90912 
energy=  -2.76421 
energy=  -2.60685 
energy=  -2.43839 
energy=  -2.27813 
energy=  -2.09465 
energy=  -1.92377 
energy=  -1.73703 
energy=  -1.55623 
energy=  -1.36542 
energy=  -1.17756 
energy= -0.984301 
energy= -0.782793 
energy= -0.585509 
energy=  -0.38747 
energy= -0.194981 
energy= 0.00738215 
energy=  0.200884 
energy=  0.396618 
energy=  0.585323 
energy=  0.777743 
energy=  0.960484 
energy=   1.14424 
energy=   1.33455 
energy=   1.51071 
energy=    1.6823 
energy=   1.85301 
energy=   2.00188 
energy=   2.16212 
energy=    2.3134 
energy=   2.45177 
energy=   2.58804 
energy=   2.71439 
energy=   2.84299 
energy=   2.91946 
energy=   3.06213 
energy=   3.14774 
energy=   3.21671 
energy=   3.28651 
energy=   3.34979 
energy=   3.38276 
energy=   3.41677 
energy=   3.57291 
energy=    3.7455 
] 
! m= 2 ; q= ( 0 0 1  ) 
[ 
energy=  -4.53162 
energy=  -4.17912 
energy=  -4.13031 
energy=  -4.01039 
energy=  -3.97139 
energy=  -3.89015 
energy=  -3.82159 
energy=  -3.67842 
energy=  -3.59579 
energy=  -3.46667 
energy=  -3.30519 
energy=  -3.17005 
energy=   -3.0088 
energy=  -2.84564 
energy=  -2.66693 
energy=  -2.48714 
energy=  -2.29448 
energy=  -2.09463 
energy=  -1.88913 
energy=  -1.69104 
energy=  -1.47415 
energy=  -1.25627 
energy=  -1.03808 
energy= -0.818136 
energy=  -0.59005 
energy= -0.373111 
energy= -0.150409 
energy= 0.0720868 
energy=  0.294729 
energy=  0.521206 
energy=  0.737111 
energy=  0.952103 
energy=   1.14956 
energy=   1.36667 
energy=   1.56825 
energy=   1.76988 
energy=   1.94508 
energy=   2.12913 
energy=   2.29317 
energy=   2.40732 
energy=   2.59598 
energy=   2.74916 
energy=   2.87009 
energy=   2.98981 
energy=   3.12213 
energy=   3.17111 
energy=   3.27957 
energy=   3.32689 
energy=    3.4021 
energy=   3.42105 
energy=   3.48755 
energy=   3.66677 
] 
! m= 2 ; q= ( 0 0 2  ) 
[ 
energy=  -4.72729 
energy=  -4.21346 
energy=  -4.14914 
energy=    -3.989 
energy=  -3.93241 
energy=  -3.82786 
energy=  -3.71041 
energy=  -3.60305 
energy=   -3.4168 
energy=  -3.25363 
energy=  -3.08976 
energy=  -2.89974 
energy=  -2.67984 
energy=  -2.47215 
energy=  -2.25338 
energy=  -2.00613 
energy=  -1.78265 
energy=    -1.535 
energy=  -1.27989 
energy=  -1.03051 
energy= -0.771989 
energy= -0.518383 
energy= -0.262847 
energy= 0.00510107 
energy=  0.258249 
energy=  0.510864 
energy=  0.767417 
energy=   1.01034 
energy=   1.26406 
energy=   1.48777 
energy=   1.73515 
energy=    1.9299 
energy=    2.1394 
energy=   2.33934 
energy=   2.48465 
energy=   2.71646 
energy=   2.83453 
energy=   2.97838 
energy=   3.08274 
energy=   3.24999 
energy=   3.31763 
energy=   3.33743 
energy=   3.40738 
energy=   3.49927 
energy=   3.59703 
] 
! m= 2 ; q= ( 0 0 3  ) 
[ 
energy=   -4.8227 
energy=  -4.21412 
energy=  -4.16936 
energy=  -4.00533 
energy=  -3.90935 
energy=  -3.82315 
energy=  -3.65308 
energy=  -3.54697 
energy=   -3.3571 
energy=  -3.20873 
energy=  -2.99992 
energy=  -2.79061 
energy=  -2.56328 
energy=  -2.34396 
energy=  -2.09526 
energy=  -1.84669 
energy=  -1.60682 
energy=    -1.333 
energy=  -1.07775 
energy= -0.804568 
energy= -0.537075 
energy= -0.270737 
energy= 0.00266844 
energy=  0.271823 
energy=   0.53827 
energy=  0.800621 
energy=   1.05185 
energy=    1.3173 
energy=   1.55451 
energy=   1.79305 
energy=   2.01079 
energy=    2.2397 
energy=   2.37597 
energy=   2.60651 
energy=   2.75001 
energy=   2.85066 
energy=   3.06199 
energy=   3.16198 
energy=   3.27188 
energy=   3.40524 
energy=   3.42971 
energy=   3.45131 
energy=   3.53703 
] 
! m= 2 ; q= ( 0 0 4  ) 
[ 
energy=  -4.72729 
energy=  -4.21346 
energy=  -4.14913 
energy=  -3.99735 
energy=  -3.92363 
energy=  -3.82597 
energy=  -3.71308 
energy=  -3.61852 
energy=  -3.43289 
energy=  -3.27971 
energy=   -3.1161 
energy=  -2.93242 
energy=  -2.74466 
energy=  -2.53053 
energy=  -2.31605 
energy=  -2.07943 
energy=  -1.85936 
energy=  -1.62935 
energy=  -1.37557 
energy=  -1.13244 
energy= -0.886652 
energy= -0.628446 
energy= -0.375293 
energy= -0.129861 
energy=  0.124834 
energy=  0.378818 
energy=  0.632295 
energy=  0.874391 
energy=   1.09645 
energy=   1.34789 
energy=   1.57158 
energy=    1.7894 
energy=   1.99961 
energy=   2.20737 
energy=    2.3654 
energy=   2.53701 
energy=   2.74835 
energy=   2.84904 
energy=   3.00439 
energy=   3.11269 
energy=   3.26038 
energy=   3.32999 
energy=   3.40092 
energy=   3.46596 
energy=   3.49926 
energy=   3.59703 
] 
! m= 2 ; q= ( 0 0 5  ) 
[ 
energy=  -4.53162 
energy=  -4.17912 
energy=  -4.13032 
energy=  -4.01078 
energy=  -3.94632 
energy=  -3.86484 
energy=  -3.81929 
energy=  -3.69843 
energy=  -3.59848 
energy=  -3.47537 
energy=  -3.34061 
energy=  -3.18805 
energy=   -3.0444 
energy=  -2.89693 
energy=  -2.70793 
energy=  -2.53124 
energy=  -2.34408 
energy=  -2.15896 
energy=  -1.95366 
energy=  -1.74721 
energy=  -1.54908 
energy=  -1.33924 
energy=  -1.12455 
energy= -0.918722 
energy= -0.692095 
energy= -0.470387 
energy=  -0.25895 
energy= -0.0338144 
energy=  0.183555 
energy=  0.395062 
energy=  0.615892 
energy=  0.829915 
energy=   1.03098 
energy=   1.24241 
energy=   1.42506 
energy=   1.63337 
energy=   1.81094 
energy=   2.00755 
energy=   2.17652 
energy=   2.35692 
energy=   2.46111 
energy=   2.61475 
energy=   2.75273 
energy=   2.88186 
energy=   3.00476 
energy=   3.14743 
energy=   3.17522 
energy=   3.28364 
energy=   3.35036 
energy=   3.40215 
energy=    3.4294 
energy=   3.48755 
energy=   3.66677 
] 
q-vector: ( 0, 0, 0, 3)
Groundstate 
1.56499e-10,1.58164e-10,2047
-2.58103e-10,-2.72798e-10,3071
4.58082e-10,4.73901e-10,3583
-2.59767e-09,-2.7219e-09,3839
3.26249e-09,3.41234e-09,3967
-2.75457e-09,-2.88415e-09,4031
9.25433e-09,9.68002e-09,4063
-8.96976e-09,-9.39053e-09,4079
1.98651e-09,2.07692e-09,4087
-9.90497e-10,-1.0332e-09,4091
5.03959e-10,5.29305e-10,4093
-4.04402e-11,-3.94769e-11,4094
3.56357e-10,3.68449e-10,5119
-6.4175e-09,-6.72106e-09,5631
3.74317e-08,3.91765e-08,5887
-4.65902e-08,-4.87647e-08,6015
3.77129e-08,3.94699e-08,6079
-1.16164e-07,-1.21586e-07,6111
1.11935e-07,1.17151e-07,6127
-2.50422e-08,-2.6212e-08,6135
1.24062e-08,1.29836e-08,6139
-6.275e-09,-6.57e-09,6141
5.04655e-10,5.28496e-10,6142
7.07033e-09,7.39649e-09,6655
-5.03496e-08,-5.26958e-08,6911
6.77532e-08,7.09125e-08,7039
-6.72269e-08,-7.03617e-08,7103
2.27186e-07,2.37775e-07,7135
-2.20721e-07,-2.31013e-07,7151
4.92381e-08,5.1532e-08,7159
-2.4457e-08,-2.5599e-08,7163
1.2407e-08,1.29825e-08,7165
-9.90671e-10,-1.0338e-09,7166
3.19307e-08,3.34196e-08,7423
-5.9598e-08,-6.23765e-08,7551
1.03504e-07,1.08329e-07,7615
-4.48195e-07,-4.69097e-07,7647
4.43625e-07,4.64306e-07,7663
-9.85457e-08,-1.03146e-07,7671
4.92382e-08,5.15334e-08,7675
-2.50412e-08,-2.62121e-08,7677
1.9858e-09,2.07819e-09,7678
3.32102e-08,3.47575e-08,7807
-3.79007e-07,-3.96681e-07,7871
2.02393e-06,2.1183e-06,7903
-2.02041e-06,-2.11462e-06,7919
4.43623e-07,4.64308e-07,7927
-2.2072e-07,-2.31012e-07,7931
1.11935e-07,1.17152e-07,7933
-8.97145e-09,-9.38755e-09,7934
3.07775e-07,3.22124e-07,7999
-2.00181e-06,-2.09515e-06,8031
2.02393e-06,2.1183e-06,8047
-4.48195e-07,-4.69097e-07,8055
2.27186e-07,2.37777e-07,8059
-1.16164e-07,-1.21587e-07,8061
9.25279e-09,9.68242e-09,8062
3.07775e-07,3.22124e-07,8095
-3.79007e-07,-3.96682e-07,8111
1.03506e-07,1.08329e-07,8119
-6.72282e-08,-7.03617e-08,8123
3.77139e-08,3.947e-08,8125
-2.75391e-09,-2.88487e-09,8126
3.32117e-08,3.47563e-08,8143
-5.95951e-08,-6.23797e-08,8151
6.77537e-08,7.09114e-08,8155
-4.65889e-08,-4.87652e-08,8157
3.26439e-09,3.41119e-09,8158
3.1931e-08,3.34181e-08,8167
-5.03479e-08,-5.26965e-08,8171
3.74334e-08,3.91755e-08,8173
-2.59796e-09,-2.72063e-09,8174
7.06874e-09,7.39741e-09,8179
-6.41863e-09,-6.72035e-09,8181
4.56302e-10,4.76862e-10,8182
3.54848e-10,3.70971e-10,8185
-2.62449e-10,-2.6797e-10,8186
1.5189e-10,1.61421e-10,8188
-1.52624e-09,-1.59895e-09,9215
3.41682e-08,3.57629e-08,9727
-2.46472e-07,-2.57965e-07,9983
3.86317e-07,4.04328e-07,10111
-5.45781e-07,-5.71231e-07,10175
2.10015e-06,2.19808e-06,10207
-2.06865e-06,-2.16511e-06,10223
4.65072e-07,4.86757e-07,10231
-2.3007e-07,-2.40798e-07,10235
1.15975e-07,1.2138e-07,10237
-9.33425e-09,-9.76802e-09,10238
-5.02547e-08,-5.2598e-08,10751
4.16994e-07,4.36437e-07,11007
-6.77459e-07,-7.09047e-07,11135
9.98125e-07,1.04467e-06,11199
-3.86464e-06,-4.04485e-06,11231
3.80683e-06,3.98434e-06,11247
-8.54434e-07,-8.94277e-07,11255
4.23194e-07,4.42926e-07,11259
-2.13689e-07,-2.23655e-07,11261
1.71229e-08,1.79212e-08,11262
-4.65679e-07,-4.87392e-07,11519
9.06015e-07,9.48264e-07,11647
-1.73384e-06,-1.81468e-06,11711
7.73344e-06,8.09404e-06,11743
-7.68564e-06,-8.04401e-06,11759
1.71725e-06,1.79732e-06,11767
-8.5294e-07,-8.92713e-07,11771
4.31366e-07,4.5148e-07,11773
-3.43481e-08,-3.59481e-08,11774
-6.00064e-07,-6.28046e-07,11903
7.07499e-06,7.40488e-06,11967
-3.81358e-05,-3.9914e-05,11999
3.81445e-05,3.99231e-05,12015
-8.4196e-06,-8.81219e-06,12023
4.17133e-06,4.36583e-06,12027
-2.10667e-06,-2.20491e-06,12029
1.69111e-07,1.76994e-07,12030
-5.79499e-06,-6.06521e-06,12095
3.79635e-05,3.97336e-05,12127
-3.8452e-05,-4.02449e-05,12143
8.56316e-06,8.96244e-06,12151
-4.32785e-06,-4.52965e-06,12155
2.20586e-06,2.30871e-06,12157
-1.75718e-07,-1.83913e-07,12158
-5.84964e-06,-6.12239e-06,12191
7.22229e-06,7.55905e-06,12207
-1.99357e-06,-2.08653e-06,12215
1.30977e-06,1.37084e-06,12219
-7.38104e-07,-7.7252e-07,12221
5.35021e-08,5.59958e-08,12222
-6.41174e-07,-6.7107e-07,12239
1.18551e-06,1.24078e-06,12247
-1.42241e-06,-1.48874e-06,12251
9.89867e-07,1.03602e-06,12253
-6.79999e-08,-7.11731e-08,12254
-6.43057e-07,-6.73043e-07,12263
1.08315e-06,1.13366e-06,12267
-8.12461e-07,-8.50347e-07,12269
5.51837e-08,5.77573e-08,12270
-1.50984e-07,-1.58025e-07,12275
1.38391e-07,1.44846e-07,12277
-9.71705e-09,-1.01704e-08,12278
-7.73656e-09,-8.0962e-09,12281
5.53208e-09,5.79441e-09,12282
-3.29782e-09,-3.44729e-09,12284
2.65278e-08,2.77639e-08,12799
-2.702e-07,-2.82798e-07,13055
5.12511e-07,5.36408e-07,13183
-9.28001e-07,-9.71272e-07,13247
3.80434e-06,3.98173e-06,13279
-3.76576e-06,-3.94135e-06,13295
8.46746e-07,8.86225e-07,13303
-4.18324e-07,-4.37831e-07,13307
2.1041e-07,2.2022e-07,13309
-1.7071e-08,-1.78653e-08,13310
2.8393e-06,2.97169e-06,13567
-5.48528e-06,-5.74104e-06,13695
1.10392e-05,1.15539e-05,13759
-5.07417e-05,-5.31077e-05,13791
5.06724e-05,5.30351e-05,13807
-1.14434e-05,-1.1977e-05,13815
5.71391e-06,5.98034e-06,13819
-2.88424e-06,-3.01873e-06,13821
2.35653e-07,2.46644e-07,13822
4.44203e-06,4.64915e-06,13951
-5.40076e-05,-5.65259e-05,14015
0.000292584,0.000306227,14047
-0.000293257,-0.000306931,14063
6.53176e-05,6.83633e-05,14071
-3.23149e-05,-3.38217e-05,14075
1.62158e-05,1.69719e-05,14077
-1.33982e-06,-1.40229e-06,14078
4.447e-05,4.65436e-05,14143
-0.000291712,-0.000305314,14175
0.00029601,0.000309813,14191
-6.65715e-05,-6.96756e-05,14199
3.37118e-05,3.52837e-05,14203
-1.71211e-05,-1.79194e-05,14205
1.4035e-06,1.46894e-06,14206
4.4433e-05,4.65048e-05,14239
-5.50255e-05,-5.75912e-05,14255
1.54525e-05,1.6173e-05,14263
-1.04708e-05,-1.0959e-05,14267
5.99512e-06,6.27466e-06,14269
-4.4986e-07,-4.70835e-07,14270
4.90422e-06,5.1329e-06,14287
-9.26014e-06,-9.69193e-06,14295
1.18518e-05,1.24044e-05,14299
-8.46342e-06,-8.85806e-06,14301
6.16224e-07,6.44957e-07,14302
5.04634e-06,5.28164e-06,14311
-9.16951e-06,-9.59707e-06,14315
7.05271e-06,7.38157e-06,14317
-5.11523e-07,-5.35374e-07,14318
1.29502e-06,1.35541e-06,14323
-1.21598e-06,-1.27268e-06,14325
9.28729e-08,9.72052e-08,14326
7.04145e-08,7.37008e-08,14329
-5.16889e-08,-5.40961e-08,14330
3.05302e-08,3.19546e-08,14332
-2.522e-06,-2.6396e-06,14591
4.73845e-06,4.9594e-06,14719
-9.52401e-06,-9.96809e-06,14783
4.4397e-05,4.64672e-05,14815
-4.44464e-05,-4.65189e-05,14831
1.00949e-05,1.05656e-05,14839
-5.09091e-06,-5.32829e-06,14843
2.58192e-06,2.70232e-06,14845
-2.1226e-07,-2.22155e-07,14846
-4.57555e-06,-4.7889e-06,14975
5.71835e-05,5.98498e-05,15039
-0.000312292,-0.000326853,15071
0.000313487,0.000328105,15087
-7.02483e-05,-7.35239e-05,15095
3.50585e-05,3.66932e-05,15099
-1.76594e-05,-1.84828e-05,15101
1.4712e-06,1.53979e-06,15102
-4.78576e-05,-5.00891e-05,15167
0.000316448,0.000331203,15199
-0.000321775,-0.000336778,15215
7.3071e-05,7.64782e-05,15223
-3.76919e-05,-3.94494e-05,15227
1.9335e-05,2.02365e-05,15229
-1.59548e-06,-1.66987e-06,15230
-4.93291e-05,-5.16293e-05,15263
6.1566e-05,6.44367e-05,15279
-1.8076e-05,-1.89188e-05,15287
1.35572e-05,1.41893e-05,15291
-8.13511e-06,-8.51444e-06,15293
6.12235e-07,6.40785e-07,15294
-5.82045e-06,-6.09185e-06,15311
1.27158e-05,1.33087e-05,15319
-2.04404e-05,-2.13935e-05,15323
1.52612e-05,1.59728e-05,15325
-1.10715e-06,-1.15878e-06,15326
-7.34503e-06,-7.68752e-06,15335
1.7015e-05,1.78084e-05,15339
-1.34731e-05,-1.41013e-05,15341
9.70886e-07,1.01616e-06,15342
-2.35055e-06,-2.46016e-06,15347
2.27549e-06,2.3816e-06,15349
-1.78814e-07,-1.87151e-07,15350
-1.36411e-07,-1.42769e-07,15353
9.9047e-08,1.03668e-07,15354
-5.87291e-08,-6.14654e-08,15356
6.06686e-07,6.34976e-07,15487
-9.51059e-06,-9.95405e-06,15551
5.84365e-05,6.11613e-05,15583
-5.9469e-05,-6.22419e-05,15599
1.41077e-05,1.47655e-05,15607
-8.18617e-06,-8.56787e-06,15611
4.50583e-06,4.71593e-06,15613
-3.74553e-07,-3.92017e-07,15614
9.95746e-06,1.04218e-05,15679
-7.43784e-05,-7.78466e-05,15711
7.7059e-05,8.06522e-05,15727
-1.90697e-05,-1.99589e-05,15735
1.21453e-05,1.27116e-05,15739
-6.99124e-06,-7.31723e-06,15741
5.71276e-07,5.97911e-07,15742
1.59773e-05,1.67223e-05,15775
-2.11636e-05,-2.21505e-05,15791
8.49419e-06,8.89025e-06,15799
-1.04969e-05,-1.09863e-05,15803
7.41491e-06,7.76065e-06,15805
-5.57612e-07,-5.83613e-07,15806
3.17381e-06,3.3218e-06,15823
-1.28941e-05,-1.34953e-05,15831
3.36702e-05,3.52402e-05,15835
-2.68779e-05,-2.81312e-05,15837
1.95212e-06,2.04314e-06,15838
8.78698e-06,9.1967e-06,15847
-3.12098e-05,-3.2665e-05,15851
2.56903e-05,2.68882e-05,15853
-1.85166e-06,-1.938e-06,15854
4.18308e-06,4.37813e-06,15859
-4.22498e-06,-4.42199e-06,15861
3.4667e-07,3.62836e-07,15862
2.65608e-07,2.77995e-07,15865
-1.90728e-07,-1.99621e-07,15866
1.13457e-07,1.18748e-07,15868
-8.71797e-07,-9.12446e-07,15935
8.28696e-06,8.67337e-06,15967
-9.22299e-06,-9.65304e-06,15983
3.10806e-06,3.25299e-06,15991
-3.33933e-06,-3.49504e-06,15995
2.31322e-06,2.42109e-06,15997
-1.8043e-07,-1.88841e-07,15998
-1.46262e-05,-1.53082e-05,16031
2.18117e-05,2.28288e-05,16047
-1.49114e-05,-1.56067e-05,16055
2.8817e-05,3.01607e-05,16059
-2.22587e-05,-2.32966e-05,16061
1.67818e-06,1.75643e-06,16062
-6.81622e-06,-7.13405e-06,16079
4.43681e-05,4.64369e-05,16087
-0.000138562,-0.000145023,16091
0.000113034,0.000118305,16093
-8.30205e-06,-8.68916e-06,16094
-3.26727e-05,-3.41961e-05,16103
0.000132374,0.000138547,16107
-0.000110414,-0.000115562,16109
8.05421e-06,8.42977e-06,16110
-1.74773e-05,-1.82923e-05,16115
1.78829e-05,1.87167e-05,16117
-1.49863e-06,-1.5685e-06,16118
-1.13906e-06,-1.19217e-06,16121
8.18074e-07,8.56221e-07,16122
-4.86331e-07,-5.09006e-07,16124
8.90791e-06,9.32327e-06,16159
-1.35811e-05,-1.42144e-05,16175
1.06499e-05,1.11464e-05,16183
-2.24438e-05,-2.34903e-05,16187
1.75821e-05,1.84019e-05,16189
-1.32583e-06,-1.38765e-06,16190
5.8044e-06,6.07505e-06,16207
-4.19016e-05,-4.38554e-05,16215
0.000134897,0.000141187,16219
-0.000110434,-0.000115583,16221
8.12025e-06,8.49888e-06,16222
3.1563e-05,3.30347e-05,16231
-0.000130786,-0.000136884,16235
0.000109344,0.000114443,16237
-7.98856e-06,-8.36106e-06,16238
1.72859e-05,1.80919e-05,16243
-1.77439e-05,-1.85713e-05,16245
1.49395e-06,1.56361e-06,16246
1.13981e-06,1.19296e-06,16249
-8.18541e-07,-8.56707e-07,16250
4.86329e-07,5.09005e-07,16252
-5.84096e-07,-6.11332e-07,16271
5.43993e-06,5.69358e-06,16279
-2.00511e-05,-2.09861e-05,16283
1.65873e-05,1.73608e-05,16285
-1.2131e-06,-1.26967e-06,16286
-4.98318e-06,-5.21554e-06,16295
2.35265e-05,2.46235e-05,16299
-1.98587e-05,-2.07847e-05,16301
1.44874e-06,1.51629e-06,16302
-3.60663e-06,-3.7748e-06,16307
3.75307e-06,3.92807e-06,16309
-3.22266e-07,-3.37291e-07,16310
-2.66196e-07,-2.78605e-07,16313
1.92223e-07,2.01188e-07,16314
-1.13457e-07,-1.18747e-07,16316
2.99356e-07,3.13314e-07,16327
-1.81383e-06,-1.8984e-06,16331
1.57767e-06,1.65124e-06,16333
-1.16896e-07,-1.22342e-07,16334
1.76992e-06,1.85245e-06,16339
-1.81946e-06,-1.9043e-06,16341
1.56321e-07,1.63613e-07,16342
1.3235e-07,1.38523e-07,16345
-9.9701e-08,-1.04352e-07,16346
5.87291e-08,6.14656e-08,16348
-9.56313e-07,-1.00091e-06,16355
9.51482e-07,9.95847e-07,16357
-7.87927e-08,-8.24639e-08,16358
-6.51715e-08,-6.82091e-08,16361
5.15467e-08,5.39521e-08,16362
-3.05316e-08,-3.19555e-08,16364
6.18004e-09,6.46859e-09,16369
-5.35897e-09,-5.60693e-09,16370
3.29414e-09,3.44939e-09,16372
1.52792e-09,1.59833e-09,17407
-3.38498e-08,-3.54314e-08,17919
2.59982e-07,2.72102e-07,18175
-4.40464e-07,-4.61003e-07,18303
7.07962e-07,7.4097e-07,18367
-2.83842e-06,-2.97077e-06,18399
2.80977e-06,2.94078e-06,18415
-6.36442e-07,-6.66119e-07,18423
3.14095e-07,3.28739e-07,18427
-1.57269e-07,-1.64604e-07,18429
1.29643e-08,1.35671e-08,18430
5.18563e-08,5.42721e-08,18943
-4.44858e-07,-4.65601e-07,19199
7.7128e-07,8.07243e-07,19327
-1.26317e-06,-1.32206e-06,19391
5.05783e-06,5.29366e-06,19423
-5.00456e-06,-5.23791e-06,19439
1.13222e-06,1.18501e-06,19447
-5.5936e-07,-5.85442e-07,19451
2.80527e-07,2.93607e-07,19453
-2.30319e-08,-2.41042e-08,19454
5.68441e-07,5.94947e-07,19711
-1.11774e-06,-1.16985e-06,19839
2.20269e-06,2.3054e-06,19903
-9.94478e-06,-1.04085e-05,19935
9.90926e-06,1.03713e-05,19951
-2.23156e-06,-2.33562e-06,19959
1.10482e-06,1.15633e-06,19963
-5.54845e-07,-5.80719e-07,19965
4.5255e-08,4.7364e-08,19966
7.70057e-07,8.0596e-07,20095
-9.20359e-06,-9.63274e-06,20159
4.99127e-05,5.224e-05,20191
-5.00233e-05,-5.23558e-05,20207
1.11308e-05,1.16498e-05,20215
-5.49965e-06,-5.75609e-06,20219
2.75889e-06,2.88753e-06,20221
-2.26868e-07,-2.37447e-07,20222
7.57168e-06,7.92473e-06,20287
-4.9868e-05,-5.21933e-05,20319
5.06135e-05,5.29735e-05,20335
-1.13743e-05,-1.19047e-05,20343
5.75013e-06,6.01824e-06,20347
-2.91711e-06,-3.05314e-06,20349
2.37719e-07,2.48802e-07,20350
7.74059e-06,8.10152e-06,20383
-9.5909e-06,-1.00381e-05,20399
2.69855e-06,2.82438e-06,20407
-1.82268e-06,-1.90767e-06,20411
1.03794e-06,1.08634e-06,20413
-7.63188e-08,-7.98776e-08,20414
8.67697e-07,9.08156e-07,20431
-1.6843e-06,-1.76284e-06,20439
2.19308e-06,2.29534e-06,20443
-1.55277e-06,-1.62517e-06,20445
1.0716e-07,1.12155e-07,20446
9.30265e-07,9.7364e-07,20455
-1.72133e-06,-1.8016e-06,20459
1.30753e-06,1.3685e-06,20461
-8.90317e-08,-9.31825e-08,20462
2.38312e-07,2.49425e-07,20467
-2.21319e-07,-2.31637e-07,20469
1.58254e-08,1.65639e-08,20470
1.25655e-08,1.31535e-08,20473
-8.99119e-09,-9.40618e-09,20474
5.35506e-09,5.6099e-09,20476
-3.72414e-08,-3.89785e-08,20991
3.8156e-07,3.99351e-07,21247
-7.43611e-07,-7.78285e-07,21375
1.39943e-06,1.46469e-06,21439
-5.81236e-06,-6.08338e-06,21471
5.76763e-06,6.03656e-06,21487
-1.30558e-06,-1.36646e-06,21495
6.42824e-07,6.72798e-07,21499
-3.21151e-07,-3.3613e-07,21501
2.66166e-08,2.78578e-08,21502
-4.39754e-06,-4.60259e-06,21759
8.49811e-06,8.89436e-06,21887
-1.72818e-05,-1.80876e-05,21951
8.00243e-05,8.37557e-05,21983
-8.00751e-05,-8.38088e-05,21999
1.82071e-05,1.9056e-05,22007
-9.06916e-06,-9.49205e-06,22011
4.55075e-06,4.76294e-06,22013
-3.79185e-07,-3.96865e-07,22014
-7.00076e-06,-7.32719e-06,22143
8.5769e-05,8.97682e-05,22207
-0.000466566,-0.000488322,22239
0.000468376,0.000490215,22255
-0.000104998,-0.000109894,22263
5.17802e-05,5.41946e-05,22267
-2.58165e-05,-2.70202e-05,22269
2.17522e-06,2.27664e-06,22270
-7.07826e-05,-7.40831e-05,22335
0.00046596,0.000487687,22367
-0.00047358,-0.000495663,22383
0.000107251,0.000112252,22391
-5.42108e-05,-5.67386e-05,22395
2.73823e-05,2.8659e-05,22397
-2.28562e-06,-2.3922e-06,22398
-7.12633e-05,-7.45862e-05,22431
8.84616e-05,9.25864e-05,22447
-2.51271e-05,-2.62988e-05,22455
1.71729e-05,1.79736e-05,22459
-9.83768e-06,-1.02964e-05,22461
7.43887e-07,7.78573e-07,22462
-7.95473e-06,-8.32565e-06,22479
1.53072e-05,1.60209e-05,22487
-2.0011e-05,-2.09441e-05,22491
1.43052e-05,1.49722e-05,22493
-1.03393e-06,-1.08214e-06,22494
-8.38275e-06,-8.77362e-06,22503
1.55968e-05,1.63241e-05,22507
-1.19905e-05,-1.25496e-05,22509
8.59986e-07,9.00089e-07,22510
-2.19609e-06,-2.29849e-06,22515
2.06192e-06,2.15806e-06,22517
-1.56012e-07,-1.63285e-07,22518
-1.19216e-07,-1.24773e-07,22521
8.71136e-08,9.11764e-08,22522
-5.15481e-08,-5.39504e-08,22524
4.00581e-06,4.19259e-06,22783
-7.51687e-06,-7.86736e-06,22911
1.52182e-05,1.59278e-05,22975
-7.14272e-05,-7.47577e-05,23007
7.16466e-05,7.49874e-05,23023
-1.63835e-05,-1.71474e-05,23031
8.24765e-06,8.63222e-06,23035
-4.16058e-06,-4.35459e-06,23037
3.48147e-07,3.64382e-07,23038
7.35982e-06,7.703e-06,23167
-9.26609e-05,-9.69815e-05,23231
0.000508158,0.000531852,23263
-0.000510901,-0.000534724,23279
0.000115218,0.00012059,23287
-5.73507e-05,-6.00248e-05,23291
2.872e-05,3.00591e-05,23293
-2.4346e-06,-2.54812e-06,23294
7.77543e-05,8.13798e-05,23359
-0.000516064,-0.000540128,23391
0.000525608,0.000550116,23407
-0.0001202,-0.000125805,23415
6.19385e-05,6.48266e-05,23419
-3.16244e-05,-3.3099e-05,23421
2.64959e-06,2.77313e-06,23422
8.09361e-05,8.471e-05,23455
-0.000101285,-0.000106008,23471
3.01086e-05,3.15125e-05,23479
-2.27746e-05,-2.38365e-05,23483
1.36653e-05,1.43025e-05,23485
-1.0307e-06,-1.07875e-06,23486
9.68494e-06,1.01365e-05,23503
-2.15729e-05,-2.25788e-05,23511
3.50677e-05,3.67029e-05,23515
-2.61289e-05,-2.73472e-05,23517
1.87423e-06,1.96163e-06,23518
1.25135e-05,1.3097e-05,23527
-2.92845e-05,-3.065e-05,23531
2.31182e-05,2.41962e-05,23533
-1.64284e-06,-1.71944e-06,23534
4.03238e-06,4.2204e-06,23539
-3.89349e-06,-4.07504e-06,23541
3.01701e-07,3.15769e-07,23542
2.3233e-07,2.43161e-07,23545
-1.67836e-07,-1.7566e-07,23546
9.97016e-08,1.0435e-07,23548
-1.0051e-06,-1.05196e-06,23679
1.59144e-05,1.66565e-05,23743
-9.83353e-05,-0.00010292,23775
0.000100261,0.000104936,23791
-2.39587e-05,-2.50759e-05,23799
1.39024e-05,1.45506e-05,23803
-7.62412e-06,-7.97961e-06,23805
6.37161e-07,6.66871e-07,23806
-1.6758e-05,-1.75394e-05,23871
0.000125854,0.000131722,23903
-0.000130661,-0.000136754,23919
3.25976e-05,3.41176e-05,23927
-2.07709e-05,-2.17394e-05,23931
1.1915e-05,1.24706e-05,23933
-9.75076e-07,-1.02054e-06,23934
-2.74525e-05,-2.87326e-05,23967
3.64947e-05,3.81963e-05,23983
-1.48009e-05,-1.5491e-05,23991
1.81935e-05,1.90418e-05,23995
-1.27846e-05,-1.33807e-05,23997
9.50796e-07,9.9513e-07,23998
-5.54537e-06,-5.80394e-06,24015
2.25905e-05,2.36439e-05,24023
-5.82551e-05,-6.09714e-05,24027
4.62446e-05,4.84009e-05,24029
-3.30483e-06,-3.45893e-06,24030
-1.53753e-05,-1.60922e-05,24039
5.39284e-05,5.6443e-05,24043
-4.41549e-05,-4.62138e-05,24045
3.12872e-06,3.2746e-06,24046
-7.2014e-06,-7.53719e-06,24051
7.23783e-06,7.57531e-06,24053
-5.83196e-07,-6.10389e-07,24054
-4.51855e-07,-4.72925e-07,24057
3.22447e-07,3.37481e-07,24058
-1.92223e-07,-2.01187e-07,24060
1.50253e-06,1.57259e-06,24127
-1.43744e-05,-1.50446e-05,24159
1.60429e-05,1.6791e-05,24175
-5.44006e-06,-5.69372e-06,24183
5.78658e-06,6.05641e-06,24187
-3.982e-06,-4.16767e-06,24189
3.07154e-07,3.21477e-07,24190
2.57494e-05,2.695e-05,24223
-3.85084e-05,-4.0304e-05,24239
2.6254e-05,2.74782e-05,24247
-4.98132e-05,-5.21359e-05,24251
3.82104e-05,3.99921e-05,24253
-2.83462e-06,-2.9668e-06,24254
1.2053e-05,1.2615e-05,24271
-7.76362e-05,-8.12562e-05,24279
0.000238416,0.000249533,24283
-0.000193354,-0.000202369,24285
1.39529e-05,1.46035e-05,24286
5.70217e-05,5.96805e-05,24295
-0.000227467,-0.000238074,24299
0.000188683,0.000197481,24301
-1.35163e-05,-1.41466e-05,24302
2.99136e-05,3.13084e-05,24307
-3.04529e-05,-3.18728e-05,24309
2.50416e-06,2.62093e-06,24310
1.92618e-06,2.01599e-06,24313
-1.37379e-06,-1.43784e-06,24314
8.1854e-07,8.56709e-07,24316
-1.56999e-05,-1.64319e-05,24351
2.40071e-05,2.51265e-05,24367
-1.87382e-05,-1.9612e-05,24375
3.87463e-05,4.0553e-05,24379
-3.01469e-05,-3.15526e-05,24381
2.23584e-06,2.3401e-06,24382
-1.02619e-05,-1.07404e-05,24399
7.32607e-05,7.66767e-05,24407
-0.000231961,-0.000242777,24411
0.000188795,0.000197599,24413
-1.36385e-05,-1.42745e-05,24414
-5.50445e-05,-5.76112e-05,24423
0.000224614,0.000235088,24427
-0.000186761,-0.000195469,24429
1.33991e-05,1.40239e-05,24430
-2.95679e-05,-3.09466e-05,24435
3.01995e-05,3.16077e-05,24437
-2.49518e-06,-2.61152e-06,24438
-1.92653e-06,-2.01636e-06,24441
1.37379e-06,1.43784e-06,24442
-8.18074e-07,-8.5622e-07,24444
1.02896e-06,1.07694e-06,24463
-9.49398e-06,-9.93667e-06,24471
3.44587e-05,3.60654e-05,24475
-2.83485e-05,-2.96704e-05,24477
2.03673e-06,2.1317e-06,24478
8.67672e-06,9.0813e-06,24487
-4.03874e-05,-4.22706e-05,24491
3.39115e-05,3.54927e-05,24493
-2.4295e-06,-2.54279e-06,24494
6.16626e-06,6.45379e-06,24499
-6.38579e-06,-6.68355e-06,24501
5.3836e-07,5.63465e-07,24502
4.49891e-07,4.7087e-07,24505
-3.22448e-07,-3.3748e-07,24506
1.90728e-07,1.9962e-07,24508
-5.19638e-07,-5.43869e-07,24519
3.10902e-06,3.254e-06,24523
-2.69095e-06,-2.81642e-06,24525
1.95813e-07,2.04948e-07,24526
-3.02942e-06,-3.17068e-06,24531
3.09925e-06,3.24377e-06,24533
-2.61644e-07,-2.73841e-07,24534
-2.24121e-07,-2.34574e-07,24537
1.67834e-07,1.75662e-07,24538
-9.9049e-08,-1.03667e-07,24540
1.63866e-06,1.71507e-06,24547
-1.62264e-06,-1.6983e-06,24549
1.32065e-07,1.38226e-07,24550
1.10592e-07,1.15753e-07,24553
-8.71161e-08,-9.11754e-08,24554
5.1687e-08,5.40982e-08,24556
-1.0451e-08,-1.09379e-08,24561
8.98652e-09,9.41075e-09,24562
-5.53451e-09,-5.7912e-09,24564
8.41007e-09,8.80366e-09,25087
-9.64714e-08,-1.00967e-07,25343
1.92997e-07,2.01999e-07,25471
-3.84303e-07,-4.02218e-07,25535
1.65584e-06,1.73305e-06,25567
-1.65584e-06,-1.73305e-06,25583
3.84301e-07,4.0222e-07,25591
-1.92996e-07,-2.01998e-07,25595
9.647e-08,1.00969e-07,25597
-8.40933e-09,-8.80355e-09,25598
1.64078e-06,1.7173e-06,25855
-3.08708e-06,-3.23102e-06,25983
6.31146e-06,6.60576e-06,26047
-2.99815e-05,-3.13795e-05,26079
3.02226e-05,3.16318e-05,26095
-7.06835e-06,-7.39794e-06,26103
3.62379e-06,3.79276e-06,26107
-1.8301e-06,-1.91543e-06,26109
1.59678e-07,1.67126e-07,26110
2.89749e-06,3.0326e-06,26239
-3.69079e-05,-3.86289e-05,26303
0.000204119,0.000213636,26335
-0.000206156,-0.000215769,26351
4.75838e-05,4.98025e-05,26359
-2.41001e-05,-2.52239e-05,26363
1.20746e-05,1.26377e-05,26365
-1.0683e-06,-1.11811e-06,26366
3.11048e-05,3.25552e-05,26431
-0.000208264,-0.000217975,26463
0.000213316,0.000223262,26479
-5.02988e-05,-5.26442e-05,26487
2.69289e-05,2.81845e-05,26491
-1.39433e-05,-1.45935e-05,26493
1.20759e-06,1.26391e-06,26494
3.39771e-05,3.55614e-05,26527
-4.32073e-05,-4.5222e-05,26543
1.41329e-05,1.47919e-05,26551
-1.26033e-05,-1.3191e-05,26555
8.02118e-06,8.3952e-06,26557
-6.06842e-07,-6.35136e-07,26558
4.59244e-06,4.80657e-06,26575
-1.27889e-05,-1.33852e-05,26583
2.59273e-05,2.71362e-05,26587
-1.99093e-05,-2.08376e-05,26589
1.41049e-06,1.47625e-06,26590
7.93509e-06,8.30509e-06,26599
-2.28163e-05,-2.38802e-05,26603
1.83104e-05,1.91641e-05,26605
-1.28174e-06,-1.34151e-06,26606
3.09621e-06,3.24058e-06,26611
-3.042e-06,-3.18384e-06,26613
2.37179e-07,2.48239e-07,26614
1.8458e-07,1.93185e-07,26617
-1.32067e-07,-1.38223e-07,26618
7.87908e-08,8.24655e-08,26620
-1.97103e-06,-2.06293e-06,26879
3.59176e-06,3.75924e-06,27007
-7.25265e-06,-7.59082e-06,27071
3.49587e-05,3.65887e-05,27103
-3.53524e-05,-3.70008e-05,27119
8.34788e-06,8.73713e-06,27127
-4.37392e-06,-4.57787e-06,27131
2.23649e-06,2.34077e-06,27133
-1.9486e-07,-2.03945e-07,27134
-3.96556e-06,-4.15047e-06,27263
5.20529e-05,5.44801e-05,27327
-0.000290828,-0.000304389,27359
0.000294341,0.000308066,27375
-6.85268e-05,-7.17221e-05,27383
3.52803e-05,3.69253e-05,27387
-1.78376e-05,-1.86694e-05,27389
1.5794e-06,1.65304e-06,27390
-4.47581e-05,-4.68451e-05,27455
0.000303012,0.000317141,27487
-0.000311302,-0.000325818,27503
7.44384e-05,7.79094e-05,27511
-4.10263e-05,-4.29393e-05,27515
2.15857e-05,2.25922e-05,27517
-1.86272e-06,-1.94957e-06,27518
-5.15059e-05,-5.39076e-05,27551
6.62084e-05,6.92956e-05,27567
-2.28407e-05,-2.39058e-05,27575
2.20867e-05,2.31166e-05,27579
-1.44233e-05,-1.50959e-05,27581
1.08215e-06,1.13261e-06,27582
-7.5609e-06,-7.91345e-06,27599
2.33224e-05,2.44098e-05,27607
-5.07451e-05,-5.31112e-05,27611
3.92599e-05,4.10905e-05,27613
-2.76215e-06,-2.89095e-06,27614
-1.48511e-05,-1.55436e-05,27623
4.53217e-05,4.74349e-05,27627
-3.64872e-05,-3.81886e-05,27629
2.53651e-06,2.65479e-06,27630
-6.10884e-06,-6.39368e-06,27635
6.02601e-06,6.307e-06,27637
-4.6934e-07,-4.91223e-07,27638
-3.66893e-07,-3.84001e-07,27641
2.61643e-07,2.73842e-07,27642
-1.56323e-07,-1.6361e-07,27644
7.83126e-07,8.19641e-07,27775
-1.32395e-05,-1.38568e-05,27839
8.48536e-05,8.88102e-05,27871
-8.77522e-05,-9.18439e-05,27887
2.25589e-05,2.36108e-05,27895
-1.48757e-05,-1.55693e-05,27899
8.61675e-06,9.01853e-06,27901
-7.17542e-07,-7.50999e-07,27902
1.46548e-05,1.53382e-05,27967
-0.000114361,-0.000119693,27999
0.000120869,0.000126504,28015
-3.30267e-05,-3.45667e-05,28023
2.4379e-05,2.55157e-05,28027
-1.47875e-05,-1.5477e-05,28029
1.19661e-06,1.2524e-06,28030
2.96243e-05,3.10056e-05,28063
-4.10384e-05,-4.2952e-05,28079
1.97916e-05,2.07144e-05,28087
-2.80352e-05,-2.93424e-05,28091
2.01888e-05,2.11302e-05,28093
-1.4741e-06,-1.54283e-06,28094
7.63969e-06,7.99591e-06,28111
-3.65052e-05,-3.82074e-05,28119
9.8972e-05,0.000103587,28123
-7.8469e-05,-8.21278e-05,28125
5.47957e-06,5.73507e-06,28126
2.54633e-05,2.66506e-05,28135
-9.24229e-05,-9.67324e-05,28139
7.53583e-05,7.88721e-05,28141
-5.21015e-06,-5.45309e-06,28142
1.22595e-05,1.28311e-05,28147
-1.22725e-05,-1.28447e-05,28149
9.65985e-07,1.01103e-06,28150
7.59909e-07,7.95341e-07,28153
-5.38362e-07,-5.63465e-07,28154
3.22266e-07,3.37293e-07,28156
-1.74359e-06,-1.8249e-06,28223
1.7768e-05,1.85964e-05,28255
-2.06192e-05,-2.15807e-05,28271
8.14078e-06,8.52037e-06,28279
-9.80076e-06,-1.02578e-05,28283
6.88743e-06,7.20858e-06,28285
-5.17642e-07,-5.41779e-07,28286
-4.02038e-05,-4.20785e-05,28319
6.29872e-05,6.59242e-05,28335
-4.79619e-05,-5.01983e-05,28343
9.30028e-05,9.73394e-05,28347
-7.09804e-05,-7.42901e-05,28349
5.12275e-06,5.36162e-06,28350
-2.25305e-05,-2.3581e-05,28367
0.000149169,0.000156124,28375
-0.000450965,-0.000471992,28379
0.000362195,0.000379083,28381
-2.53535e-05,-2.65357e-05,28382
-0.000109657,-0.00011477,28391
0.000429952,0.00045,28395
-0.000353197,-0.000369666,28397
2.45109e-05,2.56539e-05,28398
-5.61309e-05,-5.87482e-05,28403
5.66131e-05,5.92528e-05,28405
-4.49961e-06,-4.70942e-06,28406
-3.52972e-06,-3.69431e-06,28409
2.49518e-06,2.61152e-06,28410
-1.49395e-06,-1.56361e-06,28412
2.56517e-05,2.68478e-05,28447
-4.11614e-05,-4.30806e-05,28463
3.52586e-05,3.69027e-05,28471
-7.32719e-05,-7.66885e-05,28475
5.65642e-05,5.92017e-05,28477
-4.07587e-06,-4.26592e-06,28478
1.97852e-05,2.07078e-05,28495
-0.000142418,-0.000149058,28503
0.000441342,0.000461921,28507
-0.000355504,-0.000372081,28509
2.48924e-05,2.60531e-05,28510
0.000106856,0.000111839,28519
-0.000426772,-0.000446671,28523
0.000351264,0.000367643,28525
-2.43965e-05,-2.5534e-05,28526
5.57586e-05,5.83586e-05,28531
-5.63979e-05,-5.90277e-05,28533
4.49961e-06,4.70942e-06,28534
3.54447e-06,3.70974e-06,28537
-2.50416e-06,-2.62092e-06,28538
1.49862e-06,1.5685e-06,28540
-1.96044e-06,-2.05185e-06,28559
1.83208e-05,1.91751e-05,28567
-6.5235e-05,-6.82768e-05,28571
5.31389e-05,5.56166e-05,28573
-3.69854e-06,-3.87099e-06,28574
-1.67361e-05,-1.75164e-05,28583
7.63841e-05,7.99458e-05,28587
-6.35103e-05,-6.64716e-05,28589
4.40271e-06,4.60801e-06,28590
-1.15752e-05,-1.21149e-05,28595
1.1871e-05,1.24246e-05,28597
-9.65985e-07,-1.01103e-06,28598
-8.23246e-07,-8.61631e-07,28601
5.83195e-07,6.10391e-07,28602
-3.46673e-07,-3.62835e-07,28604
1.00121e-06,1.0479e-06,28615
-5.87378e-06,-6.14766e-06,28619
5.03445e-06,5.2692e-06,28621
-3.53926e-07,-3.70424e-07,28622
5.69911e-06,5.96485e-06,28627
-5.77096e-06,-6.04004e-06,28629
4.69337e-07,4.91224e-07,28630
4.0955e-07,4.28647e-07,28633
-3.01701e-07,-3.15771e-07,28634
1.78812e-07,1.87151e-07,28636
-3.08899e-06,-3.23302e-06,28643
3.02751e-06,3.16868e-06,28645
-2.3718e-07,-2.48237e-07,28646
-2.01981e-07,-2.11398e-07,28649
1.56009e-07,1.63288e-07,28650
-9.28755e-08,-9.72032e-08,28652
1.89594e-08,1.98455e-08,28657
-1.58274e-08,-1.6561e-08,28658
9.71394e-09,1.01721e-08,28660
-5.04045e-06,-5.27548e-06,29151
5.17448e-06,5.41576e-06,29167
-1.30433e-06,-1.36515e-06,29175
8.02029e-07,8.39426e-07,29179
-4.48436e-07,-4.69346e-07,29181
3.80838e-08,3.9859e-08,29182
6.65416e-07,6.96441e-07,29311
-9.60882e-06,-1.00569e-05,29375
5.6008e-05,5.86195e-05,29407
-5.7407e-05,-6.00838e-05,29423
1.42385e-05,1.49025e-05,29431
-8.41644e-06,-8.80888e-06,29435
4.60661e-06,4.82141e-06,29437
-4.005e-07,-4.19178e-07,29438
8.87691e-06,9.29083e-06,29503
-6.31694e-05,-6.61149e-05,29535
6.61373e-05,6.92211e-05,29551
-1.7431e-05,-1.82438e-05,29559
1.18058e-05,1.23563e-05,29563
-6.90436e-06,-7.2263e-06,29565
5.77065e-07,6.03975e-07,29566
1.35674e-05,1.42001e-05,29599
-1.84759e-05,-1.93374e-05,29615
8.37137e-06,8.76171e-06,29623
-1.12958e-05,-1.18225e-05,29627
8.077e-06,8.45362e-06,29629
-6.00482e-07,-6.28481e-07,29630
2.96536e-06,3.10363e-06,29647
-1.32321e-05,-1.38491e-05,29655
3.54506e-05,3.71036e-05,29659
-2.82015e-05,-2.95165e-05,29661
2.00427e-06,2.09772e-06,29662
9.09804e-06,9.52226e-06,29671
-3.2854e-05,-3.43859e-05,29675
2.69104e-05,2.81651e-05,29677
-1.89457e-06,-1.98291e-06,29678
4.39722e-06,4.60225e-06,29683
-4.41713e-06,-4.62309e-06,29685
3.53924e-07,3.70426e-07,29686
2.74841e-07,2.87658e-07,29689
-1.95815e-07,-2.04945e-07,29690
1.16895e-07,1.22345e-07,29692
-1.0051e-06,-1.05196e-06,29823
1.88693e-05,1.97491e-05,29887
-0.000129722,-0.000135771,29919
0.000138699,0.000145166,29935
-4.24807e-05,-4.44615e-05,29943
3.85281e-05,4.03246e-05,29947
-2.52953e-05,-2.64748e-05,29949
2.02513e-06,2.11956e-06,29950
-2.29488e-05,-2.40188e-05,30015
0.000192239,0.000201203,30047
-0.000211166,-0.000221012,30063
6.99314e-05,7.31922e-05,30071
-6.97995e-05,-7.30542e-05,30075
4.70476e-05,4.92414e-05,30077
-3.70462e-06,-3.87736e-06,30078
-6.84436e-05,-7.1635e-05,30111
0.000101217,0.000105937,30127
-6.24804e-05,-6.53938e-05,30135
0.000107631,0.00011265,30139
-8.09022e-05,-8.46745e-05,30141
5.98757e-06,6.26677e-06,30142
-2.49621e-05,-2.61261e-05,30159
0.000143334,0.000150017,30167
-0.00042349,-0.000443237,30171
0.000341204,0.000357114,30173
-2.44198e-05,-2.55585e-05,30174
-0.000103006,-0.000107809,30183
0.000400453,0.000419125,30187
-0.000330709,-0.000346129,30189
2.34794e-05,2.45742e-05,30190
-5.34123e-05,-5.59028e-05,30195
5.41255e-05,5.66493e-05,30197
-4.40272e-06,-4.608e-06,30198
-3.41031e-06,-3.56933e-06,30201
2.4295e-06,2.54279e-06,30202
-1.44874e-06,-1.51629e-06,30204
4.43083e-06,4.63743e-06,30271
-4.97846e-05,-5.2106e-05,30303
6.15902e-05,6.44621e-05,30319
-3.04614e-05,-3.18818e-05,30327
4.43295e-05,4.63965e-05,30331
-3.25673e-05,-3.40859e-05,30333
2.46377e-06,2.57866e-06,30334
0.000156197,0.00016348,30367
-0.000257167,-0.000269158,30383
0.000223829,0.000234266,30391
-0.000468564,-0.000490412,30395
0.000364012,0.000380986,30397
-2.68516e-05,-2.81037e-05,30398
0.000106074,0.00011102,30415
-0.00074274,-0.000777373,30423
0.00232691,0.00243541,30427
-0.00188874,-0.00197681,30429
0.00013567,0.000141996,30430
0.000550549,0.000576221,30439
-0.00222613,-0.00232993,30443
0.00184649,0.00193259,30445
-0.000131659,-0.000137798,30446
0.000292556,0.000306197,30451
-0.00029779,-0.000311676,30453
2.43965e-05,2.5534e-05,30454
1.88259e-05,1.97037e-05,30457
-1.33991e-05,-1.40239e-05,30458
7.98856e-06,8.36106e-06,30460
-0.00010565,-0.000110576,30495
0.000177561,0.00018584,30511
-0.000169915,-0.000177838,30519
0.000375088,0.000392578,30523
-0.000293899,-0.000307604,30525
2.16642e-05,2.26743e-05,30526
-9.59723e-05,-0.000100447,30543
0.000717474,0.000750928,30551
-0.00229112,-0.00239795,30555
0.00186394,0.00195085,30557
-0.000133936,-0.000140182,30558
-0.000541441,-0.000566687,30567
0.0022209,0.00232445,30571
-0.00184501,-0.00193104,30573
0.000131659,0.000137798,30574
-0.000292155,-0.000305777,30579
0.000298128,0.00031203,30581
-2.45109e-05,-2.56538e-05,30582
-1.8993e-05,-1.98786e-05,30585
1.35163e-05,1.41466e-05,30586
-8.05421e-06,-8.42976e-06,30588
9.40961e-06,9.84836e-06,30607
-9.11807e-05,-9.54323e-05,30615
0.000334219,0.000349803,30619
-0.000274925,-0.000287744,30621
1.96595e-05,2.05762e-05,30622
8.37959e-05,8.77031e-05,30631
-0.000392359,-0.000410654,30635
0.000329269,0.000344622,30637
-2.34794e-05,-2.45742e-05,30638
5.9942e-05,6.2737e-05,30643
-6.20302e-05,-6.49226e-05,30645
5.21015e-06,5.45309e-06,30646
4.36833e-06,4.57202e-06,30649
-3.12872e-06,-3.27461e-06,30650
1.85166e-06,1.938e-06,30652
3.02388e-05,3.16488e-05,30667
-2.61493e-05,-2.73686e-05,30669
1.89457e-06,1.98291e-06,30670
-2.9435e-05,-3.08075e-05,30675
3.00988e-05,3.15023e-05,30677
-2.53652e-06,-2.65479e-06,30678
-2.18051e-06,-2.28218e-06,30681
1.64284e-06,1.71944e-06,30682
-9.70886e-07,-1.01616e-06,30684
1.5925e-05,1.66675e-05,30691
-1.57617e-05,-1.64967e-05,30693
1.28174e-06,1.34151e-06,30694
1.07831e-06,1.12859e-06,30697
-8.59989e-07,-9.00087e-07,30698
5.1152e-07,5.35376e-07,30700
-1.01998e-07,-1.06751e-07,30705
8.90281e-08,9.3184e-08,30706
-5.51851e-08,-5.77556e-08,30708
6.06686e-07,6.34975e-07,30847
-1.14292e-05,-1.19621e-05,30911
8.04497e-05,8.42009e-05,30943
-8.73226e-05,-9.13943e-05,30959
2.88514e-05,3.01967e-05,30967
-2.93751e-05,-3.07448e-05,30971
1.99887e-05,2.09207e-05,30973
-1.58175e-06,-1.65551e-06,30974
1.42441e-05,1.49083e-05,31039
-0.000122125,-0.000127819,31071
0.000136229,0.000142581,31087
-4.84921e-05,-5.07532e-05,31095
5.32181e-05,5.56996e-05,31099
-3.68575e-05,-3.85761e-05,31101
2.88293e-06,3.01736e-06,31102
4.82895e-05,5.05411e-05,31135
-7.27951e-05,-7.61894e-05,31151
4.79889e-05,5.02266e-05,31159
-8.64847e-05,-9.05173e-05,31163
6.56199e-05,6.86796e-05,31165
-4.87622e-06,-5.10359e-06,31166
1.9386e-05,2.02899e-05,31183
-0.00011615,-0.000121566,31191
0.000349813,0.000366124,31195
-0.000282932,-0.000296125,31197
2.03805e-05,2.13309e-05,31198
8.4079e-05,8.79994e-05,31207
-0.000331921,-0.000347398,31211
0.000274983,0.000287805,31213
-1.96595e-05,-2.05762e-05,31214
4.43473e-05,4.64151e-05,31219
-4.50781e-05,-4.718e-05,31221
3.69854e-06,3.87099e-06,31222
2.85425e-06,2.98734e-06,31225
-2.03673e-06,-2.1317e-06,31226
1.2131e-06,1.26967e-06,31228
-3.59104e-06,-3.75849e-06,31295
4.17735e-05,4.37213e-05,31327
-5.27848e-05,-5.52461e-05,31343
2.78487e-05,2.91473e-05,31351
-4.24674e-05,-4.44476e-05,31355
3.15207e-05,3.29904e-05,31357
-2.39048e-06,-2.50194e-06,31358
-0.000146072,-0.000152883,31391
0.000243306,0.000254651,31407
-0.000218581,-0.000228773,31415
0.000466396,0.000488143,31419
-0.000364013,-0.000380986,31421
2.70171e-05,2.82769e-05,31422
-0.000104104,-0.000108958,31439
0.000739584,0.000774069,31447
-0.00233961,-0.0024487,31451
0.00190475,0.00199357,31453
-0.000137823,-0.000144249,31454
-0.000549586,-0.000575212,31463
0.00224103,0.00234552,31467
-0.00186399,-0.00195091,31469
0.000133936,0.000140182,31470
-0.000295061,-0.000308819,31475
0.000301155,0.000315197,31477
-2.48924e-05,-2.60531e-05,31478
-1.91226e-05,-2.00143e-05,31481
1.36385e-05,1.42745e-05,31482
-8.12025e-06,-8.49888e-06,31484
0.000101264,0.000105986,31519
-0.000171952,-0.00017997,31535
0.000168893,0.000176768,31543
-0.000378812,-0.000396476,31547
0.000298055,0.000311953,31549
-2.21165e-05,-2.31477e-05,31550
9.58123e-05,0.00010028,31567
-0.000723974,-0.000757732,31575
0.00233251,0.00244127,31579
-0.00190331,-0.00199206,31581
0.000137823,0.000144249,31582
0.000547462,0.000572989,31591
-0.00226355,-0.0023691,31595
0.00188579,0.00197372,31597
-0.00013567,-0.000141996,31598
0.000298475,0.000312393,31603
-0.000305444,-0.000319687,31605
2.53535e-05,2.65357e-05,31606
1.95556e-05,2.04674e-05,31609
-1.39529e-05,-1.46035e-05,31610
8.30205e-06,8.68916e-06,31612
-9.40961e-06,-9.84836e-06,31631
9.23252e-05,9.66302e-05,31639
-0.000342022,-0.00035797,31643
0.000282337,0.000295502,31645
-2.03806e-05,-2.13309e-05,31646
-8.51284e-05,-8.90978e-05,31655
0.000402502,0.00042127,31659
-0.000338957,-0.000354761,31661
2.44198e-05,2.55585e-05,31662
-6.18819e-05,-6.47673e-05,31667
6.43006e-05,6.72989e-05,31669
-5.47957e-06,-5.73507e-06,31670
-4.57554e-06,-4.78888e-06,31673
3.30483e-06,3.45893e-06,31674
-1.95212e-06,-2.04314e-06,31676
-3.13795e-05,-3.28427e-05,31691
2.72558e-05,2.85267e-05,31693
-2.00427e-06,-2.09772e-06,31694
3.08364e-05,3.22743e-05,31699
-3.17914e-05,-3.32738e-05,31701
2.76215e-06,2.89095e-06,31702
2.39064e-06,2.50211e-06,31705
-1.87423e-06,-1.96163e-06,31706
1.10715e-06,1.15878e-06,31708
-1.66923e-05,-1.74706e-05,31715
1.66864e-05,1.74645e-05,31717
-1.41049e-06,-1.47625e-06,31718
-1.21587e-06,-1.27256e-06,31721
1.03392e-06,1.08214e-06,31722
-6.16225e-07,-6.44957e-07,31724
1.12954e-07,1.18223e-07,31729
-1.0716e-07,-1.12154e-07,31730
6.80004e-08,7.11726e-08,31732
2.77014e-07,2.8993e-07,31807
-3.6328e-06,-3.80219e-06,31839
4.80055e-06,5.0244e-06,31855
-2.87585e-06,-3.00994e-06,31863
4.80055e-06,5.0244e-06,31867
-3.6328e-06,-3.80219e-06,31869
2.77012e-07,2.89931e-07,31870
1.76679e-05,1.84917e-05,31903
-3.00488e-05,-3.14499e-05,31919
2.91149e-05,3.04725e-05,31927
-6.53251e-05,-6.83711e-05,31931
5.15932e-05,5.39989e-05,31933
-3.88363e-06,-4.06472e-06,31934
1.51335e-05,1.58391e-05,31951
-0.000112685,-0.00011794,31959
0.00036592,0.000382983,31963
-0.000300203,-0.000314201,31965
2.21165e-05,2.31477e-05,31966
8.46453e-05,8.85922e-05,31975
-0.00035293,-0.000369386,31979
0.000295648,0.000309434,31981
-2.16642e-05,-2.26743e-05,31982
4.66731e-05,4.88494e-05,31987
-4.80265e-05,-5.02659e-05,31989
4.07586e-06,4.26592e-06,31990
3.10308e-06,3.24777e-06,31993
-2.23584e-06,-2.3401e-06,31994
1.32583e-06,1.38765e-06,31996
-1.50525e-05,-1.57544e-05,32031
2.602e-05,2.72333e-05,32047
-2.74278e-05,-2.87068e-05,32055
6.46024e-05,6.76147e-05,32059
-5.14524e-05,-5.38515e-05,32061
3.88363e-06,4.06472e-06,32062
-1.69984e-05,-1.7791e-05,32079
0.000133971,0.000140218,32087
-0.00044377,-0.000464462,32091
0.000365271,0.000382303,32093
-2.70171e-05,-2.82769e-05,32094
-0.00010242,-0.000107196,32103
0.00043406,0.000454299,32107
-0.000364642,-0.000381645,32109
2.68516e-05,2.81037e-05,32110
-5.77861e-05,-6.04806e-05,32115
5.97216e-05,6.25063e-05,32117
-5.12275e-06,-5.36162e-06,32118
-3.91344e-06,-4.09592e-06,32121
2.83462e-06,2.9668e-06,32122
-1.67818e-06,-1.75643e-06,32124
1.96044e-06,2.05185e-06,32143
-2.01587e-05,-2.10987e-05,32151
7.78838e-05,8.15154e-05,32155
-6.51721e-05,-6.8211e-05,32157
4.87622e-06,5.10359e-06,32158
1.89395e-05,1.98226e-05,32167
-9.32917e-05,-9.76417e-05,32171
7.96936e-05,8.34095e-05,32173
-5.98757e-06,-6.26676e-06,32174
1.50475e-05,1.57491e-05,32179
-1.59829e-05,-1.67281e-05,32181
1.4741e-06,1.54283e-06,32182
1.22613e-06,1.2833e-06,32185
-9.50797e-07,-9.9513e-07,32186
5.57611e-07,5.83613e-07,32188
8.41151e-06,8.80372e-06,32203
-7.49514e-06,-7.84463e-06,32205
6.00482e-07,6.28481e-07,32206
-9.17215e-06,-9.59984e-06,32211
1.00565e-05,1.05255e-05,32213
-1.08216e-06,-1.13261e-06,32214
-1.01464e-06,-1.06195e-06,32217
1.0307e-06,1.07875e-06,32218
-6.12235e-07,-6.40785e-07,32220
5.03654e-06,5.27138e-06,32227
-5.45169e-06,-5.70589e-06,32229
6.06842e-07,6.35138e-07,32230
6.29849e-07,6.59217e-07,32233
-7.43885e-07,-7.78572e-07,32234
4.49858e-07,4.70837e-07,32236
-5.1337e-08,-5.37299e-08,32241
7.63172e-08,7.98779e-08,32242
-5.35002e-08,-5.59949e-08,32244
1.26052e-06,1.31929e-06,32335
-1.08278e-05,-1.13326e-05,32343
3.7696e-05,3.94537e-05,32347
-3.14277e-05,-3.28931e-05,32349
2.39048e-06,2.50194e-06,32350
8.545e-06,8.94344e-06,32359
-3.79718e-05,-3.97423e-05,32363
3.23258e-05,3.38331e-05,32365
-2.46378e-06,-2.57865e-06,32366
5.30736e-06,5.55484e-06,32371
-5.60611e-06,-5.86751e-06,32373
5.17642e-07,5.41778e-07,32374
3.97277e-07,4.15803e-07,32377
-3.07155e-07,-3.21476e-07,32378
1.80429e-07,1.88843e-07,32380
-1.02896e-06,-1.07694e-06,32399
1.05182e-05,1.10087e-05,32407
-4.2324e-05,-4.42975e-05,32411
3.6134e-05,3.78189e-05,32413
-2.88293e-06,-3.01736e-06,32414
-9.9714e-06,-1.04363e-05,32423
5.17689e-05,5.41828e-05,32427
-4.53515e-05,-4.74662e-05,32429
3.70462e-06,3.87736e-06,32430
-9.48694e-06,-9.9293e-06,32435
1.06495e-05,1.11461e-05,32437
-1.19661e-06,-1.2524e-06,32438
-1.01593e-06,-1.0633e-06,32441
9.75078e-07,1.02054e-06,32442
-5.71275e-07,-5.97911e-07,32444
-6.0107e-06,-6.29097e-06,32459
5.74451e-06,6.01237e-06,32461
-5.77066e-07,-6.03975e-07,32462
9.24702e-06,9.67819e-06,32467
-1.16611e-05,-1.22049e-05,32469
1.86272e-06,1.94958e-06,32470
1.9325e-06,2.02261e-06,32473
-2.64959e-06,-2.77314e-06,32474
1.59548e-06,1.66987e-06,32476
-5.41628e-06,-5.66883e-06,32483
6.94795e-06,7.27192e-06,32485
-1.2076e-06,-1.2639e-06,32486
-1.4813e-06,-1.55037e-06,32489
2.28562e-06,2.3922e-06,32490
-1.4035e-06,-1.46894e-06,32492
1.12954e-07,1.18224e-07,32497
-2.37718e-07,-2.48803e-07,32498
1.75717e-07,1.83915e-07,32500
5.84096e-07,6.1133e-07,32527
-5.72937e-06,-5.99653e-06,32535
2.2745e-05,2.38056e-05,32539
-1.94751e-05,-2.03832e-05,32541
1.58175e-06,1.65551e-06,32542
5.30495e-06,5.55231e-06,32551
-2.74014e-05,-2.86791e-05,32555
2.41465e-05,2.52724e-05,32557
-2.02513e-06,-2.11956e-06,32558
5.19957e-06,5.44202e-06,32563
-5.95619e-06,-6.23392e-06,32565
7.17542e-07,7.51e-07,32566
6.16252e-07,6.44987e-07,32569
-6.37162e-07,-6.6687e-07,32570
3.74553e-07,3.92017e-07,32572
3.64109e-06,3.81086e-06,32587
-3.60704e-06,-3.77523e-06,32589
4.00502e-07,4.19178e-07,32590
-6.73567e-06,-7.04974e-06,32595
8.90826e-06,9.32363e-06,32597
-1.5794e-06,-1.65304e-06,32598
-1.68006e-06,-1.7584e-06,32601
2.4346e-06,2.54812e-06,32602
-1.47119e-06,-1.5398e-06,32604
4.09299e-06,4.28384e-06,32611
-5.53818e-06,-5.79642e-06,32613
1.0683e-06,1.11811e-06,32614
1.35261e-06,1.41568e-06,32617
-2.17522e-06,-2.27664e-06,32618
1.33982e-06,1.40229e-06,32620
-1.01997e-07,-1.06754e-07,32625
2.26867e-07,2.37449e-07,32626
-1.69111e-07,-1.76995e-07,32628
-3.36336e-07,-3.52016e-07,32651
3.36335e-07,3.52017e-07,32653
-3.80819e-08,-3.98584e-08,32654
7.80686e-07,8.17091e-07,32659
-1.05512e-06,-1.10432e-06,32661
1.94859e-07,2.03947e-07,32662
2.29902e-07,2.40622e-07,32665
-3.48148e-07,-3.64381e-07,32666
2.12259e-07,2.22156e-07,32668
-5.59037e-07,-5.85105e-07,32675
7.82606e-07,8.19098e-07,32677
-1.59677e-07,-1.67125e-07,32678
-2.2657e-07,-2.37135e-07,32681
3.79186e-07,3.96867e-07,32682
-2.35655e-07,-2.46645e-07,32684
1.89613e-08,1.98453e-08,32689
-4.52549e-08,-4.73638e-08,32690
3.43478e-08,3.59491e-08,32692
1.38491e-08,1.4495e-08,32713
-2.66171e-08,-2.78577e-08,32714
1.70686e-08,1.78667e-08,32716
-1.04492e-08,-1.09394e-08,32721
2.3032e-08,2.41048e-08,32722
-1.71215e-08,-1.7922e-08,32724
6.18198e-09,6.46807e-09,32737
-1.29627e-08,-1.35679e-08,32738
9.33516e-09,9.76747e-09,32740
-1.45358e-07,-1.52135e-07,37631
2.96508e-07,3.10334e-07,37759
-6.00079e-07,-6.28058e-07,37823
2.57504e-06,2.69511e-06,37855
-2.57504e-06,-2.69511e-06,37871
6.0008e-07,6.28056e-07,37879
-2.96507e-07,-3.10334e-07,37883
1.4536e-07,1.52135e-07,37885
-1.38491e-08,-1.44959e-08,37886
2.13058e-06,2.22992e-06,38143
-4.07731e-06,-4.26743e-06,38271
8.43149e-06,8.82464e-06,38335
-3.99222e-05,-4.17837e-05,38367
4.02418e-05,4.21182e-05,38383
-9.45164e-06,-9.89235e-06,38391
4.78499e-06,5.0081e-06,38395
-2.37946e-06,-2.49041e-06,38397
2.26571e-07,2.37133e-07,38398
3.53797e-06,3.70293e-06,38527
-4.45577e-05,-4.66354e-05,38591
0.000245635,0.000257089,38623
-0.000248047,-0.000259613,38639
5.73456e-05,6.00196e-05,38647
-2.85144e-05,-2.98439e-05,38651
1.40009e-05,1.46537e-05,38653
-1.35261e-06,-1.41568e-06,38654
3.72029e-05,3.89376e-05,38719
-0.000247957,-0.000259519,38751
0.000253696,0.000265525,38767
-5.95988e-05,-6.23778e-05,38775
3.09461e-05,3.23891e-05,38779
-1.5617e-05,-1.63452e-05,38781
1.4813e-06,1.55037e-06,38782
3.92207e-05,4.10495e-05,38815
-4.94182e-05,-5.17225e-05,38831
1.53501e-05,1.60658e-05,38839
-1.23479e-05,-1.29237e-05,38843
7.57641e-06,7.92969e-06,38845
-6.29848e-07,-6.59217e-07,38846
4.83475e-06,5.06018e-06,38863
-1.15011e-05,-1.20374e-05,38871
2.0493e-05,2.14486e-05,38875
-1.5617e-05,-1.63452e-05,38877
1.21587e-06,1.27256e-06,38878
6.77283e-06,7.08864e-06,38887
-1.73994e-05,-1.82107e-05,38891
1.40009e-05,1.46537e-05,38893
-1.07831e-06,-1.12859e-06,38894
2.41924e-06,2.53204e-06,38899
-2.37946e-06,-2.49041e-06,38901
2.01981e-07,2.11398e-07,38902
-1.10594e-07,-1.15751e-07,38906
6.5172e-08,6.82087e-08,38908
-2.13654e-06,-2.23616e-06,39167
3.9563e-06,4.14078e-06,39295
-8.07756e-06,-8.4542e-06,39359
3.87631e-05,4.05706e-05,39391
-3.91842e-05,-4.10112e-05,39407
9.28061e-06,9.71335e-06,39415
-4.79944e-06,-5.02323e-06,39419
2.41924e-06,2.53204e-06,39421
-2.29901e-07,-2.40622e-07,39422
-4.05543e-06,-4.24453e-06,39551
5.2609e-05,5.50621e-05,39615
-0.00029281,-0.000306463,39647
0.000296261,0.000310075,39663
-6.90757e-05,-7.22966e-05,39671
3.50037e-05,3.66358e-05,39675
-1.73994e-05,-1.82107e-05,39677
1.68006e-06,1.7584e-06,39678
-4.4809e-05,-4.68984e-05,39743
0.000301798,0.00031587,39775
-0.000309693,-0.000324134,39791
7.38147e-05,7.72566e-05,39799
-3.97033e-05,-4.15546e-05,39803
2.0493e-05,2.14486e-05,39805
-1.9325e-06,-2.02261e-06,39806
-4.9725e-05,-5.20436e-05,39839
6.33965e-05,6.63525e-05,39855
-2.10126e-05,-2.19924e-05,39863
1.91675e-05,2.00612e-05,39867
-1.23479e-05,-1.29237e-05,39869
1.01464e-06,1.06195e-06,39870
-6.776e-06,-7.09195e-06,39887
1.90223e-05,1.99093e-05,39895
-3.97033e-05,-4.15546e-05,39899
3.09461e-05,3.23891e-05,39901
-2.39064e-06,-2.50211e-06,39902
-1.18047e-05,-1.23551e-05,39911
3.50037e-05,3.66358e-05,39915
-2.85144e-05,-2.98439e-05,39917
2.18051e-06,2.28218e-06,39918
-4.79944e-06,-5.02323e-06,39923
4.78499e-06,5.0081e-06,39925
-4.0955e-07,-4.28647e-07,39926
2.24123e-07,2.34574e-07,39930
-1.32351e-07,-1.38524e-07,39932
6.65415e-07,6.96442e-07,40063
-1.10558e-05,-1.15713e-05,40127
7.00975e-05,7.3366e-05,40159
-7.22656e-05,-7.56352e-05,40175
1.83652e-05,1.92215e-05,40183
-1.18047e-05,-1.23551e-05,40187
6.77283e-06,7.08864e-06,40189
-6.16253e-07,-6.44988e-07,40190
1.20368e-05,1.2598e-05,40255
-9.28369e-05,-9.71657e-05,40287
9.77148e-05,0.000102271,40303
-2.63035e-05,-2.753e-05,40311
1.90223e-05,1.99093e-05,40315
-1.15011e-05,-1.20374e-05,40317
1.01593e-06,1.0633e-06,40318
2.27706e-05,2.38323e-05,40351
-3.12312e-05,-3.26875e-05,40367
1.46708e-05,1.53549e-05,40375
-2.10126e-05,-2.19924e-05,40379
1.53501e-05,1.60658e-05,40381
-1.22613e-06,-1.2833e-06,40382
5.55848e-06,5.81767e-06,40399
-2.63035e-05,-2.753e-05,40407
7.38147e-05,7.72566e-05,40411
-5.95988e-05,-6.23778e-05,40413
4.57554e-06,4.78888e-06,40414
1.83652e-05,1.92215e-05,40423
-6.90757e-05,-7.22966e-05,40427
5.73456e-05,6.00196e-05,40429
-4.36833e-06,-4.57202e-06,40430
9.28061e-06,9.71335e-06,40435
-9.45164e-06,-9.89235e-06,40437
8.23246e-07,8.61631e-07,40438
-4.49893e-07,-4.70869e-07,40442
2.66196e-07,2.78604e-07,40444
1.256e-05,1.31457e-05,40543
-1.44258e-05,-1.50984e-05,40559
5.55848e-06,5.81767e-06,40567
-6.776e-06,-7.09195e-06,40571
4.83474e-06,5.06018e-06,40573
-3.97279e-07,-4.15801e-07,40574
-2.6417e-05,-2.76488e-05,40607
4.09902e-05,4.29015e-05,40623
-3.12312e-05,-3.26875e-05,40631
6.33965e-05,6.63525e-05,40635
-4.94182e-05,-5.17225e-05,40637
3.91344e-06,4.09592e-06,40638
-1.44258e-05,-1.50984e-05,40655
9.77148e-05,0.000102271,40663
-0.000309693,-0.000324134,40667
0.000253696,0.000265525,40669
-1.95556e-05,-2.04674e-05,40670
-7.22656e-05,-7.56352e-05,40679
0.000296261,0.000310075,40683
-0.000248047,-0.000259613,40685
1.8993e-05,1.98786e-05,40686
-3.91842e-05,-4.10112e-05,40691
4.02418e-05,4.21182e-05,40693
-3.54447e-06,-3.70974e-06,40694
1.92653e-06,2.01636e-06,40698
-1.13981e-06,-1.19296e-06,40700
1.66301e-05,1.74056e-05,40735
-2.6417e-05,-2.76488e-05,40751
2.27706e-05,2.38323e-05,40759
-4.9725e-05,-5.20436e-05,40763
3.92207e-05,4.10495e-05,40765
-3.10308e-06,-3.24777e-06,40766
1.256e-05,1.31457e-05,40783
-9.28369e-05,-9.71657e-05,40791
0.000301798,0.00031587,40795
-0.000247957,-0.000259519,40797
1.91226e-05,2.00143e-05,40798
7.00975e-05,7.3366e-05,40807
-0.00029281,-0.000306463,40811
0.000245635,0.000257089,40813
-1.88259e-05,-1.97037e-05,40814
3.87631e-05,4.05706e-05,40819
-3.99222e-05,-4.17837e-05,40821
3.52972e-06,3.69431e-06,40822
-1.92618e-06,-2.01599e-06,40826
1.13906e-06,1.19217e-06,40828
-1.26052e-06,-1.3193e-06,40847
1.20368e-05,1.2598e-05,40855
-4.4809e-05,-4.68984e-05,40859
3.72029e-05,3.89376e-05,40861
-2.85425e-06,-2.98734e-06,40862
-1.10558e-05,-1.15713e-05,40871
5.2609e-05,5.50621e-05,40875
-4.45577e-05,-4.66354e-05,40877
3.41031e-06,3.56933e-06,40878
-8.07756e-06,-8.4542e-06,40883
8.43149e-06,8.82464e-06,40885
-7.5991e-07,-7.95341e-07,40886
4.51855e-07,4.72926e-07,40890
-2.6561e-07,-2.77994e-07,40892
-4.05543e-06,-4.24453e-06,40907
3.53797e-06,3.70294e-06,40909
-2.74842e-07,-2.87656e-07,40910
3.9563e-06,4.14078e-06,40915
-4.07731e-06,-4.26743e-06,40917
3.66892e-07,3.84e-07,40918
-2.3233e-07,-2.43161e-07,40922
1.3641e-07,1.42768e-07,40924
-2.13654e-06,-2.23616e-06,40931
2.13057e-06,2.22992e-06,40933
-1.8458e-07,-1.93184e-07,40934
1.19212e-07,1.24775e-07,40938
-7.04157e-08,-7.36993e-08,40940
-1.25677e-08,-1.31516e-08,40946
7.73569e-09,8.09475e-09,40948
3.21153e-07,3.36127e-07,41727
-6.42826e-07,-6.72797e-07,41855
1.30558e-06,1.36646e-06,41919
-5.76763e-06,-6.03656e-06,41951
5.81235e-06,6.08338e-06,41967
-1.39943e-06,-1.46469e-06,41975
7.43611e-07,7.78286e-07,41979
-3.8156e-07,-3.99352e-07,41981
3.72416e-08,3.89768e-08,41982
-6.24841e-06,-6.53976e-06,42239
1.15854e-05,1.21256e-05,42367
-2.36228e-05,-2.47243e-05,42431
0.000114192,0.000119516,42463
-0.000115934,-0.00012134,42479
2.81608e-05,2.94739e-05,42487
-1.54453e-05,-1.61655e-05,42491
8.07955e-06,8.45628e-06,42493
-7.82606e-07,-8.19096e-07,42494
-1.12863e-05,-1.18126e-05,42623
0.000147973,0.000154873,42687
-0.000829248,-0.000867915,42719
0.000842738,0.000882033,42735
-0.000201994,-0.000211413,42743
0.000108857,0.000113932,42747
-5.63328e-05,-5.89595e-05,42749
5.53818e-06,5.79641e-06,42750
-0.000127015,-0.000132938,42815
0.000863158,0.000903406,42847
-0.000891569,-0.000933141,42863
0.000221594,0.000231927,42871
-0.000132403,-0.000138576,42875
7.30033e-05,7.64073e-05,42877
-6.94795e-06,-7.27192e-06,42878
-0.000152011,-0.0001591,42911
0.000198515,0.000207772,42927
-7.63695e-05,-7.99304e-05,42935
9.11883e-05,9.54403e-05,42939
-6.46039e-05,-6.76162e-05,42941
5.45169e-06,5.70589e-06,42942
-2.51828e-05,-2.63571e-05,42959
9.45896e-05,9.90002e-05,42967
-0.000251803,-0.000263545,42971
0.000205521,0.000215104,42973
-1.66864e-05,-1.74645e-05,42974
-6.32834e-05,-6.62342e-05,42983
0.000231622,0.000242422,42987
-0.000195272,-0.000204377,42989
1.57617e-05,1.64967e-05,42990
-3.18889e-05,-3.33758e-05,42995
3.2887e-05,3.44204e-05,42997
-3.02751e-06,-3.16867e-06,42998
1.62264e-06,1.6983e-06,43002
-9.51481e-07,-9.95848e-07,43004
8.15096e-06,8.53103e-06,43263
-1.46457e-05,-1.53286e-05,43391
2.93651e-05,3.07343e-05,43455
-0.000144042,-0.000150758,43487
0.000146767,0.00015361,43503
-3.61066e-05,-3.77902e-05,43511
2.05279e-05,2.1485e-05,43515
-1.09819e-05,-1.1494e-05,43517
1.05512e-06,1.10432e-06,43518
1.66427e-05,1.74187e-05,43647
-0.000225002,-0.000235494,43711
0.00127433,0.00133375,43743
-0.00129795,-0.00135848,43759
0.000314191,0.000328842,43767
-0.000173359,-0.000181443,43771
9.105e-05,9.52955e-05,43773
-8.90825e-06,-9.32363e-06,43774
0.000197254,0.000206452,43839
-0.00135616,-0.0014194,43871
0.00140543,0.00147097,43887
-0.000354841,-0.000371387,43895
0.000219694,0.000229938,43899
-0.000123484,-0.000129241,43901
1.16611e-05,1.22049e-05,43902
0.000249841,0.000261491,43935
-0.000329754,-0.000345129,43951
0.00013296,0.000139159,43959
-0.000167321,-0.000175123,43963
0.000119958,0.000125551,43965
-1.00565e-05,-1.05255e-05,43966
4.45093e-05,4.65847e-05,43983
-0.000177314,-0.000185582,43991
0.000482765,0.000505275,43995
-0.000394162,-0.000412541,43997
3.17914e-05,3.32738e-05,43998
0.000119921,0.000125512,44007
-0.00044584,-0.000466629,44011
0.00037547,0.000392978,44013
-3.00988e-05,-3.15023e-05,44014
6.11647e-05,6.40167e-05,44019
-6.30418e-05,-6.59813e-05,44021
5.77096e-06,6.04004e-06,44022
-3.09925e-06,-3.24377e-06,44026
1.81946e-06,1.9043e-06,44028
-3.96556e-06,-4.15047e-06,44159
6.99161e-05,7.31762e-05,44223
-0.000457972,-0.000479326,44255
0.00047934,0.000501691,44271
-0.000133012,-0.000139214,44279
0.000104145,0.000109002,44283
-6.56605e-05,-6.87221e-05,44285
5.95619e-06,6.23392e-06,44286
-7.98287e-05,-8.3551e-05,44351
0.00063698,0.000666681,44383
-0.000683253,-0.000715112,44399
0.000204485,0.00021402,44407
-0.00018217,-0.000190664,44411
0.000120189,0.000125793,44413
-1.06495e-05,-1.11461e-05,44414
-0.000184818,-0.000193435,44447
0.000263788,0.000276088,44463
-0.000147659,-0.000154544,44471
0.000252728,0.000264512,44475
-0.000193359,-0.000202374,44477
1.59829e-05,1.67281e-05,44478
-5.68554e-05,-5.95064e-05,44495
0.000314095,0.000328741,44503
-0.000969704,-0.00101492,44507
0.000801161,0.000838518,44509
-6.43006e-05,-6.72989e-05,44510
-0.000225317,-0.000235823,44519
0.00091789,0.000960689,44523
-0.000777225,-0.000813466,44525
6.20302e-05,6.49226e-05,44526
-0.000124664,-0.000130477,44531
0.000129348,0.000135379,44533
-1.1871e-05,-1.24245e-05,44534
6.38579e-06,6.68355e-06,44538
-3.75307e-06,-3.92807e-06,44540
-0.000113645,-0.000118944,44639
0.000135622,0.000141946,44655
-6.12617e-05,-6.41182e-05,44663
8.8746e-05,9.28841e-05,44667
-6.64106e-05,-6.95072e-05,44669
5.60611e-06,5.86751e-06,44670
0.000294029,0.000307739,44703
-0.000473951,-0.00049605,44719
0.000406913,0.000425886,44727
-0.000905891,-0.000948132,44731
0.000724422,0.0007582,44733
-5.97216e-05,-6.25063e-05,44734
0.000188516,0.000197306,44751
-0.00135779,-0.0014211,44759
0.00454331,0.00475516,44763
-0.00379002,-0.00396674,44765
0.000305444,0.000319687,44766
0.00101472,0.00106203,44775
-0.00436606,-0.00456964,44779
0.00371802,0.00389139,44781
-0.000298128,-0.00031203,44782
0.000584176,0.000611415,44787
-0.000609553,-0.000637975,44789
5.63979e-05,5.90277e-05,44790
-3.01995e-05,-3.16077e-05,44794
1.77439e-05,1.85713e-05,44796
-0.000193243,-0.000202254,44831
0.000318583,0.000333437,44847
-0.000305044,-0.000319268,44855
0.00072164,0.000755289,44859
-0.000582551,-0.000609715,44861
4.80265e-05,5.02659e-05,44862
-0.000168654,-0.000176518,44879
0.00130677,0.0013677,44887
-0.00446514,-0.00467334,44891
0.00373401,0.00390812,44893
-0.000301155,-0.000315197,44894
-0.000995129,-0.00104153,44903
0.00434879,0.00455156,44907
-0.0037096,-0.00388258,44909
0.00029779,0.000311676,44910
-0.000582649,-0.000609817,44915
0.000609553,0.000637975,44917
-5.66131e-05,-5.92528e-05,44918
3.04529e-05,3.18728e-05,44922
-1.78829e-05,-1.87167e-05,44924
1.69984e-05,1.7791e-05,44943
-0.000169917,-0.00017784,44951
0.000663924,0.000694881,44955
-0.000560929,-0.000587084,44957
4.50781e-05,4.718e-05,44958
0.000157463,0.000164805,44967
-0.000782755,-0.000819254,44971
0.000674102,0.000705534,44973
-5.41255e-05,-5.66493e-05,44974
0.000121949,0.000127635,44979
-0.000129348,-0.000135379,44981
1.22725e-05,1.28447e-05,44982
-7.23783e-06,-7.57531e-06,44986
4.22498e-06,4.42198e-06,44988
6.09339e-05,6.37752e-05,45003
-5.40351e-05,-5.65547e-05,45005
4.41713e-06,4.62309e-06,45006
-6.00409e-05,-6.28405e-05,45011
6.30418e-05,6.59813e-05,45013
-6.02601e-06,-6.30699e-06,45014
3.89349e-06,4.07504e-06,45018
-2.27549e-06,-2.3816e-06,45020
3.23395e-05,3.38475e-05,45027
-3.2887e-05,-3.44204e-05,45029
3.042e-06,3.18384e-06,45030
-2.06192e-06,-2.15806e-06,45034
1.21598e-06,1.27268e-06,45036
2.21317e-07,2.31638e-07,45042
-1.38394e-07,-1.44844e-07,45044
-0.000361257,-0.000378101,45791
0.000373357,0.000390766,45807
-9.76031e-05,-0.000102154,45815
6.50287e-05,6.80609e-05,45819
-3.8103e-05,-3.98797e-05,45821
3.60704e-06,3.77523e-06,45822
-5.78465e-05,-6.05438e-05,45887
0.000419494,0.000439055,45919
-0.000444169,-0.00046488,45935
0.000125609,0.000131466,45943
-9.95252e-05,-0.000104166,45947
6.29618e-05,6.58976e-05,45949
-5.74452e-06,-6.01237e-06,45950
-9.91945e-05,-0.00010382,45983
0.000138658,0.000145124,45999
-7.20037e-05,-7.53611e-05,46007
0.000117344,0.000122816,46011
-8.92907e-05,-9.34542e-05,46013
7.49514e-06,7.84463e-06,46014
-2.54632e-05,-2.66505e-05,46031
0.000131684,0.000137824,46039
-0.00040327,-0.000422074,46043
0.000334412,0.000350005,46045
-2.72558e-05,-2.85267e-05,46046
-9.32537e-05,-9.7602e-05,46055
0.000379144,0.000396823,46059
-0.000322515,-0.000337553,46061
2.61493e-05,2.73686e-05,46062
-5.18924e-05,-5.43121e-05,46067
5.40351e-05,5.65547e-05,46069
-5.03445e-06,-5.2692e-06,46070
2.69095e-06,2.81642e-06,46074
-1.57767e-06,-1.65124e-06,46076
7.35982e-06,7.703e-06,46207
-0.000143516,-0.000150208,46271
0.00100497,0.00105183,46303
-0.00108852,-0.00113928,46319
0.000362027,0.000378908,46327
-0.000387562,-0.000405633,46331
0.000272476,0.000285181,46333
-2.41465e-05,-2.52724e-05,46334
0.000179268,0.000187627,46399
-0.00152576,-0.0015969,46431
0.00169973,0.00177898,46447
-0.000613693,-0.000642308,46455
0.000720398,0.000753989,46459
-0.000517786,-0.000541929,46461
4.53515e-05,4.74662e-05,46462
0.000587192,0.000614572,46495
-0.000885564,-0.000926856,46511
0.000605734,0.000633978,46519
-0.00120164,-0.00125767,46523
0.00094825,0.000992465,46525
-7.96936e-05,-8.34095e-05,46526
0.000238623,0.00024975,46543
-0.00150355,-0.00157366,46551
0.00493722,0.00516743,46555
-0.00413142,-0.00432407,46557
0.000338957,0.000354761,46558
0.00110109,0.00115243,46567
-0.0047114,-0.00493109,46571
0.00403171,0.0042197,46573
-0.000329269,-0.000344622,46574
0.000643304,0.0006733,46579
-0.000674102,-0.000705534,46581
6.35103e-05,6.64716e-05,46582
-3.39115e-05,-3.54927e-05,46586
1.98587e-05,2.07847e-05,46588
0.000427657,0.000447597,46687
-0.000538883,-0.000564011,46703
0.000292642,0.000306288,46711
-0.000490005,-0.000512853,46715
0.000378613,0.000396267,46717
-3.23258e-05,-3.38331e-05,46718
-0.00143441,-0.00150129,46751
0.00239638,0.00250811,46767
-0.00226808,-0.00237384,46775
0.00535152,0.00560105,46779
-0.00433918,-0.00454151,46781
0.000364642,0.000381645,46782
-0.00105344,-0.00110256,46799
0.0079035,0.00827202,46807
-0.0272228,-0.0284921,46811
0.0229125,0.0239809,46813
-0.00188579,-0.00197372,46814
-0.00594329,-0.00622042,46823
0.0262228,0.0274455,46827
-0.0225149,-0.0235647,46829
0.00184501,0.00193104,46830
-0.0035282,-0.00369272,46835
0.0037096,0.00388258,46837
-0.000351264,-0.000367643,46838
0.000186761,0.000195469,46842
-0.000109344,-0.000114443,46844
0.000985531,0.00103148,46879
-0.00167744,-0.00175565,46895
0.00173775,0.00181878,46903
-0.00430629,-0.00450709,46907
0.00351771,0.00368174,46909
-0.000295648,-0.000309434,46910
0.000961179,0.001006,46927
-0.00766166,-0.00801891,46935
0.0268431,0.0280948,46939
-0.0226371,-0.0236926,46941
0.00186399,0.00195091,46942
0.00586058,0.00613385,46951
-0.0261875,-0.0274086,46955
0.0225149,0.0235647,46957
-0.00184649,-0.00193259,46958
0.00352817,0.00369268,46963
-0.00371802,-0.00389139,46965
0.000353197,0.000369666,46966
-0.000188683,-0.000197481,46970
0.000110414,0.000115562,46972
-9.58123e-05,-0.00010028,46991
0.000983581,0.00102944,46999
-0.00393461,-0.00411807,47003
0.00335106,0.00350732,47005
-0.000274983,-0.000287805,47006
-0.000915538,-0.000958228,47015
0.00464625,0.0048629,47019
-0.00403171,-0.0042197,47021
0.000330709,0.000346129,47022
-0.000727747,-0.000761681,47027
0.000777225,0.000813466,47029
-7.53583e-05,-7.88721e-05,47030
4.41549e-05,4.62138e-05,47034
-2.56903e-05,-2.68882e-05,47036
0.000322515,0.000337553,47053
-2.69104e-05,-2.81651e-05,47054
0.00035559,0.000372171,47059
-0.00037547,-0.000392978,47061
3.64872e-05,3.81886e-05,47062
-2.31182e-05,-2.41962e-05,47066
1.34731e-05,1.41013e-05,47068
-0.000191091,-0.000200001,47075
0.000195272,0.000204377,47077
-1.83104e-05,-1.91641e-05,47078
1.19905e-05,1.25496e-05,47082
-7.05271e-06,-7.38157e-06,47084
-1.30754e-06,-1.3685e-06,47090
8.12461e-07,8.50347e-07,47092
-4.57555e-06,-4.7889e-06,47231
8.96394e-05,9.38191e-05,47295
-0.000643675,-0.000673688,47327
0.000708535,0.000741572,47343
-0.00025522,-0.000267121,47351
0.000305515,0.000319761,47355
-0.000221372,-0.000231694,47357
1.94751e-05,2.03832e-05,47358
-0.000114956,-0.000120317,47423
0.00100125,0.00104794,47455
-0.00113307,-0.0011859,47471
0.000439755,0.00046026,47479
-0.000563489,-0.000589764,47483
0.000414054,0.000433361,47485
-3.6134e-05,-3.78189e-05,47486
-0.000425365,-0.000445199,47519
0.000652638,0.000683069,47535
-0.000472847,-0.000494895,47543
0.000972853,0.00101822,47547
-0.000773023,-0.000809068,47549
6.51721e-05,6.8211e-05,47550
-0.000188054,-0.000196823,47567
0.00122613,0.00128331,47575
-0.00408392,-0.00427435,47579
0.00342661,0.00358638,47581
-0.000282337,-0.000295502,47582
-0.000903116,-0.000945227,47591
0.00390745,0.00408964,47595
-0.00335106,-0.00350732,47597
0.000274925,0.000287744,47598
-0.000534177,-0.000559085,47603
0.000560929,0.000587084,47605
-5.31389e-05,-5.56166e-05,47606
2.83485e-05,2.96704e-05,47610
-1.65873e-05,-1.73608e-05,47612
-0.000367388,-0.000384518,47711
0.000471916,0.000493921,47727
-0.000271293,-0.000283943,47735
0.000471916,0.000493921,47739
-0.000367388,-0.000384518,47741
3.14277e-05,3.28931e-05,47742
0.00135677,0.00142003,47775
-0.00228837,-0.00239507,47791
0.00222293,0.00232658,47799
-0.00532216,-0.00557032,47803
0.00432931,0.00453117,47805
-0.000365271,-0.000382303,47806
0.00103707,0.00108543,47823
-0.00786993,-0.0082369,47831
0.0272958,0.0285685,47835
-0.0230199,-0.0240933,47837
0.00190331,0.00199206,47838
0.00592962,0.00620611,47847
-0.0263171,-0.0275442,47851
0.0226371,0.0236926,47853
-0.00186394,-0.00195085,47854
0.00354514,0.00371044,47859
-0.00373401,-0.00390812,47861
0.000355504,0.000372081,47862
-0.000188795,-0.000197599,47866
0.000110434,0.000115583,47868
-0.000953386,-0.00099784,47903
0.00163613,0.00171242,47919
-0.00173099,-0.0018117,47927
0.00434143,0.00454387,47931
-0.0035566,-0.00372244,47933
0.000300203,0.000314201,47934
-0.000961179,-0.001006,47951
0.00772632,0.00808659,47959
-0.0272423,-0.0285126,47963
0.0230199,0.0240933,47965
-0.00190475,-0.00199357,47966
-0.00591956,-0.00619558,47975
0.0265998,0.0278401,47979
-0.0229125,-0.0239809,47981
0.00188874,0.00197681,47982
-0.00358972,-0.0037571,47987
0.00379002,0.00396674,47989
-0.000362195,-0.000379083,47990
0.000193354,0.000202369,47994
-0.000113034,-0.000118305,47996
9.59723e-05,0.000100447,48015
-0.000995321,-0.00104173,48023
0.00401341,0.00420055,48027
-0.00342661,-0.00358638,48029
0.000282932,0.000296125,48030
0.000929117,0.00097244,48039
-0.00474958,-0.00497104,48043
0.00413142,0.00432407,48045
-0.000341204,-0.000357114,48046
0.000747935,0.00078281,48051
-0.000801161,-0.000838518,48053
7.8469e-05,8.21278e-05,48054
-4.62446e-05,-4.84009e-05,48058
2.68779e-05,2.81312e-05,48060
-0.000334412,-0.000350005,48077
2.82015e-05,2.95165e-05,48078
-0.000370806,-0.000388096,48083
0.000394162,0.000412541,48085
-3.92599e-05,-4.10905e-05,48086
2.61289e-05,2.73472e-05,48090
-1.52612e-05,-1.59728e-05,48092
0.000199436,0.000208735,48099
-0.000205521,-0.000215104,48101
1.99093e-05,2.08376e-05,48102
-1.43052e-05,-1.49722e-05,48106
8.46342e-06,8.85806e-06,48108
1.55277e-06,1.62517e-06,48114
-9.89867e-07,-1.03602e-06,48116
3.15207e-05,3.29904e-05,48223
-4.24674e-05,-4.44476e-05,48239
2.78487e-05,2.91473e-05,48247
-5.27848e-05,-5.52461e-05,48251
4.17735e-05,4.37213e-05,48253
-3.59104e-06,-3.75849e-06,48254
-0.000163019,-0.000170621,48287
0.000280412,0.000293488,48303
-0.00029309,-0.000306756,48311
0.000734294,0.000768533,48315
-0.000603132,-0.000631255,48317
5.14524e-05,5.38515e-05,48318
-0.000149164,-0.000156119,48335
0.0011824,0.00123754,48343
-0.00419215,-0.00438762,48347
0.0035566,0.00372244,48349
-0.000298055,-0.000311953,48350
-0.000899804,-0.000941761,48359
0.00406722,0.00425686,48363
-0.00351771,-0.00368174,48365
0.000293899,0.000307604,48366
-0.000549612,-0.00057524,48371
0.000582551,0.000609715,48373
-5.65642e-05,-5.92017e-05,48374
3.01469e-05,3.15526e-05,48378
-1.75821e-05,-1.84019e-05,48380
0.000141013,0.000147589,48415
-0.000245869,-0.000257333,48431
0.000278194,0.000291165,48439
-0.000728963,-0.000762953,48443
0.000603132,0.000631255,48445
-5.15932e-05,-5.39989e-05,48446
0.000168654,0.000176518,48463
-0.00140984,-0.00147558,48471
0.00508868,0.00532596,48475
-0.00432931,-0.00453117,48477
0.000364013,0.000380986,48478
0.00109122,0.0011421,48487
-0.00500489,-0.00523826,48491
0.00433918,0.00454151,48493
-0.000364012,-0.000380986,48494
0.000680841,0.000712587,48499
-0.000724422,-0.0007582,48501
7.09804e-05,7.42901e-05,48502
-3.82104e-05,-3.99921e-05,48506
2.22587e-05,2.32966e-05,48508
-1.97852e-05,-2.07078e-05,48527
0.000214289,0.000224281,48535
-0.000895658,-0.000937421,48539
0.000773023,0.000809068,48541
-6.56199e-05,-6.86796e-05,48542
-0.000203649,-0.000213145,48551
0.00107777,0.00112803,48555
-0.00094825,-0.000992465,48557
8.09022e-05,8.46745e-05,48558
-0.000177306,-0.000185574,48563
0.000193359,0.000202374,48565
-2.01888e-05,-2.11302e-05,48566
1.27846e-05,1.33807e-05,48570
-7.41491e-06,-7.76065e-06,48572
8.92907e-05,9.34542e-05,48589
-8.07701e-06,-8.45362e-06,48590
0.00010696,0.000111947,48595
-0.000119958,-0.000125551,48597
1.44233e-05,1.50959e-05,48598
-1.36653e-05,-1.43025e-05,48602
8.13511e-06,8.51444e-06,48604
-5.84008e-05,-6.11239e-05,48611
6.46039e-05,6.76162e-05,48613
-8.02118e-06,-8.3952e-06,48614
9.83768e-06,1.02964e-05,48618
-5.99512e-06,-6.27466e-06,48620
-1.03794e-06,-1.08633e-06,48626
7.38104e-07,7.72519e-07,48628
-9.06386e-05,-9.4865e-05,48743
0.000432332,0.000452491,48747
-0.000378613,-0.000396267,48749
3.25673e-05,3.40859e-05,48750
-6.13645e-05,-6.42259e-05,48755
6.64106e-05,6.95072e-05,48757
-6.88743e-06,-7.20858e-06,48758
3.982e-06,4.16767e-06,48762
-2.31323e-06,-2.42109e-06,48764
1.02619e-05,1.07404e-05,48783
-0.000110037,-0.000115168,48791
0.000472933,0.000494985,48795
-0.000414054,-0.000433361,48797
3.68575e-05,3.85761e-05,48798
0.000105155,0.000110058,48807
-0.000577803,-0.000604745,48811
0.000517786,0.000541929,48813
-4.70476e-05,-4.92414e-05,48814
0.00010552,0.000110441,48819
-0.000120189,-0.000125793,48821
1.47875e-05,1.5477e-05,48822
-1.1915e-05,-1.24706e-05,48826
6.99124e-06,7.31723e-06,48828
-6.29618e-05,-6.58976e-05,48845
6.90436e-06,7.2263e-06,48846
-9.73504e-05,-0.00010189,48851
0.000123484,0.000129241,48853
-2.15857e-05,-2.25922e-05,48854
3.16244e-05,3.3099e-05,48858
-1.9335e-05,-2.02365e-05,48860
5.66561e-05,5.92978e-05,48867
-7.30033e-05,-7.64073e-05,48869
1.39433e-05,1.45935e-05,48870
-2.73823e-05,-2.86591e-05,48874
1.71211e-05,1.79194e-05,48876
2.91711e-06,3.05314e-06,48882
-2.20586e-06,-2.30871e-06,48884
-5.8044e-06,-6.07505e-06,48911
5.96631e-05,6.24451e-05,48919
-0.000252409,-0.000264178,48923
0.000221372,0.000231694,48925
-1.99887e-05,-2.09207e-05,48926
-5.55957e-05,-5.8188e-05,48935
0.000302802,0.000316921,48939
-0.000272476,-0.000285181,48941
2.52953e-05,2.64748e-05,48942
-5.66777e-05,-5.93205e-05,48947
6.56605e-05,6.87221e-05,48949
-8.61675e-06,-9.01853e-06,48950
7.62412e-06,7.97961e-06,48954
-4.50584e-06,-4.71593e-06,48956
3.8103e-05,3.98797e-05,48973
-4.60661e-06,-4.82141e-06,48974
6.84407e-05,7.16319e-05,48979
-9.105e-05,-9.52955e-05,48981
1.78376e-05,1.86694e-05,48982
-2.872e-05,-3.00591e-05,48986
1.76594e-05,1.84828e-05,48988
-4.14069e-05,-4.33376e-05,48995
5.63328e-05,5.89595e-05,48997
-1.20746e-05,-1.26377e-05,48998
2.58165e-05,2.70202e-05,49002
-1.62158e-05,-1.69719e-05,49004
-2.75889e-06,-2.88753e-06,49010
2.10667e-06,2.20491e-06,49012
-3.64109e-06,-3.81087e-06,49037
4.48436e-07,4.69347e-07,49038
-8.07973e-06,-8.45648e-06,49043
1.09819e-05,1.1494e-05,49045
-2.23649e-06,-2.34077e-06,49046
4.16059e-06,4.35459e-06,49050
-2.58193e-06,-2.70232e-06,49052
5.73761e-06,6.00515e-06,49059
-8.07954e-06,-8.45628e-06,49061
1.8301e-06,1.91543e-06,49062
-4.55075e-06,-4.76294e-06,49066
2.88424e-06,3.01873e-06,49068
5.54847e-07,5.80718e-07,49074
-4.31367e-07,-4.51479e-07,49076
-2.1041e-07,-2.2022e-07,49100
-2.80528e-07,-2.93605e-07,49106
2.1369e-07,2.23653e-07,49108
1.5727e-07,1.64604e-07,49122
-1.15975e-07,-1.2138e-07,49124
4.18324e-07,4.37831e-07,50047
-8.46745e-07,-8.86226e-07,50111
3.76576e-06,3.94135e-06,50143
-3.80434e-06,-3.98173e-06,50159
9.28e-07,9.71273e-07,50167
-5.12511e-07,-5.36408e-07,50171
2.702e-07,2.82798e-07,50173
-2.65268e-08,-2.77644e-08,50174
4.11349e-06,4.3053e-06,50431
-7.59276e-06,-7.9468e-06,50559
1.54172e-05,1.61361e-05,50623
-7.48633e-05,-7.8354e-05,50655
7.61674e-05,7.97189e-05,50671
-1.87349e-05,-1.96084e-05,50679
1.06804e-05,1.11784e-05,50683
-5.73761e-06,-6.00515e-06,50685
5.59037e-07,5.85104e-07,50686
7.47287e-06,7.82131e-06,50815
-9.9028e-05,-0.000103645,50879
0.000557755,0.000583762,50911
-0.00056811,-0.0005946,50927
0.000138172,0.000144615,50935
-7.76684e-05,-8.12899e-05,50939
4.14069e-05,4.33376e-05,50941
-4.09299e-06,-4.28384e-06,50942
8.57458e-05,8.9744e-05,51007
-0.00058647,-0.000613817,51039
0.000607912,0.000636258,51055
-0.0001546,-0.000161809,51063
9.86587e-05,0.000103259,51067
-5.66561e-05,-5.92978e-05,51069
5.41628e-06,5.66883e-06,51070
0.000107529,0.000112543,51103
-0.000142213,-0.000148844,51119
5.89517e-05,6.17005e-05,51127
-7.93627e-05,-8.30632e-05,51131
5.84008e-05,6.11239e-05,51133
-5.03654e-06,-5.27138e-06,51134
1.96658e-05,2.05828e-05,51151
-8.28672e-05,-8.67311e-05,51159
0.000239929,0.000251116,51163
-0.000199436,-0.000208735,51165
1.66923e-05,1.74706e-05,51166
5.6861e-05,5.95123e-05,51175
-0.000223314,-0.000233727,51179
0.000191091,0.000200001,51181
-1.5925e-05,-1.66675e-05,51182
3.09106e-05,3.23519e-05,51187
-3.23395e-05,-3.38475e-05,51189
3.08899e-06,3.23302e-06,51190
-1.63866e-06,-1.71507e-06,51194
9.56313e-07,1.00091e-06,51196
-5.50675e-06,-5.76352e-06,51455
9.85207e-06,1.03115e-05,51583
-1.96559e-05,-2.05724e-05,51647
9.69016e-05,0.00010142,51679
-9.89737e-05,-0.000103589,51695
2.46985e-05,2.58502e-05,51703
-1.46713e-05,-1.53553e-05,51707
8.07973e-06,8.45648e-06,51709
-7.80688e-07,-8.1709e-07,51710
-1.12863e-05,-1.18126e-05,51839
0.000154228,0.000161419,51903
-0.000877792,-0.000918722,51935
0.000896092,0.000937875,51951
-0.000220114,-0.000230378,51959
0.00012662,0.000132524,51963
-6.84407e-05,-7.16319e-05,51965
6.73567e-06,7.04974e-06,51966
-0.00013634,-0.000142698,52031
0.000943112,0.000987088,52063
-0.000980751,-0.00102648,52079
0.000253218,0.000265025,52087
-0.000166865,-0.000174645,52091
9.73504e-05,0.00010189,52093
-9.24702e-06,-9.67819e-06,52094
-0.000180384,-0.000188795,52127
0.000240819,0.000252048,52143
-0.000103696,-0.000108531,52151
0.000144475,0.000151212,52155
-0.00010696,-0.000111947,52157
9.17215e-06,9.59984e-06,52158
-3.49802e-05,-3.66113e-05,52175
0.000152928,0.000160059,52183
-0.000446653,-0.00046748,52187
0.000370806,0.000388096,52189
-3.08364e-05,-3.22743e-05,52190
-0.000105512,-0.000110431,52199
0.000416344,0.000435757,52203
-0.00035559,-0.000372171,52205
2.9435e-05,3.08075e-05,52206
-5.74753e-05,-6.01552e-05,52211
6.00409e-05,6.28405e-05,52213
-5.69911e-06,-5.96485e-06,52214
3.02942e-06,3.17068e-06,52218
-1.76992e-06,-1.85245e-06,52220
2.89749e-06,3.03259e-06,52351
-5.18584e-05,-5.42765e-05,52415
0.000342397,0.000358363,52447
-0.000360079,-0.000376869,52463
0.000103038,0.000107842,52471
-8.68634e-05,-9.09137e-05,52475
5.66777e-05,5.93205e-05,52477
-5.19957e-06,-5.44202e-06,52478
5.99086e-05,6.2702e-05,52543
-0.000481906,-0.000504377,52575
0.000519925,0.000544168,52591
-0.000161284,-0.000168805,52599
0.000154984,0.000162211,52603
-0.00010552,-0.000110441,52605
9.48694e-06,9.9293e-06,52606
0.000146035,0.000152844,52639
-0.00021074,-0.000220566,52655
0.000124437,0.000130239,52663
-0.000227244,-0.00023784,52667
0.000177306,0.000185574,52669
-1.50475e-05,-1.57491e-05,52670
4.78755e-05,5.01078e-05,52687
-0.000277485,-0.000290423,52695
0.000893513,0.000935176,52699
-0.000747935,-0.00078281,52701
6.18819e-05,6.47673e-05,52702
0.000200887,0.000210254,52711
-0.000849232,-0.00088883,52715
0.000727747,0.000761681,52717
-5.9942e-05,-6.2737e-05,52718
0.000116226,0.000121645,52723
-0.000121949,-0.000127635,52725
1.15752e-05,1.21149e-05,52726
-6.16626e-06,-6.45378e-06,52730
3.60663e-06,3.7748e-06,52732
-0.000109337,-0.000114435,52847
5.1912e-05,5.43326e-05,52855
-8.03054e-05,-8.40499e-05,52859
6.13645e-05,6.42259e-05,52861
-5.30736e-06,-5.55484e-06,52862
-0.00024661,-0.000258109,52895
0.000401384,0.000420099,52911
-0.000359181,-0.000375929,52919
0.000838459,0.000877555,52923
-0.000680841,-0.000712587,52925
5.77861e-05,6.04806e-05,52926
-0.000165587,-0.000173308,52943
0.00122744,0.00128468,52951
-0.00425058,-0.00444877,52955
0.00358972,0.0037571,52957
-0.000298475,-0.000312393,52958
-0.000922546,-0.000965563,52967
0.00409523,0.00428618,52971
-0.00352817,-0.00369268,52973
0.000292155,0.000305777,52974
-0.000552378,-0.000578134,52979
0.000582649,0.000609817,52981
-5.57586e-05,-5.83586e-05,52982
2.95679e-05,3.09466e-05,52986
-1.72859e-05,-1.80919e-05,52988
0.000163949,0.000171593,53023
-0.000272698,-0.000285414,53039
0.000271235,0.000283882,53047
-0.000670911,-0.000702195,53051
0.000549612,0.00057524,53053
-4.66731e-05,-4.88494e-05,53054
0.000149164,0.000156119,53071
-0.0011855,-0.00124078,53079
0.00418784,0.00438311,53083
-0.00354514,-0.00371044,53085
0.000295061,0.000308819,53086
0.000907489,0.000949804,53095
-0.00408841,-0.00427904,53099
0.0035282,0.00369272,53101
-0.000292556,-0.000306197,53102
0.000552378,0.000578134,53107
-0.000584176,-0.000611415,53109
5.61309e-05,5.87482e-05,53110
-2.99136e-05,-3.13084e-05,53114
1.74773e-05,1.82923e-05,53116
-1.51335e-05,-1.58391e-05,53135
0.000154854,0.000162075,53143
-0.000624707,-0.000653836,53147
0.000534177,0.000559085,53149
-4.43473e-05,-4.64151e-05,53150
-0.000144252,-0.000150979,53159
0.000738404,0.000772835,53163
-0.000643304,-0.0006733,53165
5.34123e-05,5.59028e-05,53166
-0.000116226,-0.000121645,53171
0.000124664,0.000130477,53173
-1.22595e-05,-1.28311e-05,53174
7.2014e-06,7.53719e-06,53178
-4.18308e-06,-4.37813e-06,53180
5.18924e-05,5.43121e-05,53197
-4.39722e-06,-4.60225e-06,53198
5.74753e-05,6.01552e-05,53203
-6.11647e-05,-6.40167e-05,53205
6.10884e-06,6.39368e-06,53206
-4.03238e-06,-4.2204e-06,53210
2.35055e-06,2.46016e-06,53212
-3.09106e-05,-3.23519e-05,53219
3.18889e-05,3.33758e-05,53221
-3.09621e-06,-3.24058e-06,53222
2.19609e-06,2.29849e-06,53226
-1.29502e-06,-1.35541e-06,53228
-2.38313e-07,-2.49423e-07,53234
1.50982e-07,1.58025e-07,53236
-0.000379144,-0.000396823,54111
0.00040327,0.000422074,54127
-0.000117344,-0.000122816,54135
9.95252e-05,0.000104166,54139
-6.50287e-05,-6.80609e-05,54141
6.0107e-06,6.29097e-06,54142
9.32537e-05,9.7602e-05,54175
-0.000131684,-0.000137824,54191
7.20037e-05,7.53611e-05,54199
-0.000125609,-0.000131466,54203
9.76031e-05,0.000102154,54205
-8.41151e-06,-8.80372e-06,54206
2.54632e-05,2.66505e-05,54223
-0.000138658,-0.000145124,54231
0.000444169,0.00046488,54235
-0.000373357,-0.000390766,54237
3.13795e-05,3.28427e-05,54238
9.91945e-05,0.00010382,54247
-0.000419494,-0.000439055,54251
0.000361257,0.000378101,54253
-3.02388e-05,-3.16488e-05,54254
5.78465e-05,6.05438e-05,54259
-6.09339e-05,-6.37752e-05,54261
5.87378e-06,6.14766e-06,54262
-3.10903e-06,-3.254e-06,54266
1.81383e-06,1.8984e-06,54268
-7.00076e-06,-7.32719e-06,54399
0.000138263,0.00014471,54463
-0.000974648,-0.00102009,54495
0.00106129,0.00111078,54511
-0.00036524,-0.00038227,54519
0.00041931,0.000438862,54523
-0.000302802,-0.000316921,54525
2.74014e-05,2.86791e-05,54526
-0.000174384,-0.000182515,54591
0.00149258,0.00156218,54623
-0.00167226,-0.00175024,54639
0.000625373,0.000654533,54647
-0.000784479,-0.000821058,54651
0.000577803,0.000604745,54653
-5.17689e-05,-5.41828e-05,54654
-0.00059221,-0.000619824,54687
0.000900026,0.000941992,54703
-0.000640918,-0.000670803,54711
0.0013421,0.00140468,54715
-0.00107777,-0.00112803,54717
9.32917e-05,9.76417e-05,54718
-0.000251242,-0.000262957,54735
0.00164031,0.00171679,54743
-0.00560095,-0.00586212,54747
0.00474958,0.00497104,54749
-0.000402502,-0.00042127,54750
-0.00121002,-0.00126644,54759
0.0053625,0.00561255,54763
-0.00464625,-0.0048629,54765
0.000392359,0.000410654,54766
-0.000738404,-0.000772835,54771
0.000782755,0.000819254,54773
-7.63841e-05,-7.99458e-05,54774
4.03874e-05,4.22706e-05,54778
-2.35265e-05,-2.46235e-05,54780
0.000549039,0.00057464,54895
-0.000309905,-0.000324356,54903
0.000549039,0.00057464,54907
-0.000432332,-0.000452491,54909
3.79718e-05,3.97423e-05,54910
0.00149303,0.00156265,54943
-0.00250893,-0.00262591,54959
0.00245629,0.00257083,54967
-0.00607561,-0.00635891,54971
0.00500489,0.00523826,54973
-0.00043406,-0.000454299,54974
0.00113216,0.00118496,54991
-0.00873047,-0.00913755,54999
0.0311891,0.0326434,55003
-0.0265998,-0.0278401,55005
0.00226355,0.0023691,55006
0.00660312,0.00691101,55015
-0.0301211,-0.0315256,55019
0.0261875,0.0274086,55021
-0.0022209,-0.00232445,55022
0.00408841,0.00427904,55027
-0.00434879,-0.00455156,55029
0.000426772,0.000446671,55030
-0.000224614,-0.000235088,55034
0.000130786,0.000136884,55036
-0.00103322,-0.00108139,55071
0.00176734,0.00184974,55087
-0.00189018,-0.00197832,55095
0.0049027,0.0051313,55099
-0.00406722,-0.00425686,55101
0.00035293,0.000369386,55102
-0.00103707,-0.00108543,55119
0.00848088,0.00887633,55127
-0.0307993,-0.0322354,55131
0.0263171,0.0275442,55133
-0.00224103,-0.00234552,55134
-0.00652275,-0.0068269,55143
0.0301211,0.0315256,55147
-0.0262228,-0.0274455,55149
0.00222613,0.00232993,55150
-0.00409523,-0.00428618,55155
0.00436606,0.00456964,55157
-0.000429952,-0.00045,55158
0.000227467,0.000238074,55162
-0.000132374,-0.000138547,55164
0.000104104,0.000108958,55183
-0.00109401,-0.00114502,55191
0.00452908,0.00474026,55195
-0.00390745,-0.00408964,55197
0.000331921,0.000347398,55198
0.00102387,0.00107161,55207
-0.0053625,-0.00561255,55211
0.0047114,0.00493109,55213
-0.000400453,-0.000419125,55214
0.000849232,0.00088883,55219
-0.00091789,-0.000960689,55221
9.24229e-05,9.67324e-05,55222
-5.39284e-05,-5.6443e-05,55226
3.12098e-05,3.2665e-05,55228
3.2854e-05,3.43859e-05,55246
-0.000416344,-0.000435757,55251
0.00044584,0.000466629,55253
-4.53217e-05,-4.74349e-05,55254
2.92845e-05,3.065e-05,55258
-1.7015e-05,-1.78084e-05,55260
0.000223314,0.000233727,55267
-0.000231622,-0.000242422,55269
2.28163e-05,2.38801e-05,55270
-1.55968e-05,-1.63241e-05,55274
9.16951e-06,9.59706e-06,55276
1.72133e-06,1.8016e-06,55282
-1.08315e-06,-1.13366e-06,55284
4.44203e-06,4.64915e-06,55423
-8.81549e-05,-9.22655e-05,55487
0.000637692,0.000667426,55519
-0.000706181,-0.000739109,55535
0.000264105,0.000276419,55543
-0.000339506,-0.000355337,55547
0.000252409,0.000264178,55549
-2.2745e-05,-2.38056e-05,55550
0.000114236,0.000119563,55615
-0.00100064,-0.0010473,55647
0.00113929,0.00119241,55663
-0.000458827,-0.000480221,55671
0.000628508,0.000657815,55675
-0.000472933,-0.000494985,55677
4.2324e-05,4.42975e-05,55678
0.000437744,0.000458155,55711
-0.000676561,-0.000708108,55727
0.000509883,0.000533658,55735
-0.00110744,-0.00115908,55739
0.000895658,0.000937421,55741
-7.78838e-05,-8.15154e-05,55742
0.000201621,0.000211022,55759
-0.00136106,-0.00142452,55767
0.00471794,0.00493793,55771
-0.00401341,-0.00420055,55773
0.000342022,0.00035797,55774
0.00100978,0.00105686,55783
-0.00452908,-0.00474026,55787
0.00393461,0.00411807,55789
-0.000334219,-0.000349803,55790
0.000624707,0.000653836,55795
-0.000663924,-0.000694881,55797
6.5235e-05,6.82768e-05,55798
-3.44587e-05,-3.60654e-05,55802
2.00511e-05,2.09861e-05,55804
-0.000490005,-0.000512853,55919
0.000292642,0.000306288,55927
-0.000538883,-0.000564011,55931
0.000427657,0.000447597,55933
-3.7696e-05,-3.94537e-05,55934
-0.00143564,-0.00150258,55967
0.00243455,0.00254807,55983
-0.00244695,-0.00256105,55991
0.00615329,0.00644021,55995
-0.00508868,-0.00532596,55997
0.00044377,0.000464462,55998
-0.00113216,-0.00118496,56015
0.00883941,0.00925158,56023
-0.0318578,-0.0333433,56027
0.0272423,0.0285126,56029
-0.00233251,-0.00244127,56030
-0.00670048,-0.00701291,56039
0.0307993,0.0322354,56043
-0.0268431,-0.0280948,56045
0.00229112,0.00239795,56046
-0.00418784,-0.00438311,56051
0.00446514,0.00467334,56053
-0.000441342,-0.000461921,56054
0.000231961,0.000242777,56058
-0.000134897,-0.000141187,56060
0.0010159,0.00106327,56095
-0.00175125,-0.00183291,56111
0.00191376,0.002003,56119
-0.00503505,-0.00526983,56123
0.00419215,0.00438762,56125
-0.00036592,-0.000382983,56126
0.00105344,0.00110256,56143
-0.00869867,-0.00910427,56151
0.0318578,0.0333433,56155
-0.0272958,-0.0285685,56157
0.00233961,0.0024487,56158
0.00670337,0.00701594,56167
-0.0311891,-0.0326434,56171
0.0272228,0.0284921,56173
-0.00232691,-0.00243541,56174
0.00425058,0.00444877,56179
-0.00454331,-0.00475516,56181
0.000450965,0.000471992,56182
-0.000238416,-0.000249533,56186
0.000138562,0.000145023,56188
-0.000106074,-0.00011102,56207
0.00112782,0.00118041,56215
-0.00471794,-0.00493793,56219
0.00408392,0.00427435,56221
-0.000349813,-0.000366124,56222
-0.00105914,-0.00110853,56231
0.00560095,0.00586212,56235
-0.00493722,-0.00516743,56237
0.00042349,0.000443237,56238
-0.000893513,-0.000935176,56243
0.000969704,0.00101492,56245
-9.8972e-05,-0.000103587,56246
5.82551e-05,6.09714e-05,56250
-3.36702e-05,-3.52402e-05,56252
-3.54506e-05,-3.71036e-05,56270
0.000446653,0.00046748,56275
-0.000482765,-0.000505275,56277
5.07451e-05,5.31112e-05,56278
-3.50677e-05,-3.67029e-05,56282
2.04404e-05,2.13935e-05,56284
-0.000239929,-0.000251116,56291
0.000251803,0.000263545,56293
-2.59273e-05,-2.71362e-05,56294
2.0011e-05,2.09441e-05,56298
-1.18518e-05,-1.24044e-05,56300
-2.19308e-06,-2.29534e-06,56306
1.42241e-06,1.48874e-06,56308
4.43295e-05,4.63965e-05,56431
-3.04614e-05,-3.18818e-05,56439
6.15902e-05,6.44621e-05,56443
-4.97846e-05,-5.2106e-05,56445
4.43083e-06,4.63743e-06,56446
0.000174574,0.000182714,56479
-0.000301961,-0.000316041,56495
0.000328326,0.000343635,56503
-0.000870871,-0.000911478,56507
0.000728963,0.000762953,56509
-6.46024e-05,-6.76147e-05,56510
0.000165587,0.000173308,56527
-0.00135723,-0.00142052,56535
0.00503505,0.00526983,56539
-0.00434143,-0.00454387,56541
0.000378812,0.000396476,56542
0.00104051,0.00108903,56551
-0.0049027,-0.0051313,56555
0.00430629,0.00450709,56557
-0.000375088,-0.000392578,56558
0.000670911,0.000702195,56563
-0.00072164,-0.000755289,56565
7.32719e-05,7.66885e-05,56566
-3.87463e-05,-4.0553e-05,56570
2.24438e-05,2.34903e-05,56572
-0.000152672,-0.000159791,56607
0.000267277,0.00027974,56623
-0.000314011,-0.000328653,56631
0.000870871,0.000911478,56635
-0.000734294,-0.000768533,56637
6.53251e-05,6.83711e-05,56638
-0.000188516,-0.000197306,56655
0.00162824,0.00170416,56663
-0.00615329,-0.00644021,56667
0.00532216,0.00557032,56669
-0.000466396,-0.000488143,56670
-0.00126975,-0.00132896,56679
0.00607561,0.00635891,56683
-0.00535152,-0.00560105,56685
0.000468564,0.000490412,56686
-0.000838459,-0.000877555,56691
0.000905891,0.000948132,56693
-9.30028e-05,-9.73394e-05,56694
4.98132e-05,5.21359e-05,56698
-2.8817e-05,-3.01607e-05,56700
2.25305e-05,2.3581e-05,56719
-0.000252392,-0.00026416,56727
0.00110744,0.00115908,56731
-0.000972853,-0.00101822,56733
8.64847e-05,9.05173e-05,56734
0.000242255,0.000253551,56743
-0.0013421,-0.00140468,56747
0.00120164,0.00125767,56749
-0.000107631,-0.00011265,56750
0.000227244,0.00023784,56755
-0.000252728,-0.000264512,56757
2.80352e-05,2.93424e-05,56758
-1.81935e-05,-1.90418e-05,56762
1.04969e-05,1.09863e-05,56764
1.12958e-05,1.18225e-05,56782
-0.000144475,-0.000151212,56787
0.000167321,0.000175123,56789
-2.20867e-05,-2.31165e-05,56790
2.27746e-05,2.38365e-05,56794
-1.35572e-05,-1.41893e-05,56796
7.93627e-05,8.30632e-05,56803
-9.11883e-05,-9.54403e-05,56805
1.26033e-05,1.3191e-05,56806
-1.71729e-05,-1.79736e-05,56810
1.04708e-05,1.0959e-05,56812
1.82268e-06,1.90767e-06,56818
-1.30977e-06,-1.37084e-06,56820
8.03054e-05,8.40499e-05,56947
-8.8746e-05,-9.28841e-05,56949
9.80076e-06,1.02578e-05,56950
-5.78659e-06,-6.0564e-06,56954
3.33933e-06,3.49504e-06,56956
-1.2053e-05,-1.2615e-05,56975
0.000136383,0.000142742,56983
-0.000628508,-0.000657815,56987
0.000563489,0.000589764,56989
-5.32181e-05,-5.56996e-05,56990
-0.000133316,-0.000139533,56999
0.000784479,0.000821058,57003
-0.000720398,-0.000753989,57005
6.97995e-05,7.30542e-05,57006
-0.000154984,-0.000162211,57011
0.00018217,0.000190664,57013
-2.4379e-05,-2.55157e-05,57014
2.07709e-05,2.17394e-05,57018
-1.21453e-05,-1.27116e-05,57020
-1.18058e-05,-1.23563e-05,57038
0.000166865,0.000174645,57043
-0.000219694,-0.000229938,57045
4.10264e-05,4.29393e-05,57046
-6.19385e-05,-6.48266e-05,57050
3.76919e-05,3.94494e-05,57052
-9.86587e-05,-0.000103259,57059
0.000132403,0.000138576,57061
-2.69289e-05,-2.81845e-05,57062
5.42108e-05,5.67386e-05,57066
-3.37118e-05,-3.52837e-05,57068
-5.75013e-06,-6.01824e-06,57074
4.32785e-06,4.52965e-06,57076
6.81622e-06,7.13405e-06,57103
-7.43004e-05,-7.77649e-05,57111
0.000339506,0.000355337,57115
-0.000305515,-0.000319761,57117
2.93751e-05,3.07448e-05,57118
7.12476e-05,7.45697e-05,57127
-0.00041931,-0.000438862,57131
0.000387562,0.000405633,57133
-3.85281e-05,-4.03246e-05,57134
8.68634e-05,9.09137e-05,57139
-0.000104145,-0.000109002,57141
1.48757e-05,1.55693e-05,57142
-1.39024e-05,-1.45506e-05,57146
8.18617e-06,8.56787e-06,57148
8.41644e-06,8.80888e-06,57166
-0.00012662,-0.000132524,57171
0.000173359,0.000181443,57173
-3.52803e-05,-3.69253e-05,57174
5.73507e-05,6.00248e-05,57178
-3.50585e-05,-3.66932e-05,57180
7.76684e-05,8.12899e-05,57187
-0.000108857,-0.000113932,57189
2.41001e-05,2.52239e-05,57190
-5.17802e-05,-5.41946e-05,57194
3.23149e-05,3.38217e-05,57196
5.49965e-06,5.75609e-06,57202
-4.17133e-06,-4.36583e-06,57204
-8.0203e-07,-8.39426e-07,57230
1.46713e-05,1.53553e-05,57235
-2.05279e-05,-2.1485e-05,57237
4.37392e-06,4.57786e-06,57238
-8.24765e-06,-8.63222e-06,57242
5.09091e-06,5.32829e-06,57244
-1.06804e-05,-1.11784e-05,57251
1.54453e-05,1.61655e-05,57253
-3.62379e-06,-3.79277e-06,57254
9.06916e-06,9.49204e-06,57258
-5.71391e-06,-5.98034e-06,57260
-1.10482e-06,-1.15633e-06,57266
8.52942e-07,8.92713e-07,57268
5.5936e-07,5.85441e-07,57298
-4.23194e-07,-4.42926e-07,57300
-3.14097e-07,-3.28738e-07,57314
2.3007e-07,2.40797e-07,57316
-9.09804e-06,-9.52226e-06,58271
1.32321e-05,1.38491e-05,58287
-8.37137e-06,-8.76171e-06,58295
1.7431e-05,1.82438e-05,58299
-1.42385e-05,-1.49025e-05,58301
1.30433e-06,1.36515e-06,58302
-2.96536e-06,-3.10363e-06,58319
1.84759e-05,1.93375e-05,58327
-6.61373e-05,-6.92211e-05,58331
5.7407e-05,6.00838e-05,58333
-5.17448e-06,-5.41576e-06,58334
-1.35674e-05,-1.42001e-05,58343
6.31694e-05,6.61149e-05,58347
-5.6008e-05,-5.86195e-05,58349
5.04045e-06,5.27548e-06,58350
-8.87691e-06,-9.29083e-06,58355
9.60882e-06,1.00569e-05,58357
-1.00121e-06,-1.04789e-06,58358
5.1964e-07,5.43868e-07,58362
-2.99355e-07,-3.13314e-07,58364
7.70055e-07,8.05961e-07,58495
-1.55871e-05,-1.63139e-05,58559
0.000112376,0.000117616,58591
-0.000124929,-0.000130754,58607
4.89371e-05,5.1219e-05,58615
-7.12476e-05,-7.45697e-05,58619
5.55957e-05,5.8188e-05,58621
-5.30495e-06,-5.55231e-06,58622
2.02395e-05,2.11832e-05,58687
-0.000176498,-0.000184728,58719
0.000201987,0.000211405,58735
-8.57326e-05,-8.97302e-05,58743
0.000133316,0.000139533,58747
-0.000105155,-0.000110058,58749
9.9714e-06,1.04363e-05,58750
7.8056e-05,8.16956e-05,58783
-0.000121784,-0.000127463,58799
9.88684e-05,0.000103478,58807
-0.000242255,-0.000253551,58811
0.000203649,0.000213145,58813
-1.89395e-05,-1.98226e-05,58814
3.83141e-05,4.01006e-05,58831
-0.000278642,-0.000291635,58839
0.00105914,0.00110853,58843
-0.000929117,-0.00097244,58845
8.51284e-05,8.90978e-05,58846
0.000210086,0.000219882,58855
-0.00102387,-0.00107161,58859
0.000915538,0.000958228,58861
-8.37959e-05,-8.77031e-05,58862
0.000144252,0.000150979,58867
-0.000157463,-0.000164805,58869
1.67361e-05,1.75164e-05,58870
-8.67672e-06,-9.0813e-06,58874
4.98318e-06,5.21554e-06,58876
5.1912e-05,5.43326e-05,58999
-0.000109337,-0.000114435,59003
9.06386e-05,9.4865e-05,59005
-8.545e-06,-8.94344e-06,59006
-0.000238677,-0.000249806,59039
0.000409085,0.00042816,59055
-0.000446917,-0.000467756,59063
0.00126975,0.00132896,59067
-0.00109122,-0.0011421,59069
0.00010242,0.000107196,59070
-0.000201621,-0.000211022,59087
0.00169212,0.00177102,59095
-0.00670337,-0.00701594,59099
0.00591956,0.00619558,59101
-0.000547462,-0.000572989,59102
-0.00130252,-0.00136325,59111
0.00652275,0.0068269,59115
-0.00586058,-0.00613385,59117
0.000541441,0.000566687,59118
-0.000907489,-0.000949804,59123
0.000995129,0.00104153,59125
-0.000106856,-0.000111839,59126
5.50445e-05,5.76112e-05,59130
-3.1563e-05,-3.30347e-05,59132
0.000170299,0.00017824,59167
-0.000296088,-0.000309894,59183
0.000350773,0.000367129,59191
-0.00104051,-0.00108903,59195
0.000899804,0.000941761,59197
-8.46453e-05,-8.85922e-05,59198
0.000188054,0.000196823,59215
-0.00166494,-0.00174258,59223
0.00670048,0.00701291,59227
-0.00592962,-0.00620611,59229
0.000549586,0.000575212,59230
0.00130252,0.00136325,59239
-0.00660312,-0.00691101,59243
0.00594329,0.00622042,59245
-0.000550549,-0.000576221,59246
0.000922546,0.000965563,59251
-0.00101472,-0.00106203,59253
0.000109657,0.00011477,59254
-5.70217e-05,-5.96805e-05,59258
3.26727e-05,3.41961e-05,59260
-1.9386e-05,-2.02899e-05,59279
0.000220051,0.000230311,59287
-0.00100978,-0.00105686,59291
0.000903116,0.000945227,59293
-8.4079e-05,-8.79994e-05,59294
-0.000210086,-0.000219882,59303
0.00121002,0.00126644,59307
-0.00110109,-0.00115243,59309
0.000103006,0.000107809,59310
-0.000200887,-0.000210254,59315
0.000225317,0.000235823,59317
-2.54633e-05,-2.66506e-05,59318
1.53753e-05,1.60922e-05,59322
-8.78698e-06,-9.1967e-06,59324
0.000105512,0.000110431,59347
-0.000119921,-0.000125512,59349
1.48511e-05,1.55436e-05,59350
-1.25135e-05,-1.3097e-05,59354
7.34503e-06,7.68752e-06,59356
-5.6861e-05,-5.95123e-05,59363
6.32834e-05,6.62342e-05,59365
-7.93509e-06,-8.30509e-06,59366
8.38275e-06,8.77362e-06,59370
-5.04634e-06,-5.28164e-06,59372
-9.30264e-07,-9.73641e-07,59378
6.43056e-07,6.73044e-07,59380
-6.00064e-07,-6.28046e-07,59519
1.21495e-05,1.2716e-05,59583
-9.02739e-05,-9.44832e-05,59615
0.00010261,0.000107394,59631
-4.48083e-05,-4.68976e-05,59639
7.43004e-05,7.77649e-05,59643
-5.96631e-05,-6.24451e-05,59645
5.72937e-06,5.99653e-06,59646
-1.62549e-05,-1.70129e-05,59711
0.000145332,0.000152108,59743
-0.000169721,-0.000177635,59759
7.91148e-05,8.28038e-05,59767
-0.000136383,-0.000142742,59771
0.000110037,0.000115168,59773
-1.05182e-05,-1.10087e-05,59774
-7.13927e-05,-7.47216e-05,59807
0.000113435,0.000118724,59823
-9.83013e-05,-0.000102885,59831
0.000252392,0.00026416,59835
-0.000214289,-0.000224281,59837
2.01587e-05,2.10987e-05,59838
-3.83141e-05,-4.01006e-05,59855
0.000289764,0.000303275,59863
-0.00112782,-0.00118041,59867
0.000995321,0.00104173,59869
-9.23252e-05,-9.66302e-05,59870
-0.000220051,-0.000230311,59879
0.00109401,0.00114502,59883
-0.000983581,-0.00102944,59885
9.11807e-05,9.54323e-05,59886
-0.000154854,-0.000162075,59891
0.000169917,0.00017784,59893
-1.83208e-05,-1.91751e-05,59894
9.49398e-06,9.93667e-06,59898
-5.43993e-06,-5.69358e-06,59900
-6.12617e-05,-6.41182e-05,60023
0.000135622,0.000141946,60027
-0.000113645,-0.000118944,60029
1.08278e-05,1.13326e-05,60030
0.000284134,0.000297382,60063
-0.000491527,-0.000514446,60079
0.00055631,0.00058225,60087
-0.00162824,-0.00170416,60091
0.00140984,0.00147558,60093
-0.000133971,-0.000140218,60094
0.000251242,0.000262957,60111
-0.00215381,-0.00225424,60119
0.00869867,0.00910427,60123
-0.00772632,-0.00808659,60125
0.000723974,0.000757732,60126
0.00166494,0.00174258,60135
-0.00848088,-0.00887633,60139
0.00766166,0.00801891,60141
-0.000717474,-0.000750928,60142
0.0011855,0.00124078,60147
-0.00130677,-0.0013677,60149
0.000142418,0.000149058,60150
-7.32607e-05,-7.66767e-05,60154
4.19016e-05,4.38554e-05,60156
-0.000207864,-0.000217556,60191
0.000364076,0.000381052,60207
-0.000444834,-0.000465576,60215
0.00135723,0.00142052,60219
-0.0011824,-0.00123754,60221
0.000112685,0.00011794,60222
-0.000238623,-0.00024975,60239
0.00215381,0.00225424,60247
-0.00883941,-0.00925158,60251
0.00786993,0.0082369,60253
-0.000739584,-0.000774069,60254
-0.00169212,-0.00177102,60263
0.00873047,0.00913755,60267
-0.0079035,-0.00827202,60269
0.00074274,0.000777373,60270
-0.00122744,-0.00128468,60275
0.00135779,0.0014211,60277
-0.000149169,-0.000156124,60278
7.76362e-05,8.12562e-05,60282
-4.43681e-05,-4.64369e-05,60284
2.49621e-05,2.61261e-05,60303
-0.000289764,-0.000303275,60311
0.00136106,0.00142452,60315
-0.00122613,-0.00128331,60317
0.00011615,0.000121566,60318
0.000278642,0.000291635,60327
-0.00164031,-0.00171679,60331
0.00150355,0.00157366,60333
-0.000143334,-0.000150017,60334
0.000277485,0.000290423,60339
-0.000314095,-0.000328741,60341
3.65052e-05,3.82074e-05,60342
-2.25905e-05,-2.36439e-05,60346
1.28941e-05,1.34953e-05,60348
-0.000152928,-0.000160059,60371
0.000177314,0.000185582,60373
-2.33224e-05,-2.44098e-05,60374
2.15729e-05,2.25788e-05,60378
-1.27158e-05,-1.33087e-05,60380
8.28672e-05,8.67311e-05,60387
-9.45896e-05,-9.90002e-05,60389
1.27889e-05,1.33852e-05,60390
-1.53072e-05,-1.60209e-05,60394
9.26014e-06,9.69193e-06,60396
1.6843e-06,1.76284e-06,60402
-1.18551e-06,-1.24078e-06,60404
8.14078e-06,8.52037e-06,60535
-2.06192e-05,-2.15807e-05,60539
1.7768e-05,1.85964e-05,60541
-1.74359e-06,-1.8249e-06,60542
-4.3558e-05,-4.5589e-05,60575
7.69156e-05,8.05021e-05,60591
-9.74661e-05,-0.000102011,60599
0.000314011,0.000328653,60603
-0.000278194,-0.000291165,60605
2.74278e-05,2.87068e-05,60606
-4.78755e-05,-5.01078e-05,60623
0.000444834,0.000465576,60631
-0.00191376,-0.002003,60635
0.00173099,0.0018117,60637
-0.000168893,-0.000176768,60638
-0.000350773,-0.000367129,60647
0.00189018,0.00197832,60651
-0.00173775,-0.00181878,60653
0.000169915,0.000177838,60654
-0.000271235,-0.000283882,60659
0.000305044,0.000319268,60661
-3.52586e-05,-3.69027e-05,60662
1.87382e-05,1.9612e-05,60666
-1.06499e-05,-1.11464e-05,60668
4.04167e-05,4.23013e-05,60703
-7.17333e-05,-7.50781e-05,60719
9.74661e-05,0.000102011,60727
-0.000328326,-0.000343635,60731
0.00029309,0.000306756,60733
-2.91149e-05,-3.04725e-05,60734
5.68554e-05,5.95064e-05,60751
-0.00055631,-0.00058225,60759
0.00244695,0.00256105,60763
-0.00222293,-0.00232658,60765
0.000218581,0.000228773,60766
0.000446917,0.000467756,60775
-0.00245629,-0.00257083,60779
0.00226808,0.00237384,60781
-0.000223829,-0.000234266,60782
0.000359181,0.000375929,60787
-0.000406913,-0.000425886,60789
4.79619e-05,5.01983e-05,60790
-2.6254e-05,-2.74782e-05,60794
1.49114e-05,1.56067e-05,60796
-7.63969e-06,-7.99591e-06,60815
9.83013e-05,0.000102885,60823
-0.000509883,-0.000533658,60827
0.000472847,0.000494895,60829
-4.79889e-05,-5.02266e-05,60830
-9.88684e-05,-0.000103478,60839
0.000640918,0.000670803,60843
-0.000605734,-0.000633978,60845
6.24804e-05,6.53938e-05,60846
-0.000124437,-0.000130239,60851
0.000147659,0.000154544,60853
-1.97916e-05,-2.07144e-05,60854
1.48008e-05,1.5491e-05,60858
-8.49419e-06,-8.89025e-06,60860
0.000103696,0.000108531,60883
-0.00013296,-0.000139159,60885
2.28407e-05,2.39058e-05,60886
-3.01086e-05,-3.15125e-05,60890
1.8076e-05,1.89188e-05,60892
-5.89517e-05,-6.17005e-05,60899
7.63695e-05,7.99304e-05,60901
-1.41329e-05,-1.47919e-05,60902
2.51271e-05,2.62988e-05,60906
-1.54525e-05,-1.6173e-05,60908
-2.69855e-06,-2.82438e-06,60914
1.99357e-06,2.08653e-06,60916
5.44006e-06,5.69372e-06,61050
-3.10806e-06,-3.25299e-06,61052
5.54537e-06,5.80394e-06,61071
-7.91148e-05,-8.28038e-05,61079
0.000458827,0.000480221,61083
-0.000439755,-0.00046026,61085
4.84921e-05,5.07532e-05,61086
8.57326e-05,8.97302e-05,61095
-0.000625373,-0.000654533,61099
0.000613693,0.000642308,61101
-6.99314e-05,-7.31922e-05,61102
0.000161284,0.000168805,61107
-0.000204485,-0.00021402,61109
3.30267e-05,3.45667e-05,61110
-3.25976e-05,-3.41176e-05,61114
1.90697e-05,1.99589e-05,61116
-0.000253218,-0.000265025,61139
0.000354841,0.000371387,61141
-7.44385e-05,-7.79094e-05,61142
0.0001202,0.000125805,61146
-7.3071e-05,-7.64782e-05,61148
0.0001546,0.000161809,61155
-0.000221594,-0.000231927,61157
5.02988e-05,5.26442e-05,61158
-0.000107251,-0.000112252,61162
6.65715e-05,6.96756e-05,61164
1.13743e-05,1.19047e-05,61170
-8.56316e-06,-8.96244e-06,61172
-3.17381e-06,-3.3218e-06,61199
4.48083e-05,4.68976e-05,61207
-0.000264105,-0.000276419,61211
0.00025522,0.000267121,61213
-2.88514e-05,-3.01967e-05,61214
-4.89371e-05,-5.1219e-05,61223
0.00036524,0.00038227,61227
-0.000362027,-0.000378908,61229
4.24807e-05,4.44615e-05,61230
-0.000103038,-0.000107842,61235
0.000133012,0.000139214,61237
-2.25589e-05,-2.36108e-05,61238
2.39587e-05,2.50759e-05,61242
-1.41077e-05,-1.47655e-05,61244
0.000220114,0.000230378,61267
-0.000314191,-0.000328842,61269
6.85268e-05,7.17221e-05,61270
-0.000115218,-0.00012059,61274
7.02483e-05,7.35239e-05,61276
-0.000138172,-0.000144615,61283
0.000201994,0.000211413,61285
-4.75838e-05,-4.98025e-05,61286
0.000104998,0.000109894,61290
-6.53176e-05,-6.83633e-05,61292
-1.11308e-05,-1.16498e-05,61298
8.4196e-06,8.81219e-06,61300
-2.46985e-05,-2.58502e-05,61331
3.61066e-05,3.77902e-05,61333
-8.34788e-06,-8.73713e-06,61334
1.63835e-05,1.71474e-05,61338
-1.00949e-05,-1.05656e-05,61340
1.87349e-05,1.96084e-05,61347
-2.81608e-05,-2.94739e-05,61349
7.06836e-06,7.39794e-06,61350
-1.82071e-05,-1.9056e-05,61354
1.14434e-05,1.1977e-05,61356
2.23156e-06,2.33562e-06,61362
-1.71725e-06,-1.79732e-06,61364
-1.13222e-06,-1.18501e-06,61394
8.54434e-07,8.94277e-07,61396
6.36441e-07,6.6612e-07,61410
-4.65073e-07,-4.86757e-07,61412
3.49802e-05,3.66113e-05,62419
-4.45093e-05,-4.65847e-05,62421
7.5609e-06,7.91345e-06,62422
-9.68494e-06,-1.01365e-05,62426
5.82045e-06,6.09185e-06,62428
-1.96658e-05,-2.05828e-05,62435
2.51828e-05,2.63571e-05,62437
-4.59244e-06,-4.80657e-06,62438
7.95474e-06,8.32565e-06,62442
-4.90422e-06,-5.1329e-06,62444
-8.67698e-07,-9.08157e-07,62450
6.41173e-07,6.71069e-07,62452
1.60429e-05,1.6791e-05,62587
-1.43744e-05,-1.50446e-05,62589
1.50253e-06,1.57259e-06,62590
2.81189e-05,2.943e-05,62623
-5.01181e-05,-5.2455e-05,62639
7.17333e-05,7.50781e-05,62647
-0.000267277,-0.00027974,62651
0.000245869,0.000257333,62653
-2.602e-05,-2.72333e-05,62654
-0.000364076,-0.000381052,62679
0.00175125,0.00183291,62683
-0.00163613,-0.00171242,62685
0.000171952,0.00017997,62686
0.000296088,0.000309894,62695
-0.00176734,-0.00184974,62699
0.00167744,0.00175565,62701
-0.000177561,-0.00018584,62702
0.000272698,0.000285414,62707
-0.000318583,-0.000333437,62709
4.11614e-05,4.30806e-05,62710
-2.40071e-05,-2.51265e-05,62714
1.35811e-05,1.42144e-05,62716
-2.81496e-05,-2.94622e-05,62751
5.01181e-05,5.2455e-05,62767
-7.69157e-05,-8.05021e-05,62775
0.000301961,0.000316041,62779
-0.000280412,-0.000293488,62781
3.00488e-05,3.14499e-05,62782
0.000491527,0.000514446,62807
-0.00243455,-0.00254807,62811
0.00228837,0.00239507,62813
-0.000243306,-0.000254651,62814
-0.000409085,-0.00042816,62823
0.00250893,0.00262591,62827
-0.00239638,-0.00250811,62829
0.000257167,0.000269158,62830
-0.000401384,-0.000420099,62835
0.000473951,0.00049605,62837
-6.29872e-05,-6.59242e-05,62838
3.85084e-05,4.0304e-05,62842
-2.18117e-05,-2.28288e-05,62844
-0.000113435,-0.000118724,62871
0.000676561,0.000708108,62875
-0.000652638,-0.000683069,62877
7.27951e-05,7.61894e-05,62878
0.000121784,0.000127463,62887
-0.000900026,-0.000941992,62891
0.000885564,0.000926856,62893
-0.000101217,-0.000105937,62894
0.00021074,0.000220566,62899
-0.000263788,-0.000276088,62901
4.10384e-05,4.2952e-05,62902
-3.64947e-05,-3.81963e-05,62906
2.11636e-05,2.21505e-05,62908
-0.000240819,-0.000252048,62931
0.000329754,0.000345129,62933
-6.62084e-05,-6.92956e-05,62934
0.000101285,0.000106008,62938
-6.1566e-05,-6.44367e-05,62940
0.000142213,0.000148844,62947
-0.000198515,-0.000207772,62949
4.32073e-05,4.5222e-05,62950
-8.84616e-05,-9.25864e-05,62954
5.50255e-05,5.75912e-05,62956
9.5909e-06,1.00381e-05,62962
-7.22229e-06,-7.55905e-06,62964
9.22299e-06,9.65305e-06,63100
0.000169721,0.000177635,63127
-0.00113929,-0.00119241,63131
0.00113307,0.0011859,63133
-0.000136229,-0.000142581,63134
-0.000201987,-0.000211405,63143
0.00167226,0.00175024,63147
-0.00169973,-0.00177898,63149
0.000211166,0.000221012,63150
-0.000519925,-0.000544168,63155
0.000683253,0.000715112,63157
-0.000120869,-0.000126504,63158
0.000130661,0.000136754,63162
-7.7059e-05,-8.06522e-05,63164
0.000980751,0.00102648,63187
-0.00140543,-0.00147097,63189
0.000311302,0.000325818,63190
-0.000525608,-0.000550116,63194
0.000321775,0.000336778,63196
-0.000607912,-0.000636258,63203
0.000891569,0.000933141,63205
-0.000213316,-0.000223262,63206
0.00047358,0.000495663,63210
-0.00029601,-0.000309813,63212
-5.06135e-05,-5.29735e-05,63218
3.8452e-05,4.02449e-05,63220
-0.00010261,-0.000107394,63255
0.000706181,0.000739109,63259
-0.000708535,-0.000741572,63261
8.73226e-05,9.13943e-05,63262
0.000124929,0.000130754,63271
-0.00106129,-0.00111078,63275
0.00108852,0.00113928,63277
-0.000138699,-0.000145166,63278
0.000360079,0.000376869,63283
-0.00047934,-0.000501691,63285
8.77522e-05,9.18439e-05,63286
-0.000100261,-0.000104936,63290
5.9469e-05,6.22419e-05,63292
-0.000896092,-0.000937875,63315
0.00129795,0.00135848,63317
-0.000294341,-0.000308066,63318
0.000510901,0.000534724,63322
-0.000313487,-0.000328105,63324
0.00056811,0.0005946,63331
-0.000842738,-0.000882033,63333
0.000206156,0.000215769,63334
-0.000468376,-0.000490215,63338
0.000293257,0.000306931,63340
5.00233e-05,5.23558e-05,63346
-3.81445e-05,-3.99231e-05,63348
9.89737e-05,0.000103589,63379
-0.000146767,-0.00015361,63381
3.53523e-05,3.70008e-05,63382
-7.16466e-05,-7.49874e-05,63386
4.44464e-05,4.65189e-05,63388
-7.61674e-05,-7.97189e-05,63395
0.000115934,0.00012134,63397
-3.02226e-05,-3.16318e-05,63398
8.00751e-05,8.38088e-05,63402
-5.06724e-05,-5.30351e-05,63404
-9.90926e-06,-1.03713e-05,63410
7.68564e-06,8.04401e-06,63412
5.00456e-06,5.23791e-06,63442
-3.80683e-06,-3.98434e-06,63444
-2.80977e-06,-2.94078e-06,63458
2.06865e-06,2.16511e-06,63460
8.28696e-06,8.67337e-06,63613
-8.71797e-07,-9.12449e-07,63614
-1.58269e-05,-1.65649e-05,63647
2.81496e-05,2.94622e-05,63663
-4.04167e-05,-4.23013e-05,63671
0.000152672,0.000159791,63675
-0.000141013,-0.000147589,63677
1.50525e-05,1.57544e-05,63678
0.000207864,0.000217556,63703
-0.0010159,-0.00106327,63707
0.000953386,0.00099784,63709
-0.000101264,-0.000105986,63710
-0.000170299,-0.00017824,63719
0.00103322,0.00108139,63723
-0.000985531,-0.00103148,63725
0.00010565,0.000110576,63726
-0.000163949,-0.000171593,63731
0.000193243,0.000202254,63733
-2.56517e-05,-2.68478e-05,63734
1.56999e-05,1.64319e-05,63738
-8.90791e-06,-9.32327e-06,63740
1.58269e-05,1.65649e-05,63775
-2.81189e-05,-2.943e-05,63791
4.3558e-05,4.5589e-05,63799
-0.000174574,-0.000182714,63803
0.000163019,0.000170621,63805
-1.76679e-05,-1.84917e-05,63806
-0.000284134,-0.000297382,63831
0.00143564,0.00150258,63835
-0.00135677,-0.00142003,63837
0.000146072,0.000152883,63838
0.000238677,0.000249806,63847
-0.00149303,-0.00156265,63851
0.00143441,0.00150129,63853
-0.000156197,-0.00016348,63854
0.00024661,0.000258109,63859
-0.000294029,-0.000307739,63861
4.02038e-05,4.20785e-05,63862
-2.57494e-05,-2.695e-05,63866
1.46262e-05,1.53082e-05,63868
7.13927e-05,7.47216e-05,63895
-0.000437744,-0.000458155,63899
0.000425365,0.000445199,63901
-4.82895e-05,-5.05411e-05,63902
-7.8056e-05,-8.16956e-05,63911
0.00059221,0.000619824,63915
-0.000587192,-0.000614572,63917
6.84436e-05,7.1635e-05,63918
-0.000146035,-0.000152844,63923
0.000184818,0.000193435,63925
-2.96243e-05,-3.10056e-05,63926
2.74525e-05,2.87326e-05,63930
-1.59773e-05,-1.67223e-05,63932
0.000180384,0.000188795,63955
-0.000249841,-0.000261491,63957
5.15059e-05,5.39076e-05,63958
-8.09361e-05,-8.471e-05,63962
4.93291e-05,5.16293e-05,63964
-0.000107529,-0.000112543,63971
0.000152011,0.0001591,63973
-3.39771e-05,-3.55614e-05,63974
7.12633e-05,7.45862e-05,63978
-4.4433e-05,-4.65048e-05,63980
-7.74059e-06,-8.10152e-06,63986
5.84964e-06,6.12239e-06,63988
-0.000145332,-0.000152108,64151
0.00100064,0.0010473,64155
-0.00100125,-0.00104794,64157
0.000122125,0.000127819,64158
0.000176498,0.000184728,64167
-0.00149258,-0.00156218,64171
0.00152576,0.0015969,64173
-0.000192239,-0.000201203,64174
0.000481906,0.000504377,64179
-0.00063698,-0.000666681,64181
0.000114361,0.000119693,64182
-0.000125854,-0.000131722,64186
7.43784e-05,7.78466e-05,64188
-0.000943112,-0.000987088,64211
0.00135616,0.0014194,64213
-0.000303012,-0.000317141,64214
0.000516064,0.000540128,64218
-0.000316448,-0.000331203,64220
0.00058647,0.000613817,64227
-0.000863158,-0.000903406,64229
0.000208264,0.000217975,64230
-0.00046596,-0.000487687,64234
0.000291712,0.000305314,64236
4.9868e-05,5.21933e-05,64242
-3.79635e-05,-3.97336e-05,64244
9.02739e-05,9.44832e-05,64279
-0.000637692,-0.000667426,64283
0.000643675,0.000673688,64285
-8.04497e-05,-8.42009e-05,64286
-0.000112376,-0.000117616,64295
0.000974648,0.00102009,64299
-0.00100497,-0.00105183,64301
0.000129722,0.000135771,64302
-0.000342397,-0.000358363,64307
0.000457972,0.000479326,64309
-8.48536e-05,-8.88102e-05,64310
9.83353e-05,0.00010292,64314
-5.84365e-05,-6.11613e-05,64316
0.000877792,0.000918722,64339
-0.00127433,-0.00133375,64341
0.000290828,0.000304389,64342
-0.000508158,-0.000531852,64346
0.000312292,0.000326853,64348
-0.000557755,-0.000583762,64355
0.000829248,0.000867915,64357
-0.000204119,-0.000213636,64358
0.000466566,0.000488322,64362
-0.000292584,-0.000306227,64364
-4.99127e-05,-5.224e-05,64370
3.81358e-05,3.9914e-05,64372
-9.69016e-05,-0.00010142,64403
0.000144042,0.000150758,64405
-3.49586e-05,-3.65887e-05,64406
7.14272e-05,7.47577e-05,64410
-4.4397e-05,-4.64672e-05,64412
7.48633e-05,7.8354e-05,64419
-0.000114192,-0.000119516,64421
2.99815e-05,3.13795e-05,64422
-8.00243e-05,-8.37557e-05,64426
5.07417e-05,5.31077e-05,64428
9.94478e-06,1.04085e-05,64434
-7.73344e-06,-8.09404e-06,64436
-5.05783e-06,-5.29366e-06,64466
3.86464e-06,4.04485e-06,64468
2.83842e-06,2.97077e-06,64482
-2.10015e-06,-2.19808e-06,64484
1.62549e-05,1.70129e-05,64663
-0.000114236,-0.000119563,64667
0.000114956,0.000120317,64669
-1.42441e-05,-1.49083e-05,64670
-2.02395e-05,-2.11832e-05,64679
0.000174384,0.000182515,64683
-0.000179268,-0.000187627,64685
2.29488e-05,2.40188e-05,64686
-5.99086e-05,-6.2702e-05,64691
7.98287e-05,8.3551e-05,64693
-1.46548e-05,-1.53382e-05,64694
1.6758e-05,1.75394e-05,64698
-9.95746e-06,-1.04218e-05,64700
0.00013634,0.000142698,64723
-0.000197254,-0.000206452,64725
4.47581e-05,4.68451e-05,64726
-7.77543e-05,-8.13798e-05,64730
4.78576e-05,5.00891e-05,64732
-8.57458e-05,-8.9744e-05,64739
0.000127015,0.000132938,64741
-3.11048e-05,-3.25552e-05,64742
7.07826e-05,7.40831e-05,64746
-4.447e-05,-4.65436e-05,64748
-7.57168e-06,-7.92473e-06,64754
5.79499e-06,6.06521e-06,64756
-1.21495e-05,-1.2716e-05,64791
8.81549e-05,9.22655e-05,64795
-8.96394e-05,-9.38191e-05,64797
1.14292e-05,1.19621e-05,64798
1.55871e-05,1.63139e-05,64807
-0.000138263,-0.00014471,64811
0.000143516,0.000150208,64813
-1.88693e-05,-1.97491e-05,64814
5.18584e-05,5.42765e-05,64819
-6.99161e-05,-7.31762e-05,64821
1.32395e-05,1.38568e-05,64822
-1.59144e-05,-1.66565e-05,64826
9.51059e-06,9.95405e-06,64828
-0.000154228,-0.000161419,64851
0.000225002,0.000235494,64853
-5.20529e-05,-5.44801e-05,64854
9.26609e-05,9.69815e-05,64858
-5.71835e-05,-5.98498e-05,64860
9.9028e-05,0.000103645,64867
-0.000147973,-0.000154873,64869
3.69079e-05,3.86289e-05,64870
-8.5769e-05,-8.97682e-05,64874
5.40076e-05,5.65259e-05,64876
9.20359e-06,9.63274e-06,64882
-7.07499e-06,-7.40488e-06,64884
1.96559e-05,2.05724e-05,64915
-2.93651e-05,-3.07343e-05,64917
7.25265e-06,7.59082e-06,64918
-1.52182e-05,-1.59278e-05,64922
9.524e-06,9.96809e-06,64924
-1.54172e-05,-1.61361e-05,64931
2.36228e-05,2.47243e-05,64933
-6.31146e-06,-6.60576e-06,64934
1.72818e-05,1.80876e-05,64938
-1.10392e-05,-1.15539e-05,64940
-2.20269e-06,-2.3054e-06,64946
1.73383e-06,1.81468e-06,64948
1.26317e-06,1.32206e-06,64978
-9.98127e-07,-1.04467e-06,64980
-7.0796e-07,-7.40972e-07,64994
5.45781e-07,5.71229e-07,64996
-9.85207e-06,-1.03115e-05,65171
1.46457e-05,1.53286e-05,65173
-3.59176e-06,-3.75924e-06,65174
7.51687e-06,7.86737e-06,65178
-4.73845e-06,-4.9594e-06,65180
7.59276e-06,7.9468e-06,65187
-1.15854e-05,-1.21256e-05,65189
3.08708e-06,3.23102e-06,65190
-8.49811e-06,-8.89436e-06,65194
5.48527e-06,5.74104e-06,65196
1.11774e-06,1.16985e-06,65202
-9.06017e-07,-9.48263e-07,65204
-7.71281e-07,-8.07244e-07,65234
6.77459e-07,7.09048e-07,65236
4.40465e-07,4.61003e-07,65250
-3.86316e-07,-4.04328e-07,65252
5.50675e-06,5.76352e-06,65299
-8.15096e-06,-8.53103e-06,65301
1.97103e-06,2.06293e-06,65302
-4.0058e-06,-4.19259e-06,65306
2.522e-06,2.6396e-06,65308
-4.1135e-06,-4.3053e-06,65315
6.24841e-06,6.53976e-06,65317
-1.64078e-06,-1.7173e-06,65318
4.39754e-06,4.60259e-06,65322
-2.83929e-06,-2.97169e-06,65324
-5.68439e-07,-5.94948e-07,65330
4.6568e-07,4.87392e-07,65332
4.44859e-07,4.65601e-07,65362
-4.16992e-07,-4.36438e-07,65364
-2.59981e-07,-2.72103e-07,65378
2.46472e-07,2.57965e-07,65380
-5.18546e-08,-5.42744e-08,65426
5.02544e-08,5.25973e-08,65428
3.38518e-08,3.54281e-08,65442
-3.41682e-08,-3.57641e-08,65444
5.44905e-06,5.70313e-06,75007
-1.00878e-05,-1.05582e-05,75135
2.05233e-05,2.14802e-05,75199
-9.92235e-05,-0.00010385,75231
0.000101047,0.000105759,75247
-2.55554e-05,-2.6747e-05,75255
1.64214e-05,1.71871e-05,75259
-9.75998e-06,-1.02151e-05,75261
1.13432e-06,1.18721e-06,75262
-0.000129721,-0.00013577,75455
0.000726776,0.000760664,75487
-0.000741178,-0.000775738,75503
0.000185665,0.000194322,75511
-0.000117377,-0.00012285,75515
6.91837e-05,7.24096e-05,75517
-8.17433e-06,-8.55549e-06,75518
0.000111815,0.000117028,75583
-0.000759985,-0.000795421,75615
0.000789236,0.000826037,75631
-0.000209203,-0.000218958,75639
0.000159053,0.00016647,75643
-0.000103541,-0.000108369,75645
1.20135e-05,1.25737e-05,75646
0.000138863,0.000145338,75679
-0.000185284,-0.000193923,75695
8.73064e-05,9.13773e-05,75703
-0.000160703,-0.000168196,75707
0.000133541,0.000139768,75709
-1.48536e-05,-1.55462e-05,75710
-0.000147621,-0.000154505,75735
0.000552408,0.000578165,75739
-0.000500626,-0.000523969,75741
5.50029e-05,5.75676e-05,75742
0.000106604,0.000111575,75751
-0.000525895,-0.000550417,75755
0.000487182,0.000509898,75757
-5.35234e-05,-5.60191e-05,75758
7.61955e-05,7.97483e-05,75763
-8.57852e-05,-8.97853e-05,75765
1.08581e-05,1.13644e-05,75766
3.04743e-06,3.18953e-06,75772
-7.16981e-06,-7.50412e-06,76031
1.28657e-05,1.34656e-05,76159
-2.57379e-05,-2.6938e-05,76223
0.00012631,0.0001322,76255
-0.000129181,-0.000135205,76271
3.33241e-05,3.4878e-05,76279
-2.28283e-05,-2.38928e-05,76283
1.4068e-05,1.4724e-05,76285
-1.63248e-06,-1.7086e-06,76286
0.000198908,0.000208183,76479
-0.00112607,-0.00117857,76511
0.00115143,0.00120512,76527
-0.000292602,-0.000306245,76535
0.000192212,0.000201174,76539
-0.00011579,-0.000121189,76541
1.36751e-05,1.43127e-05,76542
-0.000175119,-0.000183285,76607
0.00120385,0.00125999,76639
-0.00125503,-0.00131355,76655
0.000339883,0.000355731,76663
-0.000271425,-0.000284081,76667
0.00018046,0.000188874,76669
-2.08883e-05,-2.18623e-05,76670
-0.000230442,-0.000241187,76703
0.000311036,0.000325539,76719
-0.000153982,-0.000161162,76727
0.000294324,0.000308048,76731
-0.000245764,-0.000257224,76733
2.72331e-05,2.8503e-05,76734
0.000273494,0.000286246,76759
-0.00102904,-0.00107702,76763
0.000931288,0.000974712,76765
-0.000101793,-0.00010654,76766
-0.000198395,-0.000207646,76775
0.000980534,0.00102625,76779
-0.000906731,-0.000949011,76781
9.90843e-05,0.000103704,76782
-0.000141764,-0.000148374,76787
0.000159385,0.000166817,76789
-2.00747e-05,-2.10108e-05,76790
-5.64758e-06,-5.91092e-06,76796
-6.38717e-05,-6.685e-05,76991
0.000418571,0.000438088,77023
-0.000443157,-0.000463821,77039
0.000138928,0.000145406,77047
-0.00015621,-0.000163493,77051
0.000117665,0.000123152,77053
-1.34629e-05,-1.40906e-05,77054
7.35326e-05,7.69613e-05,77119
-0.000586555,-0.000613905,77151
0.000638647,0.000668426,77167
-0.00022156,-0.000231891,77175
0.000290253,0.000303787,77179
-0.000227065,-0.000237652,77181
2.57325e-05,2.69324e-05,77182
0.0001831,0.000191638,77215
-0.000270716,-0.000283339,77231
0.000195242,0.000204346,77239
-0.000487444,-0.000510173,77243
0.000423401,0.000443143,77245
-4.68336e-05,-4.90174e-05,77246
-0.000512112,-0.000535991,77271
0.00207143,0.00216802,77275
-0.00188362,-0.00197145,77277
0.000205119,0.000214684,77278
0.000386347,0.000404362,77287
-0.00200166,-0.002095,77291
0.00185388,0.00194032,77293
-0.000201755,-0.000211162,77294
0.00028749,0.000300895,77299
-0.000323975,-0.000339082,77301
4.07378e-05,4.26373e-05,77302
1.15018e-05,1.20381e-05,77308
-0.000330531,-0.000345943,77471
0.000554889,0.000580762,77487
-0.000613876,-0.0006425,77495
0.00188941,0.00197752,77499
-0.00168675,-0.0017654,77501
0.000187406,0.000196145,77502
0.00234717,0.00245661,77527
-0.0100007,-0.0104671,77531
0.00914782,0.00957437,77533
-0.00100102,-0.00104769,77534
-0.00182227,-0.00190724,77543
0.00975661,0.0102115,77547
-0.00906907,-0.00949195,77549
0.000991776,0.00103802,77550
-0.00138175,-0.00144618,77555
0.00156261,0.00163547,77557
-0.000197695,-0.000206913,77558
-5.55568e-05,-5.81473e-05,77564
0.000227969,0.000238599,77599
-0.000389484,-0.000407645,77615
0.0004741,0.000496206,77623
-0.00152897,-0.00160026,77627
0.00137318,0.00143721,77629
-0.000152753,-0.000159875,77630
-0.00228776,-0.00239444,77655
0.00989584,0.0103573,77659
-0.00906681,-0.00948958,77661
0.000993217,0.00103953,77662
0.00180551,0.00188969,77671
-0.00977555,-0.0102314,77675
0.00909801,0.00952223,77677
-0.000996316,-0.00104277,77678
0.00138809,0.00145281,77683
-0.00157323,-0.00164659,77685
0.000199808,0.000209125,77686
5.65559e-05,5.9193e-05,77692
0.000306502,0.000320794,77719
-0.00149496,-0.00156467,77723
0.00138029,0.00144465,77725
-0.000151162,-0.00015821,77726
-0.000293991,-0.000307699,77735
0.00178811,0.00187149,77739
-0.0016772,-0.00175541,77741
0.000184271,0.000192863,77742
-0.000297456,-0.000311326,77747
0.000341745,0.00035768,77749
-4.45484e-05,-4.66256e-05,77750
-1.42929e-05,-1.49594e-05,77756
0.00014832,0.000155236,77779
-0.000170149,-0.000178083,77781
2.30812e-05,2.41575e-05,77782
9.39003e-06,9.82787e-06,77788
-7.89636e-05,-8.26455e-05,77795
8.81131e-05,9.22216e-05,77797
-1.18165e-05,-1.23674e-05,77798
-5.72134e-06,-5.98811e-06,77804
7.47948e-07,7.82823e-07,77812
-0.00103739,-0.00108576,79071
0.00115137,0.00120506,79087
-0.000474066,-0.000496171,79095
0.000789209,0.000826008,79099
-0.000653912,-0.000684403,79101
7.5548e-05,7.90707e-05,79102
-0.000187495,-0.000196237,79167
0.00158932,0.00166343,79199
-0.00182192,-0.00190687,79215
0.000829497,0.000868175,79223
-0.00150596,-0.00157618,79227
0.00126498,0.00132396,79229
-0.000145394,-0.000152174,79230
-0.000680552,-0.000712285,79263
0.00107497,0.0011251,79279
-0.000982235,-0.00102804,79287
0.00282549,0.00295724,79291
-0.00251376,-0.00263098,79293
0.000284386,0.000297647,79294
0.00294201,0.00307919,79319
-0.0125681,-0.0131541,79323
0.0115554,0.0120942,79325
-0.00128741,-0.00134743,79326
-0.00225869,-0.00236401,79335
0.0122149,0.0127844,79339
-0.0114207,-0.0119532,79341
0.00127204,0.00133135,79342
-0.00176476,-0.00184705,79347
0.00200564,0.00209916,79349
-0.000258461,-0.000270513,79350
-7.23614e-05,-7.57354e-05,79356
0.0018836,0.00197143,79519
-0.00328156,-0.00343458,79535
0.00404973,0.00423856,79543
-0.0132621,-0.0138805,79547
0.0119919,0.0125511,79549
-0.0013624,-0.00142593,79550
-0.0160991,-0.0168498,79575
0.0708552,0.074159,79579
-0.0653861,-0.068435,79581
0.00731738,0.00765857,79582
0.0125848,0.0131716,79591
-0.0692665,-0.0724963,79595
0.0649106,0.0679373,79597
-0.00726191,-0.00760052,79598
0.00986639,0.0103264,79603
-0.0112379,-0.0117619,79605
0.00145525,0.0015231,79606
0.000404967,0.00042385,79612
-0.00136061,-0.00142405,79647
0.00239604,0.00250776,79663
-0.00318187,-0.00333024,79671
0.0108057,0.0113095,79675
-0.00981575,-0.0102734,79677
0.00111626,0.00116831,79678
0.0157682,0.0165034,79703
-0.0702429,-0.0735182,79707
0.0649039,0.0679302,79709
-0.00726957,-0.00760854,79710
-0.0125129,-0.0130963,79719
0.0694978,0.0727384,79723
-0.0651919,-0.0682317,79725
0.00730187,0.00764235,79726
-0.00992588,-0.0103887,79731
0.011328,0.0118562,79733
-0.00147224,-0.00154089,79734
-0.000412877,-0.000432129,79740
-0.00208902,-0.00218643,79767
0.0104664,0.0109544,79771
-0.00974143,-0.0101957,79773
0.00109104,0.00114191,79774
0.00201438,0.00210831,79783
-0.0125396,-0.0131243,79787
0.011851,0.0124036,79789
-0.00133209,-0.0013942,79790
0.00209859,0.00219645,79795
-0.00242722,-0.0025404,79797
0.000323975,0.000339081,79798
0.000103451,0.000108275,79804
0.00119664,0.00125244,79829
-0.000165804,-0.000173536,79830
-6.70616e-05,-7.01885e-05,79836
0.000550747,0.000576427,79843
-0.000617515,-0.000646308,79845
8.44621e-05,8.84005e-05,79846
4.06128e-05,4.25065e-05,79852
-5.40475e-06,-5.65676e-06,79860
-9.39851e-05,-9.83675e-05,80063
0.000674706,0.000706166,80095
-0.000765704,-0.000801407,80111
0.00035269,0.000369136,80119
-0.000662776,-0.00069368,80123
0.00056164,0.000587828,80125
-6.50265e-05,-6.80586e-05,80126
0.000122189,0.000127887,80191
-0.00105936,-0.00110875,80223
0.00124059,0.00129844,80239
-0.000623124,-0.000652179,80247
0.00124059,0.00129844,80251
-0.00105936,-0.00110875,80253
0.000122189,0.000127887,80254
0.000506186,0.000529789,80287
-0.00081531,-0.000853327,80303
0.000793458,0.000830456,80311
-0.0023599,-0.00246994,80315
0.00211099,0.00220942,80317
-0.000240235,-0.000251437,80318
-0.00246683,-0.00258185,80343
0.0106746,0.0111724,80347
-0.00984042,-0.0102993,80349
0.0011033,0.00115474,80350
0.0019034,0.00199216,80359
-0.0103983,-0.0108831,80363
0.00974457,0.0101989,80365
-0.00109249,-0.00114343,80366
0.00150517,0.00157535,80371
-0.00171444,-0.00179438,80373
0.000222623,0.000233003,80374
6.22805e-05,6.51845e-05,80380
-0.0018265,-0.00191167,80543
0.0032114,0.00336114,80559
-0.00407614,-0.00426621,80567
0.0135686,0.0142013,80571
-0.0123111,-0.0128852,80573
0.00140824,0.0014739,80574
0.016458,0.0172254,80599
-0.0730744,-0.0764817,80603
0.0675996,0.0707516,80605
-0.00761998,-0.00797528,80606
-0.0128956,-0.0134969,80615
0.0715102,0.0748446,80619
-0.0671669,-0.0702987,80621
0.00757069,0.0079237,80622
-0.010206,-0.0106819,80627
0.0116508,0.012194,80629
-0.00152158,-0.00159253,80630
-0.000422711,-0.000442421,80636
0.00135097,0.00141396,80671
-0.00239604,-0.00250776,80687
0.0032551,0.00340688,80695
-0.0112163,-0.0117393,80699
0.0102222,0.0106988,80701
-0.00117097,-0.00122557,80702
-0.0163428,-0.0171049,80727
0.0734407,0.0768651,80731
-0.0680323,-0.0712045,80733
0.00767929,0.00803737,80734
0.0129981,0.0136042,80743
-0.0727472,-0.0761392,80747
0.0684064,0.0715961,80749
-0.00772414,-0.00808431,80750
0.0104201,0.0109059,80755
-0.0119219,-0.0124778,80757
0.00156457,0.00163752,80758
0.000438869,0.000459332,80764
0.00218555,0.00228746,80791
-0.0110704,-0.0115865,80795
0.0103369,0.0108189,80797
-0.00116967,-0.00122421,80798
-0.00211661,-0.0022153,80807
0.0133103,0.0139309,80811
-0.0126209,-0.0132094,80813
0.00143488,0.00150178,80814
-0.00225184,-0.00235684,80819
0.00261679,0.00273881,80821
-0.000356143,-0.000372749,80822
-0.000116631,-0.000122069,80828
-0.00134577,-0.00140852,80853
0.000197151,0.000206343,80854
9.20573e-05,9.63498e-05,80860
-0.000614169,-0.000642806,80867
0.00070094,0.000733624,80869
-0.000103357,-0.000108176,80870
-6.18423e-05,-6.47259e-05,80876
8.2494e-06,8.63405e-06,80884
0.000235694,0.000246684,81055
-0.000420869,-0.000440493,81071
0.000577112,0.000604022,81079
-0.00202218,-0.00211648,81083
0.00185439,0.00194085,81085
-0.000216651,-0.000226753,81086
-0.00266559,-0.00278988,81111
0.0121811,0.0127491,81115
-0.0113573,-0.0118868,81117
0.00131098,0.00137211,81118
0.00211408,0.00221265,81127
-0.0120167,-0.0125771,81131
0.0113725,0.0119028,81133
-0.001315,-0.00137631,81134
0.00173392,0.00181477,81139
-0.00199802,-0.00209119,81141
0.000270712,0.000283335,81142
7.69652e-05,8.0554e-05,81148
-0.000217639,-0.000227787,81183
0.000389484,0.000407645,81199
-0.000567078,-0.00059352,81207
0.00205816,0.00215413,81211
-0.00189728,-0.00198575,81213
0.000222781,0.000233169,81214
0.00325463,0.00340639,81239
-0.0151037,-0.015808,81243
0.0141183,0.0147766,81245
-0.00163843,-0.00171483,81246
-0.00262416,-0.00274652,81255
0.0151152,0.01582,81259
-0.014341,-0.0150097,81261
0.00166906,0.00174689,81262
-0.00220814,-0.0023111,81267
0.0025565,0.0026757,81269
-0.000351603,-0.000367998,81270
-0.000102748,-0.000107539,81276
-0.000538924,-0.000564053,81303
0.00287375,0.00300774,81307
-0.00272339,-0.00285038,81309
0.000323383,0.000338461,81310
0.000537492,0.000562554,81319
-0.00355514,-0.00372092,81323
0.00342625,0.00358601,81325
-0.000412407,-0.000431637,81326
0.000658595,0.000689304,81331
-0.000788668,-0.000825442,81333
0.000121312,0.000126969,81334
4.9431e-05,5.17359e-05,81340
0.000603931,0.000632092,81365
-0.000120279,-0.000125888,81366
-9.68782e-05,-0.000101395,81372
0.000264588,0.000276925,81379
-0.000338447,-0.000354228,81381
7.304e-05,7.64457e-05,81382
8.28359e-05,8.66984e-05,81388
-1.10494e-05,-1.15647e-05,81396
-0.000344821,-0.0003609,81575
0.00246112,0.00257588,81579
-0.00244005,-0.00255382,81581
0.000326339,0.000341555,81582
-0.000575604,-0.000602443,81587
0.000733974,0.000768198,81589
-0.00014269,-0.000149343,81590
-8.65872e-05,-9.06246e-05,81596
-0.00112469,-0.00117713,81621
0.000306278,0.000320559,81622
0.000340382,0.000356253,81628
-0.000480686,-0.000503099,81635
0.00070094,0.000733624,81637
-0.000209226,-0.000218982,81638
-0.0003155,-0.000330211,81644
4.1991e-05,4.3949e-05,81652
-0.00018251,-0.00019102,81687
0.00104401,0.0010927,81691
-0.00101863,-0.00106613,81693
0.000135019,0.000141315,81694
0.000189319,0.000198146,81703
-0.00136718,-0.00143093,81707
0.00136718,0.00143093,81709
-0.000189319,-0.000198146,81710
0.000345589,0.000361703,81715
-0.000449726,-0.000470696,81717
9.36724e-05,9.80401e-05,81718
6.31568e-05,6.61017e-05,81724
0.00095651,0.00100111,81749
-0.000276963,-0.000289877,81750
-0.000325323,-0.000340493,81756
0.000411892,0.000431098,81763
-0.000617515,-0.000646308,81765
0.000195191,0.000204292,81766
0.000307886,0.000322243,81772
-4.10625e-05,-4.29772e-05,81780
-0.000112967,-0.000118234,81813
3.4579e-05,3.61913e-05,81814
4.76432e-05,4.98647e-05,81820
-5.72015e-05,-5.98687e-05,81827
8.81131e-05,9.22216e-05,81829
-2.96382e-05,-3.10202e-05,81830
-5.47599e-05,-5.73133e-05,81836
8.45904e-06,8.85347e-06,81844
-4.17081e-06,-4.36528e-06,81876
2.26133e-06,2.36677e-06,81892
7.6842e-06,8.0425e-06,83327
-1.55662e-05,-1.6292e-05,83391
7.56519e-05,7.91794e-05,83423
-7.73511e-05,-8.09578e-05,83439
2.02107e-05,2.11531e-05,83447
-1.44141e-05,-1.50862e-05,83451
9.10284e-06,9.52729e-06,83453
-1.09091e-06,-1.14178e-06,83454
0.00010129,0.000106013,83647
-0.000570452,-0.000597052,83679
0.000584342,0.000611589,83695
-0.000152008,-0.000159096,83703
0.000107832,0.00011286,83707
-6.80479e-05,-7.12208e-05,83709
8.28236e-06,8.66855e-06,83710
-8.82592e-05,-9.23746e-05,83775
0.000603932,0.000632092,83807
-0.000631436,-0.000660879,83823
0.000177015,0.000185269,83831
-0.000157086,-0.000164411,83835
0.000109783,0.000114903,83837
-1.30776e-05,-1.36874e-05,83838
-0.000117152,-0.000122614,83871
0.000159961,0.00016742,83887
-8.7031e-05,-9.10891e-05,83895
0.000188897,0.000197705,83899
-0.000162468,-0.000170043,83901
1.85744e-05,1.94405e-05,83902
0.000171864,0.000179878,83927
-0.000694847,-0.000727247,83931
0.000638591,0.000668367,83933
-7.19741e-05,-7.53302e-05,83934
-0.00012722,-0.000133152,83943
0.000666624,0.000697708,83947
-0.000624664,-0.000653791,83949
7.03992e-05,7.36818e-05,83950
-9.71155e-05,-0.000101644,83955
0.000110471,0.000115622,83957
-1.436e-05,-1.50296e-05,83958
-3.99169e-06,-4.17782e-06,83964
5.64758e-06,5.91092e-06,84223
-1.00878e-05,-1.05582e-05,84351
2.00747e-05,2.10108e-05,84415
-9.90843e-05,-0.000103704,84447
0.000101793,0.00010654,84463
-2.72331e-05,-2.85029e-05,84471
2.08883e-05,2.18623e-05,84475
-1.36751e-05,-1.43127e-05,84477
1.63248e-06,1.7086e-06,84478
-0.000159385,-0.000166817,84671
0.000906731,0.000949011,84703
-0.000931288,-0.000974712,84719
0.000245764,0.000257224,84727
-0.00018046,-0.000188874,84731
0.00011579,0.000121189,84733
-1.4068e-05,-1.4724e-05,84734
0.000141764,0.000148374,84799
-0.000980534,-0.00102625,84831
0.00102904,0.00107702,84847
-0.000294324,-0.000308048,84855
0.000271425,0.000284081,84859
-0.000192212,-0.000201174,84861
2.28283e-05,2.38928e-05,84862
0.000198395,0.000207646,84895
-0.000273494,-0.000286246,84911
0.000153982,0.000161162,84919
-0.000339883,-0.000355731,84923
0.000292602,0.000306245,84925
-3.33241e-05,-3.4878e-05,84926
-0.000311036,-0.000325539,84951
0.00125503,0.00131355,84955
-0.00115143,-0.00120512,84957
0.000129181,0.000135205,84958
0.000230442,0.000241187,84967
-0.00120385,-0.00125999,84971
0.00112607,0.00117857,84973
-0.00012631,-0.0001322,84974
0.000175119,0.000183285,84979
-0.000198908,-0.000208183,84981
2.57379e-05,2.6938e-05,84982
7.16981e-06,7.50412e-06,84988
5.58756e-05,5.84809e-05,85183
-0.000369003,-0.000386209,85215
0.000394465,0.000412858,85231
-0.000133098,-0.000139304,85239
0.000172327,0.000180362,85243
-0.00013553,-0.00014185,85245
1.58742e-05,1.66144e-05,85246
-6.52501e-05,-6.82926e-05,85311
0.00052434,0.000548789,85343
-0.000577699,-0.000604636,85359
0.000217772,0.000227927,85367
-0.000326321,-0.000341537,85371
0.000264761,0.000277106,85373
-3.07329e-05,-3.2166e-05,85374
-0.000175046,-0.000183209,85407
0.000264327,0.000276652,85423
-0.000211237,-0.000221086,85431
0.000575789,0.000602637,85435
-0.000509543,-0.000533302,85437
5.7835e-05,6.05317e-05,85438
0.000589325,0.000616805,85463
-0.00249714,-0.00261358,85467
0.00229687,0.00240397,85469
-0.000256552,-0.000268514,85470
-0.000449551,-0.000470513,85479
0.00242125,0.00253414,85483
-0.00226568,-0.00237132,85485
0.000252952,0.000264747,85486
-0.000350151,-0.000366478,85491
0.000398133,0.000416698,85493
-5.1357e-05,-5.37517e-05,85494
-1.436e-05,-1.50296e-05,85500
-0.000588854,-0.000616311,85679
0.00070176,0.000734481,85687
-0.00229325,-0.00240018,85691
0.00207601,0.00217281,85693
-0.000236608,-0.000247641,85694
-0.00276931,-0.00289844,85719
0.0122543,0.0128257,85723
-0.0113288,-0.011857,85725
0.00127157,0.00133086,85726
0.00216568,0.00226666,85735
-0.0119822,-0.012541,85739
0.0112482,0.0117727,85741
-0.00126202,-0.00132086,85742
0.00170889,0.00178857,85747
-0.00194916,-0.00204004,85749
0.000252952,0.000264747,85750
7.03992e-05,7.36818e-05,85756
-0.000242877,-0.000254202,85791
0.000420869,0.000440493,85807
-0.000547117,-0.000572628,85815
0.00186432,0.00195125,85819
-0.00169663,-0.00177574,85821
0.000193599,0.000202626,85822
0.00271123,0.00283765,85847
-0.0121627,-0.0127299,85851
0.0112612,0.0117862,85853
-0.00126543,-0.00132443,85854
-0.00215407,-0.00225451,85863
0.0120408,0.0126022,85867
-0.0113165,-0.0118442,85869
0.00127157,0.00133086,85870
-0.00172239,-0.0018027,85875
0.00196884,0.00206065,85877
-0.000256552,-0.000268514,85878
-7.19741e-05,-7.53302e-05,85884
-0.000365951,-0.000383015,85911
0.00184646,0.00193256,85915
-0.00172227,-0.00180258,85917
0.000193599,0.000202626,85918
0.000353356,0.000369832,85927
-0.0022144,-0.00231766,85931
0.00209722,0.00219501,85933
-0.000236608,-0.000247641,85934
0.000372142,0.000389494,85939
-0.000431387,-0.000451502,85941
5.7835e-05,6.05317e-05,85942
1.85744e-05,1.94405e-05,85948
0.000217719,0.00022787,85973
-3.07329e-05,-3.2166e-05,85974
-1.30776e-05,-1.36874e-05,85980
9.98328e-05,0.000104488,85987
-0.000112967,-0.000118234,85989
1.58742e-05,1.66144e-05,85990
8.28236e-06,8.66855e-06,85996
-1.09091e-06,-1.14178e-06,86004
-0.00185222,-0.00193859,87391
0.00215433,0.00225479,87407
-0.00107054,-0.00112046,87415
0.00215433,0.00225479,87419
-0.00185222,-0.00193859,87421
0.000217719,0.00022787,87422
0.000840647,0.000879845,87455
-0.00135177,-0.0014148,87471
0.00134105,0.00140358,87479
-0.00412529,-0.00431764,87483
0.00372418,0.00389783,87485
-0.000431387,-0.000451502,87486
-0.00418539,-0.00438055,87511
0.0185863,0.019453,87515
-0.0172623,-0.0180673,87517
0.00196884,0.00206065,87518
0.00324078,0.00339189,87527
-0.0181115,-0.018956,87531
0.0170912,0.0178881,87533
-0.00194916,-0.00204004,87534
0.00263375,0.00275656,87539
-0.00301742,-0.00315812,87541
0.000398133,0.000416698,87542
0.000110471,0.000115622,87548
0.004342,0.00454446,87727
-0.00570292,-0.00596884,87735
0.0196944,0.0206127,87739
-0.0180317,-0.0188725,87741
0.00209722,0.00219501,87742
0.0232588,0.0243433,87767
-0.106003,-0.110946,87771
0.0987816,0.103388,87773
-0.0113165,-0.0118442,87774
-0.0183021,-0.0191555,87783
0.103835,0.108677,87787
-0.0981943,-0.102773,87789
0.0112482,0.0117727,87790
-0.0148875,-0.0155817,87795
0.0170912,0.0178881,87797
-0.00226568,-0.00237132,87798
-0.000624664,-0.000653791,87804
0.00180615,0.00189037,87839
-0.0032114,-0.00336114,87855
0.00450829,0.00471851,87863
-0.0160922,-0.0168425,87867
0.014794,0.0154838,87869
-0.00172227,-0.00180258,87870
-0.0228425,-0.0239076,87895
0.105272,0.11018,87899
-0.098215,-0.102795,87901
0.0112612,0.0117862,87902
0.0182398,0.0190903,87911
-0.104358,-0.109224,87915
0.0987816,0.103388,87917
-0.0113288,-0.011857,87918
0.0150072,0.015707,87923
-0.0172623,-0.0180673,87925
0.00229687,0.00240397,87926
0.000638591,0.000668367,87932
0.00304618,0.00318822,87959
-0.0157474,-0.0164817,87963
0.014794,0.0154838,87965
-0.00169663,-0.00177574,87966
-0.00295531,-0.00309311,87975
0.0189115,0.0197933,87979
-0.0180317,-0.0188725,87981
0.00207601,0.00217281,87982
-0.00319402,-0.00334295,87987
0.00372418,0.00389783,87989
-0.000509543,-0.000533302,87990
-0.000162468,-0.000170043,87996
0.000264761,0.000277106,88022
0.000109783,0.000114903,88028
-0.000843312,-0.000882634,88035
0.00095651,0.00100111,88037
-0.00013553,-0.00014185,88038
-6.80479e-05,-7.12208e-05,88044
9.10284e-06,9.52729e-06,88052
0.000110381,0.000115528,88255
-0.000797527,-0.000834714,88287
0.0009194,0.00096227,88303
-0.000465086,-0.000486773,88311
0.000972323,0.00101766,88315
-0.000843312,-0.000882634,88317
9.98328e-05,0.000104488,88318
-0.000145394,-0.000152174,88383
0.00126498,0.00132396,88415
-0.00150596,-0.00157618,88431
0.000829497,0.000868175,88439
-0.00182192,-0.00190687,88443
0.00158932,0.00166343,88445
-0.000187495,-0.000196237,88446
-0.000641487,-0.000671398,88479
0.00105166,0.00110069,88495
-0.00110912,-0.00116084,88503
0.00352016,0.0036843,88507
-0.00319402,-0.00334295,88509
0.000372142,0.000389494,88510
0.00358425,0.00375137,88535
-0.016116,-0.0168675,88539
0.0150072,0.015707,88541
-0.00172239,-0.0018027,88542
-0.0027887,-0.00291874,88551
0.0157397,0.0164737,88555
-0.0148875,-0.0155817,88557
0.00170889,0.00178857,88558
-0.00229366,-0.00240061,88563
0.00263375,0.00275656,88565
-0.000350151,-0.000366478,88566
-9.71155e-05,-0.000101644,88572
-0.004342,-0.00454446,88751
0.00586306,0.00613645,88759
-0.0205846,-0.0215444,88763
0.0189115,0.0197933,88765
-0.0022144,-0.00231766,88766
-0.0242863,-0.0254187,88791
0.111706,0.116915,88795
-0.104358,-0.109224,88797
0.0120408,0.0126022,88798
0.0191575,0.0200508,88807
-0.109542,-0.11465,88811
0.103835,0.108677,88813
-0.0119822,-0.012541,88814
0.0157397,0.0164737,88819
-0.0181115,-0.018956,88821
0.00242125,0.00253414,88822
0.000666624,0.000697708,88828
-0.0018338,-0.00191931,88863
0.00328156,0.00343458,88879
-0.00471176,-0.00493146,88887
0.0170722,0.0178683,88891
-0.0157474,-0.0164817,88893
0.00184646,0.00193256,88894
0.0241952,0.0253233,88919
-0.112538,-0.117786,88923
0.105272,0.11018,88925
-0.0121627,-0.0127299,88926
-0.0193669,-0.02027,88935
0.111706,0.116915,88939
-0.106003,-0.110946,88941
0.0122543,0.0128257,88942
-0.016116,-0.0168675,88947
0.0185863,0.019453,88949
-0.00249714,-0.00261358,88950
-0.000694847,-0.000727247,88956
-0.00326445,-0.00341666,88983
0.0170722,0.0178683,88987
-0.0160922,-0.0168425,88989
0.00186432,0.00195125,88990
0.00318229,0.00333067,88999
-0.0205846,-0.0215444,89003
0.0196944,0.0206127,89005
-0.00229325,-0.00240018,89006
0.00352016,0.0036843,89011
-0.00412529,-0.00431764,89013
0.000575789,0.000602637,89014
0.000188897,0.000197705,89020
-0.000326321,-0.000341537,89046
-0.000157086,-0.000164411,89052
0.000972323,0.00101766,89059
-0.00112469,-0.00117713,89061
0.000172327,0.000180362,89062
0.000107832,0.00011286,89068
-1.44141e-05,-1.50862e-05,89076
0.000588854,0.000616311,89263
-0.00085984,-0.000899932,89271
0.00318229,0.00333067,89275
-0.00295531,-0.00309311,89277
0.000353356,0.000369832,89278
0.00408513,0.00427561,89303
-0.0193669,-0.02027,89307
0.0182398,0.0190903,89309
-0.00215407,-0.00225451,89310
-0.00326416,-0.00341636,89319
0.0191575,0.0200508,89323
-0.0183021,-0.0191555,89325
0.00216568,0.00226666,89326
-0.0027887,-0.00291874,89331
0.00324078,0.00339189,89333
-0.000449551,-0.000470513,89334
-0.00012722,-0.000133152,89340
0.000308039,0.000322402,89375
-0.000554889,-0.000580762,89391
0.000853952,0.00089377,89399
-0.00326445,-0.00341666,89403
0.00304618,0.00318822,89405
-0.000365951,-0.000383015,89406
-0.00502911,-0.00526361,89431
0.0241952,0.0253233,89435
-0.0228425,-0.0239076,89437
0.00271123,0.00283765,89438
0.00408513,0.00427561,89447
-0.0242863,-0.0254187,89451
0.0232588,0.0243433,89453
-0.00276931,-0.00289844,89454
0.00358425,0.00375137,89459
-0.00418539,-0.00438055,89461
0.000589325,0.000616805,89462
0.000171864,0.000179878,89468
0.000853952,0.00089377,89495
-0.00471176,-0.00493146,89499
0.00450829,0.00471851,89501
-0.000547117,-0.000572628,89502
-0.00085984,-0.000899932,89511
0.00586306,0.00613645,89515
-0.00570292,-0.00596884,89517
0.00070176,0.000734481,89518
-0.00110912,-0.00116084,89523
0.00134105,0.00140358,89525
-0.000211237,-0.000221086,89526
-8.7031e-05,-9.10891e-05,89532
0.000217772,0.000227927,89558
0.000177015,0.000185269,89564
-0.000465086,-0.000486773,89571
0.000603931,0.000632092,89573
-0.000133098,-0.000139304,89574
-0.000152008,-0.000159096,89580
2.02107e-05,2.11531e-05,89588
0.00105166,0.00110069,89779
-0.00135177,-0.0014148,89781
0.000264327,0.000276652,89782
0.000159961,0.00016742,89788
-0.000577699,-0.000604636,89814
-0.000631436,-0.000660879,89820
0.0009194,0.00096227,89827
-0.00134577,-0.00140852,89829
0.000394465,0.000412858,89830
0.000584342,0.000611589,89836
-7.73511e-05,-8.09578e-05,89844
0.000308039,0.000322402,89879
-0.0018338,-0.00191931,89883
0.00180615,0.00189037,89885
-0.000242877,-0.000254202,89886
-0.000326339,-0.000341555,89895
0.00244005,0.00255382,89899
-0.00246112,-0.00257588,89901
0.000344821,0.0003609,89902
-0.000641487,-0.000671398,89907
0.000840647,0.000879845,89909
-0.000175046,-0.000183209,89910
-0.000117152,-0.000122614,89916
0.00052434,0.000548789,89942
0.000603932,0.000632092,89948
-0.000797527,-0.000834714,89955
0.00119664,0.00125244,89957
-0.000369003,-0.000386209,89958
-0.000570452,-0.000597052,89964
7.56519e-05,7.91794e-05,89972
-6.52501e-05,-6.82926e-05,90006
-8.82592e-05,-9.23746e-05,90012
0.000110381,0.000115528,90019
-0.000170149,-0.000178083,90021
5.58756e-05,5.84809e-05,90022
0.00010129,0.000106013,90028
-1.55662e-05,-1.6292e-05,90036
-4.1708e-06,-4.36528e-06,90084
-0.000148917,-0.000155861,91551
0.000253342,0.000265155,91567
-0.000315997,-0.000330732,91575
0.0011433,0.00119661,91579
-0.00106739,-0.00111716,91581
0.000131578,0.000137713,91582
0.00110005,0.00115134,91607
-0.00534609,-0.00559537,91611
0.00508344,0.00532047,91613
-0.000617908,-0.00064672,91614
-0.000870713,-0.000911313,91623
0.0052499,0.0054947,91627
-0.00506271,-0.00529878,91629
0.000616103,0.000644831,91630
-0.000777141,-0.000813378,91635
0.000908224,0.000950573,91637
-0.000128415,-0.000134403,91638
-3.49566e-05,-3.65866e-05,91644
0.00162861,0.00170455,91831
-0.00640389,-0.0067025,91835
0.00603988,0.00632151,91837
-0.000749744,-0.000784703,91838
-0.00712051,-0.00745253,91863
0.0352798,0.0369248,91867
-0.0336566,-0.0352259,91869
0.00411953,0.00431162,91870
0.0057012,0.00596704,91879
-0.0347639,-0.0363849,91883
0.0336061,0.0351731,91885
-0.00411819,-0.00431021,91886
0.00507767,0.00531444,91891
-0.00594817,-0.00622553,91893
0.000847099,0.000886598,91894
0.000228583,0.000239241,91900
-0.000447307,-0.000468165,91935
0.00081531,0.000853327,91951
-0.00132164,-0.00138327,91959
0.00533162,0.00558023,91963
-0.00504491,-0.00528015,91965
0.000627404,0.000656659,91966
0.00712396,0.00745614,91991
-0.0356496,-0.0373118,91995
0.0340517,0.0356395,91997
-0.00417576,-0.00437047,91998
-0.00578642,-0.00605623,92007
0.0355721,0.0372307,92011
-0.0344283,-0.0360337,92013
0.00422946,0.00442668,92014
-0.00523012,-0.00547399,92019
0.00614359,0.00643005,92021
-0.000881287,-0.00092238,92022
-0.000242158,-0.000253449,92028
-0.000991471,-0.0010377,92055
0.00556235,0.00582171,92059
-0.00535457,-0.00560424,92061
0.000660978,0.000691799,92062
0.000983801,0.00102967,92071
-0.00677621,-0.00709218,92075
0.00661788,0.00692646,92077
-0.000823412,-0.000861806,92078
0.0012076,0.00126391,92083
-0.00144852,-0.00151606,92085
0.000220364,0.000230639,92086
7.69929e-05,8.0583e-05,92092
-9.19827e-05,-9.62717e-05,92124
0.00036809,0.000385253,92131
-0.000449726,-0.000470696,92133
8.33803e-05,8.72682e-05,92134
7.16249e-05,7.49647e-05,92140
-9.67503e-06,-1.01262e-05,92148
-1.8691e-05,-1.95625e-05,92351
0.000138863,0.000145338,92383
-0.000171949,-0.000179966,92399
0.000123124,0.000128866,92407
-0.000348406,-0.000364652,92411
0.000319664,0.000334569,92413
-4.01742e-05,-4.20475e-05,92414
2.57325e-05,2.69324e-05,92479
-0.000227065,-0.000237652,92511
0.000290253,0.000303787,92527
-0.00022156,-0.000231891,92535
0.000638647,0.000668426,92539
-0.000586555,-0.000613905,92541
7.35326e-05,7.69613e-05,92542
0.000145738,0.000152534,92575
-0.000253342,-0.000265155,92591
0.000337519,0.000353257,92599
-0.00126104,-0.00131984,92603
0.0011837,0.0012389,92605
-0.000147175,-0.000154038,92606
-0.00121603,-0.00127273,92631
0.00599746,0.00627711,92635
-0.00572218,-0.005989,92637
0.000701784,0.000734506,92638
0.000967806,0.00101293,92647
-0.00590641,-0.00618182,92651
0.00571362,0.00598004,92653
-0.000701784,-0.000734506,92654
0.000877907,0.000918843,92659
-0.0010293,-0.0010773,92661
0.000147175,0.000154038,92662
4.01742e-05,4.20475e-05,92668
-0.00216187,-0.00226267,92855
0.0086768,0.00908139,92859
-0.00821824,-0.00860145,92861
0.0010293,0.0010773,92862
0.00963556,0.0100849,92887
-0.0483251,-0.0505784,92891
0.0462518,0.0484084,92893
-0.00571362,-0.00598004,92894
-0.00774155,-0.00810252,92903
0.0476983,0.0499224,92907
-0.0462518,-0.0484084,92909
0.00572218,0.005989,92910
-0.00699336,-0.00731945,92915
0.00821824,0.00860145,92917
-0.0011837,-0.0012389,92918
-0.000319664,-0.000334569,92924
0.000586853,0.000614217,92959
-0.00107497,-0.0011251,92975
0.00178947,0.00187291,92983
-0.00735989,-0.00770307,92987
0.00699336,0.00731945,92989
-0.000877907,-0.000918843,92990
-0.00982236,-0.0102804,93015
0.0497677,0.0520883,93019
-0.0476983,-0.0499224,93021
0.00590641,0.00618182,93022
0.00800793,0.00838133,93031
-0.0497677,-0.0520883,93035
0.0483251,0.0505784,93037
-0.00599746,-0.00627711,93038
0.00735989,0.00770307,93043
-0.0086768,-0.00908139,93045
0.00126104,0.00131984,93046
0.000348406,0.000364652,93052
0.00140549,0.00147103,93079
-0.00800793,-0.00838133,93083
0.00774155,0.00810252,93085
-0.000967806,-0.00101293,93086
-0.00140549,-0.00147103,93095
0.00982236,0.0102804,93099
-0.00963556,-0.0100849,93101
0.00121603,0.00127273,93102
-0.00178947,-0.00187291,93107
0.00216187,0.00226267,93109
-0.000337519,-0.000353257,93110
-0.000123124,-0.000128866,93116
0.000171949,0.000179966,93148
-0.000586853,-0.000614217,93155
0.000733974,0.000768198,93157
-0.000145738,-0.000152534,93158
-0.000138863,-0.000145338,93164
1.8691e-05,1.95625e-05,93172
0.000459335,0.000480754,93367
-0.00196085,-0.00205228,93371
0.00188066,0.00196835,93373
-0.000241858,-0.000253135,93374
-0.00240017,-0.00251209,93399
0.0125022,0.0130851,93403
-0.0120838,-0.0126472,93405
0.00153564,0.00160725,93406
0.00196418,0.00205577,93415
-0.0125154,-0.013099,93419
0.0122561,0.0128275,93421
-0.00156439,-0.00163733,93422
0.00189237,0.00198061,93427
-0.00225686,-0.0023621,93429
0.000342937,0.000358928,93430
0.000100012,0.000104675,93436
-0.000148426,-0.000155347,93471
0.000270716,0.000283339,93487
-0.000483317,-0.000505853,93495
0.00211667,0.00221536,93499
-0.00203833,-0.00213338,93501
0.000263562,0.000275851,93502
0.0031173,0.00326265,93527
-0.0164656,-0.0172333,93531
0.0159525,0.0166963,93533
-0.00203833,-0.00213338,93534
-0.00259717,-0.00271827,93543
0.016769,0.0175509,93547
-0.0164656,-0.0172333,93549
0.00211667,0.00221536,93550
-0.00259717,-0.00271827,93555
0.0031173,0.00326265,93557
-0.000483317,-0.000505853,93558
-0.000148426,-0.000155347,93564
-0.000622184,-0.000651195,93591
0.00378052,0.0039568,93595
-0.00371736,-0.00389069,93597
0.000489225,0.000512036,93598
0.000653472,0.000683942,93607
-0.00486853,-0.00509554,93611
0.00486853,0.00509554,93613
-0.000653472,-0.000683942,93614
0.00103721,0.00108557,93619
-0.0013026,-0.00136334,93621
0.000232767,0.00024362,93622
0.000111089,0.000116269,93628
-0.000294771,-0.000308516,93660
0.0005686,0.000595113,93667
-0.000788668,-0.000825442,93669
0.000202704,0.000212156,93670
0.000262716,0.000274966,93676
-3.50348e-05,-3.66684e-05,93684
-0.000300011,-0.000314,93884
0.00126766,0.00132677,93916
-0.00175067,-0.0018323,93923
0.00261679,0.00273881,93925
-0.000788769,-0.000825548,93926
-0.00117798,-0.00123291,93932
0.000155369,0.000162614,93940
-0.00035515,-0.00037171,93975
0.00238666,0.00249795,93979
-0.00242188,-0.00253481,93981
0.000352431,0.000368864,93982
0.000412407,0.000431637,93991
-0.00342625,-0.00358601,93995
0.00355514,0.00372092,93997
-0.000537492,-0.000562554,93998
0.00107397,0.00112404,94003
-0.00144852,-0.00151606,94005
0.000322576,0.000337617,94006
0.000228118,0.000238755,94012
-0.00122845,-0.00128573,94044
0.00159909,0.00167366,94051
-0.00242722,-0.0025404,94053
0.000754797,0.000789992,94054
0.00116172,0.00121589,94060
-0.000153395,-0.000160547,94068
0.000178397,0.000186715,94108
-0.000219327,-0.000229554,94115
0.000341745,0.00035768,94117
-0.000113463,-0.000118754,94118
-0.000205129,-0.000214694,94124
3.14502e-05,3.29166e-05,94132
8.45904e-06,8.85347e-06,94180
0.00115439,0.00120822,95708
-0.00175944,-0.00184148,95715
0.0025565,0.0026757,95717
-0.000733997,-0.000768222,95718
-0.00105549,-0.00110471,95724
0.000141819,0.000148431,95732
0.00138628,0.00145092,95932
-0.0061523,-0.00643917,95964
0.00787244,0.00823951,95971
-0.0119219,-0.0124778,95973
0.00372436,0.00389802,95974
0.00574909,0.00601716,95980
-0.000762559,-0.000798116,95988
-0.00829831,-0.00868524,96027
0.00856591,0.00896532,96029
-0.0013132,-0.00137443,96030
-0.00143488,-0.00150178,96039
0.0126209,0.0132094,96043
-0.0133103,-0.0139309,96045
0.00211661,0.0022153,96046
-0.00447709,-0.00468585,96051
0.00614359,0.00643005,96053
-0.00143972,-0.00150685,96054
-0.00108324,-0.00113375,96060
0.00601572,0.00629622,96092
-0.0074019,-0.00774704,96099
0.011328,0.0118562,96101
-0.00361621,-0.00378483,96102
-0.0057088,-0.00597499,96108
0.000757896,0.000793236,96116
-0.000861589,-0.000901764,96156
0.00100252,0.00104927,96163
-0.00157323,-0.00164659,96165
0.000536352,0.000561362,96166
0.000994043,0.00104039,96172
-0.000153395,-0.000160547,96180
-4.10625e-05,-4.29772e-05,96228
0.00135414,0.00141728,96445
-0.000182532,-0.000191043,96446
0.00970954,0.0101623,96475
-0.00953071,-0.00997511,96477
0.00127157,0.00133086,96478
0.00148678,0.00155611,96487
-0.0100128,-0.0104797,96491
0.0099703,0.0104352,96493
-0.00134579,-0.00140854,96494
0.0016711,0.00174903,96499
-0.00205551,-0.00215136,96501
0.000349441,0.000365734,96502
0.000126831,0.000132745,96508
-0.000102748,-0.000107539,96543
0.000185284,0.000193923,96559
-0.000351603,-0.000367998,96567
0.00166906,0.00174689,96571
-0.00163843,-0.00171483,96573
0.000222781,0.000233169,96574
-0.014341,-0.0150097,96603
0.0141183,0.0147766,96605
-0.00189728,-0.00198575,96606
-0.00220814,-0.0023111,96615
0.0151152,0.01582,96619
-0.0151037,-0.015808,96621
0.00205816,0.00215413,96622
-0.00262416,-0.00274652,96627
0.00325463,0.00340639,96629
-0.000567078,-0.00059352,96630
-0.000217639,-0.000227787,96636
0.0048186,0.00504328,96667
-0.00483949,-0.00506515,96669
0.000681906,0.000713702,96670
0.000823412,0.000861806,96679
-0.00661788,-0.00692646,96683
0.00677621,0.00709218,96685
-0.000983801,-0.00102967,96686
0.00172365,0.00180402,96691
-0.00225686,-0.0023621,96693
0.000462054,0.000483599,96694
0.000275516,0.000288363,96700
-0.000936426,-0.00098009,96732
0.00136229,0.00142581,96739
-0.00199802,-0.00209119,96741
0.000586249,0.000613585,96742
0.000860992,0.000901139,96748
-0.000115892,-0.000121295,96756
0.00609655,0.00638082,96988
-0.00767297,-0.00803075,96995
0.0116508,0.012194,96997
-0.00366684,-0.00383782,96998
-0.0057059,-0.00597196,97004
0.000757821,0.000793156,97012
0.00769199,0.00805065,97051
-0.00796816,-0.0083397,97053
0.00123471,0.00129229,97054
0.00133209,0.0013942,97063
-0.011851,-0.0124036,97067
0.0125396,0.0131243,97069
-0.00201438,-0.00210831,97070
0.00431963,0.00452105,97075
-0.00594817,-0.00622553,97077
0.00140834,0.00147401,97078
0.00107532,0.00112546,97084
-0.00603572,-0.00631715,97116
0.00733025,0.00767205,97123
-0.0112379,-0.0117619,97125
0.00360807,0.00377631,97126
0.0057347,0.0060021,97132
-0.000762559,-0.000798116,97140
0.000867028,0.000907456,97180
-0.000994043,-0.00104039,97187
0.00156261,0.00163547,97189
-0.000536352,-0.000561362,97190
-0.00100252,-0.00104927,97196
0.000155369,0.000162614,97204
4.1991e-05,4.3949e-05,97252
-0.000924489,-0.000967597,97500
0.00112157,0.00117387,97507
-0.00171444,-0.00179438,97509
0.000548751,0.000574338,97510
0.000871647,0.000912291,97516
-0.000115892,-0.000121295,97524
-0.00106142,-0.00111092,97563
0.00110865,0.00116035,97565
-0.000176182,-0.000184397,97566
-0.000184271,-0.000192863,97575
0.0016772,0.00175541,97579
-0.00178811,-0.00187149,97581
0.000293991,0.000307699,97582
-0.000653893,-0.000684383,97587
0.000908224,0.000950573,97589
-0.000220606,-0.000230893,97590
-0.000176182,-0.000184397,97596
0.00110865,0.00116035,97628
-0.00130131,-0.00136199,97635
0.00200564,0.00209916,97637
-0.000653893,-0.000684383,97638
-0.00106142,-0.00111092,97644
0.000141819,0.000148431,97652
-0.000187048,-0.00019577,97692
0.000205129,0.000214694,97699
-0.000323975,-0.000339082,97701
0.000113463,0.000118754,97702
0.000219327,0.000229554,97708
-3.50348e-05,-3.66684e-05,97716
-1.10494e-05,-1.15647e-05,97764
8.2494e-06,8.63405e-06,98020
-4.99879e-05,-5.23188e-05,98076
5.47599e-05,5.73133e-05,98083
-8.57852e-05,-8.97853e-05,98085
2.96382e-05,3.10202e-05,98086
5.72015e-05,5.98687e-05,98092
-9.67503e-06,-1.01262e-05,98100
-5.40474e-06,-5.65676e-06,98148
7.47948e-07,7.82823e-07,98212
0.0446425,0.0467241,112348
0.0684064,0.0715961,112357
-0.0248199,-0.0259772,112358
-0.0421186,-0.0440825,112364
0.0057347,0.0060021,112372
-0.0464643,-0.0486309,112413
0.00798648,0.00835888,112414
0.00772414,0.00808431,112423
0.0727472,0.0761392,112429
-0.0129981,-0.0136042,112430
-0.0344283,-0.0360337,112437
0.0092463,0.00967744,112438
0.00764467,0.00800113,112444
-0.043745,-0.0457848,112476
-0.0651919,-0.0682317,112485
0.0241629,0.0252895,112486
0.041882,0.0438349,112492
-0.0057088,-0.00597499,112500
0.00630459,0.00659856,112540
0.00909801,0.00952223,112549
-0.00360807,-0.00377631,112550
-0.00733025,-0.00767205,112556
0.00116172,0.00121589,112564
0.000307886,0.000322243,112612
0.0443183,0.0463847,112861
-0.00663194,-0.00694118,112862
-0.00673923,-0.00705346,112871
-0.0467923,-0.0489742,112877
0.0071006,0.00743169,112878
0.0099703,0.0104352,112885
-0.00194405,-0.00203469,112886
-0.000762456,-0.000798008,112892
0.000438869,0.000459332,112927
-0.000789236,-0.000826037,112943
0.00156457,0.00163752,112951
0.00767929,0.00803737,112957
-0.00117097,-0.00122557,112958
-0.0680323,-0.0712045,112989
0.0102222,0.0106988,112990
0.0104201,0.0109059,112999
0.0734407,0.0768651,113005
-0.0112163,-0.0117393,113006
-0.0163428,-0.0171049,113013
0.0032551,0.00340688,113014
0.00135097,0.00141396,113020
0.0251478,0.0263204,113053
-0.00395873,-0.00414331,113054
-0.00422946,-0.00442668,113063
-0.0355721,-0.0372307,113069
0.00578642,0.00605623,113070
0.0122561,0.0128275,113077
-0.00287261,-0.00300655,113078
-0.0018841,-0.00197195,113084
0.0067768,0.00709279,113116
0.0113725,0.0119028,113125
-0.00388649,-0.00406771,113126
-0.00630791,-0.00660203,113132
0.000871647,0.000912291,113140
-0.0671669,-0.0702987,113381
0.0245085,0.0256513,113382
0.0418623,0.0438142,113388
-0.0057059,-0.00597196,113396
0.0439503,0.0459996,113437
-0.00761535,-0.00797044,113438
-0.00730187,-0.00764235,113447
-0.0694978,-0.0727384,113453
0.0125129,0.0130963,113454
0.0336061,0.0351731,113461
-0.00909778,-0.009522,113462
-0.00761535,-0.00797044,113468
0.0439503,0.0459996,113500
0.0649106,0.0679373,113509
-0.0241629,-0.0252895,113510
-0.0421186,-0.0440825,113516
0.00574909,0.00601716,113524
-0.00635361,-0.00664987,113564
-0.00906907,-0.00949195,113573
0.00361621,0.00378483,113574
0.0074019,0.00774704,113580
-0.00117798,-0.00123291,113588
-0.0003155,-0.000330211,113636
0.00974457,0.0101989,113893
-0.00361801,-0.00378671,113894
-0.00630791,-0.00660203,113900
0.000860992,0.000901139,113908
-0.00603572,-0.00631715,113949
0.00107532,0.00112546,113950
0.000996316,0.00104277,113959
0.00977555,0.0102314,113965
-0.00180551,-0.00188969,113966
-0.00506271,-0.00529878,113973
0.00140834,0.00147401,113974
0.00123471,0.00129229,113980
-0.00796816,-0.0083397,114012
-0.0114207,-0.0119532,114021
0.00431963,0.00452105,114022
0.00769199,0.00805065,114028
-0.00105549,-0.00110471,114036
0.00135376,0.00141688,114076
0.00185388,0.00194032,114085
-0.000754797,-0.000789992,114086
-0.00159909,-0.00167366,114092
0.000262716,0.000274966,114100
8.28359e-05,8.66984e-05,114148
-6.18423e-05,-6.47259e-05,114404
0.000357841,0.000374526,114460
0.000487182,0.000509898,114469
-0.000195191,-0.000204292,114470
-0.000411892,-0.000431098,114476
7.16249e-05,7.49647e-05,114484
4.06128e-05,4.25065e-05,114532
-5.72134e-06,-5.98811e-06,114596
-0.000408813,-0.000427875,116511
0.000765704,0.000801407,116527
-0.00147417,-0.0015429,116535
-0.00658362,-0.0068906,116541
0.000964399,0.00100937,116542
0.0455808,0.0477062,116573
-0.00658362,-0.0068906,116574
-0.0071006,-0.00743169,116583
-0.0464643,-0.0486309,116589
0.00673923,0.00705346,116590
0.00856591,0.00896532,116597
-0.00147417,-0.0015429,116598
-0.000408813,-0.000427875,116604
-0.00790342,-0.00827195,116637
0.00115702,0.00121097,116638
0.00134579,0.00140854,116647
0.0100128,0.0104797,116653
-0.00148678,-0.00155611,116654
-0.00242188,-0.00253481,116661
0.000463015,0.000484605,116662
0.000198955,0.000208232,116668
-0.00101863,-0.00106613,116709
0.000274847,0.000287663,116710
0.000357841,0.000374526,116716
-4.99879e-05,-5.23188e-05,116724
-9.20573e-05,-9.63498e-05,116975
0.000116631,0.000122069,116983
0.000422711,0.000442421,116989
-6.22805e-05,-6.51845e-05,116990
1.20135e-05,1.25737e-05,117055
-0.000103541,-0.000108369,117087
0.000159053,0.00016647,117103
-0.000209203,-0.000218958,117111
-0.000759985,-0.000795421,117117
0.000111815,0.000117028,117118
0.000103357,0.000108176,117151
-0.000197151,-0.000206344,117167
0.000356143,0.000372749,117175
0.00152158,0.00159253,117181
-0.000222623,-0.000233003,117182
-0.00757069,-0.0079237,117213
0.00109249,0.00114343,117214
0.00116967,0.00122421,117223
0.00761998,0.00797528,117229
-0.0011033,-0.00115474,117230
-0.00140824,-0.0014739,117237
0.000240235,0.000251437,117238
6.50265e-05,6.80585e-05,117244
-0.0103369,-0.0108189,117479
-0.0675996,-0.0707516,117485
0.00984042,0.0102993,117486
0.0123111,0.0128852,117493
-0.00211099,-0.00220942,117494
-0.00056164,-0.000587828,117500
0.000614169,0.000642806,117535
-0.00115137,-0.00120506,117551
0.00225184,0.00235684,117559
0.010206,0.0106819,117565
-0.00150517,-0.00157535,117566
-0.0715102,-0.0748446,117597
0.0103983,0.0108831,117598
0.0110704,0.0115865,117607
0.0730744,0.0764817,117613
-0.0106746,-0.0111724,117614
-0.0135686,-0.0142013,117621
0.0023599,0.00246994,117622
0.000662776,0.00069368,117628
0.0128956,0.0134969,117661
-0.0019034,-0.00199216,117662
-0.00218555,-0.00228746,117671
-0.016458,-0.0172254,117677
0.00246683,0.00258185,117678
0.00407614,0.00426621,117685
-0.000793458,-0.000830456,117686
-0.00035269,-0.000369136,117692
0.0018265,0.00191167,117733
-0.000506186,-0.000529789,117734
-0.000674706,-0.000706166,117740
9.39851e-05,9.83675e-05,117748
0.00373953,0.00391389,117991
0.0251478,0.0263204,117997
-0.00373953,-0.00391389,117998
-0.00483949,-0.00506515,118005
0.000877562,0.000918481,118006
0.000274847,0.000287663,118012
-0.000242158,-0.000253449,118047
0.000443157,0.000463821,118063
-0.000881287,-0.00092238,118071
-0.00417576,-0.00437047,118077
0.000627404,0.000656659,118078
0.0340517,0.0356395,118109
-0.00504491,-0.00528015,118110
-0.00523012,-0.00547399,118119
-0.0356496,-0.0373118,118125
0.00533162,0.00558023,118126
0.00712396,0.00745614,118133
-0.00132164,-0.00138327,118134
-0.000447307,-0.000468165,118140
-0.00927832,-0.00971095,118173
0.00141968,0.00148588,118174
0.00156439,0.00163733,118183
0.0125154,0.013099,118189
-0.00196418,-0.00205577,118190
-0.00371736,-0.00389069,118197
0.000809991,0.00084776,118198
0.000463015,0.000484605,118204
-0.00272339,-0.00285038,118245
0.000877562,0.000918481,118246
0.00135376,0.00141688,118252
-0.000187048,-0.00019577,118260
-0.00635361,-0.00664987,118508
0.000867028,0.000907456,118516
-0.00790342,-0.00827195,118557
0.00133621,0.00139852,118558
0.001315,0.00137631,118567
0.0120167,0.0125771,118573
-0.00211408,-0.00221265,118574
-0.00535457,-0.00560424,118581
0.00141968,0.00148588,118582
0.00115702,0.00121097,118588
-0.00974143,-0.0101957,118629
0.00361801,0.00378671,118630
0.00630459,0.00659856,118636
-0.000861589,-0.000901764,118644
0.00138029,0.00144465,118693
-0.000548751,-0.000574338,118694
-0.00112157,-0.00117387,118700
0.000178397,0.000186715,118708
4.76432e-05,4.98647e-05,118756
0.0649039,0.0679302,120677
-0.0245085,-0.0256513,120678
-0.043745,-0.0457848,120684
0.00601572,0.00629622,120692
-0.00906681,-0.00948958,120741
0.00366684,0.00383782,120742
0.00767297,0.00803075,120748
-0.00122845,-0.00128573,120756
-0.000325323,-0.000340493,120804
0.0443183,0.0463847,121069
-0.0067768,-0.00709279,121070
-0.00953071,-0.00997511,121077
0.0018841,0.00197195,121078
0.000762456,0.000798008,121084
-0.000412877,-0.000432129,121119
0.000741178,0.000775738,121135
-0.00147224,-0.00154089,121143
-0.00726957,-0.00760854,121149
0.00111626,0.00116831,121150
-0.00981575,-0.0102734,121182
-0.00992588,-0.0103887,121191
-0.0702429,-0.0735182,121197
0.0108057,0.0113095,121198
0.0157682,0.0165034,121205
-0.00318187,-0.00333024,121206
-0.00136061,-0.00142405,121212
0.00388649,0.00406771,121246
0.00411819,0.00431021,121255
0.0347639,0.0363849,121261
-0.0057012,-0.00596704,121262
-0.0120838,-0.0126472,121269
0.00287261,0.00300655,121270
0.00194405,0.00203469,121276
-0.0113573,-0.0118868,121317
0.00395873,0.00414331,121318
0.00663194,0.00694118,121324
-0.000924489,-0.000967597,121332
0.00609655,0.00638082,121588
0.00764467,0.00800113,121630
0.00726191,0.00760052,121639
0.0692665,0.0724963,121645
-0.0125848,-0.0131716,121646
-0.0336566,-0.0352259,121653
0.0092463,0.00967744,121654
0.00798648,0.00835888,121660
-0.0653861,-0.068435,121701
0.0248199,0.0259772,121702
0.0446425,0.0467241,121708
-0.0061523,-0.00643917,121716
0.00914782,0.00957437,121765
-0.00372436,-0.00389802,121766
-0.00787244,-0.00823951,121772
0.00126766,0.00132677,121780
0.000340382,0.000356253,121828
-0.000936426,-0.00098009,122100
-0.00108324,-0.00113375,122142
-0.000991776,-0.00103802,122151
-0.00975661,-0.0102115,122157
0.00182227,0.00190724,122158
0.00508344,0.00532047,122165
-0.00143972,-0.00150685,122166
-0.0013132,-0.00137443,122172
0.0115554,0.0120942,122213
-0.00447709,-0.00468585,122214
-0.00829831,-0.00868524,122220
0.00115439,0.00120822,122228
-0.00188362,-0.00197145,122277
0.000788769,0.000825548,122278
0.00175067,0.0018323,122284
-0.000294771,-0.000308516,122292
-9.68782e-05,-0.000101395,122340
-0.000500626,-0.000523969,122661
0.000209226,0.000218982,122662
0.000480686,0.000503099,122668
-9.19827e-05,-9.62717e-05,122676
-6.70616e-05,-7.01885e-05,122724
9.39004e-06,9.82788e-06,122788
0.00137318,0.00143721,124837
-0.000586249,-0.000613585,124838
-0.00136229,-0.00142581,124844
0.000228118,0.000238755,124852
6.31568e-05,6.61017e-05,124900
0.00135414,0.00141728,125173
-0.000275516,-0.000288363,125174
-0.000126831,-0.000132745,125180
5.65559e-05,5.9193e-05,125215
-0.000101047,-0.000105759,125231
0.000199808,0.000209125,125239
0.000993217,0.00103953,125245
-0.000152753,-0.000159875,125246
0.00138809,0.00145281,125287
0.00989584,0.0103573,125293
-0.00152897,-0.00160026,125294
-0.00228776,-0.00239444,125301
0.0004741,0.000496206,125302
0.000227969,0.000238599,125308
-0.000616103,-0.000644831,125351
-0.0052499,-0.0054947,125357
0.000870713,0.000911313,125358
0.00188066,0.00196835,125365
-0.000462054,-0.000483599,125366
-0.000349441,-0.000365734,125372
0.00185439,0.00194085,125413
-0.000681906,-0.000713702,125414
-0.00127157,-0.00133086,125420
0.000182532,0.000191043,125428
-0.00127204,-0.00133135,125735
-0.0122149,-0.0127844,125741
0.00225869,0.00236401,125742
0.00603988,0.00632151,125749
-0.00172365,-0.00180402,125750
-0.0016711,-0.00174903,125756
0.0119919,0.0125511,125797
-0.0048186,-0.00504328,125798
-0.00970954,-0.0101623,125804
0.00138628,0.00145092,125812
-0.00168675,-0.0017654,125861
0.000733997,0.000768222,125862
0.00175944,0.00184148,125868
-0.000300011,-0.000314,125876
-8.65872e-05,-9.06246e-05,125924
0.000201755,0.000211162,126247
0.00200166,0.002095,126253
-0.000386347,-0.000404362,126254
-0.00106739,-0.00111716,126261
0.000322576,0.000337617,126262
0.000352431,0.000368864,126268
-0.00251376,-0.00263098,126309
0.00107397,0.00112404,126310
0.00238666,0.00249795,126316
-0.00035515,-0.00037171,126324
0.000423401,0.000443143,126373
-0.000202704,-0.000212156,126374
-0.0005686,-0.000595113,126380
0.000111089,0.000116269,126388
4.9431e-05,5.17359e-05,126436
0.000133541,0.000139768,126757
-7.304e-05,-7.64457e-05,126758
-0.000264588,-0.000276925,126764
7.69929e-05,8.0583e-05,126772
0.000103451,0.000108275,126820
-1.42929e-05,-1.49594e-05,126884
5.35234e-05,5.60191e-05,129319
0.000525895,0.000550417,129325
-0.000106604,-0.000111575,129326
-0.000276963,-0.000289877,129333
9.36724e-05,9.80401e-05,129334
0.000135019,0.000141315,129340
-0.000653912,-0.000684403,129381
0.000345589,0.000361703,129382
0.00104401,0.0010927,129388
-0.00018251,-0.00019102,129396
0.000117665,0.000123152,129445
-8.33803e-05,-8.72682e-05,129446
-0.00036809,-0.000385253,129452
0.000100012,0.000104675,129460
7.69652e-05,8.0554e-05,129508
6.91837e-05,7.24096e-05,129829
-8.44621e-05,-8.84005e-05,129830
-0.000550747,-0.000576427,129836
0.000228583,0.000239241,129844
0.000404967,0.00042385,129892
-5.55568e-05,-5.81473e-05,129956
-9.75999e-06,-1.02151e-05,130341
1.18165e-05,1.23674e-05,130342
7.89636e-05,8.26455e-05,130348
-3.49566e-05,-3.65866e-05,130356
-7.23614e-05,-7.57354e-05,130404
1.15018e-05,1.20381e-05,130468
3.04743e-06,3.18953e-06,130852
5.44904e-06,5.70313e-06,149887
-1.08581e-05,-1.13644e-05,149951
-5.50029e-05,-5.75676e-05,149999
1.48536e-05,1.55462e-05,150007
8.17433e-06,8.55549e-06,150013
-1.13432e-06,-1.18721e-06,150014
-7.61955e-05,-7.97483e-05,150335
-0.000552408,-0.000578165,150383
0.000160703,0.000168196,150391
0.000117377,0.00012285,150397
-1.64214e-05,-1.71871e-05,150398
0.000147621,0.000154505,150447
-8.73064e-05,-9.13773e-05,150455
-0.000185665,-0.000194322,150461
2.55554e-05,2.6747e-05,150462
-0.000138863,-0.000145338,150503
-0.000726776,-0.000760664,150509
9.92235e-05,0.00010385,150510
0.000129721,0.00013577,150517
-2.05233e-05,-2.14802e-05,150518
3.4579e-05,3.61913e-05,150847
0.000306278,0.000320559,150895
-0.000120279,-0.000125888,150903
-0.000165804,-0.000173536,150909
2.30812e-05,2.41575e-05,150910
-0.00014269,-0.000149343,150959
0.000121312,0.000126969,150967
0.000323975,0.000339081,150973
-4.45484e-05,-4.66256e-05,150974
0.000270712,0.000283335,151015
0.00145525,0.0015231,151021
-0.000197695,-0.000206913,151022
-0.000258461,-0.000270513,151029
4.07378e-05,4.26373e-05,151030
-0.000235694,-0.000246684,151343
0.000323383,0.000338461,151351
0.00109104,0.00114191,151357
-0.000151162,-0.00015821,151358
0.00131098,0.00137211,151399
0.00731738,0.00765857,151405
-0.00100102,-0.00104769,151406
-0.00128741,-0.00134743,151413
0.000205119,0.000214684,151414
-0.000216651,-0.000226753,151463
-0.0013624,-0.00142593,151469
0.000187406,0.000196145,151470
0.000284386,0.000297647,151477
-4.68336e-05,-4.90174e-05,151478
7.5548e-05,7.90707e-05,151525
-1.34629e-05,-1.40906e-05,151526
0.000789209,0.000826008,153967
-0.000474066,-0.000496171,153975
-0.00103739,-0.00108576,153981
0.00014832,0.000155236,153982
-0.000575604,-0.000602443,154031
0.000658595,0.000689304,154039
0.00209859,0.00219645,154045
-0.000297456,-0.000311326,154046
0.00173392,0.00181477,154087
0.00986639,0.0103264,154093
-0.00138175,-0.00144618,154094
-0.00176476,-0.00184705,154101
0.00028749,0.000300895,154102
-0.0018836,-0.00197143,154415
0.00287375,0.00300774,154423
0.0104664,0.0109544,154429
-0.00149496,-0.00156467,154430
0.0121811,0.0127491,154471
0.0708552,0.074159,154477
-0.0100007,-0.0104671,154478
-0.0125681,-0.0131541,154485
0.00207143,0.00216802,154486
-0.00202218,-0.00211648,154535
-0.0132621,-0.0138805,154541
0.00188941,0.00197752,154542
0.00282549,0.00295724,154549
-0.000487444,-0.000510173,154550
-0.00015621,-0.000163493,154598
0.000330531,0.000345943,154927
-0.000538924,-0.000564053,154935
-0.00208902,-0.00218643,154941
0.000306502,0.000320794,154942
-0.00266559,-0.00278988,154983
-0.0160991,-0.0168498,154989
0.00234717,0.00245661,154990
0.00294201,0.00307919,154997
-0.000512112,-0.000535991,154998
0.000577112,0.000604022,155047
0.00404973,0.00423856,155053
-0.000613876,-0.0006425,155054
-0.000982235,-0.00102804,155061
0.000195242,0.000204346,155062
0.000138928,0.000145406,155110
-0.000680552,-0.000712285,155445
0.0001831,0.000191638,155446
0.000418571,0.000438088,155494
-6.38717e-05,-6.685e-05,155558
0.000148917,0.000155861,158127
-0.000220364,-0.000230639,158135
-0.000847099,-0.000886598,158141
0.000128415,0.000134403,158142
-0.000660978,-0.000691799,158183
-0.00411953,-0.00431162,158189
0.000617908,0.00064672,158190
0.000749744,0.000784703,158197
-0.000131578,-0.000137713,158198
-0.0012076,-0.00126391,158519
-0.00507767,-0.00531444,158525
0.000777141,0.000813378,158526
-0.00556235,-0.00582171,158567
-0.0352798,-0.0369248,158573
0.00534609,0.00559537,158574
0.00640389,0.0067025,158581
-0.0011433,-0.00119661,158582
0.000991471,0.0010377,158631
0.00712051,0.00745253,158637
-0.00110005,-0.00115134,158638
-0.00162861,-0.00170455,158645
0.000315997,0.000330732,158646
0.000342937,0.000358928,159031
0.00153564,0.00160725,159037
-0.000241858,-0.000253135,159038
0.00189237,0.00198061,159079
0.0125022,0.0130851,159085
-0.00196085,-0.00205228,159086
-0.00240017,-0.00251209,159093
0.000459335,0.000480754,159094
-0.000489225,-0.000512036,159143
-0.00378052,-0.0039568,159149
0.000622184,0.000651195,159150
0.00103721,0.00108557,159157
-0.000232767,-0.00024362,159158
! m= 3 ; q= ( 0 0 0  ) 
[ 
energy=  -4.42005 
energy=  -3.83602 
energy=  -3.66885 
energy=  -3.45672 
energy=  -3.38101 
energy=  -3.22563 
energy=  -3.12002 
energy=  -2.93693 
energy=  -2.75919 
energy=  -2.56321 
energy=  -2.35927 
energy=  -2.12677 
energy=  -1.88315 
energy=  -1.64297 
energy=   -1.3856 
energy=  -1.12543 
energy= -0.860693 
energy= -0.593681 
energy= -0.325349 
energy= -0.0427807 
energy=  0.226818 
energy=  0.499936 
energy=  0.777923 
energy=   1.04267 
energy=    1.3075 
energy=    1.5571 
energy=   1.79154 
energy=   2.02159 
energy=   2.25688 
energy=   2.45843 
energy=    2.6502 
energy=   2.83731 
energy=   3.02848 
energy=   3.14469 
energy=   3.27915 
energy=   3.35134 
energy=   3.41204 
energy=   3.57291 
energy=    3.7455 
] 
! m= 3 ; q= ( 0 0 1  ) 
[ 
energy=  -3.81776 
energy=  -3.65934 
energy=  -3.45089 
energy=  -3.37373 
energy=  -3.23989 
energy=  -3.18179 
energy=  -3.15669 
energy=  -3.04474 
energy=  -2.95977 
energy=  -2.86332 
energy=  -2.71679 
energy=  -2.61377 
energy=  -2.49036 
energy=  -2.34886 
energy=  -2.19042 
energy=  -2.02208 
energy=  -1.87305 
energy=  -1.71384 
energy=  -1.52224 
energy=  -1.35527 
energy=  -1.17245 
energy= -0.981472 
energy= -0.799982 
energy= -0.603762 
energy= -0.408007 
energy= -0.210032 
energy= -0.0215593 
energy=  0.175111 
energy=  0.367349 
energy=  0.557463 
energy=  0.750942 
energy=  0.953487 
energy=    1.1164 
energy=   1.32836 
energy=   1.49058 
energy=   1.68178 
energy=   1.81958 
energy=   2.01417 
energy=   2.17114 
energy=   2.34769 
energy=   2.41374 
energy=   2.59323 
energy=   2.74494 
energy=   2.83289 
energy=   2.94314 
energy=   3.03959 
energy=   3.16576 
energy=   3.21673 
energy=   3.29136 
energy=   3.36219 
energy=   3.40235 
energy=   3.44376 
energy=   3.48755 
energy=   3.66677 
] 
! m= 3 ; q= ( 0 0 2  ) 
[ 
energy=  -3.78228 
energy=  -3.64147 
energy=  -3.42594 
energy=  -3.36106 
energy=  -3.24469 
energy=  -3.20515 
energy=  -3.14258 
energy=  -3.06682 
energy=  -2.98742 
energy=  -2.88473 
energy=  -2.76935 
energy=  -2.62916 
energy=  -2.51022 
energy=  -2.38676 
energy=  -2.23182 
energy=  -2.07846 
energy=  -1.92451 
energy=  -1.76294 
energy=  -1.59474 
energy=  -1.41613 
energy=  -1.23499 
energy=  -1.05635 
energy= -0.878133 
energy=  -0.69072 
energy= -0.491511 
energy= -0.309579 
energy= -0.116751 
energy= 0.0785281 
energy=  0.273062 
energy=  0.459715 
energy=   0.65335 
energy=  0.838228 
energy=   1.01881 
energy=    1.2158 
energy=   1.39095 
energy=   1.56717 
energy=   1.73885 
energy=   1.88513 
energy=   2.05394 
energy=   2.21872 
energy=   2.35065 
energy=   2.46966 
energy=   2.64564 
energy=   2.75933 
energy=   2.84861 
energy=    2.9833 
energy=   3.04927 
energy=    3.1468 
energy=    3.2633 
energy=   3.29987 
energy=   3.33101 
energy=   3.40602 
energy=   3.48572 
energy=   3.49927 
energy=   3.59703 
] 
! m= 3 ; q= ( 0 0 3  ) 
[ 
energy=  -3.76567 
energy=  -3.63154 
energy=  -3.40778 
energy=  -3.35709 
energy=  -3.22239 
energy=  -3.20648 
energy=  -3.13226 
energy=  -3.06511 
energy=  -2.98879 
energy=  -2.86095 
energy=  -2.76221 
energy=  -2.62538 
energy=  -2.50126 
energy=  -2.36758 
energy=  -2.22823 
energy=  -2.06125 
energy=   -1.9105 
energy=  -1.75904 
energy=   -1.5839 
energy=   -1.4163 
energy=  -1.23081 
energy=  -1.04667 
energy= -0.877681 
energy= -0.683696 
energy= -0.489708 
energy=  -0.31176 
energy= -0.108549 
energy= 0.0760386 
energy=  0.275739 
energy=  0.462541 
energy=   0.65735 
energy=  0.839561 
energy=   1.01696 
energy=   1.21735 
energy=   1.40126 
energy=   1.55919 
energy=   1.73332 
energy=   1.88352 
energy=   2.07014 
energy=    2.2046 
energy=   2.33205 
energy=   2.46596 
energy=   2.65514 
energy=   2.72832 
energy=   2.83834 
energy=   2.97954 
energy=   3.09045 
energy=   3.15853 
energy=   3.23904 
energy=   3.31404 
energy=   3.40596 
energy=   3.43251 
energy=   3.45354 
energy=   3.52844 
energy=   3.53715 
] 
! m= 3 ; q= ( 0 0 4  ) 
[ 
energy=  -3.78228 
energy=  -3.64147 
energy=  -3.42594 
energy=  -3.36106 
energy=   -3.2455 
energy=  -3.19697 
energy=  -3.12196 
energy=  -3.03467 
energy=  -2.95433 
energy=  -2.82903 
energy=  -2.70699 
energy=  -2.58087 
energy=  -2.44195 
energy=  -2.31396 
energy=  -2.13413 
energy=  -1.98639 
energy=  -1.82499 
energy=  -1.65734 
energy=  -1.46449 
energy=  -1.27683 
energy=  -1.09211 
energy= -0.907715 
energy=  -0.70797 
energy= -0.522075 
energy= -0.323645 
energy= -0.119812 
energy=  0.079098 
energy=  0.281216 
energy=  0.472053 
energy=  0.678887 
energy=  0.872779 
energy=    1.0504 
energy=   1.25694 
energy=   1.43601 
energy=   1.62416 
energy=   1.78929 
energy=   1.96955 
energy=   2.13973 
energy=   2.31081 
energy=   2.38986 
energy=   2.55322 
energy=   2.72801 
energy=   2.82927 
energy=   2.91898 
energy=   3.01456 
energy=   3.12755 
energy=   3.24932 
energy=   3.27694 
energy=   3.33083 
energy=   3.40585 
energy=    3.4858 
energy=   3.49927 
energy=   3.59703 
] 
! m= 3 ; q= ( 0 0 5  ) 
[ 
energy=  -3.81776 
energy=  -3.65934 
energy=  -3.45089 
energy=  -3.37373 
energy=  -3.23991 
energy=  -3.16778 
energy=  -3.11479 
energy=  -3.05059 
energy=  -2.96283 
energy=  -2.84302 
energy=  -2.75441 
energy=   -2.6079 
energy=  -2.48978 
energy=  -2.34039 
energy=  -2.20415 
energy=  -2.03246 
energy=  -1.88077 
energy=  -1.70701 
energy=   -1.5418 
energy=  -1.35508 
energy=  -1.17818 
energy= -0.997369 
energy= -0.797541 
energy= -0.607507 
energy=  -0.40962 
energy= -0.220518 
energy= -0.022001 
energy=  0.166744 
energy=  0.358172 
energy=  0.552267 
energy=  0.752757 
energy=  0.952947 
energy=   1.11516 
energy=   1.32199 
energy=   1.48686 
energy=    1.6707 
energy=   1.81644 
energy=   2.00962 
energy=   2.16495 
energy=   2.33406 
energy=   2.40831 
energy=   2.59726 
energy=   2.74286 
energy=   2.82109 
energy=   2.92706 
energy=   3.03709 
energy=   3.16473 
energy=   3.19458 
energy=   3.29418 
energy=   3.36051 
energy=   3.40236 
energy=   3.44614 
energy=   3.48755 
energy=   3.66677 
] 
q-vector: ( 0, 0, 0, 0)
Groundstate 
3.89663e-11,-7.02793e-12,4095
-4.50157e-10,6.73934e-11,6143
9.49427e-10,-1.45735e-10,7167
-1.99039e-09,3.02998e-10,7679
8.55413e-09,-1.30491e-09,7935
-9.15422e-09,1.39875e-09,8063
4.10955e-09,-6.25754e-10,8127
-9.15591e-09,1.3996e-09,8159
8.55089e-09,-1.30477e-09,8175
-1.99207e-09,3.04209e-10,8183
9.48221e-10,-1.4758e-10,8187
-4.49007e-10,6.72624e-11,8189
4.19691e-11,-8.45347e-12,8190
6.62934e-09,-1.01145e-09,10239
-1.28745e-08,1.96678e-09,11263
2.69859e-08,-4.12048e-09,11775
-1.28582e-07,1.96283e-08,12031
1.4226e-07,-2.17149e-08,12159
-7.62575e-08,1.16421e-08,12223
2.01433e-07,-3.07476e-08,12255
-1.92274e-07,2.93504e-08,12271
4.47833e-08,-6.83555e-09,12279
-2.13387e-08,3.25685e-09,12283
1.01506e-08,-1.54996e-09,12285
-9.58491e-10,1.44846e-10,12286
1.14083e-08,-1.74233e-09,13311
-1.53655e-07,2.34549e-08,13823
8.10148e-07,-1.23668e-07,14079
-9.26173e-07,1.41378e-07,14207
5.63212e-07,-8.59709e-08,14271
-1.49639e-06,2.28421e-07,14303
1.4295e-06,-2.1821e-07,14319
-3.35861e-07,5.12687e-08,14327
1.596e-07,-2.43636e-08,14331
-7.53982e-08,1.15095e-08,14333
7.42858e-09,-1.13409e-09,14334
1.3937e-07,-2.12748e-08,14847
-8.87034e-07,1.35404e-07,15103
1.10795e-06,-1.69125e-07,15231
-9.34261e-07,1.42613e-07,15295
3.01673e-06,-4.60497e-07,15327
-2.94372e-06,4.49352e-07,15343
6.90402e-07,-1.05388e-07,15351
-3.29058e-07,5.02302e-08,15355
1.55479e-07,-2.3735e-08,15357
-1.5331e-08,2.33839e-09,15358
3.91363e-07,-5.97392e-08,15615
-7.34304e-07,1.12089e-07,15743
1.33646e-06,-2.04007e-07,15807
-5.96843e-06,9.11068e-07,15839
5.97655e-06,-9.12306e-07,15855
-1.39676e-06,2.13212e-07,15863
6.69909e-07,-1.02259e-07,15867
-3.16806e-07,4.83585e-08,15869
3.13127e-08,-4.77943e-09,15870
3.99476e-07,-6.09792e-08,15999
-4.62995e-06,7.06754e-07,16063
2.51924e-05,-3.84557e-06,16095
-2.54018e-05,3.87753e-06,16111
5.8551e-06,-8.93768e-07,16119
-2.79687e-06,4.26936e-07,16123
1.31879e-06,-2.0131e-07,16125
-1.31634e-07,2.00947e-08,16126
3.73598e-06,-5.70287e-07,16191
-2.46535e-05,3.7633e-06,16223
2.51509e-05,-3.83922e-06,16239
-5.82719e-06,8.89507e-07,16247
2.81798e-06,-4.30158e-07,16251
-1.33661e-06,2.04031e-07,16253
1.32389e-07,-2.02076e-08,16254
3.73221e-06,-5.69714e-07,16287
-4.61021e-06,7.03738e-07,16303
1.27327e-06,-1.9436e-07,16311
-7.331e-07,1.11906e-07,16315
3.71905e-07,-5.67707e-08,16317
-3.33672e-08,5.09374e-09,16318
3.8772e-07,-5.91839e-08,16335
-6.02867e-07,9.20268e-08,16343
4.25515e-07,-6.49543e-08,16347
-2.47695e-07,3.78098e-08,16349
2.19749e-08,-3.3548e-09,16350
2.91295e-07,-4.44646e-08,16359
-2.32674e-07,3.5518e-08,16363
1.49844e-07,-2.28724e-08,16365
-1.36683e-08,2.08671e-09,16366
3.88848e-08,-5.93643e-09,16371
-3.1475e-08,4.80387e-09,16373
2.39714e-09,-3.67747e-10,16374
1.52574e-09,-2.35578e-10,16377
-1.32166e-09,1.99152e-10,16378
7.37324e-10,-1.13012e-10,16380
-7.16981e-09,1.0947e-09,18431
1.34707e-08,-2.05615e-09,19455
-2.76641e-08,4.22376e-09,19967
1.34632e-07,-2.05493e-08,20223
-1.56601e-07,2.39056e-08,20351
1.07364e-07,-1.63864e-08,20415
-3.29372e-07,5.02791e-08,20447
3.19585e-07,-4.87837e-08,20463
-7.45436e-08,1.13817e-08,20471
3.55455e-08,-5.4259e-09,20475
-1.68902e-08,2.57947e-09,20477
1.60122e-09,-2.44788e-10,20478
-1.38681e-08,2.11582e-09,21503
1.97622e-07,-3.0167e-08,22015
-1.0287e-06,1.57029e-07,22271
1.23222e-06,-1.88096e-07,22399
-9.08498e-07,1.38679e-07,22463
2.64425e-06,-4.0364e-07,22495
-2.5514e-06,3.89465e-07,22511
5.99297e-07,-9.14819e-08,22519
-2.84868e-07,4.34862e-08,22523
1.34726e-07,-2.05669e-08,22525
-1.31641e-08,2.00906e-09,22526
-1.87861e-07,2.86761e-08,23039
1.18247e-06,-1.80503e-07,23295
-1.57299e-06,2.40114e-07,23423
1.58828e-06,-2.42447e-07,23487
-5.42186e-06,8.27636e-07,23519
5.31706e-06,-8.11638e-07,23535
-1.24593e-06,1.90189e-07,23543
5.93923e-07,-9.06615e-08,23547
-2.81064e-07,4.29038e-08,23549
2.7427e-08,-4.18728e-09,23550
-6.47915e-07,9.89036e-08,23807
1.25635e-06,-1.9178e-07,23935
-2.40672e-06,3.6738e-07,23999
1.08365e-05,-1.65416e-06,24031
-1.08563e-05,1.65718e-06,24047
2.5334e-06,-3.86717e-07,24055
-1.21503e-06,1.85471e-07,24059
5.75764e-07,-8.78871e-08,24061
-5.61695e-08,8.57431e-09,24062
-7.18101e-07,1.09618e-07,24191
8.38444e-06,-1.27986e-06,24255
-4.56702e-05,6.97145e-06,24287
4.60452e-05,-7.0287e-06,24303
-1.05946e-05,1.61724e-06,24311
5.06124e-06,-7.72587e-07,24315
-2.39229e-06,3.65178e-07,24317
2.35254e-07,-3.59095e-08,24318
-6.76743e-06,1.03303e-06,24383
4.46872e-05,-6.82139e-06,24415
-4.55825e-05,6.95806e-06,24431
1.05417e-05,-1.60917e-06,24439
-5.09779e-06,7.78167e-07,24443
2.42357e-06,-3.69951e-07,24445
-2.36495e-07,3.61026e-08,24446
-6.76512e-06,1.03268e-06,24479
8.3552e-06,-1.2754e-06,24495
-2.30305e-06,3.51555e-07,24503
1.3247e-06,-2.02213e-07,24507
-6.72804e-07,1.02702e-07,24509
5.95379e-08,-9.08777e-09,24510
-7.02404e-07,1.07222e-07,24527
1.09053e-06,-1.66467e-07,24535
-7.68788e-07,1.17352e-07,24539
4.47771e-07,-6.83521e-08,24541
-3.92814e-08,5.99659e-09,24542
-5.27197e-07,8.04748e-08,24551
4.20613e-07,-6.42051e-08,24555
-2.70966e-07,4.13614e-08,24557
2.44853e-08,-3.73775e-09,24558
-7.0102e-08,1.06995e-08,24563
5.67103e-08,-8.6574e-09,24565
-4.27627e-09,6.52009e-10,24566
-2.75296e-09,4.18189e-10,24569
2.3608e-09,-3.63764e-10,24570
-1.32027e-09,1.99955e-10,24572
3.30589e-09,-5.04637e-10,25599
-7.20298e-08,1.09944e-08,26111
4.24402e-07,-6.47843e-08,26367
-7.27553e-07,1.11059e-07,26495
1.18359e-06,-1.80672e-07,26559
-4.58787e-06,7.00327e-07,26591
4.55087e-06,-6.9468e-07,26607
-1.06562e-06,1.62664e-07,26615
5.08588e-07,-7.76335e-08,26619
-2.40618e-07,3.67313e-08,26621
2.34782e-08,-3.58519e-09,26622
1.03571e-07,-1.58104e-08,27135
-7.22625e-07,1.10307e-07,27391
1.33178e-06,-2.03293e-07,27519
-2.35805e-06,3.59951e-07,27583
9.38344e-06,-1.43236e-06,27615
-9.32733e-06,1.42379e-06,27631
2.18221e-06,-3.33111e-07,27639
-1.04206e-06,1.59068e-07,27643
4.93214e-07,-7.52885e-08,27645
-4.80372e-08,7.33262e-09,27646
1.00353e-06,-1.53187e-07,27903
-2.05148e-06,3.13153e-07,28031
4.32371e-06,-6.60004e-07,28095
-1.98989e-05,3.03752e-06,28127
1.99721e-05,-3.0487e-06,28143
-4.65729e-06,7.10925e-07,28151
2.233e-06,-3.40862e-07,28155
-1.05825e-06,1.61539e-07,28157
1.02747e-07,-1.5685e-08,28158
1.42199e-06,-2.17064e-07,28287
-1.70539e-05,2.60323e-06,28351
9.32721e-05,-1.42378e-05,28383
-9.40497e-05,1.43565e-05,28399
2.16123e-05,-3.29906e-06,28407
-1.03197e-05,1.57528e-06,28411
4.88153e-06,-7.45154e-07,28413
-4.75999e-07,7.26618e-08,28414
1.38751e-05,-2.118e-06,28479
-9.18431e-05,1.40196e-05,28511
9.36811e-05,-1.43002e-05,28527
-2.16365e-05,3.30276e-06,28535
1.04538e-05,-1.59574e-06,28539
-4.97164e-06,7.5891e-07,28541
4.80873e-07,-7.34037e-08,28542
1.38586e-05,-2.11549e-06,28575
-1.71204e-05,2.61339e-06,28591
4.71217e-06,-7.19302e-07,28599
-2.69644e-06,4.11606e-07,28603
1.3638e-06,-2.0818e-07,28605
-1.19387e-07,1.8225e-08,28606
1.44148e-06,-2.2004e-07,28623
-2.22948e-06,3.40325e-07,28631
1.52725e-06,-2.33131e-07,28635
-8.70313e-07,1.32851e-07,28637
7.47058e-08,-1.14053e-08,28638
1.07566e-06,-1.64197e-07,28647
-8.155e-07,1.24485e-07,28651
5.09128e-07,-7.77161e-08,28653
-4.47541e-08,6.83134e-09,28654
1.36218e-07,-2.07938e-08,28659
-1.07473e-07,1.64058e-08,28661
7.60946e-09,-1.16147e-09,28662
4.97304e-09,-7.58816e-10,28665
-4.27636e-09,6.53413e-10,28666
2.39519e-09,-3.65088e-10,28668
-4.112e-08,6.27665e-09,29183
3.76829e-07,-5.75215e-08,29439
-7.8596e-07,1.19976e-07,29567
1.60676e-06,-2.45267e-07,29631
-6.78044e-06,1.03502e-06,29663
6.7723e-06,-1.03378e-06,29679
-1.58309e-06,2.41654e-07,29687
7.57066e-07,-1.15564e-07,29691
-3.58222e-07,5.4683e-08,29693
3.50317e-08,-5.34723e-09,29694
-4.15364e-06,6.34045e-07,29951
8.21955e-06,-1.2547e-06,30079
-1.74275e-05,2.66027e-06,30143
8.15892e-05,-1.24544e-05,30175
-8.20444e-05,1.25239e-05,30191
1.91488e-05,-2.92301e-06,30199
-9.19847e-06,1.40413e-06,30203
4.36176e-06,-6.65813e-07,30205
-4.26107e-07,6.50435e-08,30206
-6.75878e-06,1.03171e-06,30335
8.27847e-05,-1.26369e-05,30399
-0.000453129,6.91691e-05,30431
0.000456978,-6.97566e-05,30447
-0.000105103,1.60438e-05,30455
5.02144e-05,-7.66511e-06,30459
-2.37454e-05,3.62468e-06,30461
2.33017e-06,-3.55695e-07,30462
-6.78129e-05,1.03515e-05,30527
0.000448117,-6.8404e-05,30559
-0.000457059,6.9769e-05,30575
0.00010566,-1.61288e-05,30583
-5.11046e-05,7.801e-06,30587
2.43127e-05,-3.71128e-06,30589
-2.36703e-06,3.61322e-07,30590
-6.66303e-05,1.0171e-05,30623
8.23272e-05,-1.25671e-05,30639
-2.26983e-05,3.46484e-06,30647
1.30944e-05,-1.99882e-06,30651
-6.6725e-06,1.01854e-06,30653
5.90175e-07,-9.00885e-08,30654
-6.9232e-06,1.05681e-06,30671
1.07527e-05,-1.64138e-06,30679
-7.67006e-06,1.17082e-06,30683
4.5132e-06,-6.8893e-07,30685
-3.99145e-07,6.09279e-08,30686
-5.20176e-06,7.94037e-07,30695
4.23373e-06,-6.46271e-07,30699
-2.76529e-06,4.22116e-07,30701
2.53101e-07,-3.86353e-08,30702
-7.0564e-07,1.07714e-07,30707
5.77281e-07,-8.81212e-08,30709
-4.47549e-08,6.82995e-09,30710
-2.86183e-08,4.36804e-09,30713
2.44842e-08,-3.73745e-09,30714
-1.36672e-08,2.0873e-09,30716
3.50456e-06,-5.34964e-07,30975
-6.71216e-06,1.02459e-06,31103
1.40965e-05,-2.15179e-06,31167
-6.66097e-05,1.01678e-05,31199
6.70564e-05,-1.0236e-05,31215
-1.5656e-05,2.38985e-06,31223
7.5364e-06,-1.15041e-06,31227
-3.5799e-06,5.46465e-07,31229
3.49927e-07,-5.34175e-08,31230
6.5233e-06,-9.95767e-07,31359
-8.15147e-05,1.2443e-05,31423
0.000448044,-6.83928e-05,31455
-0.000451974,6.89928e-05,31471
0.000103969,-1.58707e-05,31479
-4.97472e-05,7.59379e-06,31483
2.35596e-05,-3.59632e-06,31485
-2.31412e-06,3.53245e-07,31486
6.75729e-05,-1.03149e-05,31551
-0.000448088,6.83997e-05,31583
0.000457162,-6.97848e-05,31599
-0.000105745,1.61417e-05,31607
5.13097e-05,-7.83231e-06,31611
-2.44904e-05,3.7384e-06,31613
2.38695e-06,-3.64361e-07,31614
6.6785e-05,-1.01946e-05,31647
-8.26264e-05,1.26127e-05,31663
2.28931e-05,-3.49458e-06,31671
-1.35365e-05,2.06631e-06,31675
7.05657e-06,-1.07717e-06,31677
-6.2924e-07,9.60534e-08,31678
7.01615e-06,-1.071e-06,31695
-1.11799e-05,1.70659e-06,31703
9.28741e-06,-1.4177e-06,31707
-6.00134e-06,9.16089e-07,31709
5.49142e-07,-8.38258e-08,31710
5.50445e-06,-8.40242e-07,31719
-5.76841e-06,8.80534e-07,31723
4.21057e-06,-6.42736e-07,31725
-3.99144e-07,6.09282e-08,31726
9.30112e-07,-1.41978e-07,31731
-8.34322e-07,1.27358e-07,31733
7.47072e-08,-1.14027e-08,31734
4.78224e-08,-7.3002e-09,31737
-3.92835e-08,5.99575e-09,31738
2.19752e-08,-3.35352e-09,31740
-7.46847e-07,1.14005e-07,31871
1.11972e-05,-1.70923e-06,31935
-6.74311e-05,1.02932e-05,31967
6.82781e-05,-1.04225e-05,31983
-1.57372e-05,2.40225e-06,31991
7.76021e-06,-1.18458e-06,31995
-3.7918e-06,5.7881e-07,31997
3.73611e-07,-5.70319e-08,31998
-1.12041e-05,1.71028e-06,32063
8.13999e-05,-1.24255e-05,32095
-8.34323e-05,1.27357e-05,32111
1.94295e-05,-2.96586e-06,32119
-9.90745e-06,1.51235e-06,32123
4.97026e-06,-7.58698e-07,32125
-4.86892e-07,7.4324e-08,32126
-1.41706e-05,2.16311e-06,32159
1.77413e-05,-2.70817e-06,32175
-5.20164e-06,7.94018e-07,32183
4.04421e-06,-6.17338e-07,32187
-2.5727e-06,3.92718e-07,32189
2.43857e-07,-3.7225e-08,32190
-1.7402e-06,2.65638e-07,32207
3.70977e-06,-5.66287e-07,32215
-7.41277e-06,1.13154e-06,32219
6.32567e-06,-9.65599e-07,32221
-6.2924e-07,9.60525e-08,32222
-2.14871e-06,3.27994e-07,32231
6.46939e-06,-9.87537e-07,32235
-5.8622e-06,8.9485e-07,32237
5.90174e-07,-9.00884e-08,32238
-9.6244e-07,1.46913e-07,32243
1.05805e-06,-1.61509e-07,32245
-1.19387e-07,1.82244e-08,32246
-7.64896e-08,1.16758e-08,32249
5.95361e-08,-9.08788e-09,32250
-3.33687e-08,5.09373e-09,32252
5.31672e-07,-8.11594e-08,32319
-6.55278e-06,1.00027e-06,32351
6.87216e-06,-1.04902e-06,32367
-1.70179e-06,2.59774e-07,32375
1.16533e-06,-1.77886e-07,32379
-7.28793e-07,1.11249e-07,32381
7.2921e-08,-1.11304e-08,32382
6.96307e-06,-1.0629e-06,32415
-8.77622e-06,1.33967e-06,32431
3.25144e-06,-4.96324e-07,32439
-5.62215e-06,8.58208e-07,32443
4.75104e-06,-7.25234e-07,32445
-4.86891e-07,7.4323e-08,32446
1.16927e-06,-1.78487e-07,32463
-5.76224e-06,8.79593e-07,32471
2.47358e-05,-3.77586e-06,32475
-2.3218e-05,3.54418e-06,32477
2.38694e-06,-3.64358e-07,32478
4.27456e-06,-6.52503e-07,32487
-2.40278e-05,3.66779e-06,32491
2.29793e-05,-3.50774e-06,32493
-2.36702e-06,3.61322e-07,32494
3.50761e-06,-5.35427e-07,32499
-4.05197e-06,6.18524e-07,32501
4.80873e-07,-7.34034e-08,32502
3.05617e-07,-4.66509e-08,32505
-2.36497e-07,3.60993e-08,32506
1.32386e-07,-2.02113e-08,32508
-3.70268e-06,5.65205e-07,32543
4.56383e-06,-6.96659e-07,32559
-1.86511e-06,2.84706e-07,32567
4.08359e-06,-6.2335e-07,32571
-3.6048e-06,5.50264e-07,32573
3.73612e-07,-5.70288e-08,32574
-7.2941e-07,1.11342e-07,32591
4.94228e-06,-7.54426e-07,32599
-2.37086e-05,3.61906e-06,32603
2.24462e-05,-3.42636e-06,32605
-2.31412e-06,3.53245e-07,32606
-3.87552e-06,5.91589e-07,32615
2.34928e-05,-3.58612e-06,32619
-2.25746e-05,3.44597e-06,32621
2.33017e-06,-3.55694e-07,32622
-3.43622e-06,5.24529e-07,32627
3.98951e-06,-6.08988e-07,32629
-4.75998e-07,7.26598e-08,32630
-3.03786e-07,4.63718e-08,32633
2.35254e-07,-3.59101e-08,32634
-1.31638e-07,2.00922e-08,32636
8.1717e-08,-1.24743e-08,32655
-6.86721e-07,1.04827e-07,32663
3.59648e-06,-5.48993e-07,32667
-3.41168e-06,5.20785e-07,32669
3.49925e-07,-5.34142e-08,32670
6.47069e-07,-9.87733e-08,32679
-4.2967e-06,6.55882e-07,32683
4.13972e-06,-6.31918e-07,32685
-4.26109e-07,6.50457e-08,32686
7.26285e-07,-1.10866e-07,32691
-8.51252e-07,1.29942e-07,32693
1.02746e-07,-1.56827e-08,32694
7.13829e-08,-1.08952e-08,32697
-5.61709e-08,8.57285e-09,32698
3.13095e-08,-4.78128e-09,32700
3.40393e-07,-5.19605e-08,32715
-3.35427e-07,5.1202e-08,32717
3.50298e-08,-5.34633e-09,32718
-3.45953e-07,5.2809e-08,32723
4.01072e-07,-6.12218e-08,32725
-4.80386e-08,7.33295e-09,32726
-3.41034e-08,5.20646e-09,32729
2.74267e-08,-4.18735e-09,32730
-1.53303e-08,2.3391e-09,32732
1.81309e-07,-2.76771e-08,32739
-2.03513e-07,3.10662e-08,32741
2.34775e-08,-3.58205e-09,32742
1.60493e-08,-2.44806e-09,32745
-1.31635e-08,2.0083e-09,32746
7.42727e-09,-1.13485e-09,32748
-1.67022e-09,2.56485e-10,32753
1.60131e-09,-2.4409e-10,32754
-9.57677e-10,1.46618e-10,32756
3.00674e-09,-4.6204e-10,37887
-6.46587e-08,9.86981e-09,38399
3.01469e-07,-4.60188e-08,38655
-5.17221e-07,7.89515e-08,38783
8.13115e-07,-1.2412e-07,38847
-2.93866e-06,4.48579e-07,38879
2.89697e-06,-4.42215e-07,38895
-6.83841e-07,1.04387e-07,38903
3.25566e-07,-4.96961e-08,38907
-1.52866e-07,2.33348e-08,38909
1.60493e-08,-2.44939e-09,38910
8.16666e-08,-1.24669e-08,39423
-4.82903e-07,7.37149e-08,39679
9.08573e-07,-1.38692e-07,39807
-1.61179e-06,2.46035e-07,39871
6.21774e-06,-9.49126e-07,39903
-6.16536e-06,9.41127e-07,39919
1.45216e-06,-2.21668e-07,39927
-6.92751e-07,1.05747e-07,39931
3.25564e-07,-4.96976e-08,39933
-3.41037e-08,5.20517e-09,39934
6.37417e-07,-9.73e-08,40191
-1.32402e-06,2.0211e-07,40319
2.80722e-06,-4.28516e-07,40383
-1.28607e-05,1.96316e-06,40415
1.29079e-05,-1.97036e-06,40431
-3.02746e-06,4.62135e-07,40439
1.45216e-06,-2.21669e-07,40443
-6.83841e-07,1.04387e-07,40445
7.1385e-08,-1.08975e-08,40446
8.52894e-07,-1.30192e-07,40575
-1.01389e-05,1.54768e-06,40639
5.536e-05,-8.45058e-06,40671
-5.58456e-05,8.52471e-06,40687
1.29079e-05,-1.97036e-06,40695
-6.16536e-06,9.41126e-07,40699
2.89697e-06,-4.42215e-07,40701
-3.03785e-07,4.63724e-08,40702
8.20478e-06,-1.25244e-06,40767
-5.42477e-05,8.28078e-06,40799
5.536e-05,-8.45058e-06,40815
-1.28607e-05,1.96316e-06,40823
6.21774e-06,-9.49125e-07,40827
-2.93866e-06,4.48579e-07,40829
3.05617e-07,-4.66517e-08,40830
8.20478e-06,-1.25244e-06,40863
-1.01389e-05,1.54768e-06,40879
2.80722e-06,-4.28516e-07,40887
-1.61178e-06,2.46035e-07,40891
8.13116e-07,-1.24122e-07,40893
-7.64889e-08,1.16739e-08,40894
8.52893e-07,-1.30192e-07,40911
-1.32402e-06,2.0211e-07,40919
9.08574e-07,-1.38692e-07,40923
-5.17221e-07,7.89524e-08,40925
4.78232e-08,-7.30119e-09,40926
6.37418e-07,-9.73005e-08,40935
-4.82904e-07,7.37135e-08,40939
3.01469e-07,-4.60187e-08,40941
-2.86173e-08,4.36784e-09,40942
8.16671e-08,-1.24663e-08,40947
-6.46611e-08,9.86916e-09,40949
4.97407e-09,-7.60434e-10,40950
-2.75321e-09,4.18455e-10,40954
1.52764e-09,-2.35782e-10,40956
-1.38668e-08,2.11471e-09,41983
3.57594e-07,-5.45864e-08,42495
-2.23641e-06,3.41385e-07,42751
4.54654e-06,-6.94021e-07,42879
-8.93393e-06,1.36374e-06,42943
3.61361e-05,-5.5161e-06,42975
-3.59989e-05,5.49515e-06,42991
8.49254e-06,-1.29637e-06,42999
-4.06632e-06,6.20716e-07,43003
1.91196e-06,-2.91858e-07,43005
-2.03511e-07,3.10658e-08,43006
-5.85342e-07,8.93508e-08,43519
4.20985e-06,-6.42626e-07,43775
-8.72842e-06,1.33237e-06,43903
1.74599e-05,-2.66521e-06,43967
-7.12996e-05,1.08837e-05,43999
7.10795e-05,-1.08501e-05,44015
-1.67588e-05,2.55819e-06,44023
8.02546e-06,-1.22507e-06,44027
-3.77414e-06,5.76115e-07,44029
4.01071e-07,-6.12239e-08,44030
-7.38806e-06,1.12777e-06,44287
1.5219e-05,-2.32315e-06,44415
-3.25499e-05,4.96867e-06,44479
0.000150349,-2.29505e-05,44511
-0.000151062,2.30593e-05,44527
3.55108e-05,-5.42064e-06,44535
-1.70683e-05,2.60543e-06,44539
8.03662e-06,-1.22677e-06,44541
-8.51253e-07,1.29941e-07,44542
-1.08204e-05,1.6517e-06,44671
0.000130393,-1.99042e-05,44735
-0.000713549,0.000108922,44767
0.000720038,-0.000109912,44783
-0.000166794,2.54607e-05,44791
7.98178e-05,-1.2184e-05,44795
-3.75038e-05,5.72487e-06,44797
3.98951e-06,-6.0899e-07,44798
-0.000106265,1.62211e-05,44863
0.000703561,-0.000107397,44895
-0.000718177,0.000109628,44911
0.000167248,-2.55301e-05,44919
-8.11278e-05,1.2384e-05,44923
3.84052e-05,-5.86247e-06,44925
-4.05197e-06,6.18524e-07,44926
-0.000106175,1.62074e-05,44959
0.000131298,-2.00423e-05,44975
-3.65432e-05,5.57824e-06,44983
2.14358e-05,-3.27212e-06,44987
-1.10254e-05,1.68301e-06,44989
1.05805e-06,-1.61508e-07,44990
-1.1101e-05,1.69454e-06,45007
1.75886e-05,-2.68486e-06,45015
-1.37951e-05,2.10579e-06,45019
8.61188e-06,-1.31458e-06,45021
-8.34323e-07,1.27358e-07,45022
-8.58011e-06,1.30974e-06,45031
8.19081e-06,-1.25031e-06,45035
-5.76839e-06,8.80532e-07,45037
5.77279e-07,-8.81205e-08,45038
-1.34903e-06,2.05927e-07,45043
1.17606e-06,-1.79523e-07,45045
-1.07475e-07,1.64043e-08,45046
5.67109e-08,-8.65818e-09,45050
-3.14755e-08,4.80515e-09,45052
-3.16001e-06,4.82368e-07,45823
6.71903e-06,-1.02565e-06,45951
-1.3994e-05,2.13616e-06,46015
5.92939e-05,-9.05108e-06,46047
-5.92848e-05,9.04969e-06,46063
1.39681e-05,-2.1322e-06,46071
-6.69439e-06,1.02188e-06,46075
3.14671e-06,-4.80337e-07,46077
-3.35429e-07,5.12015e-08,46078
3.6689e-05,-5.6005e-06,46335
-7.27003e-05,1.10975e-05,46463
0.000154497,-2.35836e-05,46527
-0.000723496,0.00011044,46559
0.000728069,-0.000111138,46575
-0.000171287,2.61466e-05,46583
8.24997e-05,-1.25934e-05,46587
-3.88912e-05,5.93665e-06,46589
4.13972e-06,-6.3192e-07,46590
5.98757e-05,-9.13989e-06,46719
-0.000733698,0.000111997,46783
0.00401515,-0.000612903,46815
-0.00405204,0.000618534,46831
0.00093932,-0.000143385,46839
-0.000449589,6.86287e-05,46843
0.000211154,-3.22321e-05,46845
-2.25746e-05,3.44597e-06,46846
0.000601036,-9.17467e-05,46911
-0.00397073,0.000606123,46943
0.0040528,-0.00061865,46959
-0.000944452,0.000144168,46967
0.00045807,-6.99233e-05,46971
-0.000216694,3.30779e-05,46973
2.29793e-05,-3.50774e-06,46974
0.000590527,-9.01425e-05,47007
-0.000730267,0.000111474,47023
0.000203247,-3.10252e-05,47031
-0.000118732,1.81241e-05,47035
6.08041e-05,-9.2816e-06,47037
-5.8622e-06,8.94851e-07,47038
6.15371e-05,-9.3935e-06,47055
-9.66485e-05,1.47532e-05,47063
7.19269e-05,-1.09795e-05,47067
-4.34655e-05,6.63491e-06,47069
4.21057e-06,-6.42734e-07,47070
4.68082e-05,-7.14516e-06,47079
-4.0762e-05,6.22223e-06,47083
2.75799e-05,-4.21e-06,47085
-2.76529e-06,4.22116e-07,47086
6.8307e-06,-1.04269e-06,47091
-5.76839e-06,8.80531e-07,47093
5.09127e-07,-7.77168e-08,47094
-2.70967e-07,4.13633e-08,47098
1.49844e-07,-2.28743e-08,47100
-3.10734e-05,4.74328e-06,47359
5.96e-05,-9.09781e-06,47487
-0.000125387,1.91401e-05,47551
0.000592462,-9.0438e-05,47583
-0.000596855,9.11085e-05,47599
0.000140464,-2.14415e-05,47607
-6.78209e-05,1.03527e-05,47611
3.20456e-05,-4.89169e-06,47613
-3.41168e-06,5.20785e-07,47614
-5.78737e-05,8.83429e-06,47743
0.000723144,-0.000110386,47807
-0.00397358,0.000606558,47839
0.00401117,-0.000612295,47855
-0.000929983,0.00014196,47863
0.000445917,-6.80681e-05,47867
-0.000209839,3.20314e-05,47869
2.24462e-05,-3.42636e-06,47870
-0.000599365,9.14916e-05,47935
0.00397325,-0.000606507,47967
-0.00405653,0.00061922,47983
0.00094589,-0.000144388,47991
-0.000460543,7.03008e-05,47995
0.000218781,-3.33964e-05,47997
-2.3218e-05,3.54418e-06,47998
-0.000592336,9.04187e-05,48031
0.000733483,-0.000111964,48047
-0.000205264,3.1333e-05,48055
0.000123491,-1.88506e-05,48059
-6.50114e-05,9.92385e-06,48061
6.32567e-06,-9.656e-07,48062
-6.24452e-05,9.53211e-06,48079
0.000101039,-1.54234e-05,48087
-8.94028e-05,1.36471e-05,48091
5.97888e-05,-9.12663e-06,48093
-6.00134e-06,9.16092e-07,48094
-4.99564e-05,7.62573e-06,48103
5.74032e-05,-8.76246e-06,48107
-4.34655e-05,6.63491e-06,48109
4.5132e-06,-6.88932e-07,48110
-9.28415e-06,1.4172e-06,48115
8.61188e-06,-1.31458e-06,48117
-8.70313e-07,1.32851e-07,48118
4.47768e-07,-6.83506e-08,48122
-2.47696e-07,3.78105e-08,48124
6.5233e-06,-9.95765e-07,48255
-9.78409e-05,1.49352e-05,48319
0.000589039,-8.99154e-05,48351
-0.00059686,9.11094e-05,48367
0.000138716,-2.11746e-05,48375
-6.88128e-05,1.05041e-05,48379
3.35853e-05,-5.12671e-06,48381
-3.6048e-06,5.50265e-07,48382
9.79014e-05,-1.49444e-05,48447
-0.000711027,0.000108537,48479
0.000729331,-0.000111331,48495
-0.000171371,2.61593e-05,48503
8.83415e-05,-1.34851e-05,48507
-4.45113e-05,6.79455e-06,48509
4.75104e-06,-7.25235e-07,48510
0.000123845,-1.89047e-05,48543
-0.000155252,2.36988e-05,48559
4.62637e-05,-7.06205e-06,48567
-3.78315e-05,5.77489e-06,48571
2.47834e-05,-3.78313e-06,48573
-2.5727e-06,3.92719e-07,48574
1.53634e-05,-2.34519e-06,48591
-3.42394e-05,5.22657e-06,48599
7.4488e-05,-1.13704e-05,48603
-6.50114e-05,9.92384e-06,48605
7.05657e-06,-1.07717e-06,48606
2.01683e-05,-3.07864e-06,48615
-6.59193e-05,1.00624e-05,48619
6.08041e-05,-9.2816e-06,48621
-6.6725e-06,1.01854e-06,48622
9.86121e-06,-1.50529e-06,48627
-1.10254e-05,1.68301e-06,48629
1.3638e-06,-2.0818e-07,48630
-6.72805e-07,1.02702e-07,48634
3.71903e-07,-5.67706e-08,48636
4.0354e-05,-6.15994e-06,48735
-5.99022e-05,9.14393e-06,48751
1.49994e-05,-2.28962e-06,48759
-1.05251e-05,1.60663e-06,48763
6.68293e-06,-1.02013e-06,48765
-7.28794e-07,1.11248e-07,48766
-6.06436e-05,9.25711e-06,48799
7.65433e-05,-1.16842e-05,48815
-2.8939e-05,4.41747e-06,48823
5.19037e-05,-7.92298e-06,48827
-4.45113e-05,6.79455e-06,48829
4.97026e-06,-7.58698e-07,48830
-1.03358e-05,1.57773e-06,48847
5.24848e-05,-8.01168e-06,48855
-0.000230469,3.51805e-05,48859
0.000218781,-3.33964e-05,48861
-2.44904e-05,3.7384e-06,48862
-3.91086e-05,5.96983e-06,48871
0.000224127,-3.42125e-05,48875
-0.000216694,3.30779e-05,48877
2.43127e-05,-3.71128e-06,48878
-3.28925e-05,5.02097e-06,48883
3.84052e-05,-5.86247e-06,48885
-4.97164e-06,7.58909e-07,48886
2.42357e-06,-3.69953e-07,48890
-1.33661e-06,2.04032e-07,48892
3.22541e-05,-4.92352e-06,48927
-3.98089e-05,6.07673e-06,48943
1.66156e-05,-2.53633e-06,48951
-3.75501e-05,5.73193e-06,48955
3.35853e-05,-5.12671e-06,48957
-3.7918e-06,5.78809e-07,48958
6.46488e-06,-9.8685e-07,48975
-4.48876e-05,6.85199e-06,48983
0.000219228,-3.34646e-05,48987
-0.000209839,3.20314e-05,48989
2.35596e-05,-3.59632e-06,48990
3.53034e-05,-5.38898e-06,48999
-0.000217398,3.31852e-05,49003
0.000211154,-3.22321e-05,49005
-2.37454e-05,3.62468e-06,49006
3.19638e-05,-4.8792e-06,49011
-3.75038e-05,5.72488e-06,49013
4.88153e-06,-7.45154e-07,49014
-2.39229e-06,3.65178e-07,49018
1.31879e-06,-2.01309e-07,49020
-7.29409e-07,1.11341e-07,49039
6.27187e-06,-9.57386e-07,49047
-3.34164e-05,5.10094e-06,49051
3.20456e-05,-4.89169e-06,49053
-3.5799e-06,5.46464e-07,49054
-5.92562e-06,9.04531e-07,49063
3.99377e-05,-6.09639e-06,49067
-3.88912e-05,5.93665e-06,49069
4.36176e-06,-6.65812e-07,49070
-6.78564e-06,1.03581e-06,49075
8.03663e-06,-1.22677e-06,49077
-1.05825e-06,1.6154e-07,49078
5.75761e-07,-8.78897e-08,49082
-3.16807e-07,4.83598e-08,49084
3.14671e-06,-4.80339e-07,49101
-3.58223e-07,5.46823e-08,49102
3.22199e-06,-4.9183e-07,49107
-3.77415e-06,5.76116e-07,49109
4.93214e-07,-7.5287e-08,49110
-2.81066e-07,4.29035e-08,49114
1.55481e-07,-2.37346e-08,49116
-1.68604e-06,2.57369e-07,49123
1.91196e-06,-2.91856e-07,49125
-2.4062e-07,3.67312e-08,49126
1.34726e-07,-2.05665e-08,49130
-7.5399e-08,1.15077e-08,49132
-1.68903e-08,2.57868e-09,49138
1.01522e-08,-1.55045e-09,49140
1.14098e-08,-1.74196e-09,50175
-2.81901e-07,4.30304e-08,50687
1.88254e-06,-2.87366e-07,50943
-3.86409e-06,5.89844e-07,51071
7.71947e-06,-1.17836e-06,51135
-3.16615e-05,4.83305e-06,51167
3.15839e-05,-4.82121e-06,51183
-7.46135e-06,1.13896e-06,51191
3.58185e-06,-5.46763e-07,51195
-1.68604e-06,2.57371e-07,51197
1.81309e-07,-2.76766e-08,51198
4.67082e-07,-7.13006e-08,51711
-3.4908e-06,5.32862e-07,51967
7.2728e-06,-1.11018e-06,52095
-1.46926e-05,2.2428e-06,52159
6.05119e-05,-9.23701e-06,52191
-6.03804e-05,9.21693e-06,52207
1.42583e-05,-2.17649e-06,52215
-6.84439e-06,1.04478e-06,52219
3.22199e-06,-4.9183e-07,52221
-3.45954e-07,5.281e-08,52222
6.21177e-06,-9.48213e-07,52479
-1.27731e-05,1.94978e-06,52607
2.7329e-05,-4.17171e-06,52671
-0.000126374,1.92906e-05,52703
0.000127008,-1.93875e-05,52719
-2.99076e-05,4.56533e-06,52727
1.44023e-05,-2.19847e-06,52731
-6.78564e-06,1.03581e-06,52733
7.26287e-07,-1.10866e-07,52734
9.15558e-06,-1.39758e-06,52863
-0.000110548,1.68749e-05,52927
0.000605158,-9.2376e-05,52959
-0.000610769,9.32325e-05,52975
0.000141733,-2.16352e-05,52983
-6.79668e-05,1.0375e-05,52987
3.19638e-05,-4.8792e-06,52989
-3.43622e-06,5.24531e-07,52990
9.01972e-05,-1.37684e-05,53055
-0.000597323,9.11799e-05,53087
0.000609843,-9.30911e-05,53103
-0.000142304,2.17223e-05,53111
6.92889e-05,-1.05768e-05,53115
-3.28925e-05,5.02097e-06,53117
3.50761e-06,-5.35428e-07,53118
9.01629e-05,-1.37632e-05,53151
-0.000111542,1.70266e-05,53167
3.1195e-05,-4.76184e-06,53175
-1.87508e-05,2.86226e-06,53179
9.86121e-06,-1.50529e-06,53181
-9.62438e-07,1.46915e-07,53182
9.46493e-06,-1.4448e-06,53199
-1.53412e-05,2.3418e-06,53207
1.37786e-05,-2.10327e-06,53211
-9.28415e-06,1.4172e-06,53213
9.30111e-07,-1.41981e-07,53214
7.59838e-06,-1.15987e-06,53223
-8.94802e-06,1.3659e-06,53227
6.83069e-06,-1.04269e-06,53229
-7.0564e-07,1.07714e-07,53230
1.44532e-06,-2.20626e-07,53235
-1.34903e-06,2.05926e-07,53237
1.36217e-07,-2.07932e-08,53238
-7.01037e-08,1.07014e-08,53242
3.88837e-08,-5.93566e-09,53244
-6.69439e-06,1.02188e-06,54143
1.39681e-05,-2.1322e-06,54207
-5.92848e-05,9.04969e-06,54239
5.92939e-05,-9.05108e-06,54255
-1.3994e-05,2.13616e-06,54263
6.71903e-06,-1.02564e-06,54267
-3.16001e-06,4.82368e-07,54269
3.40392e-07,-5.19596e-08,54270
-3.74373e-05,5.71472e-06,54527
7.41006e-05,-1.13113e-05,54655
-0.000157448,2.4034e-05,54719
0.000737589,-0.000112591,54751
-0.00074241,0.000113327,54767
0.000174997,-2.67129e-05,54775
-8.45483e-05,1.29061e-05,54779
3.99377e-05,-6.09639e-06,54781
-4.2967e-06,6.5588e-07,54782
-6.12569e-05,9.35072e-06,54911
0.000751135,-0.000114659,54975
-0.00411064,0.00062748,55007
0.00414911,-0.000633352,55023
-0.00096363,0.000147096,55031
0.000462323,-7.05726e-05,55035
-0.000217398,3.31852e-05,55037
2.34928e-05,-3.58612e-06,55038
-0.000615519,9.39576e-05,55103
0.00406625,-0.000620704,55135
-0.00415105,0.000633648,55151
0.000969409,-0.000147978,55159
-0.000472193,7.20792e-05,55163
0.000224127,-3.42124e-05,55165
-2.40278e-05,3.66779e-06,55166
-0.0006048,9.23212e-05,55199
0.000748221,-0.000114214,55215
-0.000209323,3.19526e-05,55223
0.000125591,-1.91711e-05,55227
-6.59193e-05,1.00624e-05,55229
6.46939e-06,-9.87537e-07,55230
-6.32585e-05,9.65626e-06,55247
0.0001016,-1.5509e-05,55255
-8.71381e-05,1.33014e-05,55259
5.74032e-05,-8.76246e-06,55261
-5.76841e-06,8.80534e-07,55262
-4.99405e-05,7.6233e-06,55271
5.46341e-05,-8.33977e-06,55275
-4.0762e-05,6.22223e-06,55277
4.23374e-06,-6.4627e-07,55278
-8.94803e-06,1.36589e-06,55283
8.19081e-06,-1.25031e-06,55285
-8.15497e-07,1.24483e-07,55286
4.20612e-07,-6.42052e-08,55290
-2.32675e-07,3.55166e-08,55292
3.20791e-05,-4.8968e-06,55551
-6.14712e-05,9.38344e-06,55679
0.000129299,-1.97372e-05,55743
-0.000611134,9.32882e-05,55775
0.000615802,-9.40007e-05,55791
-0.000145232,2.21694e-05,55799
7.04529e-05,-1.07545e-05,55803
-3.34164e-05,5.10094e-06,55805
3.59648e-06,-5.48994e-07,55806
5.98757e-05,-9.13989e-06,55935
-0.000748608,0.000114273,55999
0.00411361,-0.000627932,56031
-0.00415329,0.00063399,56047
0.000964962,-0.000147299,56055
-0.000464501,7.0905e-05,56059
0.000219228,-3.34646e-05,56061
-2.37086e-05,3.61906e-06,56062
0.00062067,-9.47438e-05,56127
-0.00411443,0.000628059,56159
0.00420159,-0.000641363,56175
-0.000982229,0.000149935,56183
0.000481819,-7.35485e-05,56187
-0.000230469,3.51805e-05,56189
2.47358e-05,-3.77586e-06,56190
0.000613736,-9.36854e-05,56223
-0.000760457,0.000116082,56239
0.000214608,-3.27594e-05,56247
-0.000135575,2.06952e-05,56251
7.4488e-05,-1.13704e-05,56253
-7.41277e-06,1.13154e-06,56254
6.51651e-05,-9.9473e-06,56271
-0.000110095,1.68057e-05,56279
0.000121248,-1.85083e-05,56283
-8.94028e-05,1.36471e-05,56285
9.28741e-06,-1.4177e-06,56286
5.6005e-05,-8.54903e-06,56295
-8.71381e-05,1.33014e-05,56299
7.19269e-05,-1.09795e-05,56301
-7.67006e-06,1.17082e-06,56302
1.37786e-05,-2.10327e-06,56307
-1.37951e-05,2.10579e-06,56309
1.52725e-06,-2.33132e-07,56310
-7.68788e-07,1.17354e-07,56314
4.25515e-07,-6.49539e-08,56316
-6.75878e-06,1.03171e-06,56447
0.000101543,-1.55003e-05,56511
-0.00061161,9.33609e-05,56543
0.000620042,-9.4648e-05,56559
-0.000144978,2.21305e-05,56567
7.43857e-05,-1.13548e-05,56571
-3.75501e-05,5.73193e-06,56573
4.08359e-06,-6.2335e-07,56574
-0.000101741,1.55305e-05,56639
0.000739219,-0.00011284,56671
-0.000758792,0.000115828,56687
0.000179909,-2.74627e-05,56695
-9.79069e-05,1.49453e-05,56699
5.19037e-05,-7.92298e-06,56701
-5.62215e-06,8.58209e-07,56702
-0.000129524,1.97715e-05,56735
0.000162942,-2.48728e-05,56751
-5.10129e-05,7.78701e-06,56759
5.19991e-05,-7.93755e-06,56763
-3.78315e-05,5.77489e-06,56765
4.04421e-06,-6.17339e-07,56766
-1.6924e-05,2.58341e-06,56783
4.64024e-05,-7.08322e-06,56791
-0.000135575,2.06952e-05,56795
0.000123491,-1.88506e-05,56797
-1.35365e-05,2.06631e-06,56798
-2.96725e-05,4.52944e-06,56807
0.000125591,-1.91711e-05,56811
-0.000118732,1.81241e-05,56813
1.30944e-05,-1.99882e-06,56814
-1.87508e-05,2.86227e-06,56819
2.14358e-05,-3.27213e-06,56821
-2.69644e-06,4.11606e-07,56822
1.3247e-06,-2.02213e-07,56826
-7.331e-07,1.11905e-07,56828
4.46314e-05,-6.81287e-06,56943
-1.66142e-05,2.53612e-06,56951
1.47353e-05,-2.2493e-06,56955
-1.05251e-05,1.60663e-06,56957
1.16533e-06,-1.77885e-07,56958
6.58771e-05,-1.0056e-05,56991
-8.48674e-05,1.29548e-05,57007
3.98238e-05,-6.07902e-06,57015
-9.79069e-05,1.49453e-05,57019
8.83415e-05,-1.34851e-05,57021
-9.90745e-06,1.51235e-06,57022
1.45728e-05,-2.2245e-06,57039
-9.93371e-05,1.51636e-05,57047
0.000481819,-7.35485e-05,57051
-0.000460543,7.03008e-05,57053
5.13097e-05,-7.83231e-06,57054
7.71116e-05,-1.17709e-05,57063
-0.000472193,7.20792e-05,57067
0.00045807,-6.99233e-05,57069
-5.11046e-05,7.801e-06,57070
6.92889e-05,-1.05768e-05,57075
-8.11278e-05,1.2384e-05,57077
1.04538e-05,-1.59574e-06,57078
-5.09779e-06,7.78165e-07,57082
2.81798e-06,-4.30158e-07,57084
-3.57335e-05,5.45463e-06,57119
4.54571e-05,-6.93891e-06,57135
-2.49731e-05,3.81209e-06,57143
7.43857e-05,-1.13548e-05,57147
-6.88128e-05,1.05041e-05,57149
7.76021e-06,-1.18458e-06,57150
-1.03358e-05,1.57773e-06,57167
9.0148e-05,-1.37609e-05,57175
-0.000464501,7.0905e-05,57179
0.000445917,-6.80681e-05,57181
-4.97472e-05,7.59379e-06,57182
-7.25576e-05,1.10757e-05,57191
0.000462323,-7.05726e-05,57195
-0.000449589,6.86287e-05,57197
5.02144e-05,-7.66511e-06,57198
-6.79668e-05,1.0375e-05,57203
7.98178e-05,-1.2184e-05,57205
-1.03197e-05,1.57528e-06,57206
5.06124e-06,-7.72589e-07,57210
-2.79687e-06,4.26935e-07,57212
1.16927e-06,-1.78487e-07,57231
-1.24967e-05,1.90759e-06,57239
7.04529e-05,-1.07545e-05,57243
-6.78209e-05,1.03527e-05,57245
7.53639e-06,-1.15041e-06,57246
1.21072e-05,-1.84814e-06,57255
-8.45483e-05,1.29061e-05,57259
8.24997e-05,-1.25934e-05,57261
-9.19847e-06,1.40413e-06,57262
1.44023e-05,-2.19848e-06,57267
-1.70683e-05,2.60543e-06,57269
2.233e-06,-3.40862e-07,57270
-1.21503e-06,1.85471e-07,57274
6.69908e-07,-1.0226e-07,57276
7.57064e-07,-1.15564e-07,57294
-6.8444e-06,1.04478e-06,57299
8.02546e-06,-1.22507e-06,57301
-1.04207e-06,1.5907e-07,57302
5.93923e-07,-9.0662e-08,57306
-3.29059e-07,5.02297e-08,57308
3.58185e-06,-5.46761e-07,57315
-4.06632e-06,6.20715e-07,57317
5.08586e-07,-7.76347e-08,57318
-2.84871e-07,4.34841e-08,57322
1.59601e-07,-2.43637e-08,57324
3.55449e-08,-5.42667e-09,57330
-2.13383e-08,3.25651e-09,57332
-1.58309e-06,2.41655e-07,58303
6.7723e-06,-1.03378e-06,58335
-6.78044e-06,1.03502e-06,58351
1.60675e-06,-2.45268e-07,58359
-7.85959e-07,1.19974e-07,58363
3.76829e-07,-5.75229e-08,58365
-4.11194e-08,6.27588e-09,58366
5.23643e-06,-7.99329e-07,58623
-1.01896e-05,1.55542e-06,58751
2.15484e-05,-3.28931e-06,58815
-0.000101381,1.54756e-05,58847
0.000102147,-1.55925e-05,58863
-2.4228e-05,3.69834e-06,58871
1.21072e-05,-1.84814e-06,58875
-5.92562e-06,9.04532e-07,58877
6.4707e-07,-9.87747e-08,58878
9.15558e-06,-1.39758e-06,59007
-0.000113238,1.72855e-05,59071
0.00062024,-9.46782e-05,59103
-0.000626417,9.56211e-05,59119
0.000146441,-2.23538e-05,59127
-7.25576e-05,1.10757e-05,59131
3.53034e-05,-5.38898e-06,59133
-3.87552e-06,5.91587e-07,59134
9.3203e-05,-1.42272e-05,59199
-0.000615901,9.40158e-05,59231
0.000629281,-9.60583e-05,59247
-0.000148539,2.26741e-05,59255
7.71116e-05,-1.17709e-05,59259
-3.91086e-05,5.96983e-06,59261
4.27456e-06,-6.52502e-07,59262
9.18669e-05,-1.40233e-05,59295
-0.000114183,1.74298e-05,59311
3.40699e-05,-5.20069e-06,59319
-2.96725e-05,4.52944e-06,59323
2.01683e-05,-3.07864e-06,59325
-2.14871e-06,3.27996e-07,59326
1.0262e-05,-1.56647e-06,59343
-2.32991e-05,3.55656e-06,59351
5.6005e-05,-8.54904e-06,59355
-4.99564e-05,7.62573e-06,59357
5.50445e-06,-8.4024e-07,59358
1.38891e-05,-2.12014e-06,59367
-4.99405e-05,7.6233e-06,59371
4.68082e-05,-7.14517e-06,59373
-5.20176e-06,7.94038e-07,59374
7.59838e-06,-1.15988e-06,59379
-8.58011e-06,1.30973e-06,59381
1.07565e-06,-1.64196e-07,59382
-5.27197e-07,8.04775e-08,59386
2.91297e-07,-4.44635e-08,59388
-5.43406e-06,8.29496e-07,59647
1.02332e-05,-1.56208e-06,59775
-2.14048e-05,3.2674e-06,59839
0.00010163,-1.55136e-05,59871
-0.000102534,1.56515e-05,59887
2.44002e-05,-3.72463e-06,59895
-1.24967e-05,1.90759e-06,59899
6.27187e-06,-9.57386e-07,59901
-6.8672e-07,1.04826e-07,59902
-1.08204e-05,1.6517e-06,60031
0.000136504,-2.0837e-05,60095
-0.000750998,0.000114638,60127
0.000758879,-0.000115841,60143
-0.000177971,2.71669e-05,60151
9.0148e-05,-1.37609e-05,60155
-4.48876e-05,6.85199e-06,60157
4.94228e-06,-7.54427e-07,60158
-0.000113753,1.73641e-05,60223
0.00075467,-0.000115199,60255
-0.000771656,0.000117791,60271
0.000183307,-2.79814e-05,60279
-9.93371e-05,1.51636e-05,60283
5.24848e-05,-8.01168e-06,60285
-5.76224e-06,8.79593e-07,60286
-0.000113525,1.73293e-05,60319
0.000141698,-2.16298e-05,60335
-4.42175e-05,6.7497e-06,60343
4.64024e-05,-7.08322e-06,60347
-3.42394e-05,5.22657e-06,60349
3.70977e-06,-5.66286e-07,60350
-1.33838e-05,2.043e-06,60367
3.64742e-05,-5.5677e-06,60375
-0.000110095,1.68057e-05,60379
0.000101039,-1.54234e-05,60381
-1.11799e-05,1.70659e-06,60382
-2.32991e-05,3.55656e-06,60391
0.0001016,-1.5509e-05,60395
-9.66485e-05,1.47532e-05,60397
1.07527e-05,-1.64137e-06,60398
-1.53412e-05,2.3418e-06,60403
1.75886e-05,-2.68486e-06,60405
-2.22949e-06,3.40325e-07,60406
1.09053e-06,-1.66467e-07,60410
-6.02868e-07,9.20268e-08,60412
1.42199e-06,-2.17063e-07,60543
-2.16471e-05,3.30438e-06,60607
0.000130957,-1.99902e-05,60639
-0.000133455,2.03716e-05,60655
3.33163e-05,-5.08566e-06,60663
-2.49731e-05,3.81209e-06,60667
1.66156e-05,-2.53633e-06,60669
-1.86511e-06,2.84706e-07,60670
2.19595e-05,-3.35207e-06,60735
-0.000160191,2.44527e-05,60767
0.000165767,-2.53039e-05,60783
-4.35322e-05,6.64509e-06,60791
3.98238e-05,-6.07902e-06,60795
-2.8939e-05,4.41747e-06,60797
3.25144e-06,-4.96325e-07,60798
3.02687e-05,-4.62045e-06,60831
-3.97582e-05,6.06899e-06,60847
1.98815e-05,-3.03486e-06,60855
-5.10129e-05,7.78701e-06,60859
4.62637e-05,-7.06205e-06,60861
-5.20164e-06,7.94018e-07,60862
6.61939e-06,-1.01044e-06,60879
-4.42175e-05,6.7497e-06,60887
0.000214608,-3.27594e-05,60891
-0.000205264,3.1333e-05,60893
2.28931e-05,-3.49458e-06,60894
3.40699e-05,-5.20069e-06,60903
-0.000209323,3.19526e-05,60907
0.000203247,-3.10252e-05,60909
-2.26983e-05,3.46484e-06,60910
3.1195e-05,-4.76184e-06,60915
-3.65432e-05,5.57824e-06,60917
4.71217e-06,-7.19301e-07,60918
-2.30305e-06,3.51556e-07,60922
1.27327e-06,-1.9436e-07,60924
5.03368e-06,-7.68381e-07,61047
-1.66142e-05,2.53612e-06,61051
1.49994e-05,-2.28962e-06,61053
-1.70179e-06,2.59773e-07,61054
-2.4378e-05,3.72125e-06,61087
3.72341e-05,-5.68371e-06,61103
-4.35322e-05,6.64509e-06,61111
0.000179909,-2.74627e-05,61115
-0.000171371,2.61593e-05,61117
1.94295e-05,-2.96586e-06,61118
-1.6924e-05,2.58341e-06,61135
0.000183307,-2.79814e-05,61143
-0.000982229,0.000149935,61147
0.00094589,-0.000144388,61149
-0.000105745,1.61417e-05,61150
-0.000148539,2.26741e-05,61159
0.000969409,-0.000147978,61163
-0.000944452,0.000144168,61165
0.00010566,-1.61288e-05,61166
-0.000142304,2.17223e-05,61171
0.000167248,-2.55301e-05,61173
-2.16365e-05,3.30276e-06,61174
1.05417e-05,-1.60917e-06,61178
-5.82719e-06,8.89506e-07,61180
1.56854e-05,-2.39434e-06,61215
-2.45171e-05,3.74248e-06,61231
3.33163e-05,-5.08566e-06,61239
-0.000144978,2.21305e-05,61243
0.000138716,-2.11746e-05,61245
-1.57372e-05,2.40225e-06,61246
1.53634e-05,-2.34519e-06,61263
-0.000177971,2.71669e-05,61271
0.000964962,-0.000147299,61275
-0.000929983,0.00014196,61277
0.000103969,-1.58707e-05,61278
0.000146441,-2.23538e-05,61287
-0.00096363,0.000147096,61291
0.00093932,-0.000143385,61293
-0.000105103,1.60438e-05,61294
0.000141733,-2.16352e-05,61299
-0.000166794,2.54607e-05,61301
2.16123e-05,-3.29906e-06,61302
-1.05946e-05,1.61724e-06,61306
5.8551e-06,-8.93767e-07,61308
-1.74021e-06,2.6564e-07,61327
2.44002e-05,-3.72463e-06,61335
-0.000145232,2.21694e-05,61339
0.000140464,-2.14415e-05,61341
-1.5656e-05,2.38985e-06,61342
-2.4228e-05,3.69834e-06,61351
0.000174997,-2.67129e-05,61355
-0.000171287,2.61466e-05,61357
1.91488e-05,-2.92301e-06,61358
-2.99076e-05,4.56533e-06,61363
3.55108e-05,-5.42064e-06,61365
-4.6573e-06,7.10924e-07,61366
2.5334e-06,-3.86717e-07,61370
-1.39676e-06,2.13211e-07,61372
1.42583e-05,-2.17649e-06,61395
-1.67588e-05,2.55819e-06,61397
2.18221e-06,-3.33111e-07,61398
-1.24593e-06,1.90189e-07,61402
6.90402e-07,-1.05389e-07,61404
-7.46135e-06,1.13896e-06,61411
8.49254e-06,-1.29637e-06,61413
-1.06562e-06,1.62665e-07,61414
5.99296e-07,-9.14826e-08,61418
-3.35859e-07,5.12678e-08,61420
-7.45439e-08,1.13795e-08,61426
4.47833e-08,-6.83757e-09,61428
1.17163e-06,-1.78847e-07,62415
-1.33838e-05,2.043e-06,62423
6.51651e-05,-9.9473e-06,62427
-6.24452e-05,9.53211e-06,62429
7.01615e-06,-1.071e-06,62430
1.0262e-05,-1.56647e-06,62439
-6.32585e-05,9.65626e-06,62443
6.15371e-05,-9.3935e-06,62445
-6.9232e-06,1.05681e-06,62446
9.46493e-06,-1.4448e-06,62451
-1.1101e-05,1.69454e-06,62453
1.44148e-06,-2.20039e-07,62454
-7.02407e-07,1.07221e-07,62458
3.8772e-07,-5.91844e-08,62460
-7.18103e-07,1.09617e-07,62591
1.08973e-05,-1.66345e-06,62655
-6.57735e-05,1.00402e-05,62687
6.91772e-05,-1.05597e-05,62703
-2.45171e-05,3.74248e-06,62711
4.54571e-05,-6.93891e-06,62715
-3.98089e-05,6.07673e-06,62717
4.56383e-06,-6.96658e-07,62718
-1.117e-05,1.70507e-06,62783
8.12578e-05,-1.24038e-05,62815
-8.82315e-05,1.34683e-05,62831
3.72341e-05,-5.68371e-06,62839
-8.48674e-05,1.29548e-05,62843
7.65433e-05,-1.16842e-05,62845
-8.77622e-06,1.33967e-06,62846
-2.1575e-05,3.29337e-06,62879
3.35623e-05,-5.12321e-06,62895
-3.97582e-05,6.06899e-06,62903
0.000162942,-2.48728e-05,62907
-0.000155252,2.36988e-05,62909
1.77413e-05,-2.70817e-06,62910
0.000141698,-2.16298e-05,62935
-0.000760457,0.000116082,62939
0.000733483,-0.000111964,62941
-8.26264e-05,1.26127e-05,62942
-0.000114183,1.74298e-05,62951
0.000748221,-0.000114214,62955
-0.000730267,0.000111474,62957
8.23272e-05,-1.25671e-05,62958
-0.000111542,1.70266e-05,62963
0.000131298,-2.00423e-05,62965
-1.71204e-05,2.61339e-06,62966
8.3552e-06,-1.2754e-06,62970
-4.61022e-06,7.0374e-07,62972
4.46314e-05,-6.81287e-06,63099
-5.99022e-05,9.14392e-06,63101
6.87216e-06,-1.04902e-06,63102
4.74123e-05,-7.23738e-06,63135
-8.82315e-05,1.34683e-05,63151
0.000165767,-2.53039e-05,63159
-0.000758792,0.000115828,63163
0.000729331,-0.000111331,63165
-8.34323e-05,1.27357e-05,63166
-0.000771656,0.000117791,63191
0.00420159,-0.000641363,63195
-0.00405653,0.00061922,63197
0.000457162,-6.97847e-05,63198
0.000629281,-9.60583e-05,63207
-0.00415105,0.000633648,63211
0.0040528,-0.00061865,63213
-0.000457059,6.9769e-05,63214
0.000609843,-9.30911e-05,63219
-0.000718177,0.000109628,63221
9.36811e-05,-1.43002e-05,63222
-4.55825e-05,6.95806e-06,63226
2.51509e-05,-3.83922e-06,63228
-3.75493e-05,5.73182e-06,63263
6.91772e-05,-1.05597e-05,63279
-0.000133455,2.03716e-05,63287
0.000620042,-9.4648e-05,63291
-0.00059686,9.11094e-05,63293
6.82781e-05,-1.04225e-05,63294
0.000758879,-0.000115841,63319
-0.00415329,0.00063399,63323
0.00401117,-0.000612295,63325
-0.000451974,6.89928e-05,63326
-0.000626417,9.56211e-05,63335
0.00414911,-0.000633352,63339
-0.00405204,0.000618534,63341
0.000456978,-6.97566e-05,63342
-0.000610769,9.32325e-05,63347
0.000720038,-0.000109912,63349
-9.40497e-05,1.43565e-05,63350
4.60452e-05,-7.0287e-06,63354
-2.54018e-05,3.87752e-06,63356
-0.000102534,1.56515e-05,63383
0.000615802,-9.40007e-05,63387
-0.000596855,9.11085e-05,63389
6.70564e-05,-1.0236e-05,63390
0.000102147,-1.55925e-05,63399
-0.00074241,0.000113327,63403
0.000728069,-0.000111138,63405
-8.20444e-05,1.25239e-05,63406
0.000127008,-1.93875e-05,63411
-0.000151062,2.30593e-05,63413
1.99721e-05,-3.04869e-06,63414
-1.08563e-05,1.65718e-06,63418
5.97655e-06,-9.12306e-07,63420
-6.03804e-05,9.21694e-06,63443
7.10795e-05,-1.08501e-05,63445
-9.32733e-06,1.4238e-06,63446
5.31706e-06,-8.11638e-07,63450
-2.94372e-06,4.49352e-07,63452
3.15839e-05,-4.82121e-06,63459
-3.59989e-05,5.49515e-06,63461
4.55087e-06,-6.9468e-07,63462
-2.5514e-06,3.89466e-07,63466
1.4295e-06,-2.1821e-07,63468
3.19585e-07,-4.87831e-08,63474
-1.92273e-07,2.93516e-08,63476
3.99476e-07,-6.09782e-08,63615
-5.87244e-06,8.96415e-07,63679
3.5055e-05,-5.35106e-06,63711
-3.75493e-05,5.73182e-06,63727
1.56854e-05,-2.39434e-06,63735
-3.57335e-05,5.45463e-06,63739
3.22541e-05,-4.92352e-06,63741
-3.70268e-06,5.65204e-07,63742
5.90413e-06,-9.01251e-07,63807
-4.24819e-05,6.48477e-06,63839
4.74123e-05,-7.23738e-06,63855
-2.4378e-05,3.72125e-06,63863
6.58771e-05,-1.0056e-05,63867
-6.06436e-05,9.25711e-06,63869
6.96307e-06,-1.0629e-06,63870
1.30794e-05,-1.99654e-06,63903
-2.1575e-05,3.29337e-06,63919
3.02687e-05,-4.62045e-06,63927
-0.000129524,1.97715e-05,63931
0.000123845,-1.89047e-05,63933
-1.41706e-05,2.16311e-06,63934
-0.000113525,1.73293e-05,63959
0.000613736,-9.36854e-05,63963
-0.000592336,9.04187e-05,63965
6.6785e-05,-1.01946e-05,63966
9.18669e-05,-1.40233e-05,63975
-0.0006048,9.23212e-05,63979
0.000590527,-9.01425e-05,63981
-6.66303e-05,1.0171e-05,63982
9.01629e-05,-1.37632e-05,63987
-0.000106175,1.62074e-05,63989
1.38586e-05,-2.11549e-06,63990
-6.76512e-06,1.03268e-06,63994
3.73221e-06,-5.69714e-07,63996
4.0354e-05,-6.15994e-06,64125
-6.55278e-06,1.00027e-06,64126
-4.24819e-05,6.48477e-06,64159
8.12578e-05,-1.24038e-05,64175
-0.000160191,2.44527e-05,64183
0.000739219,-0.00011284,64187
-0.000711027,0.000108537,64189
8.13999e-05,-1.24255e-05,64190
0.00075467,-0.000115199,64215
-0.00411443,0.000628059,64219
0.00397325,-0.000606507,64221
-0.000448088,6.83997e-05,64222
-0.000615901,9.40158e-05,64231
0.00406625,-0.000620704,64235
-0.00397073,0.000606123,64237
0.000448117,-6.8404e-05,64238
-0.000597323,9.11799e-05,64243
0.000703561,-0.000107397,64245
-9.18431e-05,1.40196e-05,64246
4.46872e-05,-6.82139e-06,64250
-2.46535e-05,3.7633e-06,64252
3.5055e-05,-5.35106e-06,64287
-6.57735e-05,1.00402e-05,64303
0.000130957,-1.99902e-05,64311
-0.00061161,9.33609e-05,64315
0.000589039,-8.99154e-05,64317
-6.74311e-05,1.02932e-05,64318
-0.000750998,0.000114638,64343
0.00411361,-0.000627932,64347
-0.00397358,0.000606558,64349
0.000448044,-6.83928e-05,64350
0.00062024,-9.46782e-05,64359
-0.00411064,0.00062748,64363
0.00401515,-0.000612903,64365
-0.000453129,6.91691e-05,64366
0.000605158,-9.2376e-05,64371
-0.000713549,0.000108922,64373
9.32721e-05,-1.42378e-05,64374
-4.56702e-05,6.97145e-06,64378
2.51924e-05,-3.84557e-06,64380
0.00010163,-1.55136e-05,64407
-0.000611134,9.32882e-05,64411
0.000592462,-9.0438e-05,64413
-6.66097e-05,1.01678e-05,64414
-0.000101381,1.54756e-05,64423
0.000737589,-0.000112591,64427
-0.000723496,0.00011044,64429
8.15892e-05,-1.24544e-05,64430
-0.000126374,1.92906e-05,64435
0.000150349,-2.29505e-05,64437
-1.98989e-05,3.03752e-06,64438
1.08365e-05,-1.65416e-06,64442
-5.96843e-06,9.11068e-07,64444
6.05119e-05,-9.23701e-06,64467
-7.12996e-05,1.08837e-05,64469
9.38344e-06,-1.43236e-06,64470
-5.42186e-06,8.27632e-07,64474
3.01673e-06,-4.60496e-07,64476
-3.16615e-05,4.83305e-06,64483
3.61361e-05,-5.5161e-06,64485
-4.58787e-06,7.00327e-07,64486
2.64425e-06,-4.0364e-07,64490
-1.49639e-06,2.2842e-07,64492
-3.29371e-07,5.02785e-08,64498
2.01435e-07,-3.07481e-08,64500
5.31676e-07,-8.11605e-08,64638
5.90413e-06,-9.01252e-07,64671
-1.117e-05,1.70507e-06,64687
2.19595e-05,-3.35206e-06,64695
-0.000101741,1.55305e-05,64699
9.79014e-05,-1.49444e-05,64701
-1.12041e-05,1.71028e-06,64702
-0.000113753,1.73641e-05,64727
0.00062067,-9.47438e-05,64731
-0.000599365,9.14916e-05,64733
6.75729e-05,-1.03149e-05,64734
9.3203e-05,-1.42272e-05,64743
-0.000615519,9.39576e-05,64747
0.000601036,-9.17467e-05,64749
-6.78129e-05,1.03515e-05,64750
9.01972e-05,-1.37684e-05,64755
-0.000106265,1.62211e-05,64757
1.38751e-05,-2.118e-06,64758
-6.76743e-06,1.03303e-06,64762
3.73598e-06,-5.70288e-07,64764
-5.87244e-06,8.96415e-07,64799
1.08973e-05,-1.66346e-06,64815
-2.16471e-05,3.30438e-06,64823
0.000101543,-1.55003e-05,64827
-9.78409e-05,1.49352e-05,64829
1.11972e-05,-1.70923e-06,64830
0.000136504,-2.0837e-05,64855
-0.000748608,0.000114273,64859
0.000723144,-0.000110386,64861
-8.15147e-05,1.2443e-05,64862
-0.000113238,1.72855e-05,64871
0.000751135,-0.000114659,64875
-0.000733698,0.000111997,64877
8.27847e-05,-1.26369e-05,64878
-0.000110548,1.68749e-05,64883
0.000130393,-1.99042e-05,64885
-1.70539e-05,2.60323e-06,64886
8.38444e-06,-1.27986e-06,64890
-4.62996e-06,7.06753e-07,64892
-2.14048e-05,3.26739e-06,64919
0.000129299,-1.97372e-05,64923
-0.000125387,1.91401e-05,64925
1.40965e-05,-2.15179e-06,64926
2.15484e-05,-3.28931e-06,64935
-0.000157448,2.4034e-05,64939
0.000154497,-2.35836e-05,64941
-1.74275e-05,2.66027e-06,64942
2.7329e-05,-4.17171e-06,64947
-3.25499e-05,4.96867e-06,64949
4.32371e-06,-6.60003e-07,64950
-2.40672e-06,3.67381e-07,64954
1.33646e-06,-2.04008e-07,64956
-1.46926e-05,2.2428e-06,64979
1.74599e-05,-2.66521e-06,64981
-2.35805e-06,3.5995e-07,64982
1.58828e-06,-2.42446e-07,64986
-9.34262e-07,1.42612e-07,64988
7.71947e-06,-1.17836e-06,64995
-8.93393e-06,1.36374e-06,64997
1.18359e-06,-1.80672e-07,64998
-9.08498e-07,1.38679e-07,65002
5.63212e-07,-8.59722e-08,65004
1.07364e-07,-1.63889e-08,65010
-7.62563e-08,1.16404e-08,65012
1.02332e-05,-1.56208e-06,65175
-6.14712e-05,9.38344e-06,65179
5.96e-05,-9.09781e-06,65181
-6.71216e-06,1.02459e-06,65182
-1.01896e-05,1.55542e-06,65191
7.41006e-05,-1.13113e-05,65195
-7.27003e-05,1.10975e-05,65197
8.21955e-06,-1.25469e-06,65198
-1.27731e-05,1.94978e-06,65203
1.5219e-05,-2.32315e-06,65205
-2.05148e-06,3.13155e-07,65206
1.25635e-06,-1.91779e-07,65210
-7.34304e-07,1.1209e-07,65212
7.2728e-06,-1.11018e-06,65235
-8.72842e-06,1.33237e-06,65237
1.33177e-06,-2.03293e-07,65238
-1.57299e-06,2.40113e-07,65242
1.10795e-06,-1.69126e-07,65244
-3.86409e-06,5.89844e-07,65251
4.54654e-06,-6.94019e-07,65253
-7.27554e-07,1.11058e-07,65254
1.23222e-06,-1.88096e-07,65258
-9.26173e-07,1.41379e-07,65260
-1.56603e-07,2.39064e-08,65266
1.42259e-07,-2.17136e-08,65268
-5.43405e-06,8.29497e-07,65303
3.20791e-05,-4.8968e-06,65307
-3.10734e-05,4.74328e-06,65309
3.50456e-06,-5.34961e-07,65310
5.23643e-06,-7.99329e-07,65319
-3.74373e-05,5.71472e-06,65323
3.6689e-05,-5.6005e-06,65325
-4.15364e-06,6.34044e-07,65326
6.21177e-06,-9.48212e-07,65331
-7.38806e-06,1.12777e-06,65333
1.00353e-06,-1.53186e-07,65334
-6.47917e-07,9.8904e-08,65338
3.91363e-07,-5.97388e-08,65340
-3.4908e-06,5.32863e-07,65363
4.20985e-06,-6.42624e-07,65365
-7.22626e-07,1.10308e-07,65366
1.18247e-06,-1.805e-07,65370
-8.87035e-07,1.35404e-07,65372
1.88254e-06,-2.87367e-07,65379
-2.23642e-06,3.41384e-07,65381
4.24403e-07,-6.47838e-08,65382
-1.0287e-06,1.57029e-07,65386
8.10148e-07,-1.23667e-07,65388
1.34629e-07,-2.055e-08,65394
-1.28584e-07,1.96287e-08,65396
4.67081e-07,-7.1299e-08,65427
-5.85344e-07,8.93507e-08,65429
1.03571e-07,-1.58103e-08,65430
-1.87862e-07,2.86753e-08,65434
1.39369e-07,-2.12751e-08,65436
-2.81901e-07,4.30312e-08,65443
3.57595e-07,-5.45874e-08,65445
-7.20317e-08,1.09937e-08,65446
1.97622e-07,-3.01672e-08,65450
-1.53656e-07,2.34542e-08,65452
-2.76666e-08,4.22164e-09,65458
2.69846e-08,-4.12026e-09,65460
1.34707e-08,-2.05883e-09,65490
-1.28743e-08,1.96268e-09,65492
-7.16849e-09,1.09247e-09,65506
6.63101e-09,-1.01306e-09,65508
-3.37104e-07,5.14579e-08,75263
2.16257e-06,-3.30111e-07,75519
-4.36057e-06,6.65634e-07,75647
8.53855e-06,-1.30339e-06,75711
-3.46552e-05,5.29003e-06,75743
3.4611e-05,-5.2833e-06,75759
-8.39941e-06,1.28215e-06,75767
4.16154e-06,-6.35249e-07,75771
-2.00529e-06,3.06103e-07,75773
2.65072e-07,-4.04635e-08,75774
5.49968e-07,-8.39531e-08,76287
-4.01654e-06,6.13117e-07,76543
8.27214e-06,-1.26272e-06,76671
-1.64952e-05,2.51796e-06,76735
6.74623e-05,-1.0298e-05,76767
-6.74081e-05,1.02897e-05,76783
1.63357e-05,-2.4936e-06,76791
-8.08771e-06,1.23457e-06,76795
3.89682e-06,-5.94843e-07,76797
-5.12282e-07,7.81985e-08,76798
6.98134e-06,-1.06568e-06,77055
-1.43618e-05,2.1923e-06,77183
3.07061e-05,-4.68721e-06,77247
-0.000141735,2.16355e-05,77279
0.000142699,-2.17827e-05,77295
-3.44671e-05,5.26133e-06,77303
1.7102e-05,-2.61059e-06,77307
-8.23852e-06,1.25759e-06,77309
1.07815e-06,-1.64576e-07,77310
-0.000123459,1.88457e-05,77503
0.0006749,-0.000103022,77535
-0.000682434,0.000104172,77551
0.000162524,-2.4809e-05,77559
-8.03949e-05,1.22721e-05,77563
3.87022e-05,-5.9078e-06,77565
-5.09502e-06,7.77745e-07,77566
0.000100677,-1.53682e-05,77631
-0.000665791,0.000101631,77663
0.000681119,-0.000103971,77679
-0.000163407,2.49437e-05,77687
8.31659e-05,-1.26951e-05,77691
-4.10094e-05,6.25998e-06,77693
5.3588e-06,-8.1801e-07,77694
0.000100718,-1.53744e-05,77727
-0.000125053,1.90891e-05,77743
3.67476e-05,-5.60944e-06,77751
-2.65916e-05,4.05915e-06,77755
1.62272e-05,-2.47704e-06,77757
-1.9993e-06,3.05191e-07,77758
-2.08634e-05,3.18475e-06,77783
3.44714e-05,-5.26197e-06,77787
-2.90891e-05,4.44038e-06,77789
3.71922e-06,-5.67731e-07,77790
1.12986e-05,-1.72471e-06,77799
-2.82708e-05,4.31547e-06,77803
2.58526e-05,-3.94634e-06,77805
-3.35443e-06,5.12047e-07,77806
4.41762e-06,-6.74338e-07,77811
-4.87138e-06,7.43606e-07,77813
6.95987e-07,-1.0624e-07,77814
1.8027e-07,-2.75176e-08,77820
-3.76475e-05,5.7468e-06,79103
7.45775e-05,-1.13841e-05,79231
-0.000158554,2.42029e-05,79295
0.000741741,-0.000113225,79327
-0.000748256,0.00011422,79343
0.000181775,-2.77475e-05,79351
-9.15299e-05,1.39718e-05,79355
4.46576e-05,-6.81688e-06,79357
-5.983e-06,9.1329e-07,79358
0.000753841,-0.000115072,79551
-0.00411993,0.000628898,79583
0.00416774,-0.000636195,79599
-0.000997203,0.000152221,79607
0.000495691,-7.5666e-05,79611
-0.000239143,3.65046e-05,79613
3.22074e-05,-4.91638e-06,79614
-0.000617736,9.42959e-05,79679
0.00407517,-0.000622065,79711
-0.00417012,0.000636559,79727
0.0010055,-0.000153486,79735
-0.000515705,7.87211e-05,79739
0.000255661,-3.9026e-05,79741
-3.41892e-05,5.2189e-06,79742
-0.00060776,9.27732e-05,79775
0.000755179,-0.000115276,79791
-0.000223872,3.41736e-05,79799
0.000166766,-2.54564e-05,79803
-0.000103708,1.58309e-05,79805
1.31579e-05,-2.00853e-06,79806
0.000126873,-1.93668e-05,79831
-0.000213447,3.25822e-05,79835
0.000181161,-2.76539e-05,79837
-2.3923e-05,3.6518e-06,79838
-6.86557e-05,1.04801e-05,79847
0.000174405,-2.66225e-05,79851
-0.000160158,2.44478e-05,79853
2.14832e-05,-3.27936e-06,79854
-2.74183e-05,4.18534e-06,79859
3.03501e-05,-4.63288e-06,79861
-4.49109e-06,6.85556e-07,79862
-1.14749e-06,1.75162e-07,79868
3.19918e-05,-4.88348e-06,80127
-6.13513e-05,9.36514e-06,80255
0.00012913,-1.97113e-05,80319
-0.000609509,9.30402e-05,80351
0.000615622,-9.39733e-05,80367
-0.000149908,2.28832e-05,80375
7.67697e-05,-1.17187e-05,80379
-3.81378e-05,5.82165e-06,80381
5.12021e-06,-7.81588e-07,80382
-0.000745333,0.000113773,80575
0.00408982,-0.000624302,80607
-0.00413907,0.00063182,80623
0.000992615,-0.00015152,80631
-0.000501194,7.65061e-05,80635
0.000246046,-3.75584e-05,80637
-3.32182e-05,5.07069e-06,80638
0.000618016,-9.43386e-05,80703
-0.00409071,0.000624437,80735
0.00418849,-0.000639362,80751
-0.00101462,0.000154879,80759
0.000537254,-8.20106e-05,80763
-0.000275413,4.20411e-05,80765
3.69641e-05,-5.64248e-06,80766
0.000613115,-9.35905e-05,80799
-0.000764337,0.000116674,80815
0.000234364,-3.5775e-05,80823
-0.000207734,3.17102e-05,80827
0.000143231,-2.18639e-05,80829
-1.86041e-05,2.83987e-06,80830
-0.000158412,2.41813e-05,80855
0.000379358,-5.79081e-05,80859
-0.000343887,5.24935e-05,80861
4.60402e-05,-7.02794e-06,80862
9.35171e-05,-1.42752e-05,80871
-0.000335832,5.1264e-05,80875
0.000320539,-4.89295e-05,80877
-4.33225e-05,6.61307e-06,80878
5.1743e-05,-7.89845e-06,80883
-5.95146e-05,9.08477e-06,80885
9.09358e-06,-1.38811e-06,80886
2.31222e-06,-3.52957e-07,80892
0.000100914,-1.54044e-05,81087
-0.000606688,9.26094e-05,81119
0.000617906,-9.4322e-05,81135
-0.000153869,2.34877e-05,81143
0.000101504,-1.54943e-05,81147
-6.28482e-05,9.59362e-06,81149
8.60206e-06,-1.31308e-06,81150
-0.000101217,1.54505e-05,81215
0.000733881,-0.000112025,81247
-0.000758129,0.000115727,81263
0.0001959,-2.99037e-05,81271
-0.000152973,2.33509e-05,81275
0.000104294,-1.59202e-05,81277
-1.42641e-05,2.17739e-06,81278
-0.000133279,2.03447e-05,81311
0.000172406,-2.63173e-05,81327
-7.5456e-05,1.15182e-05,81335
0.0001635,-2.4958e-05,81339
-0.000147333,2.249e-05,81341
2.01494e-05,-3.07576e-06,81342
0.000138404,-2.11271e-05,81367
-0.000646184,9.86384e-05,81371
0.000629022,-9.60188e-05,81373
-8.57105e-05,1.30835e-05,81374
-0.000104099,1.58904e-05,81383
0.000627189,-9.5739e-05,81387
-0.000621071,9.48051e-05,81389
8.48682e-05,-1.29549e-05,81390
-9.44076e-05,1.44111e-05,81395
0.000112826,-1.72227e-05,81397
-1.78355e-05,2.72255e-06,81398
-4.52023e-06,6.90005e-07,81404
5.92681e-05,-9.04713e-06,81567
-0.00012142,1.85345e-05,81583
0.000120062,-1.83271e-05,81591
-0.00047909,7.3132e-05,81595
0.000464695,-7.09347e-05,81597
-6.47166e-05,9.87883e-06,81598
-0.000477241,7.28498e-05,81623
0.00258763,-0.000394996,81627
-0.00254691,0.000388779,81629
0.000350171,-5.34527e-05,81630
0.000386168,-5.89476e-05,81639
-0.00255404,0.000389868,81643
0.00254354,-0.000388266,81645
-0.00035037,5.34831e-05,81646
0.000378475,-5.77733e-05,81651
-0.000454823,6.94277e-05,81653
7.26716e-05,-1.10931e-05,81654
1.83109e-05,-2.79512e-06,81660
-5.10202e-05,7.78811e-06,81695
7.52544e-05,-1.14874e-05,81711
-8.88708e-05,1.35659e-05,81719
0.000381117,-5.81766e-05,81723
-0.000372052,5.67929e-05,81725
5.18975e-05,-7.92204e-06,81726
0.000457607,-6.98526e-05,81751
-0.00252107,0.000384835,81755
0.00248408,-0.000379189,81757
-0.000341736,5.21653e-05,81758
-0.000376762,5.75119e-05,81767
0.00251876,-0.000384483,81771
-0.00251017,0.000383172,81773
0.000346017,-5.28187e-05,81774
-0.000373972,5.70859e-05,81779
0.000450072,-6.87025e-05,81781
-7.20778e-05,1.10025e-05,81782
-1.82882e-05,2.79165e-06,81788
-6.31779e-05,9.64396e-06,81815
0.000381246,-5.81964e-05,81819
-0.000376886,5.75308e-05,81821
5.16979e-05,-7.89157e-06,81822
6.27107e-05,-9.57264e-06,81831
-0.000459409,7.01277e-05,81835
0.000459646,-7.01639e-05,81837
-6.33144e-05,9.6648e-06,81838
7.92472e-05,-1.20969e-05,81843
-9.62267e-05,1.46888e-05,81845
1.56062e-05,-2.38226e-06,81846
4.45072e-06,-6.79392e-07,81852
4.52506e-05,-6.9074e-06,81877
-7.29164e-06,1.11305e-06,81878
-2.22962e-06,3.40348e-07,81884
1.96499e-05,-2.99951e-06,81891
-2.28662e-05,3.49048e-06,81893
3.54895e-06,-5.41739e-07,81894
1.09126e-06,-1.66578e-07,81900
-1.60066e-07,2.44325e-08,81908
3.09096e-07,-4.7183e-08,83455
-2.12606e-06,3.2454e-07,83711
4.34654e-06,-6.6349e-07,83839
-8.68894e-06,1.32635e-06,83903
3.5775e-05,-5.46097e-06,83935
-3.58022e-05,5.46512e-06,83951
8.76471e-06,-1.33791e-06,83959
-4.39911e-06,6.71514e-07,83963
2.13626e-06,-3.26095e-07,83965
-2.93904e-07,4.48639e-08,83966
-5.12281e-07,7.81992e-08,84479
3.89682e-06,-5.94843e-07,84735
-8.0877e-06,1.23457e-06,84863
1.63357e-05,-2.49361e-06,84927
-6.74081e-05,1.02897e-05,84959
6.74623e-05,-1.0298e-05,84975
-1.64952e-05,2.51795e-06,84983
8.27214e-06,-1.26272e-06,84987
-4.01654e-06,6.13117e-07,84989
5.49969e-07,-8.39512e-08,84990
-6.9016e-06,1.05352e-06,85247
1.41752e-05,-2.16382e-06,85375
-3.03339e-05,4.6304e-06,85439
0.000140156,-2.13945e-05,85471
-0.000141238,2.15596e-05,85487
3.44173e-05,-5.25371e-06,85495
-1.72643e-05,2.63535e-06,85499
8.36457e-06,-1.27683e-06,85501
-1.14049e-06,1.74094e-07,85502
0.000123212,-1.8808e-05,85695
-0.000673625,0.000102827,85727
0.000681706,-0.000104061,85743
-0.000163854,2.5012e-05,85751
8.20917e-05,-1.25311e-05,85755
-3.98316e-05,6.08019e-06,85757
5.46277e-06,-8.33879e-07,85758
-0.000100609,1.53577e-05,85823
0.000665324,-0.00010156,85855
-0.000681267,0.000103994,85871
0.000165187,-2.52154e-05,85879
-8.60277e-05,1.31319e-05,85883
4.32165e-05,-6.59689e-06,85885
-5.8724e-06,8.9641e-07,85886
-0.000100827,1.53911e-05,85919
0.000125463,-1.91516e-05,85935
-3.79095e-05,5.78679e-06,85943
3.0835e-05,-4.70688e-06,85947
-2.02283e-05,3.08781e-06,85949
2.58492e-06,-3.94581e-07,85950
2.39522e-05,-3.65625e-06,85975
-5.09172e-05,7.77239e-06,85979
4.51792e-05,-6.8965e-06,85981
-5.87241e-06,8.96412e-07,85982
-1.37169e-05,2.09386e-06,85991
4.42169e-05,-6.74961e-06,85995
-4.16721e-05,6.36116e-06,85997
5.46277e-06,-8.33879e-07,85998
-6.83514e-06,1.04337e-06,86003
7.76138e-06,-1.18476e-06,86005
-1.14049e-06,1.74095e-07,86006
-2.93904e-07,4.4864e-08,86012
-8.95341e-05,1.36672e-05,87423
0.000190353,-2.90569e-05,87487
-0.000890688,0.000135961,87519
0.000899309,-0.000137277,87535
-0.000220567,3.36691e-05,87543
0.000113006,-1.72501e-05,87547
-5.58552e-05,8.52617e-06,87549
7.76138e-06,-1.18476e-06,87550
-0.000909584,0.000138846,87743
0.00496987,-0.000758639,87775
-0.00503166,0.000768071,87791
0.00121513,-0.000185487,87799
-0.000612219,9.34538e-05,87803
0.000297986,-4.54869e-05,87805
-4.16721e-05,6.36115e-06,87806
0.000745703,-0.00011383,87871
-0.0049177,0.000750675,87903
0.00503695,-0.000768879,87919
-0.00122763,0.000187395,87927
0.00064504,-9.84638e-05,87931
-0.000326165,4.97884e-05,87933
4.51792e-05,-6.8965e-06,87934
0.000734597,-0.000112134,87967
-0.000914828,0.000139646,87983
0.000278941,-4.25798e-05,87991
-0.000233032,3.55718e-05,87995
0.000155107,-2.36768e-05,87997
-2.02283e-05,3.08781e-06,87998
-0.000173869,2.65407e-05,88023
0.00036756,-5.61072e-05,88027
-0.000326165,4.97884e-05,88029
4.32165e-05,-6.59689e-06,88030
9.88995e-05,-1.50968e-05,88039
-0.000316041,4.82429e-05,88043
0.000297986,-4.54869e-05,88045
-3.98316e-05,6.0802e-06,88046
4.91862e-05,-7.50816e-06,88051
-5.58552e-05,8.52617e-06,88053
8.36457e-06,-1.27683e-06,88054
2.13626e-06,-3.26095e-07,88060
-3.89293e-05,5.94247e-06,88319
7.45775e-05,-1.13841e-05,88447
-0.000156954,2.39586e-05,88511
0.000740963,-0.000113106,88543
-0.000749123,0.000114352,88559
0.000184386,-2.8146e-05,88567
-9.6903e-05,1.4792e-05,88571
4.91862e-05,-7.50816e-06,88573
-6.83514e-06,1.04337e-06,88574
0.000910014,-0.000138912,88767
-0.00499214,0.000762038,88799
0.00505693,-0.000771928,88815
-0.00122561,0.000187086,88823
0.000632532,-9.65545e-05,88827
-0.000316041,4.82428e-05,88829
4.42169e-05,-6.74961e-06,88830
-0.000754976,0.000115245,88895
0.00499558,-0.000762563,88927
-0.00512074,0.000781669,88943
0.00125696,-0.000191872,88951
-0.000692938,0.000105775,88955
0.00036756,-5.61072e-05,88957
-5.09172e-05,7.77238e-06,88958
-0.000751334,0.000114689,88991
0.000939924,-0.000143477,89007
-0.000301313,4.59947e-05,89015
0.000314344,-4.79839e-05,89019
-0.000233032,3.55718e-05,89021
3.0835e-05,-4.70689e-06,89022
0.000235937,-3.60152e-05,89047
-0.000692938,0.000105775,89051
0.00064504,-9.84638e-05,89053
-8.60277e-05,1.31319e-05,89054
-0.000147704,2.25466e-05,89063
0.000632532,-9.65545e-05,89067
-0.000612219,9.34538e-05,89069
8.20917e-05,-1.25311e-05,89070
-9.6903e-05,1.4792e-05,89075
0.000113006,-1.72501e-05,89077
-1.72643e-05,2.63535e-06,89078
-4.39911e-06,6.71513e-07,89084
-0.000123911,1.89147e-05,89279
0.000745036,-0.000113728,89311
-0.000760854,0.000116143,89327
0.000195786,-2.98863e-05,89335
-0.000147704,2.25466e-05,89339
9.88995e-05,-1.50968e-05,89341
-1.37169e-05,2.09386e-06,89342
0.000124594,-1.90191e-05,89407
-0.000903368,0.000137897,89439
0.000936908,-0.000143017,89455
-0.00025394,3.87634e-05,89463
0.000235937,-3.60152e-05,89467
-0.000173869,2.65407e-05,89469
2.39522e-05,-3.65625e-06,89470
0.000168715,-2.5754e-05,89503
-0.000222244,3.39251e-05,89519
0.00011477,-1.75194e-05,89527
-0.000301313,4.59947e-05,89531
0.000278941,-4.25798e-05,89533
-3.79095e-05,5.78679e-06,89534
-0.00025394,3.87634e-05,89559
0.00125696,-0.000191871,89563
-0.00122763,0.000187395,89565
0.000165187,-2.52154e-05,89566
0.000195786,-2.98863e-05,89575
-0.00122561,0.000187086,89579
0.00121513,-0.000185487,89581
-0.000163854,2.5012e-05,89582
0.000184386,-2.8146e-05,89587
-0.000220567,3.36691e-05,89589
3.44173e-05,-5.25372e-06,89590
8.76471e-06,-1.33791e-06,89596
0.000131105,-2.00129e-05,89775
-0.000222244,3.39251e-05,89783
0.000939924,-0.000143477,89787
-0.000914828,0.000139646,89789
0.000125463,-1.91516e-05,89790
0.000936908,-0.000143017,89815
-0.00512074,0.000781669,89819
0.00503695,-0.000768879,89821
-0.000681267,0.000103994,89822
-0.000760854,0.000116143,89831
0.00505693,-0.000771928,89835
-0.00503166,0.000768071,89837
0.000681706,-0.000104061,89838
-0.000749123,0.000114352,89843
0.000899309,-0.000137277,89845
-0.000141238,2.15596e-05,89846
-3.58022e-05,5.46513e-06,89852
7.78654e-05,-1.1886e-05,89887
-0.00012142,1.85345e-05,89903
0.000168715,-2.5754e-05,89911
-0.000751334,0.000114689,89915
0.000734597,-0.000112134,89917
-0.000100827,1.53911e-05,89918
-0.000903368,0.000137897,89943
0.00499558,-0.000762563,89947
-0.0049177,0.000750675,89949
0.000665324,-0.00010156,89950
0.000745036,-0.000113728,89959
-0.00499214,0.000762038,89963
0.00496987,-0.000758639,89965
-0.000673625,0.000102827,89966
0.000740963,-0.000113106,89971
-0.000890688,0.000135961,89973
0.000140156,-2.13945e-05,89974
3.5775e-05,-5.46097e-06,89980
0.000124594,-1.9019e-05,90007
-0.000754976,0.000115245,90011
0.000745703,-0.00011383,90013
-0.000100609,1.53577e-05,90014
-0.000123911,1.89147e-05,90023
0.000910014,-0.000138912,90027
-0.000909584,0.000138846,90029
0.000123212,-1.8808e-05,90030
-0.000156954,2.39586e-05,90035
0.000190353,-2.90569e-05,90037
-3.03339e-05,4.6304e-06,90038
-8.68894e-06,1.32635e-06,90044
1.41752e-05,-2.16381e-06,90070
4.34654e-06,-6.63489e-07,90076
-3.89293e-05,5.94247e-06,90083
4.52506e-05,-6.9074e-06,90085
-6.9016e-06,1.05351e-06,90086
-2.12606e-06,3.24538e-07,90092
3.09099e-07,-4.71833e-08,90100
-2.99896e-05,4.57784e-06,91583
0.000140934,-2.15132e-05,91615
-0.000142823,2.18017e-05,91631
3.64103e-05,-5.55795e-06,91639
-2.28273e-05,3.48454e-06,91643
1.34777e-05,-2.05734e-06,91645
-1.91706e-06,2.92637e-07,91646
0.000158457,-2.41882e-05,91839
-0.000865642,0.000132138,91871
0.000879504,-0.000134254,91887
-0.000221404,3.37968e-05,91895
0.000136296,-2.08052e-05,91899
-7.9496e-05,1.21349e-05,91901
1.13952e-05,-1.73944e-06,91902
-0.000130742,1.99575e-05,91967
0.000861472,-0.000131502,91999
-0.000887357,0.000135453,92015
0.000231858,-3.53926e-05,92023
-0.000173194,2.64377e-05,92027
0.000114484,-1.74757e-05,92029
-1.6139e-05,2.46358e-06,92030
-0.00013344,2.03693e-05,92063
0.000171345,-2.61554e-05,92079
-7.45096e-05,1.13737e-05,92087
0.000158115,-2.41359e-05,92091
-0.000141744,2.16369e-05,92093
1.92924e-05,-2.94494e-06,92094
0.00011657,-1.77942e-05,92119
-0.000539611,8.23704e-05,92123
0.000524739,-8.01002e-05,92125
-7.0651e-05,1.07847e-05,92126
-8.64243e-05,1.31925e-05,92135
0.00051863,-7.91677e-05,92139
-0.000513299,7.83539e-05,92141
6.92567e-05,-1.05719e-05,92142
-7.86041e-05,1.19987e-05,92147
9.37683e-05,-1.43135e-05,92149
-1.46071e-05,2.22974e-06,92150
-3.70965e-06,5.66272e-07,92156
7.63378e-06,-1.16528e-06,92415
-1.43618e-05,2.1923e-06,92543
3.00432e-05,-4.58603e-06,92607
-0.000142516,2.17547e-05,92639
0.000144821,-2.21066e-05,92655
-3.77062e-05,5.75577e-06,92663
2.66827e-05,-4.07305e-06,92667
-1.71084e-05,2.61156e-06,92669
2.41825e-06,-3.6914e-07,92670
-0.00019277,2.94259e-05,92863
0.00105727,-0.000161389,92895
-0.00107637,0.000164305,92911
0.000276776,-4.22493e-05,92919
-0.00019038,2.9061e-05,92923
0.000120076,-1.83293e-05,92925
-1.71084e-05,2.61155e-06,92926
0.000161233,-2.46119e-05,92991
-0.00106605,0.000162731,93023
0.00110193,-0.000168207,93039
-0.000299391,4.57013e-05,93047
0.000264644,-4.03972e-05,93051
-0.00019038,2.9061e-05,93053
2.66827e-05,-4.07305e-06,93054
0.000170386,-2.6009e-05,93087
-0.000223145,3.40625e-05,93103
0.000114908,-1.75404e-05,93111
-0.000299391,4.57013e-05,93115
0.000276776,-4.22493e-05,93117
-3.77062e-05,5.75577e-06,93118
-0.000223145,3.40625e-05,93143
0.00110193,-0.000168207,93147
-0.00107637,0.000164305,93149
0.000144821,-2.21066e-05,93150
0.000170386,-2.6009e-05,93159
-0.00106605,0.000162731,93163
0.00105727,-0.000161389,93165
-0.000142516,2.17547e-05,93166
0.000161233,-2.46119e-05,93171
-0.00019277,2.94259e-05,93173
3.00432e-05,-4.58603e-06,93174
7.63379e-06,-1.16528e-06,93180
3.17622e-05,-4.84843e-06,93375
-0.000191557,2.92407e-05,93407
0.00020222,-3.08684e-05,93423
-7.3692e-05,1.12489e-05,93431
0.000134723,-2.05652e-05,93435
-0.000119333,1.8216e-05,93437
1.65024e-05,-2.51906e-06,93438
-3.29163e-05,5.02459e-06,93503
0.000238975,-3.64789e-05,93535
-0.000260772,3.98063e-05,93551
0.000113905,-1.73873e-05,93559
-0.000260772,3.98063e-05,93563
0.000238975,-3.64789e-05,93565
-3.29163e-05,5.02459e-06,93566
-6.3888e-05,9.75235e-06,93599
9.99567e-05,-1.52582e-05,93615
-0.00012104,1.84764e-05,93623
0.000503554,-7.68664e-05,93627
-0.000488947,7.46366e-05,93629
6.67684e-05,-1.0192e-05,93630
0.000424518,-6.48017e-05,93655
-0.00231347,0.000353146,93659
0.00227435,-0.000347174,93661
-0.000306103,4.67259e-05,93662
-0.000341934,5.21955e-05,93671
0.0022737,-0.000347075,93675
-0.00226174,0.000345249,93677
0.000304898,-4.6542e-05,93678
-0.000341813,5.2177e-05,93683
0.000410135,-6.26062e-05,93685
-6.40754e-05,9.78096e-06,93686
-1.63222e-05,2.49154e-06,93692
0.000296381,-4.52418e-05,93879
-0.00195086,0.000297794,93883
0.00191173,-0.000291822,93885
-0.000261236,3.98771e-05,93886
-0.00195031,0.000297711,93911
0.0107933,-0.00164757,93915
-0.0106222,0.00162145,93917
0.00143053,-0.000218367,93918
0.00159301,-0.000243169,93927
-0.010669,0.0016286,93931
0.010617,-0.00162066,93933
-0.00143211,0.000218609,93934
0.00158018,-0.00024121,93939
-0.00189704,0.000289578,93941
0.000296593,-4.52743e-05,93942
7.5322e-05,-1.14977e-05,93948
-9.40254e-05,1.43528e-05,93983
0.000172406,-2.63173e-05,93999
-0.000334763,5.11009e-05,94007
0.00158307,-0.000241652,94011
-0.00155379,0.000237183,94013
0.000212332,-3.2412e-05,94014
0.00190917,-0.00029143,94039
-0.0106217,0.00162138,94043
0.0104568,-0.0015962,94045
-0.00140809,0.000214941,94046
-0.00157891,0.000241017,94055
0.0106189,-0.00162095,94059
-0.0105702,0.00161352,94061
0.0014259,-0.00021766,94062
-0.00157595,0.000240565,94067
0.00189403,-0.000289119,94069
-0.000296556,4.52686e-05,94070
-7.58424e-05,1.15772e-05,94076
-0.000262037,3.99993e-05,94103
0.00159849,-0.000244006,94107
-0.00157915,0.000241053,94109
0.000212102,-3.23769e-05,94110
0.000261493,-3.99163e-05,94119
-0.00192837,0.000294361,94123
0.00192742,-0.000294216,94125
-0.000259897,3.96727e-05,94126
0.000332792,-5.07999e-05,94131
-0.000403532,6.15982e-05,94133
6.39924e-05,-9.76829e-06,94134
1.83532e-05,-2.80158e-06,94140
-9.19195e-06,1.40313e-06,94172
8.2773e-05,-1.26351e-05,94179
-9.62267e-05,1.46888e-05,94181
1.46065e-05,-2.22965e-06,94182
4.4903e-06,-6.85434e-07,94188
-6.48888e-07,9.90524e-08,94196
-0.000962045,0.000146854,95703
0.00922198,-0.00140771,95707
-0.00907904,0.00138589,95709
0.00122777,-0.000187416,95710
0.0013538,-0.000206654,95719
-0.00908784,0.00138724,95723
0.00904859,-0.00138125,95725
-0.00122563,0.00018709,95726
0.00136588,-0.000208499,95731
-0.00164047,0.000250415,95733
0.000257645,-3.93289e-05,95734
6.55464e-05,-1.00055e-05,95740
0.00652048,-0.000995337,95931
-0.00904999,0.00138146,95933
0.00124206,-0.000189598,95934
-0.0511474,0.00780753,95963
0.0503636,-0.00768788,95965
-0.00681192,0.00103982,95966
-0.00753994,0.00115095,95975
0.0505686,-0.00771917,95979
-0.0503459,0.00768519,95981
0.00682058,-0.00104115,95982
-0.00749032,0.00114338,95987
0.00899662,-0.00137331,95989
-0.00141298,0.000215688,95990
-0.000358252,5.46863e-05,95996
0.000400895,-6.11957e-05,96031
-0.000764337,0.000116674,96047
0.0015798,-0.000241153,96055
-0.00754202,0.00115127,96059
0.00741022,-0.00113115,96061
-0.00101696,0.000155236,96062
0.0505711,-0.00771957,96091
-0.0498089,0.00760321,96093
0.00673575,-0.0010282,96094
0.00751098,-0.00114653,96103
-0.0505541,0.00771696,96107
0.050344,-0.0076849,96109
-0.00682042,0.00104112,96110
0.00750355,-0.0011454,96115
-0.00902197,0.00137718,96117
0.00141892,-0.000216595,96118
0.000362305,-5.5305e-05,96124
-0.00749858,0.00114464,96155
0.0074113,-0.00113132,96157
-0.000999706,0.000152603,96158
-0.00122586,0.000187125,96167
0.0090469,-0.00138099,96171
-0.00904646,0.00138092,96173
0.0012251,-0.000187009,96174
-0.00156132,0.000238332,96179
0.00189403,-0.000289119,96181
-0.000301721,4.6057e-05,96182
-8.64783e-05,1.32007e-05,96188
4.32373e-05,-6.60007e-06,96220
-0.000387138,5.90957e-05,96227
0.000450072,-6.87025e-05,96229
-6.85977e-05,1.04713e-05,96230
-2.11391e-05,3.22684e-06,96236
3.07795e-06,-4.69843e-07,96244
1.21313e-05,-1.85182e-06,96447
-7.47169e-05,1.14054e-05,96479
0.000100104,-1.52807e-05,96495
-0.000107335,1.63844e-05,96503
0.000397742,-6.07144e-05,96507
-0.000383746,5.85779e-05,96509
5.29559e-05,-8.08359e-06,96510
-1.42641e-05,2.17739e-06,96575
0.000104294,-1.59202e-05,96607
-0.000152973,2.33509e-05,96623
0.0001959,-2.99037e-05,96631
-0.000758129,0.000115727,96635
0.000733881,-0.000112025,96637
-0.000101217,1.54505e-05,96638
-8.74299e-05,1.3346e-05,96671
0.000171345,-2.61554e-05,96687
-0.000339298,5.17931e-05,96695
0.00157071,-0.000239766,96699
-0.00153857,0.000234859,96701
0.000211289,-3.22527e-05,96702
-0.00750275,0.00114528,96731
0.00738746,-0.00112768,96733
-0.000999559,0.00015258,96734
-0.00110169,0.000168171,96743
0.00740217,-0.00112992,96747
-0.00737091,0.00112515,96749
0.000998944,-0.000152487,96750
-0.00111248,0.000169818,96755
0.00133629,-0.000203982,96757
-0.000210011,3.20576e-05,96758
-5.34465e-05,8.15848e-06,96764
0.00628146,-0.00095885,96957
-0.0012198,0.000186199,96958
0.0504158,-0.00769586,96987
-0.0496463,0.00757839,96989
0.00671826,-0.00102553,96990
0.007433,-0.00113463,96999
-0.0498583,0.00761075,97003
0.0496414,-0.00757765,97005
-0.00672855,0.0010271,97006
0.0073839,-0.00112714,97011
-0.00886939,0.00135389,97013
0.00139379,-0.000212758,97014
0.000353385,-5.39434e-05,97020
-0.000395325,6.03454e-05,97055
0.000755179,-0.000115276,97071
-0.00156752,0.000239279,97079
0.00749115,-0.00114351,97083
-0.0073612,0.00112367,97085
0.00101073,-0.000154286,97086
-0.0504112,0.00769515,97115
0.0496542,-0.0075796,97117
-0.00671816,0.00102551,97118
-0.00748813,0.00114305,97127
0.0504069,-0.00769449,97131
-0.0502002,0.00766294,97133
0.00680438,-0.00103867,97134
-0.00748192,0.0011421,97139
0.00899662,-0.00137331,97141
-0.00141578,0.000216115,97142
-0.000361599,5.51972e-05,97148
0.00749025,-0.00114337,97179
-0.00740375,0.00113017,97181
0.000999209,-0.000152527,97182
0.0012251,-0.000187009,97191
-0.00904646,0.00138092,97195
0.0090469,-0.00138099,97197
-0.00122586,0.000187125,97198
0.00156351,-0.000238666,97203
-0.00189704,0.000289578,97205
0.000302511,-4.61775e-05,97206
8.70267e-05,-1.32844e-05,97212
-4.5085e-05,6.88212e-06,97244
0.000390689,-5.96377e-05,97251
-0.000454823,6.94277e-05,97253
6.97166e-05,-1.06421e-05,97254
2.27476e-05,-3.47236e-06,97260
-3.30652e-06,5.04733e-07,97268
0.000118426,-1.80775e-05,97470
-0.00758518,0.00115786,97499
0.00746983,-0.00114025,97501
-0.00101076,0.00015429,97502
-0.00112166,0.000171219,97511
0.00752736,-0.00114903,97515
-0.00749482,0.00114407,97517
0.00101587,-0.00015507,97518
-0.00111214,0.000169765,97523
0.00133629,-0.000203982,97525
-0.000210123,3.20748e-05,97526
-5.3517e-05,8.16924e-06,97532
6.6512e-05,-1.01529e-05,97567
-0.000125053,1.90891e-05,97583
0.000258424,-3.94478e-05,97591
-0.00124062,0.000189377,97595
0.00121975,-0.000186192,97597
-0.000167471,2.55641e-05,97598
0.00915239,-0.00139709,97627
-0.00901576,0.00137623,97629
0.00121975,-0.000186192,97630
0.00136371,-0.000208167,97639
-0.00918936,0.00140273,97643
0.00915239,-0.00139709,97645
-0.00124062,0.000189377,97646
0.00136371,-0.000208167,97651
-0.00164047,0.000250415,97653
0.000258424,-3.94478e-05,97654
6.6512e-05,-1.01529e-05,97660
-0.00158167,0.000241438,97691
0.00156397,-0.000238737,97693
-0.000211143,3.22305e-05,97694
-0.000259897,3.96727e-05,97703
0.00192742,-0.000294216,97707
-0.00192837,0.000294361,97709
0.000261493,-3.99163e-05,97710
-0.000337588,5.1532e-05,97715
0.000410135,-6.26062e-05,97717
-6.57752e-05,1.00404e-05,97718
-1.9835e-05,3.02777e-06,97724
1.56092e-05,-2.3827e-06,97756
-9.54186e-05,1.45654e-05,97763
0.000112826,-1.72227e-05,97765
-1.84163e-05,2.81121e-06,97766
-1.01405e-05,1.54792e-06,97772
1.45875e-06,-2.22675e-07,97780
-2.42208e-05,3.69724e-06,98012
4.89457e-05,-7.47145e-06,98019
-5.95146e-05,9.08477e-06,98021
1.31093e-05,-2.0011e-06,98022
2.14872e-05,-3.27997e-06,98028
-3.30652e-06,5.04733e-07,98036
-0.000393432,6.00565e-05,98075
0.000388662,-5.93284e-05,98077
-5.27356e-05,8.04996e-06,98078
-6.33144e-05,9.6648e-06,98087
0.000459646,-7.01639e-05,98091
-0.000459409,7.01277e-05,98093
6.27107e-05,-9.57264e-06,98094
-7.71606e-05,1.17784e-05,98099
9.37683e-05,-1.43135e-05,98101
-1.57041e-05,2.3972e-06,98102
-6.84422e-06,1.04476e-06,98108
2.0771e-05,-3.17065e-06,98140
-2.44322e-05,3.72952e-06,98147
3.03501e-05,-4.63288e-06,98149
-8.46731e-06,1.29252e-06,98150
-1.96708e-05,3.00271e-06,98156
3.07795e-06,-4.69843e-07,98164
-3.22724e-06,4.9263e-07,98204
3.68455e-06,-5.6244e-07,98211
-4.87138e-06,7.43605e-07,98213
1.42995e-06,-2.18279e-07,98214
3.68455e-06,-5.62438e-07,98220
-6.48888e-07,9.90505e-08,98228
-1.60064e-07,2.44341e-08,98276
0.11585,-0.0176843,112347
-0.28059,0.0428314,112349
0.0416049,-0.00635089,112350
0.0418396,-0.00638672,112359
0.28052,-0.0428208,112365
-0.0416805,0.00636242,112366
-0.0502002,0.00766294,112373
0.00867347,-0.00132399,112374
0.00214964,-0.000328138,112380
-0.00218524,0.000333571,112415
0.00418849,-0.000639362,112431
-0.00874849,0.00133544,112439
-0.0412854,0.00630212,112445
0.00621115,-0.000948117,112446
0.27751,-0.0423613,112477
-0.041141,0.00628008,112478
-0.0416839,0.00636296,112487
-0.280519,0.0428205,112493
0.0416808,-0.00636248,112494
0.050344,-0.0076849,112501
-0.00871066,0.00132966,112502
-0.0021754,0.00033207,112508
-0.0412913,0.00630302,112541
0.00610687,-0.000932199,112542
0.00680438,-0.00103867,112551
0.0504069,-0.00769449,112557
-0.00748813,0.00114305,112558
-0.0105702,0.00161352,112565
0.00185329,-0.000282901,112566
0.000523194,-7.98644e-05,112572
-0.000264119,4.03171e-05,112604
-0.00251017,0.000383172,112613
0.000420894,-6.42484e-05,112614
0.000129936,-1.98345e-05,112620
-1.96708e-05,3.00271e-06,112628
0.000158187,-2.41468e-05,112863
-0.000295022,4.50344e-05,112879
0.000534182,-8.15416e-05,112887
0.0021328,-0.000325567,112893
-0.000322326,4.92023e-05,112894
3.69641e-05,-5.64248e-06,112959
-0.000275413,4.20411e-05,112991
0.000537254,-8.20106e-05,113007
-0.00101462,0.000154879,113015
-0.00409071,0.000624437,113021
0.000618016,-9.43386e-05,113022
0.000433974,-6.62452e-05,113055
-0.000887357,0.000135453,113071
0.00187169,-0.000285708,113079
0.008611,-0.00131445,113085
-0.00129596,0.000197826,113086
-0.0413697,0.00631499,113117
0.0061346,-0.000936432,113118
0.00614172,-0.00093752,113127
0.0412825,-0.00630168,113133
-0.00613434,0.000936393,113134
-0.00749482,0.00114407,113141
0.00129541,-0.000197742,113142
0.000322424,-4.92173e-05,113148
0.196184,-0.029947,113373
-0.0411411,0.00628009,113374
-0.0413787,0.00631635,113383
-0.277443,0.0423511,113389
0.041226,-0.00629305,113390
0.0496414,-0.00757765,113397
-0.00857785,0.00130939,113398
-0.00212641,0.000324592,113404
0.00217699,-0.000332313,113439
-0.00417012,0.000636559,113455
0.00871224,-0.0013299,113463
0.0411338,-0.00627898,113469
-0.00618872,0.000944694,113470
-0.277445,0.0423513,113501
0.0411338,-0.00627898,113502
0.0416808,-0.00636248,113511
0.28052,-0.0428208,113517
-0.0416839,0.00636296,113518
-0.0503459,0.00768519,113525
0.00871224,-0.0013299,113526
0.00217699,-0.000332313,113532
0.0413682,-0.00631475,113565
-0.00611876,0.000934014,113566
-0.00682042,0.00104112,113575
-0.0505541,0.00771696,113581
0.00751098,-0.00114653,113582
0.010617,-0.00162066,113589
-0.00186263,0.000284326,113590
-0.000528356,8.06523e-05,113596
0.00027805,-4.24437e-05,113628
0.00254354,-0.000388266,113637
-0.00042894,6.54766e-05,113638
-0.000142059,2.16849e-05,113644
2.14872e-05,-3.27997e-06,113652
0.00431346,-0.000658439,113886
0.0061538,-0.000939364,113895
0.0412825,-0.00630168,113901
-0.00613423,0.000936376,113902
-0.00737091,0.00112515,113909
0.00127448,-0.000194547,113910
0.000317633,-4.8486e-05,113916
-0.000361599,5.51972e-05,113951
0.000681119,-0.000103971,113967
-0.00141578,0.000216115,113975
-0.00671816,0.00102551,113981
0.00101073,-0.000154286,113982
0.0496542,-0.0075796,114013
-0.0073612,0.00112367,114014
-0.00748192,0.0011421,114023
-0.0504112,0.00769515,114029
0.00749115,-0.00114351,114030
0.00904859,-0.00138125,114037
-0.00156752,0.000239279,114038
-0.000395325,6.03454e-05,114044
-0.00861158,0.00131454,114077
0.00127416,-0.000194497,114078
0.0014259,-0.00021766,114087
0.0106189,-0.00162095,114093
-0.00157891,0.000241017,114094
-0.00226174,0.000345249,114101
0.000399216,-6.09393e-05,114102
0.000119946,-1.83095e-05,114108
-0.000100144,1.52868e-05,114140
-0.000621071,9.48051e-05,114149
0.000112054,-1.71048e-05,114150
6.73125e-05,-1.02751e-05,114156
-1.01405e-05,1.54792e-06,114164
0.000320539,-4.89295e-05,114405
-7.80113e-05,1.19082e-05,114406
-0.000142059,2.1685e-05,114412
2.27476e-05,-3.47237e-06,114420
-0.00213204,0.000325451,114461
0.000316905,-4.83748e-05,114462
0.000346017,-5.28187e-05,114471
0.00251876,-0.000384483,114477
-0.000376762,5.75119e-05,114478
-0.000513299,7.83539e-05,114485
9.44639e-05,-1.44197e-05,114486
4.25343e-05,-6.49276e-06,114492
-0.000136139,2.07812e-05,114524
-0.000160158,2.44477e-05,114533
4.97426e-05,-7.5931e-06,114534
0.000129936,-1.98345e-05,114540
-2.11391e-05,3.22684e-06,114548
2.12412e-05,-3.24243e-06,114588
2.58526e-05,-3.94634e-06,114597
-8.46731e-06,1.29252e-06,114598
-2.44322e-05,3.72952e-06,114604
4.4903e-06,-6.85434e-07,114612
1.09126e-06,-1.66579e-07,114660
-4.14263e-05,6.32362e-06,116543
0.000269508,-4.11398e-05,116575
-0.000295022,4.50344e-05,116591
0.000133573,-2.03896e-05,116599
0.000269508,-4.11398e-05,116605
-4.14263e-05,6.32363e-06,116606
-6.27308e-05,9.57571e-06,116639
0.000100104,-1.52807e-05,116655
-0.000127899,1.95234e-05,116663
-0.000521092,7.95435e-05,116669
7.87174e-05,-1.2016e-05,116670
0.00215875,-0.000329528,116701
-0.000321129,4.90196e-05,116702
-0.000320667,4.89491e-05,116711
-0.00213204,0.000325451,116717
0.000317788,-4.85095e-05,116718
0.000388662,-5.93284e-05,116725
-6.73396e-05,1.02792e-05,116726
-1.66813e-05,2.54637e-06,116732
2.31222e-06,-3.52955e-07,116991
-4.36057e-06,6.65631e-07,117119
9.09358e-06,-1.38811e-06,117183
-4.33225e-05,6.61307e-06,117215
4.60402e-05,-7.02793e-06,117231
-1.86041e-05,2.83987e-06,117239
-3.32182e-05,5.07069e-06,117245
5.1202e-06,-7.81587e-07,117246
-0.000343887,5.24935e-05,117487
0.000143231,-2.18639e-05,117495
0.000246046,-3.75584e-05,117501
-3.81378e-05,5.82165e-06,117502
5.1743e-05,-7.89845e-06,117567
-0.000335832,5.1264e-05,117599
0.000379358,-5.79081e-05,117615
-0.000207734,3.17102e-05,117623
-0.000501194,7.65061e-05,117629
7.67697e-05,-1.17187e-05,117630
9.35171e-05,-1.42752e-05,117663
-0.000158412,2.41813e-05,117679
0.000234364,-3.5775e-05,117687
0.000992615,-0.00015152,117693
-0.000149908,2.28832e-05,117694
-0.00413907,0.00063182,117725
0.000615622,-9.39733e-05,117726
0.000613115,-9.35905e-05,117735
0.00408982,-0.000624302,117741
-0.000609509,9.30402e-05,117742
-0.000745333,0.000113773,117749
0.00012913,-1.97113e-05,117750
3.19918e-05,-4.88348e-06,117756
0.000107203,-1.63642e-05,117999
-0.000119812,1.8289e-05,118007
-0.00041939,6.40189e-05,118013
6.37532e-05,-9.73178e-06,118014
-1.6139e-05,2.46358e-06,118079
0.000114484,-1.74757e-05,118111
-0.000173194,2.64377e-05,118127
0.000231858,-3.53926e-05,118135
0.000861472,-0.000131502,118141
-0.000130742,1.99575e-05,118142
-0.000102064,1.55798e-05,118175
0.00020222,-3.08684e-05,118191
-0.000404897,6.18065e-05,118199
-0.00184092,0.000281012,118205
0.000277875,-4.2417e-05,118206
0.00865086,-0.00132053,118237
-0.0012865,0.000196381,118238
-0.00128268,0.000195798,118247
-0.00861158,0.00131454,118253
0.00128331,-0.000195894,118254
0.00156397,-0.000238737,118261
-0.000271099,4.13827e-05,118262
-6.73396e-05,1.02792e-05,118268
0.00436225,-0.000665887,118503
0.0413682,-0.00631475,118509
-0.00616511,0.000941089,118510
-0.00740375,0.00113017,118517
0.00128331,-0.000195894,118518
0.000317788,-4.85095e-05,118524
-0.000323449,4.93738e-05,118559
0.000617906,-9.4322e-05,118575
-0.00128495,0.000196145,118583
-0.00606145,0.000925267,118589
0.000914649,-0.000139619,118590
0.040841,-0.00623428,118621
-0.00607281,0.000927001,118622
-0.00613423,0.000936376,118631
-0.0412913,0.00630302,118637
0.0061538,-0.000939364,118638
0.0074113,-0.00113132,118645
-0.0012865,0.000196381,118646
-0.000321129,4.90196e-05,118652
-0.00616565,0.000941173,118685
0.000914649,-0.000139619,118686
0.00101587,-0.00015507,118695
0.00752736,-0.00114903,118701
-0.00112166,0.000171219,118702
-0.00157915,0.000241053,118709
0.000277875,-4.2417e-05,118710
7.87174e-05,-1.2016e-05,118716
-0.000376886,5.75308e-05,118757
6.37532e-05,-9.73178e-06,118758
2.12412e-05,-3.24242e-06,118764
-3.22723e-06,4.92629e-07,118772
-0.158501,0.0241948,120669
0.040841,-0.00623428,120670
0.041226,-0.00629305,120679
0.27751,-0.0423613,120685
-0.0413787,0.00631635,120686
-0.0498089,0.00760321,120693
0.00865086,-0.00132053,120694
0.00215875,-0.000329528,120700
-0.00606145,0.000925267,120734
-0.00672855,0.0010271,120743
-0.0498583,0.00761075,120749
0.007433,-0.00113463,120750
0.0104568,-0.0015962,120757
-0.00184092,0.000281012,120758
-0.000521092,7.95435e-05,120764
0.00248408,-0.000379189,120805
-0.00041939,6.40189e-05,120806
-0.000136139,2.07812e-05,120812
2.0771e-05,-3.17065e-06,120820
0.00027805,-4.24438e-05,121071
-0.000528356,8.06523e-05,121079
-0.00212641,0.000324592,121085
0.000322424,-4.92173e-05,121086
-3.41892e-05,5.2189e-06,121151
0.000255661,-3.9026e-05,121183
-0.000515705,7.87212e-05,121199
0.0010055,-0.000153486,121207
0.00407517,-0.000622065,121213
-0.000617736,9.42959e-05,121214
-0.00042894,6.54767e-05,121247
0.000879504,-0.000134254,121263
-0.00186263,0.000284326,121271
-0.00857785,0.00130939,121277
0.00129541,-0.000197742,121278
-0.00613434,0.000936393,121310
-0.00611876,0.000934014,121319
-0.0411411,0.00628009,121325
0.0061346,-0.000936432,121326
0.00746983,-0.00114025,121333
-0.00129596,0.000197826,121334
-0.000322326,4.92023e-05,121340
0.196184,-0.029947,121581
-0.0413697,0.00631499,121582
-0.0496463,0.00757839,121589
0.008611,-0.00131445,121590
0.0021328,-0.000325567,121596
-0.0021754,0.00033207,121631
0.00416774,-0.000636195,121647
-0.00871066,0.00132966,121655
-0.041141,0.00628008,121661
0.00621115,-0.000948117,121662
-0.0412854,0.00630212,121694
-0.0416805,0.00636242,121703
-0.28059,0.0428314,121709
0.0418396,-0.00638672,121710
0.0503636,-0.00768788,121717
-0.00874849,0.00133544,121718
-0.00218524,0.000333571,121724
0.00614172,-0.00093752,121758
0.00682058,-0.00104115,121767
0.0505686,-0.00771917,121773
-0.00753994,0.00115095,121774
-0.0106222,0.00162145,121781
0.00187169,-0.000285708,121782
0.000534182,-8.15416e-05,121788
-0.00254691,0.000388779,121829
0.000433974,-6.62452e-05,121830
0.000158187,-2.41468e-05,121836
-2.42208e-05,3.69724e-06,121844
0.00436225,-0.000665887,122094
0.00738746,-0.00112768,122101
-0.00128268,0.000195798,122102
-0.000320667,4.89491e-05,122108
0.000362305,-5.5305e-05,122143
-0.000682434,0.000104172,122159
0.00141892,-0.000216595,122167
0.00673575,-0.0010282,122173
-0.00101696,0.000155236,122174
0.00741022,-0.00113115,122206
0.00750355,-0.0011454,122215
0.0505711,-0.00771957,122221
-0.00754202,0.00115127,122222
-0.00907904,0.00138589,122229
0.0015798,-0.000241153,122230
0.000400895,-6.11957e-05,122236
-0.00128495,0.000196145,122270
-0.00143211,0.000218609,122279
-0.010669,0.0016286,122285
0.00159301,-0.000243169,122286
0.00227435,-0.000347174,122293
-0.000404897,6.18065e-05,122294
-0.000127899,1.95234e-05,122300
0.000629022,-9.60188e-05,122341
-0.000119812,1.8289e-05,122342
-0.000100144,1.52868e-05,122348
1.56092e-05,-2.3827e-06,122356
-4.5085e-05,6.88213e-06,122612
-0.000323449,4.93738e-05,122654
-0.00035037,5.34831e-05,122663
-0.00255404,0.000389868,122669
0.000386168,-5.89476e-05,122670
0.000524739,-8.01001e-05,122677
-0.000102064,1.55798e-05,122678
-6.27308e-05,9.57571e-06,122684
0.000181161,-2.76539e-05,122725
-7.80113e-05,1.19082e-05,122726
-0.000264119,4.03172e-05,122732
4.32373e-05,-6.60008e-06,122740
-2.90891e-05,4.44038e-06,122789
1.31093e-05,-2.0011e-06,122790
4.89457e-05,-7.47145e-06,122796
-9.19195e-06,1.40313e-06,122804
-2.22962e-06,3.40347e-07,122852
0.000518366,-7.91273e-05,124830
0.000998944,-0.000152487,124839
0.00740217,-0.00112992,124845
-0.00110169,0.000168171,124846
-0.00155379,0.000237183,124853
0.000274442,-4.1893e-05,124854
8.28744e-05,-1.26506e-05,124860
-0.000372052,5.67929e-05,124901
6.67072e-05,-1.01827e-05,124902
4.25343e-05,-6.49276e-06,124908
-6.84422e-06,1.04476e-06,124916
8.70267e-05,-1.32844e-05,125175
0.000353385,-5.39434e-05,125181
-5.34465e-05,8.15848e-06,125182
5.3588e-06,-8.18008e-07,125247
-4.10094e-05,6.25999e-06,125279
8.31659e-05,-1.26951e-05,125295
-0.000163407,2.49437e-05,125303
-0.000665791,0.000101631,125309
0.000100677,-1.53682e-05,125310
6.97166e-05,-1.06421e-05,125343
-0.000142823,2.18017e-05,125359
0.000302511,-4.61775e-05,125367
0.00139379,-0.000212758,125373
-0.000210011,3.20576e-05,125374
0.000999209,-0.000152527,125415
0.00671826,-0.00102553,125421
-0.000999559,0.00015258,125422
-0.0012198,0.000186199,125429
0.000211289,-3.22527e-05,125430
5.29559e-05,-8.08359e-06,125436
0.00628146,-0.00095885,125685
-0.00153857,0.000234859,125686
-0.000383746,5.85779e-05,125692
0.000390689,-5.96377e-05,125727
-0.000748256,0.00011422,125743
0.00156351,-0.000238666,125751
0.0073839,-0.00112714,125757
-0.00111248,0.000169818,125758
0.00749025,-0.00114337,125799
0.0504158,-0.00769586,125805
-0.00750275,0.00114528,125806
-0.00904999,0.00138146,125813
0.00157071,-0.000239766,125814
0.000397742,-6.07144e-05,125820
-0.00122563,0.00018709,125863
-0.00908784,0.00138724,125869
0.0013538,-0.000206654,125870
0.00191173,-0.000291822,125877
-0.000339298,5.17931e-05,125878
-0.000107335,1.63844e-05,125884
0.000464695,-7.09347e-05,125925
-8.74299e-05,1.3346e-05,125926
-7.47169e-05,1.14054e-05,125932
1.21313e-05,-1.85182e-06,125940
0.000189664,-2.89518e-05,126198
7.14621e-05,-1.09085e-05,126204
-7.58424e-05,1.15772e-05,126239
0.000142699,-2.17827e-05,126255
-0.000296556,4.52686e-05,126263
-0.00140809,0.000214941,126269
0.000212332,-3.2412e-05,126270
-0.00157595,0.000240565,126311
-0.0106217,0.00162138,126317
0.00158307,-0.000241652,126318
0.00190917,-0.00029143,126325
-0.000334763,5.11009e-05,126326
-9.40254e-05,1.43528e-05,126332
0.000304898,-4.6542e-05,126375
0.0022737,-0.000347075,126381
-0.000341934,5.21955e-05,126382
-0.000488947,7.46366e-05,126389
9.26096e-05,-1.41366e-05,126390
4.84097e-05,-7.38963e-06,126396
-0.000147333,2.249e-05,126437
4.56492e-05,-6.96825e-06,126438
0.000119946,-1.83095e-05,126444
-1.9835e-05,3.02777e-06,126452
8.48682e-05,-1.29549e-05,126759
0.000627189,-9.5739e-05,126765
-0.000104099,1.58904e-05,126766
-0.000141744,2.16369e-05,126773
4.49225e-05,-6.85732e-06,126774
8.28744e-05,-1.26506e-05,126780
-0.000103708,1.58309e-05,126821
0.000112054,-1.71048e-05,126822
0.000523194,-7.98644e-05,126828
-8.64783e-05,1.32007e-05,126836
1.62272e-05,-2.47704e-06,126885
-1.84163e-05,2.81121e-06,126886
-9.54186e-05,1.45654e-05,126892
1.83532e-05,-2.80158e-06,126900
4.45072e-06,-6.79392e-07,126948
-1.82882e-05,2.79164e-06,128996
2.3148e-05,-3.53348e-06,129276
3.4611e-05,-5.2833e-06,129327
-7.20778e-05,1.10025e-05,129335
-0.000341736,5.21653e-05,129341
5.18975e-05,-7.92204e-06,129342
-0.000373972,5.70859e-05,129383
-0.00252107,0.000384835,129389
0.000381117,-5.81766e-05,129390
0.000457607,-6.98526e-05,129397
-8.88708e-05,1.35659e-05,129398
-5.10202e-05,7.78811e-06,129404
6.92567e-05,-1.05719e-05,129447
0.00051863,-7.91677e-05,129453
-8.64243e-05,1.31925e-05,129454
-0.000119333,1.8216e-05,129461
3.83292e-05,-5.85086e-06,129462
7.14621e-05,-1.09085e-05,129468
-6.28482e-05,9.59363e-06,129509
6.67072e-05,-1.01827e-05,129510
0.000317633,-4.8486e-05,129516
-5.3517e-05,8.16924e-06,129524
2.14832e-05,-3.27936e-06,129831
0.000174405,-2.66225e-05,129837
-6.86557e-05,1.04801e-05,129838
-7.94959e-05,1.21349e-05,129845
9.44639e-05,-1.44197e-05,129846
0.000316905,-4.83748e-05,129852
-0.000239143,3.65046e-05,129893
0.000420894,-6.42484e-05,129894
0.00214964,-0.000328138,129900
-0.000358252,5.46863e-05,129908
3.87022e-05,-5.9078e-06,129957
-6.85977e-05,1.04713e-05,129958
-0.000387138,5.90957e-05,129964
7.5322e-05,-1.14977e-05,129972
1.83109e-05,-2.79511e-06,130020
-3.35443e-06,5.12048e-07,130343
-2.82708e-05,4.31547e-06,130349
1.12986e-05,-1.72471e-06,130350
1.34777e-05,-2.05734e-06,130357
-1.57041e-05,2.3972e-06,130358
-5.27356e-05,8.04996e-06,130364
4.46576e-05,-6.81688e-06,130405
-7.71606e-05,1.17784e-05,130406
-0.000393432,6.00565e-05,130412
6.55464e-05,-1.00055e-05,130420
-8.23852e-06,1.25759e-06,130469
1.46065e-05,-2.22965e-06,130470
8.2773e-05,-1.26351e-05,130476
-1.63222e-05,2.49155e-06,130484
-4.52023e-06,6.90004e-07,130532
-2.00529e-06,3.06105e-07,130853
3.54895e-06,-5.4174e-07,130854
1.96499e-05,-2.99951e-06,130860
-3.70965e-06,5.66271e-07,130868
-1.14749e-06,1.75162e-07,130916
1.8027e-07,-2.7518e-08,130980
2.65071e-07,-4.04634e-08,150015
4.16154e-06,-6.3525e-07,150399
-8.39941e-06,1.28215e-06,150463
-3.46552e-05,5.29003e-06,150511
8.53855e-06,-1.30339e-06,150519
2.16257e-06,-3.30111e-07,150525
-3.37103e-07,5.14589e-08,150526
-7.29164e-06,1.11305e-06,150911
1.56062e-05,-2.38226e-06,150975
7.26716e-05,-1.10931e-05,151023
-1.78355e-05,2.72255e-06,151031
-4.49109e-06,6.85554e-07,151037
6.95989e-07,-1.06242e-07,151038
5.16979e-05,-7.89157e-06,151359
0.000350171,-5.34527e-05,151407
-8.57105e-05,1.30835e-05,151415
-2.3923e-05,3.65179e-06,151421
3.71922e-06,-5.67732e-07,151422
-6.47166e-05,9.87883e-06,151471
2.01494e-05,-3.07576e-06,151479
1.31579e-05,-2.00853e-06,151485
-1.9993e-06,3.0519e-07,151486
8.60206e-06,-1.31308e-06,151527
3.22074e-05,-4.91638e-06,151533
-5.09502e-06,7.77743e-07,151534
-5.98299e-06,9.1329e-07,151541
1.07815e-06,-1.64576e-07,151542
-3.76475e-05,5.7468e-06,153983
7.92472e-05,-1.20969e-05,154047
0.000378475,-5.77733e-05,154095
-9.44076e-05,1.44111e-05,154103
-2.74183e-05,4.18534e-06,154109
4.41762e-06,-6.74341e-07,154110
0.000381246,-5.81964e-05,154431
0.00258763,-0.000394996,154479
-0.000646184,9.86384e-05,154487
-0.000213447,3.25822e-05,154493
3.44714e-05,-5.26197e-06,154494
-0.00047909,7.3132e-05,154543
0.0001635,-2.4958e-05,154551
0.000166766,-2.54564e-05,154557
-2.65916e-05,4.05915e-06,154558
0.000101504,-1.54944e-05,154599
0.000495691,-7.5666e-05,154605
-8.03949e-05,1.22721e-05,154606
-9.15299e-05,1.39718e-05,154613
1.7102e-05,-2.61059e-06,154614
-6.31779e-05,9.64396e-06,154943
-0.000477241,7.28498e-05,154991
0.000138404,-2.11271e-05,154999
0.000126873,-1.93668e-05,155005
-2.08634e-05,3.18475e-06,155006
0.000120062,-1.83271e-05,155055
-7.5456e-05,1.15182e-05,155063
-0.000223872,3.41736e-05,155069
3.67476e-05,-5.60944e-06,155070
-0.000153869,2.34877e-05,155111
-0.000997203,0.000152221,155117
0.000162524,-2.4809e-05,155118
0.000181775,-2.77475e-05,155125
-3.44671e-05,5.26133e-06,155126
5.92681e-05,-9.04713e-06,155439
-0.000133279,2.03447e-05,155447
-0.00060776,9.27732e-05,155453
0.000100718,-1.53744e-05,155454
-0.000606688,9.26094e-05,155495
-0.00411993,0.000628898,155501
0.0006749,-0.000103022,155502
0.000741741,-0.000113225,155509
-0.000141735,2.16355e-05,155510
0.000100914,-1.54044e-05,155559
0.000753841,-0.000115072,155565
-0.000123459,1.88457e-05,155566
-0.000158554,2.42029e-05,155573
3.07061e-05,-4.68721e-06,155574
6.98134e-06,-1.06569e-06,155622
-1.46071e-05,2.22974e-06,158143
-7.0651e-05,1.07847e-05,158191
1.92924e-05,-2.94494e-06,158199
1.13952e-05,-1.73944e-06,158205
-1.91706e-06,2.92636e-07,158206
-7.86041e-05,1.19987e-05,158527
-0.000539611,8.23704e-05,158575
0.000158115,-2.41359e-05,158583
0.000136296,-2.08052e-05,158589
-2.28273e-05,3.48454e-06,158590
0.00011657,-1.77942e-05,158639
-7.45096e-05,1.13737e-05,158647
-0.000221404,3.37968e-05,158653
3.64103e-05,-5.55795e-06,158654
-0.00013344,2.03693e-05,158695
-0.000865642,0.000132138,158701
0.000140934,-2.15132e-05,158702
0.000158457,-2.41882e-05,158709
-2.99896e-05,4.57784e-06,158710
1.65024e-05,-2.51906e-06,159039
0.000134723,-2.05652e-05,159087
-7.3692e-05,1.12489e-05,159095
-0.000191557,2.92407e-05,159101
3.17622e-05,-4.84843e-06,159102
-6.3888e-05,9.75235e-06,159151
9.26096e-05,-1.41366e-05,159159
0.000399216,-6.09393e-05,159165
-6.57752e-05,1.00404e-05,159166
0.000274442,-4.1893e-05,159207
0.00185329,-0.000282901,159213
-0.000301721,4.6057e-05,159214
-0.000337588,5.1532e-05,159221
6.39924e-05,-9.76829e-06,159222
0.000189664,-2.89518e-05,159543
0.00127448,-0.000194547,159549
-0.000210123,3.20748e-05,159550
0.00127416,-0.000194497,159591
0.00867347,-0.00132399,159597
-0.00141298,0.000215688,159598
-0.00156132,0.000238332,159605
0.000296593,-4.52743e-05,159606
-0.000211143,3.22305e-05,159655
-0.00158167,0.000241438,159661
0.000257645,-3.93289e-05,159662
0.000332792,-5.07999e-05,159669
-6.40754e-05,9.78096e-06,159670
0.000518366,-7.91273e-05,162279
0.00610687,-0.000932199,162285
-0.000999706,0.000152603,162286
-0.00111214,0.000169765,162293
0.000212102,-3.23769e-05,162294
0.00431346,-0.000658439,162621
-0.00101076,0.00015429,162622
0.0416049,-0.00635089,162669
-0.00681192,0.00103982,162670
-0.00749032,0.00114338,162677
0.00143053,-0.000218367,162678
-0.00749858,0.00114464,162733
0.00122777,-0.000187416,162734
0.00158018,-0.00024121,162741
-0.000306103,4.67259e-05,162742
0.000118426,-1.80775e-05,163134
-0.00758518,0.00115786,163181
0.00124206,-0.000189598,163182
0.00136588,-0.000208499,163189
-0.000261236,3.98771e-05,163190
0.00159849,-0.000244006,163245
-0.000262037,3.99993e-05,163246
-0.000341813,5.2177e-05,163253
6.67684e-05,-1.0192e-05,163254
0.11585,-0.0176843,187245
-0.0511474,0.00780753,187246
0.0107933,-0.00164757,187254
0.00922198,-0.00140771,187310
-0.00231347,0.000353146,187318
0.00652048,-0.000995337,187758
-0.00195086,0.000297794,187766
-0.00195031,0.000297711,187822
0.000503554,-7.68664e-05,187830
-0.000962045,0.000146854,191406
0.000424518,-6.48017e-05,191414
0.000296381,-4.52418e-05,191862
-0.00012104,1.84764e-05,191926
2.24701e-05,-3.43e-06,224694
