! m= 0 ; q= ( 0 0 0  ) 
[ 
energy=  -5.14439 
energy=  -5.04852 
energy=  -4.71102 
energy=  -4.57969 
energy=  -4.47629 
energy=  -4.41858 
energy=  -4.37078 
energy=  -4.26211 
energy=  -4.14345 
energy=  -4.04791 
energy=  -3.90595 
energy=  -3.78454 
energy=  -3.61704 
energy=  -3.48406 
energy=  -3.32069 
energy=  -3.13835 
energy=   -2.9652 
energy=  -2.77535 
energy=  -2.58725 
energy=  -2.37778 
energy=  -2.18394 
energy=  -1.97477 
energy=  -1.76528 
energy=   -1.5533 
energy=  -1.33749 
energy=  -1.12544 
energy= -0.902157 
energy= -0.680348 
energy= -0.458641 
energy= -0.243141 
energy= -0.0223182 
energy=  0.193343 
energy=  0.406048 
energy=  0.616197 
energy=  0.830558 
energy=   1.03359 
energy=   1.23065 
energy=   1.42722 
energy=   1.61763 
energy=   1.80183 
energy=   1.98242 
energy=   2.14742 
energy=   2.31535 
energy=   2.47414 
energy=   2.61605 
energy=   2.75471 
energy=   2.89206 
energy=   2.99625 
energy=   3.08953 
energy=   3.18805 
energy=   3.27094 
energy=   3.32746 
energy=   3.37777 
energy=   3.41672 
energy=   3.57291 
energy=    3.7455 
] 
! m= 0 ; q= ( 0 0 1  ) 
[ 
energy=  -4.92569 
energy=  -4.83992 
energy=  -4.58892 
energy=  -4.53162 
energy=  -4.49736 
energy=  -4.38696 
energy=  -4.29305 
energy=  -4.25448 
energy=   -4.1716 
energy=  -4.07285 
energy=  -3.96971 
energy=  -3.84129 
energy=   -3.7288 
energy=  -3.61947 
energy=  -3.46496 
energy=  -3.33147 
energy=  -3.16327 
energy=  -3.01648 
energy=  -2.85044 
energy=  -2.68363 
energy=  -2.51225 
energy=  -2.32245 
energy=  -2.14145 
energy=  -1.96373 
energy=  -1.77221 
energy=  -1.57975 
energy=  -1.38223 
energy=  -1.19208 
energy= -0.996133 
energy= -0.794564 
energy= -0.597482 
energy= -0.394683 
energy=   -0.1991 
energy= 0.00255293 
energy=  0.198526 
energy=  0.394585 
energy=  0.588385 
energy=  0.778696 
energy=  0.965341 
energy=   1.15281 
energy=   1.33454 
energy=   1.50612 
energy=   1.69042 
energy=   1.84147 
energy=    1.9967 
energy=   2.15609 
energy=    2.2984 
energy=   2.41851 
energy=   2.55911 
energy=    2.6992 
energy=   2.76742 
energy=   2.88423 
energy=    3.0186 
energy=   3.08486 
energy=    3.1695 
energy=   3.23769 
energy=   3.28734 
energy=   3.37047 
energy=   3.40236 
energy=   3.44609 
energy=   3.48755 
energy=   3.66677 
] 
! m= 0 ; q= ( 0 0 2  ) 
[ 
energy=  -4.98897 
energy=  -4.72729 
energy=  -4.59091 
energy=  -4.56645 
energy=  -4.48971 
energy=  -4.38926 
energy=  -4.26383 
energy=  -4.19678 
energy=  -4.10311 
energy=  -4.02434 
energy=  -3.91539 
energy=  -3.79044 
energy=  -3.64037 
energy=  -3.51453 
energy=  -3.35814 
energy=  -3.19056 
energy=  -3.03972 
energy=  -2.85803 
energy=  -2.67617 
energy=   -2.4993 
energy=   -2.3124 
energy=  -2.12046 
energy=  -1.91899 
energy=  -1.72132 
energy=   -1.5222 
energy=  -1.31353 
energy=  -1.11075 
energy= -0.898788 
energy= -0.688703 
energy=  -0.47746 
energy= -0.272228 
energy= -0.0611945 
energy=  0.145351 
energy=  0.350555 
energy=  0.559526 
energy=  0.758429 
energy=  0.959689 
energy=   1.15041 
energy=   1.34225 
energy=   1.52281 
energy=   1.72831 
energy=    1.8794 
energy=   2.03816 
energy=   2.20248 
energy=   2.35427 
energy=   2.48926 
energy=   2.64279 
energy=   2.76792 
energy=    2.8557 
energy=   2.98375 
energy=   3.06412 
energy=   3.17148 
energy=   3.26324 
energy=   3.33002 
energy=   3.35934 
energy=   3.40568 
energy=   3.48628 
energy=   3.49927 
energy=   3.59703 
] 
! m= 0 ; q= ( 0 0 3  ) 
[ 
energy=  -5.27503 
energy=   -4.8227 
energy=  -4.65411 
energy=   -4.5913 
energy=  -4.53717 
energy=  -4.45878 
energy=  -4.36593 
energy=  -4.23949 
energy=  -4.11838 
energy=  -3.97223 
energy=  -3.80131 
energy=  -3.63301 
energy=  -3.46133 
energy=  -3.27366 
energy=  -3.07509 
energy=  -2.87807 
energy=  -2.65353 
energy=  -2.44715 
energy=  -2.21758 
energy=  -1.98054 
energy=  -1.74864 
energy=  -1.50695 
energy=  -1.26456 
energy=  -1.01978 
energy= -0.772434 
energy= -0.528742 
energy= -0.285291 
energy= -0.033398 
energy=  0.206408 
energy=  0.448046 
energy=  0.694983 
energy=  0.919335 
energy=   1.14672 
energy=   1.37359 
energy=    1.5869 
energy=   1.80649 
energy=   1.98521 
energy=   2.17519 
energy=   2.35542 
energy=   2.53431 
energy=   2.69685 
energy=   2.83484 
energy=   2.96123 
energy=   3.09452 
energy=   3.15817 
energy=   3.28114 
energy=   3.40231 
energy=   3.42221 
energy=   3.44864 
energy=   3.50063 
energy=    3.5366 
] 
! m= 0 ; q= ( 0 0 4  ) 
[ 
energy=  -4.98897 
energy=  -4.72729 
energy=  -4.59088 
energy=  -4.56641 
energy=  -4.48968 
energy=  -4.38887 
energy=  -4.25803 
energy=  -4.19896 
energy=  -4.08633 
energy=  -3.98354 
energy=  -3.84017 
energy=  -3.70645 
energy=  -3.57726 
energy=  -3.40173 
energy=  -3.24282 
energy=  -3.07585 
energy=  -2.88235 
energy=  -2.69238 
energy=  -2.50687 
energy=  -2.30407 
energy=  -2.09932 
energy=  -1.88914 
energy=  -1.68105 
energy=  -1.47276 
energy=  -1.25529 
energy=  -1.03358 
energy= -0.813869 
energy= -0.592796 
energy= -0.370319 
energy= -0.148672 
energy= 0.0694969 
energy=  0.293514 
energy=  0.502423 
energy=  0.721609 
energy=  0.935075 
energy=   1.13164 
energy=   1.33744 
energy=   1.53094 
energy=   1.74829 
energy=   1.90867 
energy=   2.07517 
energy=   2.24843 
energy=   2.39113 
energy=   2.55054 
energy=   2.70897 
energy=   2.82674 
energy=   2.92311 
energy=   3.03898 
energy=    3.1254 
energy=   3.24847 
energy=   3.29057 
energy=   3.33166 
energy=   3.40553 
energy=   3.48606 
energy=   3.49927 
energy=   3.59703 
] 
! m= 0 ; q= ( 0 0 5  ) 
[ 
energy=  -4.92569 
energy=  -4.83992 
energy=  -4.58892 
energy=  -4.53162 
energy=  -4.49736 
energy=  -4.38712 
energy=    -4.279 
energy=  -4.23687 
energy=  -4.15835 
energy=  -4.07017 
energy=  -3.97193 
energy=  -3.85301 
energy=  -3.74706 
energy=  -3.61677 
energy=  -3.47677 
energy=  -3.35132 
energy=  -3.18919 
energy=  -3.05434 
energy=  -2.89084 
energy=  -2.72792 
energy=  -2.55269 
energy=  -2.38021 
energy=  -2.20573 
energy=   -2.0214 
energy=  -1.84139 
energy=  -1.65439 
energy=  -1.46823 
energy=  -1.26902 
energy=  -1.07517 
energy= -0.882384 
energy=  -0.68233 
energy=  -0.48752 
energy= -0.293411 
energy= -0.0970763 
energy= 0.0987963 
energy=  0.287697 
energy=  0.481362 
energy=   0.66994 
energy=  0.852487 
energy=   1.04559 
energy=   1.22523 
energy=    1.3976 
energy=   1.57363 
energy=   1.75926 
energy=   1.89688 
energy=   2.05767 
energy=   2.20739 
energy=   2.35392 
energy=   2.47277 
energy=   2.58835 
energy=   2.73928 
energy=   2.81993 
energy=   2.89601 
energy=   3.03224 
energy=   3.13466 
energy=   3.17188 
energy=    3.2443 
energy=   3.28793 
energy=   3.36986 
energy=   3.40237 
energy=    3.4459 
energy=   3.48755 
energy=   3.66677 
] 
q-vector: ( 0, 0, 0, 3)
Groundstate 
9.39117e-12,-7.39414e-12,511
-1.54581e-10,1.25435e-10,767
2.69518e-10,-2.19188e-10,895
-3.87026e-10,3.12758e-10,959
1.65058e-09,-1.33976e-09,991
-1.64898e-09,1.33712e-09,1007
3.90536e-10,-3.17426e-10,1015
-2.65763e-10,2.14082e-10,1019
1.60021e-10,-1.30227e-10,1021
-3.6923e-12,2.19603e-12,1022
2.22973e-09,-1.81011e-09,1279
-3.8665e-09,3.13607e-09,1407
5.96027e-09,-4.83546e-09,1471
-2.75084e-08,2.23204e-08,1503
2.77645e-08,-2.25292e-08,1519
-6.70881e-09,5.44423e-09,1527
4.84406e-09,-3.93157e-09,1531
-2.87253e-09,2.33075e-09,1533
1.60127e-10,-1.29594e-10,1534
4.18114e-09,-3.39192e-09,1663
-6.42534e-08,5.21353e-08,1727
3.80958e-07,-3.09117e-07,1759
-3.89053e-07,3.15684e-07,1775
9.57248e-08,-7.76741e-08,1783
-6.60093e-08,5.35608e-08,1787
3.86078e-08,-3.13281e-08,1789
-2.22569e-09,1.80478e-09,1790
6.72099e-08,-5.45352e-08,1855
-5.09796e-07,4.13658e-07,1887
5.40791e-07,-4.38808e-07,1903
-1.45747e-07,1.18262e-07,1911
1.05414e-07,-8.55349e-08,1915
-6.20287e-08,5.03319e-08,1917
3.58231e-09,-2.90715e-09,1918
1.86656e-07,-1.51456e-07,1951
-2.67201e-07,2.16811e-07,1967
1.21233e-07,-9.83704e-08,1975
-1.1759e-07,9.54152e-08,1979
7.23145e-08,-5.86773e-08,1981
-3.93511e-09,3.19309e-09,1982
5.28955e-08,-4.29209e-08,1999
-2.01e-07,1.63095e-07,2007
3.12616e-07,-2.53661e-07,2011
-2.06748e-07,1.67758e-07,2013
1.02764e-08,-8.33928e-09,2014
1.30333e-07,-1.05755e-07,2023
-2.6944e-07,2.18628e-07,2027
1.84317e-07,-1.49558e-07,2029
-8.75418e-09,7.10336e-09,2030
3.00396e-08,-2.43753e-08,2035
-2.55049e-08,2.06952e-08,2037
1.24782e-09,-1.01254e-09,2038
1.24711e-09,-1.01173e-09,2041
-8.43469e-10,6.83661e-10,2042
5.19879e-10,-4.22092e-10,2044
-3.57895e-09,2.90325e-09,2303
6.10473e-09,-4.95335e-09,2431
-9.57752e-09,7.77123e-09,2495
4.60472e-08,-3.73636e-08,2527
-4.68187e-08,3.7989e-08,2543
1.14242e-08,-9.27075e-09,2551
-8.18182e-09,6.63849e-09,2555
4.84332e-09,-3.93007e-09,2557
-2.6347e-10,2.14023e-10,2558
-7.46189e-09,6.0544e-09,2687
1.158e-07,-9.39623e-08,2751
-6.83118e-07,5.54294e-07,2783
6.95087e-07,-5.64006e-07,2799
-1.68145e-07,1.36436e-07,2807
1.14674e-07,-9.3049e-08,2811
-6.69664e-08,5.43377e-08,2813
3.8719e-09,-3.14144e-09,2814
-1.20005e-07,9.7374e-08,2879
9.00721e-07,-7.30862e-07,2911
-9.50651e-07,7.71375e-07,2927
2.51317e-07,-2.03923e-07,2935
-1.79988e-07,1.46046e-07,2939
1.05803e-07,-8.58507e-08,2941
-6.09892e-09,4.94835e-09,2942
-3.16927e-07,2.5716e-07,2975
4.51002e-07,-3.65951e-07,2991
-2.01095e-07,1.63172e-07,2999
1.9387e-07,-1.5731e-07,3003
-1.19159e-07,9.66881e-08,3005
6.48799e-09,-5.26436e-09,3006
-8.72435e-08,7.0791e-08,3023
3.27656e-07,-2.65867e-07,3031
-5.08213e-07,4.12373e-07,3035
3.36137e-07,-2.72748e-07,3037
-1.67095e-08,1.35585e-08,3038
-2.12151e-07,1.72143e-07,3047
4.37648e-07,-3.55115e-07,3051
-2.99455e-07,2.42983e-07,3053
1.42378e-08,-1.15521e-08,3054
-4.88817e-08,3.96631e-08,3059
4.15174e-08,-3.36877e-08,3061
-2.02877e-09,1.64591e-09,3062
-2.03028e-09,1.64747e-09,3065
1.3758e-09,-1.11733e-09,3066
-8.43847e-10,6.8423e-10,3068
4.34758e-09,-3.52787e-09,3199
-8.54079e-08,6.93014e-08,3263
5.99981e-07,-4.86837e-07,3295
-6.32882e-07,5.13532e-07,3311
1.69923e-07,-1.37879e-07,3319
-1.22549e-07,9.94383e-08,3323
7.21183e-08,-5.85177e-08,3325
-4.17873e-09,3.3906e-09,3326
1.10532e-07,-8.9687e-08,3391
-9.59049e-07,7.78191e-07,3423
1.04052e-06,-8.44296e-07,3439
-2.95705e-07,2.39941e-07,3447
2.18828e-07,-1.77562e-07,3451
-1.29165e-07,1.04807e-07,3453
7.46535e-09,-6.05803e-09,3454
4.21148e-07,-3.41728e-07,3487
-6.09395e-07,4.94474e-07,3503
2.80447e-07,-2.27559e-07,3511
-2.71385e-07,2.20207e-07,3515
1.66741e-07,-1.35298e-07,3517
-9.05658e-09,7.3479e-09,3518
1.29699e-07,-1.0524e-07,3535
-4.94288e-07,4.01076e-07,3543
7.61198e-07,-6.1765e-07,3547
-5.02108e-07,4.07421e-07,3549
2.48856e-08,-2.01932e-08,3550
3.20871e-07,-2.60362e-07,3559
-6.56133e-07,5.32397e-07,3563
4.47573e-07,-3.63169e-07,3565
-2.11957e-08,1.71975e-08,3566
7.24237e-08,-5.87644e-08,3571
-6.13671e-08,4.97938e-08,3573
2.9848e-09,-2.42185e-09,3574
2.99737e-09,-2.43164e-09,3577
-2.02868e-09,1.64553e-09,3578
1.2468e-09,-1.01302e-09,3580
-2.58022e-08,2.09359e-08,3647
3.16677e-07,-2.56958e-07,3679
-3.84601e-07,3.12072e-07,3695
1.47121e-07,-1.19376e-07,3703
-1.26887e-07,1.02958e-07,3707
7.67701e-08,-6.22929e-08,3709
-4.34717e-09,3.52641e-09,3710
-1.12328e-06,9.11449e-07,3743
1.77848e-06,-1.4431e-06,3759
-1.0856e-06,8.80879e-07,3767
1.21937e-06,-9.89419e-07,3771
-7.70736e-07,6.2539e-07,3773
4.14234e-08,-3.36117e-08,3774
-6.02068e-07,4.88529e-07,3791
2.90614e-06,-2.3581e-06,3799
-4.96298e-06,4.02706e-06,3803
3.33355e-06,-2.70491e-06,3805
-1.65871e-07,1.34592e-07,3806
-1.97691e-06,1.60411e-06,3815
4.4401e-06,-3.60278e-06,3819
-3.07521e-06,2.49529e-06,3821
1.47059e-07,-1.19327e-07,3822
-4.88813e-07,3.96632e-07,3827
4.21763e-07,-3.42226e-07,3829
-2.1195e-08,1.71981e-08,3830
-2.11386e-08,1.71524e-08,3833
1.42378e-08,-1.15531e-08,3834
-8.75429e-09,7.10371e-09,3836
7.80882e-07,-6.33622e-07,3871
-1.26653e-06,1.02768e-06,3887
8.56035e-07,-6.94603e-07,3895
-1.02036e-06,8.27943e-07,3899
6.52947e-07,-5.29814e-07,3901
-3.49104e-08,2.8327e-08,3902
5.69423e-07,-4.62041e-07,3919
-3.018e-06,2.44886e-06,3927
5.38546e-06,-4.36987e-06,3931
-3.64807e-06,2.96011e-06,3933
1.81745e-07,-1.47471e-07,3934
2.10966e-06,-1.71182e-06,3943
-4.94553e-06,4.0129e-06,3947
3.45279e-06,-2.80166e-06,3949
-1.6587e-07,1.3459e-07,3950
5.5477e-07,-4.50152e-07,3955
-4.84336e-07,3.92999e-07,3957
2.48871e-08,-2.01935e-08,3958
2.50124e-08,-2.02968e-08,3961
-1.67087e-08,1.35577e-08,3962
1.02785e-08,-8.34004e-09,3964
-5.90305e-08,4.78979e-08,3983
4.42021e-07,-3.58664e-07,3991
-1.00103e-06,8.12256e-07,3995
7.04467e-07,-5.71619e-07,3997
-3.49118e-08,2.83278e-08,3998
-3.9046e-07,3.16827e-07,4007
1.17319e-06,-9.51951e-07,4011
-8.51485e-07,6.90912e-07,4013
4.14229e-08,-3.361e-08,4014
-1.72452e-07,1.39931e-07,4019
1.58935e-07,-1.28963e-07,4021
-9.05797e-09,7.35035e-09,4022
-1.00831e-08,8.18255e-09,4025
6.48804e-09,-5.26461e-09,4026
-3.93485e-09,3.1921e-09,4028
2.57986e-08,-2.09342e-08,4039
-1.10531e-07,8.96866e-08,4043
8.54068e-08,-6.93004e-08,4045
-4.3482e-09,3.52857e-09,4046
1.20004e-07,-9.73742e-08,4051
-1.15801e-07,9.39625e-08,4053
7.4637e-09,-6.05585e-09,4054
9.57823e-09,-7.77145e-09,4057
-6.10136e-09,4.95067e-09,4058
3.57992e-09,-2.9054e-09,4060
-6.72094e-08,5.45361e-08,4067
6.42519e-08,-5.2135e-08,4069
-4.17985e-09,3.39205e-09,4070
-5.95974e-09,4.83615e-09,4073
3.87008e-09,-3.14048e-09,4074
-2.22765e-09,1.80915e-09,4076
3.88394e-10,-3.15434e-10,4081
-2.66354e-10,2.16315e-10,4082
1.57906e-10,-1.2856e-10,4084
3.93827e-09,-3.19623e-09,4351
-6.4844e-09,5.26079e-09,4479
1.00873e-08,-8.18541e-09,4543
-5.58726e-08,4.53346e-08,4575
5.90622e-08,-4.79234e-08,4591
-1.58407e-08,1.28528e-08,4599
1.14259e-08,-9.27179e-09,4603
-6.70825e-09,5.44179e-09,4605
3.92122e-10,-3.18633e-10,4606
9.05761e-09,-7.34957e-09,4735
-1.58935e-07,1.28962e-07,4799
9.96558e-07,-8.08626e-07,4831
-1.02943e-06,8.35296e-07,4847
2.57467e-07,-2.08914e-07,4855
-1.71484e-07,1.39145e-07,4859
9.8943e-08,-8.02847e-08,4861
-5.95834e-09,4.83414e-09,4862
1.72453e-07,-1.39931e-07,4927
-1.356e-06,1.10029e-06,4959
1.44879e-06,-1.17557e-06,4975
-3.93024e-07,3.18907e-07,4983
2.76294e-07,-2.2419e-07,4987
-1.6092e-07,1.30573e-07,4989
9.579e-09,-7.7735e-09,4990
4.91551e-07,-3.98855e-07,5023
-7.02613e-07,5.70113e-07,5039
3.13976e-07,-2.54765e-07,5047
-2.992e-07,2.42776e-07,5051
1.83156e-07,-1.48616e-07,5053
-1.00843e-08,8.18234e-09,5054
1.34366e-07,-1.09027e-07,5071
-4.95614e-07,4.0215e-07,5079
7.59275e-07,-6.16091e-07,5083
-5.00924e-07,4.06459e-07,5085
2.50119e-08,-2.02957e-08,5086
3.18595e-07,-2.58513e-07,5095
-6.49418e-07,5.2695e-07,5099
4.43438e-07,-3.59814e-07,5101
-2.11384e-08,1.71513e-08,5102
7.24235e-08,-5.87658e-08,5107
-6.13687e-08,4.97948e-08,5109
2.99711e-09,-2.43163e-09,5110
2.98328e-09,-2.42066e-09,5113
-2.02867e-09,1.64612e-09,5114
1.24611e-09,-1.01099e-09,5116
-4.14243e-08,3.3613e-08,5247
8.51484e-07,-6.90911e-07,5311
-6.60588e-06,5.36014e-06,5343
7.30777e-06,-5.92966e-06,5359
-2.32374e-06,1.88553e-06,5367
1.83703e-06,-1.4906e-06,5371
-1.09565e-06,8.8903e-07,5373
6.42527e-08,-5.21356e-08,5374
-1.17319e-06,9.51951e-07,5439
1.10775e-05,-8.98848e-06,5471
-1.25442e-05,1.01786e-05,5487
4.14463e-06,-3.36304e-06,5495
-3.31762e-06,2.69198e-06,5499
1.98043e-06,-1.60696e-06,5501
-1.15799e-07,9.39602e-08,5502
-5.85228e-06,4.74865e-06,5535
8.76707e-06,-7.11377e-06,5551
-4.54182e-06,3.68532e-06,5559
4.67595e-06,-3.79415e-06,5563
-2.90218e-06,2.35489e-06,5565
1.58935e-07,-1.28962e-07,5566
-2.11497e-06,1.71612e-06,5583
8.92273e-06,-7.24008e-06,5591
-1.45681e-05,1.18209e-05,5595
9.70876e-06,-7.87787e-06,5597
-4.84336e-07,3.93001e-07,5598
-5.91183e-06,4.79697e-06,5607
1.2817e-05,-1.04e-05,5611
-8.82948e-06,7.16441e-06,5613
4.21763e-07,-3.42226e-07,5614
-1.44065e-06,1.16897e-06,5619
1.23459e-06,-1.00177e-06,5621
-6.13678e-08,4.97944e-08,5622
-6.13672e-08,4.97946e-08,5625
4.15181e-08,-3.36891e-08,5626
-2.55064e-08,2.06961e-08,5628
3.90459e-07,-3.16826e-07,5695
-5.11548e-06,4.1508e-06,5727
6.42542e-06,-5.21371e-06,5743
-2.71776e-06,2.20525e-06,5751
2.45494e-06,-1.99199e-06,5755
-1.4948e-06,1.21291e-06,5757
8.54078e-08,-6.93011e-08,5758
2.04425e-05,-1.65875e-05,5791
-3.29544e-05,2.67398e-05,5807
2.13803e-05,-1.73484e-05,5815
-2.47707e-05,2.00994e-05,5819
1.5735e-05,-1.27677e-05,5821
-8.51484e-07,6.90911e-07,5822
1.16884e-05,-9.48422e-06,5839
-5.85452e-05,4.75047e-05,5847
0.00010231,-8.30164e-05,5851
-6.90049e-05,5.59919e-05,5853
3.45279e-06,-2.80166e-06,5854
4.00375e-05,-3.24872e-05,5863
-9.19356e-05,7.45983e-05,5867
6.39245e-05,-5.18696e-05,5869
-3.07521e-06,2.49529e-06,5870
1.01976e-05,-8.27456e-06,5875
-8.82948e-06,7.16441e-06,5877
4.47574e-07,-3.63169e-07,5878
4.43438e-07,-3.59814e-07,5881
-2.99453e-07,2.42982e-07,5882
1.84318e-07,-1.4956e-07,5884
-1.4321e-05,1.16203e-05,5919
2.35772e-05,-1.9131e-05,5935
-1.67107e-05,1.35594e-05,5943
2.03814e-05,-1.65378e-05,5947
-1.30883e-05,1.06201e-05,5949
7.04469e-07,-5.71619e-07,5950
-1.09068e-05,8.84997e-06,5967
5.91712e-05,-4.80127e-05,5975
-0.000107221,8.70012e-05,5979
7.28294e-05,-5.90951e-05,5981
-3.64807e-06,2.96011e-06,5982
-4.14553e-05,3.36376e-05,5991
9.85854e-05,-7.99941e-05,5995
-6.90049e-05,5.59919e-05,5997
3.33355e-06,-2.70491e-06,5998
-1.11e-05,9.00676e-06,6003
9.70876e-06,-7.87787e-06,6005
-5.02108e-07,4.0742e-07,6006
-5.00924e-07,4.06459e-07,6009
3.36139e-07,-2.72749e-07,6010
-2.06746e-07,1.67759e-07,6012
1.08307e-06,-8.78827e-07,6031
-8.18348e-06,6.64024e-06,6039
1.85883e-05,-1.50829e-05,6043
-1.30883e-05,1.06201e-05,6045
6.52947e-07,-5.29813e-07,6046
7.20531e-06,-5.84653e-06,6055
-2.16727e-05,1.75856e-05,6059
1.5735e-05,-1.27677e-05,6061
-7.70737e-07,6.25391e-07,6062
3.15061e-06,-2.55646e-06,6067
-2.90219e-06,2.35489e-06,6069
1.66741e-07,-1.35296e-07,6070
1.83155e-07,-1.48617e-07,6073
-1.19159e-07,9.66879e-08,6074
7.23136e-08,-5.86771e-08,6076
-4.56416e-07,3.70345e-07,6087
1.93741e-06,-1.57205e-06,6091
-1.4948e-06,1.21291e-06,6093
7.67695e-08,-6.22918e-08,6094
-2.0635e-06,1.67436e-06,6099
1.98043e-06,-1.60696e-06,6101
-1.29166e-07,1.04809e-07,6102
-1.60921e-07,1.30574e-07,6105
1.05803e-07,-8.5851e-08,6106
-6.20314e-08,5.03346e-08,6108
1.15532e-06,-9.37445e-07,6115
-1.09565e-06,8.8903e-07,6117
7.21186e-08,-5.85182e-08,6118
9.89432e-08,-8.02843e-08,6121
-6.69663e-08,5.43378e-08,6122
3.86059e-08,-3.13261e-08,6124
-6.70985e-09,5.44466e-09,6129
4.84154e-09,-3.92857e-09,6130
-2.87517e-09,2.33284e-09,6132
3.49109e-08,-2.83276e-08,6271
-7.0447e-07,5.71621e-07,6335
5.7631e-06,-4.67629e-06,6367
-6.54806e-06,5.31322e-06,6383
2.28068e-06,-1.85059e-06,6391
-1.91462e-06,1.55356e-06,6395
1.15532e-06,-9.37446e-07,6397
-6.72092e-08,5.45348e-08,6398
1.00103e-06,-8.12255e-07,6463
-9.86422e-06,8.00402e-06,6495
1.14205e-05,-9.26683e-06,6511
-4.07196e-06,3.30406e-06,6519
3.42359e-06,-2.77797e-06,6523
-2.0635e-06,1.67436e-06,6525
1.20006e-07,-9.73759e-08,6526
5.72962e-06,-4.64912e-06,6559
-8.71419e-06,7.07086e-06,6575
4.75554e-06,-3.85874e-06,6583
-5.04619e-06,4.09458e-06,6587
3.15061e-06,-2.55646e-06,6589
-1.72452e-07,1.3993e-07,6590
2.23576e-06,-1.81414e-06,6607
-9.87935e-06,8.0163e-06,6615
1.65702e-05,-1.34454e-05,6619
-1.11e-05,9.00677e-06,6621
5.5477e-07,-4.50151e-07,6622
6.61617e-06,-5.36849e-06,6631
-1.47313e-05,1.19533e-05,6635
1.01976e-05,-8.27456e-06,6637
-4.88812e-07,3.96633e-07,6638
1.67157e-06,-1.35634e-06,6643
-1.44065e-06,1.16897e-06,6645
7.2424e-08,-5.87665e-08,6646
7.24235e-08,-5.87659e-08,6649
-4.88788e-08,3.96616e-08,6650
3.00404e-08,-2.43766e-08,6652
-4.42022e-07,3.58665e-07,6719
5.98638e-06,-4.85746e-06,6751
-7.64433e-06,6.20276e-06,6767
3.39981e-06,-2.75867e-06,6775
-3.16322e-06,2.5667e-06,6779
1.93741e-06,-1.57205e-06,6781
-1.10531e-07,8.96858e-08,6782
-2.59314e-05,2.10412e-05,6815
4.22114e-05,-3.42512e-05,6831
-2.85151e-05,2.31377e-05,6839
3.39242e-05,-2.75267e-05,6843
-2.16727e-05,1.75856e-05,6845
1.17319e-06,-9.5195e-07,6846
-1.5715e-05,1.27514e-05,6863
8.14243e-05,-6.60692e-05,6871
-0.000145481,0.000118046,6875
9.85854e-05,-7.99941e-05,6877
-4.94553e-06,4.0129e-06,6878
-5.61086e-05,4.55276e-05,6887
0.000131634,-0.000106811,6891
-9.19356e-05,7.45983e-05,6893
4.4401e-06,-3.60278e-06,6894
-1.47313e-05,1.19533e-05,6899
1.2817e-05,-1.04e-05,6901
-6.56132e-07,5.32398e-07,6902
-6.49417e-07,5.26951e-07,6905
4.37648e-07,-3.55116e-07,6906
-2.69441e-07,2.1863e-07,6908
1.87065e-05,-1.51788e-05,6943
-3.1083e-05,2.52214e-05,6959
2.29505e-05,-1.86225e-05,6967
-2.87726e-05,2.33467e-05,6971
1.85883e-05,-1.50829e-05,6973
-1.00103e-06,8.12254e-07,6974
1.51145e-05,-1.22642e-05,6991
-8.47278e-05,6.87497e-05,6999
0.000157075,-0.000127454,7003
-0.000107221,8.70012e-05,7005
5.38546e-06,-4.36987e-06,7006
5.98278e-05,-4.85455e-05,7015
-0.000145481,0.000118046,7019
0.00010231,-8.30164e-05,7021
-4.96298e-06,4.02706e-06,7022
1.65702e-05,-1.34454e-05,7027
-1.45681e-05,1.18209e-05,7029
7.61195e-07,-6.17649e-07,7030
7.59276e-07,-6.16091e-07,7033
-5.08212e-07,4.12373e-07,7034
3.12615e-07,-2.53662e-07,7036
-1.57045e-06,1.27429e-06,7055
1.23027e-05,-9.98268e-06,7063
-2.87726e-05,2.33467e-05,7067
2.03814e-05,-1.65378e-05,7069
-1.02037e-06,8.27944e-07,7070
-1.0965e-05,8.89718e-06,7079
3.39242e-05,-2.75267e-05,7083
-2.47707e-05,2.00994e-05,7085
1.21937e-06,-9.89418e-07,7086
-5.04619e-06,4.09458e-06,7091
4.67594e-06,-3.79415e-06,7093
-2.71387e-07,2.20209e-07,7094
-2.992e-07,2.42777e-07,7097
1.93869e-07,-1.57309e-07,7098
-1.17592e-07,9.54156e-08,7100
7.2323e-07,-5.86842e-07,7111
-3.16322e-06,2.5667e-06,7115
2.45494e-06,-1.99199e-06,7117
-1.26888e-07,1.02961e-07,7118
3.42359e-06,-2.77797e-06,7123
-3.31762e-06,2.69198e-06,7125
2.18826e-07,-1.77559e-07,7126
2.76292e-07,-2.24189e-07,7129
-1.7999e-07,1.46048e-07,7130
1.05412e-07,-8.55334e-08,7132
-1.91462e-06,1.55356e-06,7139
1.83702e-06,-1.4906e-06,7141
-1.22551e-07,9.94408e-08,7142
-1.71487e-07,1.39148e-07,7145
1.14673e-07,-9.30484e-08,7146
-6.601e-08,5.35625e-08,7148
1.1423e-08,-9.26899e-09,7153
-8.18295e-09,6.64154e-09,7154
4.84062e-09,-3.92776e-09,7156
5.90281e-08,-4.78962e-08,7231
-9.31949e-07,7.56202e-07,7263
1.26397e-06,-1.02561e-06,7279
-6.81509e-07,5.5299e-07,7287
7.2323e-07,-5.86843e-07,7291
-4.56416e-07,3.70345e-07,7293
2.57992e-08,-2.09343e-08,7294
5.99204e-06,-4.86206e-06,7327
-1.01153e-05,8.20772e-06,7343
8.15268e-06,-6.61524e-06,7351
-1.0965e-05,8.89718e-06,7355
7.20531e-06,-5.84653e-06,7357
-3.90461e-07,3.16828e-07,7358
5.0481e-06,-4.09612e-06,7375
-3.03476e-05,2.46246e-05,7383
5.98278e-05,-4.85455e-05,7387
-4.14553e-05,3.36376e-05,7389
2.10966e-06,-1.71182e-06,7390
2.17243e-05,-1.76275e-05,7399
-5.61086e-05,4.55276e-05,7403
4.00375e-05,-3.24872e-05,7405
-1.97691e-06,1.60411e-06,7406
6.61617e-06,-5.36849e-06,7411
-5.91183e-06,4.79697e-06,7413
3.20872e-07,-2.60361e-07,7414
3.18595e-07,-2.58514e-07,7417
-2.12149e-07,1.72143e-07,7418
1.30334e-07,-1.05756e-07,7420
-5.69547e-06,4.62142e-06,7455
9.78363e-06,-7.93863e-06,7471
-8.64684e-06,7.01622e-06,7479
1.23027e-05,-9.98268e-06,7483
-8.18348e-06,6.64024e-06,7485
4.4202e-07,-3.58662e-07,7486
-6.40214e-06,5.19482e-06,7503
4.13499e-05,-3.35521e-05,7511
-8.47278e-05,6.87497e-05,7515
5.91712e-05,-4.80127e-05,7517
-3.018e-06,2.44886e-06,7518
-3.03476e-05,2.46246e-05,7527
8.14243e-05,-6.60692e-05,7531
-5.85452e-05,4.75047e-05,7533
2.90614e-06,-2.3581e-06,7534
-9.87935e-06,8.0163e-06,7539
8.92273e-06,-7.24007e-06,7541
-4.94289e-07,4.01074e-07,7542
-4.95615e-07,4.02151e-07,7545
3.27657e-07,-2.65867e-07,7546
-2.01001e-07,1.63095e-07,7548
9.55887e-07,-7.75626e-07,7567
-8.64685e-06,7.01622e-06,7575
2.29505e-05,-1.86225e-05,7579
-1.67107e-05,1.35594e-05,7581
8.56034e-07,-6.94602e-07,7582
8.15268e-06,-6.61524e-06,7591
-2.85151e-05,2.31377e-05,7595
2.13803e-05,-1.73484e-05,7597
-1.08561e-06,8.80881e-07,7598
4.75554e-06,-3.85873e-06,7603
-4.54182e-06,3.68532e-06,7605
2.80445e-07,-2.27559e-07,7606
3.13976e-07,-2.54766e-07,7609
-2.01095e-07,1.63173e-07,7610
1.21232e-07,-9.83696e-08,7612
-6.81509e-07,5.5299e-07,7623
3.39981e-06,-2.75867e-06,7627
-2.71777e-06,2.20525e-06,7629
1.47119e-07,-1.19374e-07,7630
-4.07196e-06,3.30407e-06,7635
4.14463e-06,-3.36304e-06,7637
-2.95706e-07,2.39942e-07,7638
-3.93024e-07,3.18908e-07,7641
2.51317e-07,-2.03924e-07,7642
-1.45749e-07,1.18264e-07,7644
2.28068e-06,-1.85058e-06,7651
-2.32374e-06,1.88553e-06,7653
1.69922e-07,-1.37876e-07,7654
2.57466e-07,-2.08913e-07,7657
-1.68146e-07,1.36436e-07,7658
9.57224e-08,-7.76716e-08,7660
-1.58402e-08,1.2854e-08,7665
1.14242e-08,-9.269e-09,7666
-6.71001e-09,5.44545e-09,7668
5.2911e-07,-4.2933e-07,7711
-9.20267e-07,7.46722e-07,7727
9.55888e-07,-7.75625e-07,7735
-1.57045e-06,1.27429e-06,7739
1.08307e-06,-8.78827e-07,7741
-5.903e-08,4.78981e-08,7742
8.40302e-07,-6.81837e-07,7759
-6.40214e-06,5.19482e-06,7767
1.51145e-05,-1.22642e-05,7771
-1.09068e-05,8.84997e-06,7773
5.69422e-07,-4.62039e-07,7774
5.0481e-06,-4.09613e-06,7783
-1.5715e-05,1.27514e-05,7787
1.16884e-05,-9.48422e-06,7789
-6.02068e-07,4.8853e-07,7790
2.23576e-06,-1.81414e-06,7795
-2.11497e-06,1.71612e-06,7797
1.29698e-07,-1.05239e-07,7798
1.34367e-07,-1.09028e-07,7801
-8.72425e-08,7.07895e-08,7802
5.28974e-08,-4.29216e-08,7804
-9.20267e-07,7.46723e-07,7823
9.78363e-06,-7.93863e-06,7831
-3.1083e-05,2.52214e-05,7835
2.35771e-05,-1.9131e-05,7837
-1.26653e-06,1.02769e-06,7838
-1.01153e-05,8.20772e-06,7847
4.22114e-05,-3.42512e-05,7851
-3.29544e-05,2.67398e-05,7853
1.77848e-06,-1.44309e-06,7854
-8.71418e-06,7.07086e-06,7859
8.76707e-06,-7.11377e-06,7861
-6.09395e-07,4.94476e-07,7862
-7.02613e-07,5.70113e-07,7865
4.51001e-07,-3.6595e-07,7866
-2.672e-07,2.16811e-07,7868
1.26397e-06,-1.02561e-06,7879
-7.64433e-06,6.20276e-06,7883
6.42542e-06,-5.21371e-06,7885
-3.84603e-07,3.12074e-07,7886
1.14205e-05,-9.26684e-06,7891
-1.25442e-05,1.01786e-05,7893
1.04052e-06,-8.44296e-07,7894
1.44878e-06,-1.17557e-06,7897
-9.50651e-07,7.71377e-07,7898
5.40791e-07,-4.38809e-07,7900
-6.54806e-06,5.31322e-06,7907
7.30777e-06,-5.92966e-06,7909
-6.32882e-07,5.13533e-07,7910
-1.02943e-06,8.35297e-07,7913
6.95086e-07,-5.64005e-07,7914
-3.89054e-07,3.15687e-07,7916
5.90623e-08,-4.79245e-08,7921
-4.6818e-08,3.7989e-08,7922
2.77642e-08,-2.25283e-08,7924
5.29112e-07,-4.29332e-07,7951
-5.69548e-06,4.62142e-06,7959
1.87065e-05,-1.51788e-05,7963
-1.4321e-05,1.16203e-05,7965
7.8088e-07,-6.33622e-07,7966
5.99204e-06,-4.86205e-06,7975
-2.59314e-05,2.10412e-05,7979
2.04425e-05,-1.65875e-05,7981
-1.12328e-06,9.1145e-07,7982
5.72961e-06,-4.64912e-06,7987
-5.85228e-06,4.74866e-06,7989
4.21146e-07,-3.41727e-07,7990
4.91552e-07,-3.98854e-07,7993
-3.16927e-07,2.57161e-07,7994
1.86657e-07,-1.51457e-07,7996
-9.31948e-07,7.562e-07,8007
5.98638e-06,-4.85746e-06,8011
-5.11548e-06,4.1508e-06,8013
3.16678e-07,-2.56958e-07,8014
-9.86422e-06,8.00402e-06,8019
1.10775e-05,-8.98848e-06,8021
-9.59051e-07,7.78193e-07,8022
-1.356e-06,1.10029e-06,8025
9.0072e-07,-7.30862e-07,8026
-5.09797e-07,4.13659e-07,8028
5.7631e-06,-4.67629e-06,8035
-6.60588e-06,5.36014e-06,8037
5.99981e-07,-4.86837e-07,8038
9.96556e-07,-8.08624e-07,8041
-6.83117e-07,5.54296e-07,8042
3.80958e-07,-3.09116e-07,8044
-5.5874e-08,4.53365e-08,8049
4.60458e-08,-3.73626e-08,8050
-2.75096e-08,2.23228e-08,8052
5.90287e-08,-4.78961e-08,8071
-4.42022e-07,3.58665e-07,8075
3.90458e-07,-3.16825e-07,8077
-2.58024e-08,2.09373e-08,8078
1.00103e-06,-8.12253e-07,8083
-1.17319e-06,9.51952e-07,8085
1.1053e-07,-8.96856e-08,8086
1.72452e-07,-1.3993e-07,8089
-1.20006e-07,9.73756e-08,8090
6.72084e-08,-5.45339e-08,8092
-7.0447e-07,5.71621e-07,8099
8.51483e-07,-6.9091e-07,8101
-8.54098e-08,6.93035e-08,8102
-1.58935e-07,1.28963e-07,8105
1.15799e-07,-9.39601e-08,8106
-6.42541e-08,5.21377e-08,8108
1.00851e-08,-8.18219e-09,8113
-9.58061e-09,7.77281e-09,8114
5.9585e-09,-4.83366e-09,8116
3.49094e-08,-2.83264e-08,8131
-4.14243e-08,3.3613e-08,8133
4.34683e-09,-3.52702e-09,8134
9.05676e-09,-7.34767e-09,8137
-7.46427e-09,6.05693e-09,8138
4.17702e-09,-3.38841e-09,8140
-6.48762e-09,5.26423e-09,8145
6.10143e-09,-4.9505e-09,8146
-3.87103e-09,3.14148e-09,8148
3.93686e-09,-3.19389e-09,8161
-3.57955e-09,2.90525e-09,8162
2.22631e-09,-1.80641e-09,8164
-1.02753e-08,8.3371e-09,8447
1.67113e-08,-1.35606e-08,8575
-2.50115e-08,2.02946e-08,8639
1.60952e-07,-1.30599e-07,8671
-1.80741e-07,1.46657e-07,8687
5.90634e-08,-4.79252e-08,8695
-4.68158e-08,3.79866e-08,8699
2.77669e-08,-2.25312e-08,8701
-1.64826e-09,1.3368e-09,8702
-2.48863e-08,2.01931e-08,8831
4.84337e-07,-3.93e-07,8895
-3.30969e-06,2.68555e-06,8927
3.57085e-06,-2.89746e-06,8943
-1.0572e-06,8.57833e-07,8951
7.6386e-07,-6.19812e-07,8955
-4.44342e-07,3.60548e-07,8957
2.75093e-08,-2.23215e-08,8958
-5.5477e-07,4.50151e-07,9023
4.72535e-06,-3.83424e-06,9055
-5.27456e-06,4.27988e-06,9071
1.68887e-06,-1.37038e-06,9079
-1.28871e-06,1.04568e-06,9083
7.57764e-07,-6.14865e-07,9085
-4.60467e-08,3.73633e-08,9086
-2.02705e-06,1.64479e-06,9119
3.01925e-06,-2.44988e-06,9135
-1.56901e-06,1.27312e-06,9143
1.625e-06,-1.31856e-06,9147
-1.00823e-06,8.18099e-07,9149
5.58734e-08,-4.53369e-08,9150
-6.74104e-07,5.46982e-07,9167
2.86736e-06,-2.32663e-06,9175
-4.80069e-06,3.89537e-06,9179
3.21718e-06,-2.61049e-06,9181
-1.60951e-07,1.306e-07,9182
-1.90129e-06,1.54274e-06,9191
4.2434e-06,-3.44318e-06,9195
-2.9421e-06,2.38728e-06,9197
1.40937e-07,-1.14359e-07,9198
-4.88812e-07,3.96632e-07,9203
4.21763e-07,-3.42227e-07,9205
-2.11387e-08,1.71514e-08,9206
-2.11946e-08,1.7197e-08,9209
1.42349e-08,-1.15511e-08,9210
-8.75618e-09,7.10468e-09,9212
1.65871e-07,-1.34589e-07,9343
-3.45279e-06,2.80166e-06,9407
2.90347e-05,-2.35593e-05,9439
-3.35965e-05,2.72609e-05,9455
1.24891e-05,-1.01339e-05,9463
-1.07294e-05,8.70601e-06,9467
6.47808e-06,-5.25644e-06,9469
-3.80957e-07,3.09116e-07,9470
4.94553e-06,-4.0129e-06,9535
-4.99262e-05,4.05111e-05,9567
5.88513e-05,-4.77531e-05,9583
-2.23818e-05,1.8161e-05,9591
1.92815e-05,-1.56454e-05,9595
-1.16322e-05,9.43859e-06,9597
6.83119e-07,-5.54296e-07,9598
2.99933e-05,-2.43371e-05,9631
-4.62517e-05,3.75295e-05,9647
2.66287e-05,-2.1607e-05,9655
-2.9011e-05,2.35401e-05,9659
1.81635e-05,-1.47382e-05,9661
-9.96557e-07,8.08625e-07,9662
1.24143e-05,-1.00732e-05,9679
-5.73179e-05,4.65088e-05,9687
9.88073e-05,-8.01742e-05,9691
-6.64487e-05,5.39177e-05,9693
3.30969e-06,-2.68555e-06,9694
3.8718e-05,-3.14165e-05,9703
-8.86523e-05,7.19342e-05,9707
6.1612e-05,-4.99931e-05,9709
-2.9421e-06,2.38728e-06,9710
1.01976e-05,-8.27456e-06,9715
-8.82948e-06,7.16441e-06,9717
4.43438e-07,-3.59815e-07,9718
4.47574e-07,-3.6317e-07,9721
-2.99452e-07,2.42982e-07,9722
1.84317e-07,-1.49558e-07,9724
-2.10966e-06,1.71182e-06,9791
2.90363e-05,-2.35606e-05,9823
-3.7681e-05,3.05751e-05,9839
1.77783e-05,-1.44256e-05,9847
-1.70626e-05,1.38449e-05,9851
1.04934e-05,-8.51453e-06,9853
-5.99982e-07,4.86837e-07,9854
-0.000130917,0.000106228,9887
0.000215687,-0.000175012,9903
-0.00015413,0.000125064,9911
0.000190187,-0.000154322,9915
-0.000122291,9.92293e-05,9917
6.60588e-06,-5.36014e-06,9918
-8.47567e-05,6.87732e-05,9935
0.000460312,-0.000373506,9943
-0.000851519,0.000690939,9947
0.000580772,-0.00047125,9949
-2.90347e-05,2.35593e-05,9950
-0.000320523,0.000260079,9959
0.000778546,-0.000631728,9963
-0.000547222,0.000444027,9965
2.63649e-05,-2.1393e-05,9966
-8.87846e-05,7.20415e-05,9971
7.78229e-05,-6.3147e-05,9973
-4.00346e-06,3.24848e-06,9974
-4.00346e-06,3.24848e-06,9977
2.66722e-06,-2.16424e-06,9978
-1.64427e-06,1.33419e-06,9980
9.59276e-05,-7.78375e-05,10015
-0.00016122,0.000130817,10031
0.000126213,-0.000102411,10039
-0.000164847,0.00013376,10043
0.000107341,-8.70987e-05,10045
-5.7631e-06,4.67629e-06,10046
8.31275e-05,-6.74513e-05,10063
-0.000489155,0.00039691,10071
0.00094288,-0.000765071,10075
-0.000648574,0.000526265,10077
3.24677e-05,-2.63449e-05,10078
0.000349534,-0.000283618,10087
-0.000883948,0.000717252,10091
0.0006264,-0.000508273,10093
-3.03296e-05,2.461e-05,10094
0.000103223,-8.37571e-05,10099
-9.15725e-05,7.43037e-05,10101
4.81915e-06,-3.91035e-06,10102
4.86941e-06,-3.95113e-06,10105
-3.2137e-06,2.60766e-06,10106
1.97888e-06,-1.6057e-06,10108
-9.24126e-06,7.49854e-06,10127
7.66143e-05,-6.21663e-05,10135
-0.000189696,0.000153923,10139
0.000135952,-0.000110314,10141
-6.79302e-06,5.51199e-06,10142
-6.9737e-05,5.65859e-05,10151
0.000228465,-0.000185381,10155
-0.000168767,0.000136941,10157
8.31266e-06,-6.74505e-06,10158
-3.57879e-05,2.9039e-05,10163
3.36205e-05,-2.72803e-05,10165
-1.97365e-06,1.60146e-06,10166
-2.2288e-06,1.8085e-06,10169
1.41116e-06,-1.14504e-06,10170
-8.55304e-07,6.94011e-07,10172
4.94465e-06,-4.01219e-06,10183
-2.3141e-05,1.8777e-05,10187
1.8222e-05,-1.47857e-05,10189
-9.48398e-07,7.69548e-07,10190
2.62908e-05,-2.13329e-05,10195
-2.61138e-05,2.11893e-05,10197
1.75864e-06,-1.42699e-06,10198
2.32681e-06,-1.88802e-06,10201
-1.46117e-06,1.18562e-06,10202
8.51867e-07,-6.91222e-07,10204
-1.47099e-05,1.19359e-05,10211
1.45418e-05,-1.17995e-05,10213
-9.96824e-07,8.08842e-07,10214
-1.48507e-06,1.20502e-06,10217
9.50784e-07,-7.71485e-07,10218
-5.4363e-07,4.41112e-07,10220
9.57238e-08,-7.7673e-08,10225
-6.6011e-08,5.3563e-08,10226
3.86059e-08,-3.13254e-08,10228
-1.81746e-07,1.47471e-07,10367
3.64806e-06,-2.96011e-06,10431
-3.24677e-05,2.63449e-05,10463
3.86482e-05,-3.13599e-05,10479
-1.57221e-05,1.27572e-05,10487
1.43679e-05,-1.16584e-05,10491
-8.78852e-06,7.13118e-06,10493
5.09797e-07,-4.1366e-07,10494
-5.38546e-06,4.36987e-06,10559
5.67485e-05,-4.60468e-05,10591
-6.84152e-05,5.55134e-05,10607
2.80211e-05,-2.27368e-05,10615
-2.54115e-05,2.06194e-05,10619
1.55022e-05,-1.25788e-05,10621
-9.00718e-07,7.30861e-07,10622
-3.72044e-05,3.01884e-05,10655
5.81305e-05,-4.71682e-05,10671
-3.50613e-05,2.84494e-05,10679
3.93349e-05,-3.19171e-05,10683
-2.47838e-05,2.01101e-05,10685
1.356e-06,-1.10029e-06,10686
-1.65262e-05,1.34097e-05,10703
7.94598e-05,-6.44752e-05,10711
-0.00014029,0.000113834,10715
9.47984e-05,-7.69212e-05,10717
-4.72535e-06,3.83424e-06,10718
-5.42042e-05,4.39823e-05,10727
0.000127003,-0.000103053,10731
-8.86523e-05,7.19342e-05,10733
4.2434e-06,-3.44318e-06,10734
-1.47313e-05,1.19533e-05,10739
1.2817e-05,-1.04e-05,10741
-6.49418e-07,5.2695e-07,10742
-6.56133e-07,5.32399e-07,10745
4.37649e-07,-3.55117e-07,10746
-2.6944e-07,2.1863e-07,10748
3.018e-06,-2.44886e-06,10815
-4.2659e-05,3.46143e-05,10847
5.61372e-05,-4.55508e-05,10863
-2.7628e-05,2.24179e-05,10871
2.7223e-05,-2.20893e-05,10875
-1.68363e-05,1.36613e-05,10877
9.5905e-07,-7.78192e-07,10878
0.000206047,-0.00016719,10911
-0.000342076,0.000277567,10927
0.00025247,-0.000204859,10935
-0.000317969,0.000258006,10939
0.00020534,-0.000166617,10941
-1.10775e-05,8.98849e-06,10942
0.000139835,-0.000113465,10959
-0.000778013,0.000631295,10967
0.00145956,-0.00118431,10971
-0.000998234,0.000809987,10973
4.99262e-05,-4.05111e-05,10974
0.000544525,-0.000441838,10983
-0.00133978,0.00108712,10987
0.000943975,-0.00076596,10989
-4.55305e-05,3.69443e-05,10990
0.000153391,-0.000124465,10995
-0.000134752,0.000109341,10997
6.95473e-06,-5.6432e-06,10998
6.95473e-06,-5.6432e-06,11001
-4.62619e-06,3.75378e-06,11002
2.85305e-06,-2.31502e-06,11004
-0.000154833,0.000125634,11039
0.000262005,-0.000212596,11055
-0.000211462,0.000171585,11063
0.000281414,-0.000228345,11067
-0.000183946,0.000149257,11069
9.86422e-06,-8.00402e-06,11070
-0.000140266,0.000113815,11087
0.000842818,-0.000683879,11095
-0.00164424,0.00133417,11099
0.00113355,-0.000919787,11101
-5.67485e-05,4.60468e-05,11102
-0.000604985,0.000490896,11111
0.00154671,-0.00125503,11115
-0.00109815,0.000891063,11117
5.31965e-05,-4.31647e-05,11118
-0.000181297,0.000147108,11123
0.000161083,-0.000130706,11125
-8.49028e-06,6.88917e-06,11126
-8.58245e-06,6.96397e-06,11129
5.65606e-06,-4.58943e-06,11130
-3.48425e-06,2.82719e-06,11132
1.60294e-05,-1.30066e-05,11151
-0.000135093,0.000109617,11159
0.00033725,-0.000273651,11163
-0.00024192,0.000196299,11165
1.20684e-05,-9.79254e-06,11166
0.000123502,-0.000100212,11175
-0.000407212,0.00033042,11179
0.000300947,-0.000244194,11181
-1.47945e-05,1.20046e-05,11182
6.39035e-05,-5.18526e-05,11187
-5.99952e-05,4.86812e-05,11189
3.50697e-06,-2.84562e-06,11190
3.96609e-06,-3.21817e-06,11193
-2.50632e-06,2.03367e-06,11194
1.52034e-06,-1.23364e-06,11196
-8.84418e-06,7.17634e-06,11207
4.14476e-05,-3.36314e-05,11211
-3.26014e-05,2.64534e-05,11213
1.68784e-06,-1.36955e-06,11214
-4.68782e-05,3.80379e-05,11219
4.64542e-05,-3.76938e-05,11221
-3.09841e-06,2.51411e-06,11222
-4.10544e-06,3.33123e-06,11225
2.5652e-06,-2.08145e-06,11226
-1.49778e-06,1.21533e-06,11228
2.62032e-05,-2.12618e-05,11235
-2.58348e-05,2.09628e-05,11237
1.75187e-06,-1.4215e-06,11238
2.61071e-06,-2.11838e-06,11241
-1.66055e-06,1.34741e-06,11242
9.50782e-07,-7.71484e-07,11244
-1.68147e-07,1.36438e-07,11249
1.14673e-07,-9.30491e-08,11250
-6.69685e-08,5.4341e-08,11252
-5.69422e-07,4.62041e-07,11327
9.32736e-06,-7.5684e-06,11359
-1.30605e-05,1.05975e-05,11375
7.83003e-06,-6.35343e-06,11383
-8.85031e-06,7.18132e-06,11387
5.65102e-06,-4.58534e-06,11389
-3.16679e-07,2.5696e-07,11390
-6.73326e-05,5.46349e-05,11423
0.000115694,-9.38765e-05,11439
-0.000101341,8.22298e-05,11447
0.000143557,-0.000116485,11451
-9.52338e-05,7.72745e-05,11453
5.11548e-06,-4.1508e-06,11454
-6.32746e-05,5.13423e-05,11471
0.000402829,-0.000326863,11479
-0.000825429,0.000669769,11483
0.000575749,-0.000467174,11485
-2.90363e-05,2.35606e-05,11486
-0.000292175,0.000237076,11495
0.000783032,-0.000635368,11499
-0.000562161,0.000456148,11501
2.75254e-05,-2.23347e-05,11502
-9.42264e-05,7.64571e-05,11507
8.47222e-05,-6.87452e-05,11509
-4.57574e-06,3.71284e-06,11510
-4.62629e-06,3.75386e-06,11513
3.02641e-06,-2.45569e-06,11514
-1.86324e-06,1.51187e-06,11516
6.71669e-05,-5.45005e-05,11551
-0.00011705,9.49766e-05,11567
0.000111615,-9.05668e-05,11575
-0.000166762,0.000135314,11579
0.000111915,-9.08096e-05,11581
-5.98638e-06,4.85746e-06,11582
8.32423e-05,-6.75444e-05,11599
-0.000565831,0.000459126,11607
0.00120257,-0.000975787,11611
-0.000844996,0.000685646,11613
4.2659e-05,-3.46143e-05,11614
0.000420512,-0.000341212,11623
-0.00116844,0.000948092,11627
0.000844842,-0.000685521,11629
-4.15256e-05,3.36947e-05,11630
0.000144794,-0.000117489,11635
-0.000131491,0.000106694,11637
7.22616e-06,-5.86345e-06,11638
7.39078e-06,-5.99702e-06,11641
-4.79358e-06,3.8896e-06,11642
2.94728e-06,-2.39148e-06,11644
-1.34729e-05,1.09322e-05,11663
0.000127416,-0.000103387,11671
-0.000350621,0.000284501,11675
0.000256581,-0.000208195,11677
-1.29465e-05,1.0505e-05,11678
-0.000121995,9.89887e-05,11687
0.000441052,-0.000357878,11691
-0.000332097,0.00026947,11693
1.6598e-05,-1.34679e-05,11694
-7.53816e-05,6.11661e-05,11699
7.22067e-05,-5.85899e-05,11701
-4.36855e-06,3.54473e-06,11702
-5.02658e-06,4.07866e-06,11705
3.12935e-06,-2.53921e-06,11706
-1.89177e-06,1.53502e-06,11708
1.06502e-05,-8.64181e-06,11719
-5.46117e-05,4.4313e-05,11723
4.37663e-05,-3.55128e-05,11725
-2.31732e-06,1.88032e-06,11726
6.62938e-05,-5.3792e-05,11731
-6.76844e-05,5.49204e-05,11733
4.67984e-06,-3.79731e-06,11734
6.4526e-06,-5.23577e-06,11737
-3.9316e-06,3.19017e-06,11738
2.28369e-06,-1.85303e-06,11740
-3.7105e-05,3.01077e-05,11747
3.79635e-05,-3.08043e-05,11749
-2.68618e-06,2.17962e-06,11750
-4.23646e-06,3.43754e-06,11753
2.61071e-06,-2.11838e-06,11754
-1.48507e-06,1.20502e-06,11756
2.57466e-07,-2.08913e-07,11761
-1.71487e-07,1.39147e-07,11762
9.89417e-08,-8.02833e-08,11764
-7.51351e-06,6.09661e-06,11807
1.31928e-05,-1.07049e-05,11823
-1.45439e-05,1.18012e-05,11831
2.4969e-05,-2.02603e-05,11835
-1.73495e-05,1.40777e-05,11837
9.31946e-07,-7.56198e-07,11838
-1.29006e-05,1.04678e-05,11855
0.000102696,-8.33294e-05,11863
-0.000250699,0.000203422,11867
0.000181724,-0.000147454,11869
-9.32736e-06,7.5684e-06,11870
-8.21147e-05,6.66294e-05,11879
0.000263774,-0.000214031,11883
-0.000196927,0.00015979,11885
9.96417e-06,-8.08512e-06,11886
-3.83698e-05,3.1134e-05,11891
3.63873e-05,-2.95254e-05,11893
-2.18231e-06,1.77077e-06,11894
-2.32593e-06,1.8873e-06,11897
1.4693e-06,-1.19222e-06,11898
-8.93786e-07,7.25236e-07,11900
1.51821e-05,-1.23191e-05,11919
-0.000169141,0.000137244,11927
0.000552768,-0.000448527,11931
-0.000419953,0.000340758,11933
2.1983e-05,-1.78374e-05,11934
0.000177717,-0.000144203,11943
-0.000758309,0.000615306,11947
0.000592208,-0.000480529,11949
-3.10747e-05,2.52146e-05,11950
0.000158721,-0.000128789,11955
-0.00015932,0.000129275,11957
1.0652e-05,-8.64324e-06,11958
1.27018e-05,-1.03065e-05,11961
-7.84555e-06,6.36604e-06,11962
4.66799e-06,-3.78769e-06,11964
-2.3084e-05,1.87308e-05,11975
0.000140837,-0.000114278,11979
-0.000118033,9.5774e-05,11981
6.79655e-06,-5.51485e-06,11982
-0.000210545,0.00017084,11987
0.00023017,-0.000186765,11989
-1.81308e-05,1.47117e-05,11990
-2.62643e-05,2.13114e-05,11993
1.62538e-05,-1.31887e-05,11994
-9.26457e-06,7.51745e-06,11996
0.000120595,-9.78532e-05,12003
-0.000133951,0.00010869,12005
1.09872e-05,-8.91526e-06,12006
1.86143e-05,-1.5104e-05,12009
-1.17506e-05,9.5347e-06,12010
6.57043e-06,-5.33137e-06,12012
-1.0572e-06,8.57833e-07,12017
7.6386e-07,-6.19811e-07,12018
-4.44343e-07,3.6055e-07,12020
-8.78986e-06,7.13226e-06,12047
9.96983e-05,-8.08971e-05,12055
-0.000337208,0.000273617,12059
0.000258474,-0.000209731,12061
-1.37042e-05,1.11198e-05,12062
-0.000106862,8.67097e-05,12071
0.000472637,-0.000383507,12075
-0.000372498,0.000302252,12077
1.98507e-05,-1.61072e-05,12078
-0.00010576,8.5816e-05,12083
0.000107673,-8.73681e-05,12085
-7.42708e-06,6.02647e-06,12086
-8.97755e-06,7.28456e-06,12089
5.55418e-06,-4.50677e-06,12090
-3.28542e-06,2.66585e-06,12092
1.73495e-05,-1.40777e-05,12103
-0.000111915,9.08096e-05,12107
9.52338e-05,-7.72745e-05,12109
-5.65101e-06,4.58534e-06,12110
0.000183946,-0.000149257,12115
-0.00020534,0.000166617,12117
1.68363e-05,-1.36613e-05,12118
2.47838e-05,-2.01101e-05,12121
-1.55022e-05,1.25788e-05,12122
8.78852e-06,-7.13118e-06,12124
-0.000107341,8.70987e-05,12131
0.000122291,-9.92293e-05,12133
-1.04934e-05,8.51453e-06,12134
-1.81635e-05,1.47382e-05,12137
1.16322e-05,-9.43859e-06,12138
-6.47808e-06,5.25644e-06,12140
1.00823e-06,-8.18099e-07,12145
-7.57763e-07,6.14864e-07,12146
4.44343e-07,-3.60548e-07,12148
-1.08307e-06,8.78827e-07,12167
8.18348e-06,-6.64024e-06,12171
-7.20532e-06,5.84653e-06,12173
4.56415e-07,-3.70344e-07,12174
-1.85883e-05,1.50829e-05,12179
2.16727e-05,-1.75856e-05,12181
-1.93741e-06,1.57205e-06,12182
-3.15061e-06,2.55646e-06,12185
2.0635e-06,-1.67436e-06,12186
-1.15532e-06,9.37446e-07,12188
1.30883e-05,-1.06201e-05,12195
-1.5735e-05,1.27677e-05,12197
1.4948e-06,-1.21291e-06,12198
2.90218e-06,-2.35489e-06,12201
-1.98043e-06,1.60696e-06,12202
1.09565e-06,-8.8903e-07,12204
-1.83157e-07,1.48618e-07,12209
1.60921e-07,-1.30574e-07,12210
-9.89433e-08,8.02843e-08,12212
-6.52948e-07,5.29815e-07,12227
7.70735e-07,-6.2539e-07,12229
-7.67717e-08,6.22945e-08,12230
-1.6674e-07,1.35297e-07,12233
1.29165e-07,-1.04808e-07,12234
-7.21194e-08,5.85188e-08,12236
1.1916e-07,-9.66867e-08,12241
-1.05803e-07,8.58517e-08,12242
6.69663e-08,-5.43376e-08,12244
-7.23147e-08,5.86765e-08,12257
6.20306e-08,-5.0333e-08,12258
-3.86084e-08,3.13283e-08,12260
6.79302e-06,-5.51199e-06,12511
-8.80095e-06,7.14126e-06,12527
4.6855e-06,-3.8019e-06,12535
-5.15196e-06,4.1804e-06,12539
3.28542e-06,-2.66585e-06,12541
-1.86656e-07,1.51456e-07,12542
1.02036e-06,-8.27944e-07,12607
-1.20684e-05,9.79254e-06,12639
1.56178e-05,-1.26726e-05,12655
-8.12601e-06,6.5936e-06,12663
8.74838e-06,-7.09861e-06,12667
-5.55418e-06,4.50677e-06,12669
3.16928e-07,-2.57162e-07,12670
9.54806e-06,-7.74748e-06,12703
-1.55248e-05,1.25971e-05,12719
1.09947e-05,-8.92133e-06,12727
-1.38565e-05,1.12434e-05,12731
8.97755e-06,-7.28456e-06,12733
-4.91551e-07,3.98854e-07,12734
5.32258e-06,-4.31885e-06,12751
-2.95149e-05,2.3949e-05,12759
5.77748e-05,-4.68796e-05,12763
-3.99872e-05,3.24464e-05,12765
2.02705e-06,-1.64479e-06,12766
2.08946e-05,-1.69543e-05,12775
-5.42042e-05,4.39823e-05,12779
3.8718e-05,-3.14165e-05,12781
-1.90129e-06,1.54274e-06,12782
6.61617e-06,-5.36849e-06,12787
-5.91183e-06,4.79697e-06,12789
3.18596e-07,-2.58515e-07,12790
3.20873e-07,-2.60364e-07,12793
-2.12147e-07,1.7214e-07,12794
1.30335e-07,-1.05758e-07,12796
-8.56037e-07,6.94605e-07,12863
1.29465e-05,-1.0505e-05,12895
-1.79175e-05,1.45386e-05,12911
1.04567e-05,-8.48475e-06,12919
-1.16547e-05,9.45682e-06,12923
7.42708e-06,-6.02647e-06,12925
-4.21147e-07,3.41727e-07,12926
-7.83223e-05,6.35522e-05,12959
0.00013407,-0.000108787,12975
-0.000114835,9.31797e-05,12983
0.000162092,-0.000131524,12987
-0.000107673,8.73681e-05,12989
5.85228e-06,-4.74865e-06,12990
-6.53695e-05,5.30421e-05,13007
0.000408553,-0.000331508,13015
-0.000839633,0.000681294,13019
0.000587339,-0.000476578,13021
-2.99933e-05,2.43371e-05,13022
-0.000293929,0.0002385,13031
0.000789531,-0.000640641,13035
-0.000568316,0.000461142,13037
2.81904e-05,-2.28742e-05,13038
-9.42264e-05,7.64571e-05,13043
8.47222e-05,-6.87452e-05,13045
-4.62628e-06,3.75386e-06,13046
-4.57574e-06,3.71284e-06,13049
3.02641e-06,-2.45569e-06,13050
-1.86324e-06,1.51187e-06,13052
6.50802e-05,-5.28073e-05,13087
-0.000113109,9.17785e-05,13103
0.000105506,-8.56095e-05,13111
-0.00015729,0.000127628,13115
0.00010576,-8.5816e-05,13117
-5.72962e-06,4.64912e-06,13118
7.19968e-05,-5.84196e-05,13135
-0.000482286,0.000391336,13143
0.00103038,-0.000836073,13147
-0.000726625,0.000589598,13149
3.72044e-05,-3.01884e-05,13150
0.000355901,-0.000288785,13159
-0.000993619,0.000806242,13163
0.000720931,-0.000584978,13165
-3.59763e-05,2.91918e-05,13166
0.000122304,-9.92401e-05,13171
-0.000111269,9.02858e-05,13173
6.21713e-06,-5.0447e-06,13174
6.22425e-06,-5.05048e-06,13177
-4.08355e-06,3.31347e-06,13178
2.5086e-06,-2.03553e-06,13180
-9.83746e-06,7.9823e-06,13199
9.17793e-05,-7.44715e-05,13207
-0.000252801,0.000205128,13211
0.000185637,-0.000150629,13213
-9.54806e-06,7.74748e-06,13214
-8.69754e-05,7.05735e-05,13223
0.000314858,-0.000255482,13227
-0.000237943,0.000193071,13229
1.21437e-05,-9.85367e-06,13230
-5.30313e-05,4.30306e-05,13235
5.09876e-05,-4.13724e-05,13237
-3.17041e-06,2.57253e-06,13238
-3.55798e-06,2.88702e-06,13241
2.26124e-06,-1.83482e-06,13242
-1.36343e-06,1.10631e-06,13244
6.9424e-06,-5.6332e-06,13255
-3.5556e-05,2.88509e-05,13259
2.85959e-05,-2.32033e-05,13261
-1.55497e-06,1.26174e-06,13262
4.23755e-05,-3.43843e-05,13267
-4.33264e-05,3.51559e-05,13269
3.10599e-06,-2.52026e-06,13270
4.12725e-06,-3.34893e-06,13273
-2.6293e-06,2.13346e-06,13274
1.52413e-06,-1.23671e-06,13276
-2.36694e-05,1.92058e-05,13283
2.41949e-05,-1.96322e-05,13285
-1.77644e-06,1.44144e-06,13286
-2.68618e-06,2.17962e-06,13289
1.75187e-06,-1.4215e-06,13290
-9.96823e-07,8.08841e-07,13292
1.69921e-07,-1.37878e-07,13297
-1.22551e-07,9.94405e-08,13298
7.21171e-08,-5.85171e-08,13300
1.26653e-06,-1.02768e-06,13375
-2.1983e-05,1.78374e-05,13407
3.24539e-05,-2.63337e-05,13423
-2.31578e-05,1.87907e-05,13431
2.99884e-05,-2.43332e-05,13435
-1.98507e-05,1.61072e-05,13437
1.12328e-06,-9.11448e-07,13438
0.000196441,-0.000159396,13471
-0.000345561,0.000280395,13487
0.000343686,-0.000278873,13495
-0.000544633,0.000441926,13499
0.000372498,-0.000302252,13501
-2.04425e-05,1.65875e-05,13502
0.000219771,-0.000178327,13519
-0.00154366,0.00125256,13527
0.00349181,-0.00283332,13531
-0.00250251,0.00203059,13533
0.000130917,-0.000106228,13534
0.00115308,-0.000935635,13543
-0.00341422,0.00277037,13547
0.00251888,-0.00204387,13549
-0.000129317,0.00010493,13550
0.000442692,-0.000359209,13555
-0.000411991,0.000334298,13557
2.44989e-05,-1.98789e-05,13558
2.44989e-05,-1.98789e-05,13561
-1.60879e-05,1.3054e-05,13562
9.81136e-06,-7.96113e-06,13564
-0.000216392,0.000175585,13599
0.000383532,-0.000311206,13615
-0.000409581,0.000332342,13623
0.000683087,-0.00055427,13627
-0.000472637,0.000383507,13629
2.59314e-05,-2.10412e-05,13630
-0.000311411,0.000252685,13647
0.00231741,-0.00188039,13655
-0.00543531,0.00441031,13659
0.00392465,-0.00318453,13661
-0.000206047,0.00016719,13662
-0.00177283,0.00143851,13671
0.00543998,-0.0044141,13675
-0.00404247,0.00328014,13677
0.000208815,-0.000169437,13678
-0.000727972,0.00059069,13683
0.00068387,-0.000554905,13685
-4.13757e-05,3.35731e-05,13686
-4.1757e-05,3.38824e-05,13689
2.72688e-05,-2.21264e-05,13690
-1.66005e-05,1.34699e-05,13692
6.02833e-05,-4.8915e-05,13711
-0.000628219,0.000509749,13719
0.00194106,-0.00157501,13723
-0.00146519,0.00118888,13725
7.83223e-05,-6.35522e-05,13726
0.000626029,-0.000507972,13735
-0.00253144,0.00205406,13739
0.00196536,-0.00159473,13741
-0.000105189,8.53526e-05,13742
0.000477168,-0.000387183,13747
-0.000474242,0.000384809,13749
3.20769e-05,-2.60279e-05,13750
3.61456e-05,-2.93293e-05,13753
-2.31958e-05,1.88215e-05,13754
1.38262e-05,-1.12188e-05,13756
-6.17377e-05,5.00951e-05,13767
0.000354837,-0.000287921,13771
-0.000294575,0.000239024,13773
1.72104e-05,-1.39648e-05,13774
-0.000475532,0.000385856,13779
0.000510489,-0.000414221,13781
-4.08371e-05,3.3136e-05,13782
-5.52986e-05,4.48704e-05,13785
3.64184e-05,-2.95506e-05,13786
-2.08366e-05,1.69073e-05,13788
0.000268758,-0.000218075,13795
-0.0002912,0.000236286,13797
2.41949e-05,-1.96322e-05,13798
3.79635e-05,-3.08043e-05,13801
-2.58348e-05,2.09628e-05,13802
1.45418e-05,-1.17995e-05,13804
-2.32374e-06,1.88553e-06,13809
1.83702e-06,-1.4906e-06,13810
-1.09565e-06,8.89031e-07,13812
3.57189e-05,-2.8983e-05,13855
-6.30996e-05,5.12003e-05,13871
7.61171e-05,-6.17629e-05,13879
-0.000148297,0.000120331,13883
0.000106862,-8.67097e-05,13885
-5.99204e-06,4.86206e-06,13886
6.87842e-05,-5.58128e-05,13903
-0.000603915,0.000490028,13911
0.00165772,-0.0013451,13915
-0.00124052,0.00100658,13917
6.73326e-05,-5.46349e-05,13918
0.000501741,-0.000407122,13927
-0.0018093,0.0014681,13931
0.00139405,-0.00113116,13933
-7.54507e-05,6.12222e-05,13934
0.000289174,-0.000234641,13939
-0.000284548,0.000230888,13941
1.9071e-05,-1.54746e-05,13942
1.9859e-05,-1.61139e-05,13945
-1.28745e-05,1.04466e-05,13946
7.72612e-06,-6.26912e-06,13948
-9.7839e-05,7.93885e-05,13967
0.00121427,-0.000985284,13975
-0.00445303,0.00361327,13979
0.00348967,-0.00283159,13981
-0.000196441,0.000159396,13982
-0.00132991,0.00107912,13991
0.00629986,-0.00511183,13995
-0.00506863,0.00411278,13997
0.000288377,-0.000233995,13998
-0.00143656,0.00116565,14003
0.00149175,-0.00121043,14005
-0.000111765,9.0688e-05,14006
-0.000128716,0.000104442,14009
8.38685e-05,-6.80525e-05,14010
-4.92117e-05,3.99314e-05,14012
0.000192002,-0.000155794,14023
-0.00128354,0.00104149,14027
0.00111009,-0.000900747,14029
-7.08307e-05,5.74734e-05,14030
0.00208236,-0.00168967,14035
-0.00236316,0.00191751,14037
0.000211786,-0.000171847,14038
0.000294021,-0.000238574,14041
-0.000200496,0.000162686,14042
0.000113308,-9.19402e-05,14044
-0.00120661,0.000979066,14051
0.00139527,-0.00113215,14053
-0.000131158,0.000106424,14054
-0.000213635,0.000173348,14057
0.000151306,-0.000122773,14058
-8.44076e-05,6.84899e-05,14060
1.24891e-05,-1.01339e-05,14065
-1.07294e-05,8.70601e-06,14066
6.47808e-06,-5.25644e-06,14068
5.81321e-05,-4.71695e-05,14095
-0.000739877,0.00060035,14103
0.0028133,-0.00228276,14107
-0.00222476,0.00180521,14109
0.000127192,-0.000103206,14110
0.000829558,-0.000673119,14119
-0.00407,0.00330247,14123
0.0033039,-0.00268085,14125
-0.000191279,0.000155207,14126
0.000991417,-0.000804455,14131
-0.00104323,0.000846497,14133
8.05879e-05,-6.53905e-05,14134
9.38733e-05,-7.61706e-05,14137
-6.16264e-05,5.00049e-05,14138
3.59746e-05,-2.91905e-05,14140
-0.000150365,0.000122009,14151
0.00105507,-0.000856102,14155
-0.00092523,0.00075075,14157
6.0805e-05,-4.93383e-05,14158
-0.00186997,0.00151733,14163
0.00215927,-0.00175207,14165
-0.000200284,0.000162514,14166
-0.000281432,0.000228359,14169
0.000194584,-0.00015789,14170
-0.000109607,8.89374e-05,14172
0.00110423,-0.000895994,14179
-0.00130356,0.00105773,14181
0.000127246,-0.00010325,14182
0.000210574,-0.000170864,14185
-0.000151572,0.000122988,14186
8.44076e-05,-6.84899e-05,14188
-1.20994e-05,9.81771e-06,14193
1.07913e-05,-8.7563e-06,14194
-6.57043e-06,5.33137e-06,14196
9.24126e-06,-7.49854e-06,14215
-7.66143e-05,6.21663e-05,14219
6.9737e-05,-5.65859e-05,14221
-4.94465e-06,4.01219e-06,14222
0.000189696,-0.000153923,14227
-0.000228465,0.000185381,14229
2.3141e-05,-1.8777e-05,14230
3.57879e-05,-2.9039e-05,14233
-2.62908e-05,2.13329e-05,14234
1.47099e-05,-1.19359e-05,14236
-0.000135952,0.000110314,14243
0.000168767,-0.000136941,14245
-1.8222e-05,1.47857e-05,14246
-3.36205e-05,2.72803e-05,14249
2.61138e-05,-2.11893e-05,14250
-1.45418e-05,1.17995e-05,14252
2.2288e-06,-1.80849e-06,14257
-2.32681e-06,1.88802e-06,14258
1.48507e-06,-1.20501e-06,14260
-8.31266e-06,6.74505e-06,14277
9.48396e-07,-7.69548e-07,14278
1.97365e-06,-1.60146e-06,14281
-1.75864e-06,1.42699e-06,14282
9.96822e-07,-8.0884e-07,14284
-1.41116e-06,1.14504e-06,14289
1.46116e-06,-1.18562e-06,14290
-9.50785e-07,7.71484e-07,14292
8.55303e-07,-6.94009e-07,14305
-8.51869e-07,6.91222e-07,14306
5.43629e-07,-4.4111e-07,14308
-7.80883e-07,6.33624e-07,14399
1.37042e-05,-1.11198e-05,14431
-2.04572e-05,1.65994e-05,14447
1.51797e-05,-1.23171e-05,14455
-2.04572e-05,1.65994e-05,14459
1.37042e-05,-1.11198e-05,14461
-7.80883e-07,6.33624e-07,14462
-0.000127192,0.000103206,14495
0.000224541,-0.000182197,14511
-0.000229105,0.0001859,14519
0.000374398,-0.000303794,14523
-0.000258474,0.000209731,14525
1.4321e-05,-1.16203e-05,14526
-0.000147809,0.000119935,14543
0.00106682,-0.000865639,14551
-0.00249581,0.00202514,14555
0.00180612,-0.00146552,14557
-9.59276e-05,7.78375e-05,14558
-0.000806156,0.000654131,14567
0.00247434,-0.00200772,14571
-0.00184434,0.00149653,14573
9.65845e-05,-7.83706e-05,14574
-0.000333135,0.000270312,14579
0.000314676,-0.000255334,14581
-1.9525e-05,1.5843e-05,14582
-1.9525e-05,1.5843e-05,14585
1.28856e-05,-1.04557e-05,14586
-7.81354e-06,6.34006e-06,14588
0.000144148,-0.000116965,14623
-0.000256026,0.000207745,14639
0.000280059,-0.000227245,14647
-0.000482537,0.00039154,14651
0.000337208,-0.000273617,14653
-1.87065e-05,1.51788e-05,14654
0.000214575,-0.00017411,14671
-0.00164007,0.00133078,14679
0.00398039,-0.00322977,14683
-0.0029024,0.00235506,14685
0.000154833,-0.000125634,14686
0.00126892,-0.00102963,14695
-0.0040354,0.0032744,14699
0.00302946,-0.00245817,14701
-0.000159703,0.000129586,14702
0.000559632,-0.000454097,14707
-0.000533135,0.000432596,14709
3.3586e-05,-2.72524e-05,14710
3.38234e-05,-2.7445e-05,14713
-2.22172e-05,1.80275e-05,14714
1.34529e-05,-1.0916e-05,14716
-4.47609e-05,3.63198e-05,14735
0.000483108,-0.000392004,14743
-0.00155783,0.00126406,14747
0.00118954,-0.000965214,14749
-6.50802e-05,5.28073e-05,14750
-0.000489232,0.000396972,14759
0.00206132,-0.00167259,14763
-0.00161874,0.00131348,14765
8.9009e-05,-7.22236e-05,14766
-0.000404522,0.000328237,14771
0.00040778,-0.00033088,14773
-2.87768e-05,2.33501e-05,14774
-3.2225e-05,2.6148e-05,14777
2.09707e-05,-1.7016e-05,14778
-1.24292e-05,1.00853e-05,14780
5.08084e-05,-4.12269e-05,14791
-0.000304688,0.00024723,14795
0.00025641,-0.000208056,14797
-1.55675e-05,1.26318e-05,14798
0.000426838,-0.000346345,14803
-0.000466979,0.000378916,14805
3.94028e-05,-3.19722e-05,14806
5.30809e-05,-4.30709e-05,14809
-3.60371e-05,2.92412e-05,14810
2.05207e-05,-1.66509e-05,14812
-0.000242736,0.000196961,14819
0.000268758,-0.000218075,14821
-2.36694e-05,1.92058e-05,14822
-3.7105e-05,3.01077e-05,14825
2.62032e-05,-2.12618e-05,14826
-1.47099e-05,1.19359e-05,14828
2.28068e-06,-1.85059e-06,14833
-1.91462e-06,1.55356e-06,14834
1.15532e-06,-9.37445e-07,14836
-3.05718e-05,2.48066e-05,14879
5.39498e-05,-4.37759e-05,14895
-6.67476e-05,5.41603e-05,14903
0.000136433,-0.000110705,14907
-9.96983e-05,8.08971e-05,14909
5.69547e-06,-4.62142e-06,14910
-6.10148e-05,4.95086e-05,14927
0.000556384,-0.000451461,14935
-0.00159768,0.00129639,14939
0.00121008,-0.000981879,14941
-6.71669e-05,5.45005e-05,14942
-0.000469945,0.000381323,14951
0.00177117,-0.00143716,14955
-0.00138103,0.0011206,14957
7.67541e-05,-6.22798e-05,14958
-0.000294557,0.000239009,14963
0.000294014,-0.000238568,14965
-2.05561e-05,1.66796e-05,14966
-2.12643e-05,1.72543e-05,14969
1.39533e-05,-1.1322e-05,14970
-8.32643e-06,6.75622e-06,14972
9.57305e-05,-7.76776e-05,14991
-0.00123422,0.00100147,14999
0.00471613,-0.00382676,15003
-0.00373806,0.00303313,15005
0.000216392,-0.000175585,15006
0.00137307,-0.00111413,15015
-0.00675087,0.00547778,15019
0.00549155,-0.00445595,15021
-0.000322178,0.000261422,15022
0.00159582,-0.00129488,15027
-0.00167926,0.00136258,15029
0.00013133,-0.000106563,15030
0.000149748,-0.000121509,15033
-9.9704e-05,8.09018e-05,15034
5.81963e-05,-4.72216e-05,15036
-0.000207495,0.000168365,15047
0.00143721,-0.00116618,15051
-0.00125902,0.0010216,15053
8.36519e-05,-6.78768e-05,15054
-0.00242861,0.00197062,15059
0.00279866,-0.00227089,15061
-0.000263507,0.000213814,15062
-0.00036136,0.000293215,15065
0.000255675,-0.00020746,15066
-0.000144105,0.00011693,15068
0.0014174,-0.00115011,15075
-0.00166637,0.00135212,15077
0.000165006,-0.000133889,15078
0.000265884,-0.000215743,15081
-0.000196526,0.000159465,15082
0.000109607,-8.89374e-05,15084
-1.57221e-05,1.27572e-05,15089
1.43679e-05,-1.16584e-05,15090
-8.78853e-06,7.13118e-06,15092
-5.81321e-05,4.71695e-05,15119
0.000770538,-0.00062523,15127
-0.00305733,0.00248078,15131
0.00244654,-0.00198517,15133
-0.000144148,0.000116965,15134
-0.000878851,0.000713117,15143
0.00447802,-0.00363355,15147
-0.0036767,0.00298335,15149
0.000219926,-0.000178452,15150
-0.00113313,0.00091944,15155
0.00120879,-0.000980835,15157
-9.76559e-05,7.92399e-05,15158
-0.000112555,9.13296e-05,15161
7.57404e-05,-6.14572e-05,15162
-4.39845e-05,3.56899e-05,15164
0.000167404,-0.000135835,15175
-0.00121655,0.000987134,15179
0.00108101,-0.00087715,15181
-7.41323e-05,6.01523e-05,15182
0.00224813,-0.00182418,15187
-0.00263521,0.00213826,15189
0.000257021,-0.000208552,15190
0.00035618,-0.000289011,15193
-0.000256352,0.000208009,15194
0.000144105,-0.00011693,15196
-0.00133841,0.00108601,15203
0.00160528,-0.00130256,15205
-0.000165147,0.000134003,15206
-0.000269797,0.000218919,15209
0.000203353,-0.000165005,15210
-0.000113308,9.19402e-05,15212
1.57537e-05,-1.27829e-05,15217
-1.50006e-05,1.21718e-05,15218
9.26457e-06,-7.51745e-06,15220
-1.03928e-05,8.43293e-06,15239
9.0221e-05,-7.3207e-05,15243
-8.3538e-05,6.77843e-05,15245
6.25075e-06,-5.07198e-06,15246
-0.000236214,0.000191669,15251
0.000289237,-0.000234692,15253
-3.10441e-05,2.51897e-05,15254
-4.72964e-05,3.83772e-05,15257
3.66504e-05,-2.97389e-05,15258
-2.05207e-05,1.66509e-05,15260
0.000171817,-0.000139415,15267
-0.000216822,0.000175934,15269
2.48527e-05,-2.0166e-05,15270
4.51828e-05,-3.66622e-05,15273
-3.72649e-05,3.02375e-05,15274
2.08366e-05,-1.69072e-05,15276
-3.10918e-06,2.52285e-06,15281
3.51287e-06,-2.85041e-06,15282
-2.2837e-06,1.85303e-06,15284
1.1002e-05,-8.92722e-06,15301
-1.34759e-06,1.09346e-06,15302
-2.78162e-06,2.25706e-06,15305
2.66287e-06,-2.1607e-06,15306
-1.52413e-06,1.23671e-06,15308
1.98476e-06,-1.61048e-06,15313
-2.24938e-06,1.82519e-06,15314
1.49778e-06,-1.21533e-06,15316
-1.19747e-06,9.71645e-07,15329
1.30351e-06,-1.05769e-06,15330
-8.5187e-07,6.91222e-07,15332
2.17236e-06,-1.76269e-06,15391
-3.79252e-06,3.07732e-06,15407
4.97015e-06,-4.03288e-06,15415
-1.1586e-05,9.40109e-06,15419
8.78986e-06,-7.13226e-06,15421
-5.29114e-07,4.29335e-07,15422
4.97015e-06,-4.03288e-06,15439
-5.04832e-05,4.09631e-05,15447
0.00016321,-0.000132431,15451
-0.000127499,0.000103455,15453
7.51351e-06,-6.09661e-06,15454
4.48316e-05,-3.63773e-05,15463
-0.000189655,0.00015389,15467
0.000152551,-0.000123783,15469
-9.10601e-06,7.38879e-06,15470
3.56856e-05,-2.8956e-05,15475
-3.70942e-05,3.00989e-05,15477
2.91962e-06,-2.36904e-06,15478
2.99748e-06,-2.43221e-06,15481
-2.05605e-06,1.66832e-06,15482
1.20652e-06,-9.78992e-07,15484
-1.1586e-05,9.40109e-06,15503
0.00016321,-0.000132431,15511
-0.000693857,0.000563009,15515
0.000567871,-0.000460781,15517
-3.57189e-05,2.8983e-05,15518
-0.000189655,0.00015389,15527
0.00102943,-0.000835297,15531
-0.000864489,0.000701463,15533
5.55359e-05,-4.50629e-05,15534
-0.000277681,0.000225316,15539
0.000304952,-0.000247444,15541
-2.71888e-05,2.20615e-05,15542
-3.05387e-05,2.47797e-05,15545
2.18776e-05,-1.77519e-05,15546
-1.25801e-05,1.02077e-05,15548
3.56856e-05,-2.8956e-05,15559
-0.000277681,0.000225316,15563
0.000254093,-0.000206176,15565
-1.92176e-05,1.55935e-05,15566
0.000557424,-0.000452304,15571
-0.000675228,0.000547893,15573
7.37527e-05,-5.98443e-05,15574
9.88792e-05,-8.02325e-05,15577
-7.83767e-05,6.35964e-05,15578
4.39845e-05,-3.56899e-05,15580
-0.000336909,0.000273374,15587
0.000417905,-0.000339096,15589
-4.8336e-05,3.92207e-05,15590
-7.6503e-05,6.2076e-05,15593
6.42818e-05,-5.21595e-05,15594
-3.59746e-05,2.91905e-05,15596
4.6855e-06,-3.8019e-06,15601
-5.15196e-06,4.1804e-06,15602
3.28542e-06,-2.66585e-06,15604
8.78986e-06,-7.13226e-06,15631
-0.000127499,0.000103455,15639
0.000567871,-0.000460781,15643
-0.000471133,0.000382287,15645
3.05718e-05,-2.48066e-05,15646
0.000152551,-0.000123783,15655
-0.000864489,0.000701463,15659
0.000735487,-0.000596789,15661
-4.87873e-05,3.95869e-05,15662
0.000254093,-0.000206176,15667
-0.000284026,0.000230464,15669
2.64638e-05,-2.14732e-05,15670
3e-05,-2.43426e-05,15673
-2.19799e-05,1.78349e-05,15674
1.25801e-05,-1.02077e-05,15676
-3.70942e-05,3.00989e-05,15687
0.000304952,-0.000247444,15691
-0.000284026,0.000230464,15693
2.24031e-05,-1.81783e-05,15694
-0.000675228,0.000547893,15699
0.000831915,-0.000675032,15701
-9.44711e-05,7.66557e-05,15702
-0.000127482,0.000103441,15705
0.000103752,-8.41865e-05,15706
-5.81963e-05,4.72216e-05,15708
0.000417905,-0.000339096,15715
-0.000528034,0.000428457,15717
6.35843e-05,-5.15935e-05,15718
0.000101515,-8.23713e-05,15721
-8.77983e-05,7.12413e-05,15722
4.92117e-05,-3.99314e-05,15724
-6.2598e-06,5.07932e-06,15729
7.22925e-06,-5.86595e-06,15730
-4.66798e-06,3.78769e-06,15732
2.99748e-06,-2.43221e-06,15751
-3.05387e-05,2.47797e-05,15755
3e-05,-2.43426e-05,15757
-2.66802e-06,2.16489e-06,15758
9.88792e-05,-8.02325e-05,15763
-0.000127482,0.000103441,15765
1.62358e-05,-1.31741e-05,15766
2.40927e-05,-1.95493e-05,15769
-2.20015e-05,1.78525e-05,15770
1.24292e-05,-1.00853e-05,15772
-7.6503e-05,6.2076e-05,15779
0.000101515,-8.23713e-05,15781
-1.38614e-05,1.12474e-05,15782
-2.45864e-05,1.99499e-05,15785
2.4275e-05,-1.96972e-05,15786
-1.38262e-05,1.12188e-05,15788
1.9456e-06,-1.57869e-06,15793
-2.75318e-06,2.23398e-06,15794
1.89177e-06,-1.53502e-06,15796
-6.2598e-06,5.07932e-06,15813
9.46003e-07,-7.67605e-07,15814
1.9456e-06,-1.57869e-06,15817
-2.29961e-06,1.86595e-06,15818
1.36343e-06,-1.10631e-06,15820
-1.39539e-06,1.13225e-06,15825
2.10708e-06,-1.70972e-06,15826
-1.52034e-06,1.23364e-06,15828
8.21591e-07,-6.66654e-07,15841
-1.19747e-06,9.71646e-07,15842
8.55303e-07,-6.94009e-07,15844
-9.10601e-06,7.38879e-06,15911
5.55359e-05,-4.50629e-05,15915
-4.87873e-05,3.95869e-05,15917
3.55633e-06,-2.88567e-06,15918
-1.92176e-05,1.55935e-05,15923
2.24031e-05,-1.81783e-05,15925
-2.34475e-06,1.90258e-06,15926
-2.66802e-06,2.16488e-06,15929
2.12006e-06,-1.72026e-06,15930
-1.20652e-06,9.78992e-07,15932
2.91962e-06,-2.36904e-06,15943
-2.71888e-05,2.20615e-05,15947
2.64638e-05,-2.14732e-05,15949
-2.34475e-06,1.90258e-06,15950
7.37527e-05,-5.98443e-05,15955
-9.44711e-05,7.66557e-05,15957
1.20056e-05,-9.74161e-06,15958
1.62358e-05,-1.31741e-05,15961
-1.47362e-05,1.19572e-05,15962
8.32643e-06,-6.75622e-06,15964
-4.8336e-05,3.92207e-05,15971
6.35843e-05,-5.15935e-05,15973
-8.62285e-06,6.99675e-06,15974
-1.38614e-05,1.12474e-05,15977
1.35779e-05,-1.10174e-05,15978
-7.72612e-06,6.26912e-06,15980
9.46004e-07,-7.67605e-07,15985
-1.31376e-06,1.06601e-06,15986
8.93788e-07,-7.25236e-07,15988
-2.05605e-06,1.66832e-06,16007
2.18776e-05,-1.77519e-05,16011
-2.19799e-05,1.78349e-05,16013
2.12006e-06,-1.72026e-06,16014
-7.83767e-05,6.35964e-05,16019
0.000103752,-8.41865e-05,16021
-1.47362e-05,1.19572e-05,16022
-2.20015e-05,1.78525e-05,16025
2.3293e-05,-1.89004e-05,16026
-1.34529e-05,1.0916e-05,16028
6.42818e-05,-5.21595e-05,16035
-8.77983e-05,7.12413e-05,16037
1.35779e-05,-1.10174e-05,16038
2.4275e-05,-1.96972e-05,16041
-2.8293e-05,2.29575e-05,16042
1.66005e-05,-1.34699e-05,16044
-2.29961e-06,1.86595e-06,16049
4.03149e-06,-3.27122e-06,16050
-2.94728e-06,2.39148e-06,16052
7.22925e-06,-5.86595e-06,16069
-1.31376e-06,1.06601e-06,16070
-2.75318e-06,2.23398e-06,16073
4.03149e-06,-3.27123e-06,16074
-2.5086e-06,2.03553e-06,16076
2.10708e-06,-1.70972e-06,16081
-4.38136e-06,3.55512e-06,16082
3.48425e-06,-2.82719e-06,16084
-1.19746e-06,9.71646e-07,16097
2.4703e-06,-2.00445e-06,16098
-1.97888e-06,1.6057e-06,16100
1.20652e-06,-9.78993e-07,16135
-1.25801e-05,1.02077e-05,16139
1.25801e-05,-1.02077e-05,16141
-1.20652e-06,9.78992e-07,16142
4.39845e-05,-3.56899e-05,16147
-5.81963e-05,4.72216e-05,16149
8.32643e-06,-6.75622e-06,16150
1.24292e-05,-1.00853e-05,16153
-1.34529e-05,1.0916e-05,16154
7.81354e-06,-6.34006e-06,16156
-3.59746e-05,2.91905e-05,16163
4.92117e-05,-3.99314e-05,16165
-7.72612e-06,6.26912e-06,16166
-1.38262e-05,1.12188e-05,16169
1.66005e-05,-1.34699e-05,16170
-9.81136e-06,7.96112e-06,16172
1.36343e-06,-1.10631e-06,16177
-2.5086e-06,2.03553e-06,16178
1.86324e-06,-1.51187e-06,16180
-4.66798e-06,3.78769e-06,16197
8.93788e-07,-7.25237e-07,16198
1.89177e-06,-1.53502e-06,16201
-2.94728e-06,2.39148e-06,16202
1.86324e-06,-1.51187e-06,16204
-1.52034e-06,1.23364e-06,16209
3.48425e-06,-2.82719e-06,16210
-2.85305e-06,2.31502e-06,16212
8.55304e-07,-6.94011e-07,16225
-1.97888e-06,1.6057e-06,16226
1.64427e-06,-1.33419e-06,16228
2.672e-07,-2.16811e-07,16261
-5.28961e-08,4.29207e-08,16262
-1.21233e-07,9.83705e-08,16265
2.00999e-07,-1.63096e-07,16266
-1.30334e-07,1.05757e-07,16268
1.17592e-07,-9.5417e-08,16273
-3.12615e-07,2.53662e-07,16274
2.69441e-07,-2.1863e-07,16276
-7.23122e-08,5.8677e-08,16289
2.06747e-07,-1.67759e-07,16290
-1.84318e-07,1.49561e-07,16292
8.75608e-09,-7.10539e-09,16324
-1.42351e-08,1.15499e-08,16767
2.11375e-08,-1.71521e-08,16831
-1.40937e-07,1.14358e-07,16863
1.60952e-07,-1.30599e-07,16879
-5.58726e-08,4.53364e-08,16887
4.60489e-08,-3.73648e-08,16891
-2.75084e-08,2.232e-08,16893
1.6507e-09,-1.33972e-09,16894
2.11952e-08,-1.71985e-08,17023
-4.21762e-07,3.42226e-07,17087
2.9421e-06,-2.38728e-06,17119
-3.21718e-06,2.61048e-06,17135
1.00823e-06,-8.181e-07,17143
-7.57762e-07,6.14864e-07,17147
4.44344e-07,-3.60548e-07,17149
-2.77638e-08,2.25277e-08,17150
4.88814e-07,-3.96632e-07,17215
-4.2434e-06,3.44318e-06,17247
4.80069e-06,-3.89537e-06,17263
-1.625e-06,1.31855e-06,17271
1.28871e-06,-1.04568e-06,17275
-7.63859e-07,6.1981e-07,17277
4.68183e-08,-3.79894e-08,17278
1.90129e-06,-1.54274e-06,17311
-2.86736e-06,2.32663e-06,17327
1.56901e-06,-1.27312e-06,17335
-1.68887e-06,1.37038e-06,17339
1.0572e-06,-8.57833e-07,17341
-5.90631e-08,4.79239e-08,17342
6.74103e-07,-5.46981e-07,17359
-3.01925e-06,2.44988e-06,17367
5.27455e-06,-4.27987e-06,17371
-3.57085e-06,2.89746e-06,17373
1.80742e-07,-1.46657e-07,17374
2.02705e-06,-1.64479e-06,17383
-4.72535e-06,3.83424e-06,17387
3.30969e-06,-2.68555e-06,17389
-1.60951e-07,1.30599e-07,17390
5.5477e-07,-4.50152e-07,17395
-4.84336e-07,3.93e-07,17397
2.50131e-08,-2.02959e-08,17398
2.48872e-08,-2.01936e-08,17401
-1.6709e-08,1.35582e-08,17402
1.02761e-08,-8.33746e-09,17404
-1.4706e-07,1.19328e-07,17535
3.07521e-06,-2.49528e-06,17599
-2.63649e-05,2.1393e-05,17631
3.09153e-05,-2.50852e-05,17647
-1.20994e-05,9.81771e-06,17655
1.07913e-05,-8.75631e-06,17659
-6.57043e-06,5.33137e-06,17661
3.89053e-07,-3.15686e-07,17662
-4.4401e-06,3.60279e-06,17727
4.55305e-05,-3.69443e-05,17759
-5.4323e-05,4.40787e-05,17775
2.16693e-05,-1.75829e-05,17783
-1.93271e-05,1.56824e-05,17787
1.17506e-05,-9.5347e-06,17789
-6.95085e-07,5.64006e-07,17790
-2.81904e-05,2.28742e-05,17823
4.3872e-05,-3.55986e-05,17839
-2.62768e-05,2.13215e-05,17847
2.95179e-05,-2.39514e-05,17851
-1.86143e-05,1.5104e-05,17853
1.02943e-06,-8.35296e-07,17854
-1.22326e-05,9.92581e-06,17871
5.86489e-05,-4.75888e-05,17879
-0.000104565,8.48464e-05,17883
7.09132e-05,-5.75404e-05,17885
-3.57085e-06,2.89745e-06,17886
-3.99872e-05,3.24464e-05,17895
9.47984e-05,-7.69212e-05,17899
-6.64487e-05,5.39177e-05,17901
3.21718e-06,-2.61048e-06,17902
-1.11e-05,9.00677e-06,17907
9.70876e-06,-7.87787e-06,17909
-5.00924e-07,4.06459e-07,17910
-5.02107e-07,4.0742e-07,17913
3.36138e-07,-2.72751e-07,17914
-2.06748e-07,1.67758e-07,17916
1.97691e-06,-1.6041e-06,17983
-2.75254e-05,2.23347e-05,18015
3.61335e-05,-2.93194e-05,18031
-1.7822e-05,1.44611e-05,18039
1.7713e-05,-1.43727e-05,18043
-1.09872e-05,8.91526e-06,18045
6.32881e-07,-5.13533e-07,18046
0.000129317,-0.00010493,18079
-0.000214879,0.000174357,18095
0.000160458,-0.000130199,18103
-0.000206105,0.000167238,18107
0.000133951,-0.00010869,18109
-7.30777e-06,5.92966e-06,18110
8.83361e-05,-7.16777e-05,18127
-0.000499008,0.000404905,18135
0.000960377,-0.000779268,18139
-0.000662051,0.000537201,18141
3.35965e-05,-2.72609e-05,18142
0.000350847,-0.000284684,18151
-0.000886781,0.000719551,18155
0.000629949,-0.000511153,18157
-3.09153e-05,2.50852e-05,18158
0.000103223,-8.37571e-05,18163
-9.15725e-05,7.43037e-05,18165
4.86941e-06,-3.95113e-06,18166
4.81915e-06,-3.91035e-06,18169
-3.2137e-06,2.60766e-06,18170
1.97888e-06,-1.6057e-06,18172
-9.65845e-05,7.83706e-05,18207
0.000163628,-0.000132771,18223
-0.000134084,0.000108798,18231
0.000182995,-0.000148486,18235
-0.000120595,9.78532e-05,18237
6.54806e-06,-5.31322e-06,18238
-8.85115e-05,7.18199e-05,18255
0.0005421,-0.00043987,18263
-0.00109074,0.00088505,18267
0.000759136,-0.000615978,18269
-3.86482e-05,3.13599e-05,18270
-0.000391513,0.000317681,18279
0.00103386,-0.000838897,18283
-0.000741263,0.000601475,18285
3.6644e-05,-2.97336e-05,18286
-0.000123834,0.000100481,18291
0.000111336,-9.03401e-05,18293
-6.081e-06,4.93424e-06,18294
-6.081e-06,4.93424e-06,18297
4.01929e-06,-3.26133e-06,18298
-2.4703e-06,2.00445e-06,18300
1.03928e-05,-8.43293e-06,18319
-9.0221e-05,7.3207e-05,18327
0.000236214,-0.000191669,18331
-0.000171817,0.000139415,18333
8.80095e-06,-7.14126e-06,18334
8.3538e-05,-6.77843e-05,18343
-0.000289237,0.000234692,18347
0.000216822,-0.000175934,18349
-1.1002e-05,8.92722e-06,18350
4.72964e-05,-3.83772e-05,18355
-4.51828e-05,3.66622e-05,18357
2.78162e-06,-2.25706e-06,18358
3.10918e-06,-2.52285e-06,18361
-1.98476e-06,1.61048e-06,18362
1.19747e-06,-9.71646e-07,18364
-6.25075e-06,5.07198e-06,18375
3.10441e-05,-2.51897e-05,18379
-2.48527e-05,2.0166e-05,18381
1.34759e-06,-1.09346e-06,18382
-3.66504e-05,2.97389e-05,18387
3.72649e-05,-3.02375e-05,18389
-2.66287e-06,2.1607e-06,18390
-3.51288e-06,2.85041e-06,18393
2.24938e-06,-1.82519e-06,18394
-1.30351e-06,1.05769e-06,18396
2.05207e-05,-1.66509e-05,18403
-2.08366e-05,1.69073e-05,18405
1.52413e-06,-1.2367e-06,18406
2.28369e-06,-1.85303e-06,18409
-1.49779e-06,1.21533e-06,18410
8.51867e-07,-6.91221e-07,18412
-1.45748e-07,1.18264e-07,18417
1.05413e-07,-8.55338e-08,18418
-6.20314e-08,5.03332e-08,18420
1.65869e-07,-1.34589e-07,18559
-3.33355e-06,2.70491e-06,18623
3.03296e-05,-2.461e-05,18655
-3.6644e-05,2.97336e-05,18671
1.57537e-05,-1.27829e-05,18679
-1.50006e-05,1.21718e-05,18683
9.26457e-06,-7.51746e-06,18685
-5.40791e-07,4.38809e-07,18686
4.96298e-06,-4.02706e-06,18751
-5.31965e-05,4.31647e-05,18783
6.49907e-05,-5.27347e-05,18799
-2.80139e-05,2.2731e-05,18807
2.64022e-05,-2.14232e-05,18811
-1.62538e-05,1.31887e-05,18813
9.50652e-07,-7.71378e-07,18814
3.59763e-05,-2.91919e-05,18847
-5.67441e-05,4.60432e-05,18863
3.56606e-05,-2.89357e-05,18871
-4.13494e-05,3.35517e-05,18875
2.62643e-05,-2.13114e-05,18877
-1.44878e-06,1.17557e-06,18878
1.67917e-05,-1.36251e-05,18895
-8.38921e-05,6.80717e-05,18903
0.000153377,-0.000124453,18907
-0.000104565,8.48464e-05,18909
5.27456e-06,-4.27987e-06,18910
5.77748e-05,-4.68796e-05,18919
-0.00014029,0.000113834,18923
9.88073e-05,-8.01742e-05,18925
-4.80069e-06,3.89537e-06,18926
1.65702e-05,-1.34454e-05,18931
-1.45681e-05,1.18209e-05,18933
7.59275e-07,-6.16092e-07,18934
7.61196e-07,-6.1765e-07,18937
-5.08211e-07,4.12373e-07,18938
3.12616e-07,-2.53662e-07,18940
-2.90614e-06,2.3581e-06,19007
4.15256e-05,-3.36947e-05,19039
-5.5287e-05,4.48609e-05,19055
2.84522e-05,-2.30867e-05,19063
-2.90546e-05,2.35754e-05,19067
1.81308e-05,-1.47117e-05,19069
-1.04052e-06,8.44295e-07,19070
-0.000208815,0.000169437,19103
0.000349566,-0.000283645,19119
-0.000269266,0.000218487,19127
0.000352686,-0.000286177,19131
-0.00023017,0.000186765,19133
1.25442e-05,-1.01786e-05,19134
-0.000149166,0.000121036,19151
0.000861096,-0.00069871,19159
-0.00167754,0.00136119,19163
0.00115916,-0.000940565,19165
-5.88513e-05,4.77531e-05,19166
-0.00060808,0.000493408,19175
0.00155368,-0.00126069,19179
-0.00110587,0.000897325,19181
5.4323e-05,-4.40787e-05,19182
-0.000181297,0.000147108,19187
0.000161083,-0.000130706,19189
-8.58245e-06,6.96397e-06,19190
-8.49028e-06,6.88917e-06,19193
5.65606e-06,-4.58944e-06,19194
-3.48425e-06,2.82719e-06,19196
0.000159703,-0.000129586,19231
-0.000272296,0.000220946,19247
0.000229476,-0.000186201,19255
-0.000318433,0.000258383,19259
0.000210545,-0.00017084,19261
-1.14205e-05,9.26684e-06,19262
0.000152349,-0.000123619,19279
-0.000949565,0.000770495,19287
0.0019282,-0.00156458,19291
-0.00134409,0.00109062,19293
6.84152e-05,-5.55134e-05,19294
0.000688175,-0.000558399,19303
-0.00183157,0.00148617,19307
0.00131478,-0.00106684,19309
-6.49907e-05,5.27347e-05,19310
0.000219684,-0.000178256,19315
-0.000197624,0.000160356,19317
1.07889e-05,-8.75431e-06,19318
1.07889e-05,-8.75431e-06,19321
-7.12502e-06,5.78138e-06,19322
4.38136e-06,-3.55512e-06,19324
-1.82471e-05,1.4806e-05,19343
0.000160128,-0.000129931,19351
-0.000420404,0.000341124,19355
0.000305692,-0.000248044,19357
-1.56178e-05,1.26726e-05,19358
-0.000148567,0.00012055,19367
0.000514903,-0.000417802,19371
-0.000385705,0.000312968,19373
1.95067e-05,-1.58281e-05,19374
-8.39241e-05,6.80977e-05,19379
8.00168e-05,-6.49272e-05,19381
-4.89277e-06,3.97009e-06,19382
-5.47321e-06,4.44107e-06,19385
3.48866e-06,-2.83077e-06,19386
-2.10708e-06,1.70972e-06,19388
1.11303e-05,-9.03131e-06,19399
-5.50309e-05,4.46532e-05,19403
4.39521e-05,-3.56636e-05,19405
-2.36633e-06,1.92009e-06,19406
6.44268e-05,-5.22772e-05,19411
-6.52401e-05,5.29371e-05,19413
4.60756e-06,-3.73867e-06,19414
6.07693e-06,-4.93094e-06,19417
-3.87526e-06,3.14446e-06,19418
2.24938e-06,-1.82519e-06,19420
-3.60371e-05,2.92412e-05,19427
3.64184e-05,-2.95506e-05,19429
-2.6293e-06,2.13346e-06,19430
-3.9316e-06,3.19018e-06,19433
2.5652e-06,-2.08145e-06,19434
-1.46116e-06,1.18562e-06,19436
2.51316e-07,-2.03922e-07,19441
-1.7999e-07,1.46048e-07,19442
1.05802e-07,-8.58498e-08,19444
6.02067e-07,-4.88528e-07,19519
-9.96417e-06,8.08512e-06,19551
1.41467e-05,-1.14789e-05,19567
-8.91564e-06,7.23432e-06,19575
1.05198e-05,-8.536e-06,19579
-6.79655e-06,5.51485e-06,19581
3.846e-07,-3.12072e-07,19582
7.54507e-05,-6.12222e-05,19615
-0.000130611,0.00010598,19631
0.000119167,-9.66947e-05,19639
-0.000175872,0.000142706,19643
0.000118033,-9.5774e-05,19645
-6.42542e-06,5.21371e-06,19646
7.43879e-05,-6.03598e-05,19663
-0.000489053,0.000396827,19671
0.00104059,-0.000844357,19675
-0.00073366,0.000595306,19677
3.7681e-05,-3.05751e-05,19678
0.000357717,-0.000290259,19687
-0.000995346,0.000807643,19691
0.000722201,-0.000586008,19693
-3.61335e-05,2.93194e-05,19694
0.000122304,-9.92401e-05,19699
-0.000111269,9.02858e-05,19701
6.22425e-06,-5.05048e-06,19702
6.21713e-06,-5.0447e-06,19705
-4.08355e-06,3.31347e-06,19706
2.5086e-06,-2.03553e-06,19708
-7.67541e-05,6.22798e-05,19743
0.000134527,-0.000109158,19759
-0.000133203,0.000108084,19767
0.000207388,-0.000168279,19771
-0.000140837,0.000114278,19773
7.64433e-06,-6.20276e-06,19774
-9.92491e-05,8.05326e-05,19791
0.00069543,-0.000564285,19799
-0.00153548,0.00124592,19803
0.00109078,-0.000885082,19805
-5.61372e-05,4.55508e-05,19806
-0.000521249,0.000422951,19815
0.00150445,-0.00122074,19819
-0.00109962,0.000892257,19821
5.5287e-05,-4.48609e-05,19822
-0.000190662,0.000154707,19827
0.000175224,-0.00014218,19829
-9.98392e-06,8.10115e-06,19830
-1.00847e-05,8.18289e-06,19833
6.57365e-06,-5.33399e-06,19834
-4.03149e-06,3.27123e-06,19836
1.66867e-05,-1.35399e-05,19855
-0.000162853,0.000132142,19863
0.000467702,-0.000379502,19867
-0.000346356,0.00028104,19869
1.79175e-05,-1.45386e-05,19870
0.000157727,-0.000127983,19879
-0.000594342,0.000482261,19883
0.000452777,-0.000367392,19885
-2.32826e-05,1.8892e-05,19886
0.000104545,-8.48298e-05,19891
-0.000101442,8.23122e-05,19893
6.39484e-06,-5.18889e-06,19894
7.25626e-06,-5.88787e-06,19897
-4.57337e-06,3.71092e-06,19898
2.75318e-06,-2.23398e-06,19900
-1.42132e-05,1.15328e-05,19911
7.59536e-05,-6.16302e-05,19915
-6.16399e-05,5.00158e-05,19917
3.38524e-06,-2.74685e-06,19918
-9.46943e-05,7.68368e-05,19923
9.82603e-05,-7.97303e-05,19925
-7.13912e-06,5.79282e-06,19926
-9.71996e-06,7.88696e-06,19929
6.07693e-06,-4.93094e-06,19930
-3.51288e-06,2.85042e-06,19932
5.30809e-05,-4.30709e-05,19939
-5.52986e-05,4.48704e-05,19941
4.12724e-06,-3.34893e-06,19942
6.4526e-06,-5.23576e-06,19945
-4.10544e-06,3.33123e-06,19946
2.32681e-06,-1.88802e-06,19948
-3.93024e-07,3.18907e-07,19953
2.76293e-07,-2.24189e-07,19954
-1.60922e-07,1.30574e-07,19956
-1.60324e-05,1.3009e-05,20015
1.82378e-05,-1.47985e-05,20023
-3.27785e-05,2.65971e-05,20027
2.3084e-05,-1.87308e-05,20029
-1.26397e-06,1.02561e-06,20030
1.61697e-05,-1.31204e-05,20047
-0.000132876,0.000107818,20055
0.00033868,-0.000274811,20059
-0.000248493,0.000201632,20061
1.30605e-05,-1.05975e-05,20062
0.000107426,-8.71679e-05,20071
-0.000360052,0.000292153,20075
0.000272026,-0.000220727,20077
-1.41467e-05,1.14789e-05,20078
5.38702e-05,-4.37113e-05,20083
-5.17525e-05,4.19929e-05,20085
3.23212e-06,-2.6226e-06,20086
3.39746e-06,-2.75677e-06,20089
-2.1683e-06,1.7594e-06,20090
1.31376e-06,-1.06601e-06,20092
-1.98688e-05,1.61219e-05,20111
0.000229355,-0.000186103,20119
-0.000783141,0.000635456,20123
0.000602174,-0.000488616,20125
-3.24539e-05,2.63338e-05,20126
-0.000244109,0.000198075,20135
0.00108463,-0.000880092,20139
-0.000856898,0.000695304,20141
4.64225e-05,-3.76681e-05,20142
-0.000233449,0.000189425,20147
0.000237224,-0.000192488,20149
-1.65328e-05,1.3415e-05,20150
-1.93966e-05,1.57388e-05,20153
1.22051e-05,-9.90342e-06,20154
-7.22924e-06,5.86595e-06,20156
3.27785e-05,-2.65971e-05,20167
-0.000207388,0.000168279,20171
0.000175872,-0.000142706,20173
-1.05198e-05,8.536e-06,20174
0.000318433,-0.000258383,20179
-0.000352686,0.000286177,20181
2.90546e-05,-2.35754e-05,20182
4.13494e-05,-3.35517e-05,20185
-2.64022e-05,2.14232e-05,20186
1.50006e-05,-1.21718e-05,20188
-0.000182995,0.000148486,20195
0.000206105,-0.000167238,20197
-1.7713e-05,1.43727e-05,20198
-2.95179e-05,2.39514e-05,20201
1.93271e-05,-1.56824e-05,20202
-1.07913e-05,8.7563e-06,20204
1.68887e-06,-1.37039e-06,20209
-1.28871e-06,1.04568e-06,20210
7.57764e-07,-6.14864e-07,20212
1.1586e-05,-9.40109e-06,20239
-0.000136433,0.000110705,20247
0.000482537,-0.00039154,20251
-0.000374398,0.000303794,20253
2.04572e-05,-1.65994e-05,20254
0.000148297,-0.000120331,20263
-0.000683087,0.00055427,20267
0.000544633,-0.000441926,20269
-2.99884e-05,2.43332e-05,20270
0.00015729,-0.000127628,20275
-0.000162092,0.000131524,20277
1.16547e-05,-9.45682e-06,20278
1.38565e-05,-1.12434e-05,20281
-8.74838e-06,7.09861e-06,20282
5.15196e-06,-4.1804e-06,20284
-2.4969e-05,2.02603e-05,20295
0.000166762,-0.000135314,20299
-0.000143557,0.000116485,20301
8.85031e-06,-7.18132e-06,20302
-0.000281414,0.000228345,20307
0.000317969,-0.000258006,20309
-2.7223e-05,2.20893e-05,20310
-3.93349e-05,3.19171e-05,20313
2.54115e-05,-2.06194e-05,20314
-1.43679e-05,1.16584e-05,20316
0.000164847,-0.00013376,20323
-0.000190187,0.000154322,20325
1.70626e-05,-1.38449e-05,20326
2.9011e-05,-2.35401e-05,20329
-1.92815e-05,1.56454e-05,20330
1.07294e-05,-8.70601e-06,20332
-1.625e-06,1.31856e-06,20337
1.28871e-06,-1.04568e-06,20338
-7.6386e-07,6.1981e-07,20340
1.57045e-06,-1.27429e-06,20359
-1.23027e-05,9.98268e-06,20363
1.0965e-05,-8.89718e-06,20365
-7.23232e-07,5.86843e-07,20366
2.87726e-05,-2.33467e-05,20371
-3.39242e-05,2.75267e-05,20373
3.16322e-06,-2.5667e-06,20374
5.04619e-06,-4.09458e-06,20377
-3.42359e-06,2.77797e-06,20378
1.91462e-06,-1.55356e-06,20380
-2.03814e-05,1.65378e-05,20387
2.47707e-05,-2.00994e-05,20389
-2.45494e-06,1.99199e-06,20390
-4.67595e-06,3.79415e-06,20393
3.31762e-06,-2.69198e-06,20394
-1.83702e-06,1.4906e-06,20396
2.992e-07,-2.42776e-07,20401
-2.76293e-07,2.2419e-07,20402
1.71484e-07,-1.39146e-07,20404
-1.21937e-06,9.89419e-07,20421
1.26887e-07,-1.02959e-07,20422
2.71386e-07,-2.20208e-07,20425
-2.18828e-07,1.7756e-07,20426
1.22551e-07,-9.94398e-08,20428
-1.93868e-07,1.57308e-07,20433
1.79989e-07,-1.46046e-07,20434
-1.14674e-07,9.30488e-08,20436
1.17593e-07,-9.54176e-08,20449
-1.05413e-07,8.55342e-08,20450
6.60084e-08,-5.35601e-08,20452
1.47945e-05,-1.20046e-05,20831
-1.95067e-05,1.58281e-05,20847
1.08042e-05,-8.76674e-06,20855
-1.22051e-05,9.90342e-06,20859
7.84555e-06,-6.36604e-06,20861
-4.51e-07,3.6595e-07,20862
-1.21437e-05,9.85367e-06,20895
1.99568e-05,-1.61933e-05,20911
-1.47931e-05,1.20034e-05,20919
1.93966e-05,-1.57388e-05,20923
-1.27018e-05,1.03065e-05,20925
7.02612e-07,-5.70113e-07,20926
-7.16642e-06,5.81497e-06,20943
4.12876e-05,-3.35015e-05,20951
-8.38921e-05,6.80717e-05,20955
5.86489e-05,-4.75888e-05,20957
-3.01925e-06,2.44988e-06,20958
-2.95149e-05,2.3949e-05,20967
7.94598e-05,-6.44752e-05,20971
-5.73179e-05,4.65088e-05,20973
2.86736e-06,-2.32663e-06,20974
-9.87935e-06,8.0163e-06,20979
8.92273e-06,-7.24008e-06,20981
-4.95613e-07,4.0215e-07,20982
-4.94288e-07,4.01074e-07,20985
3.27658e-07,-2.65869e-07,20986
-2.00998e-07,1.63094e-07,20988
1.0856e-06,-8.80879e-07,21055
-1.6598e-05,1.34679e-05,21087
2.32826e-05,-1.8892e-05,21103
-1.42492e-05,1.15621e-05,21111
1.65328e-05,-1.3415e-05,21115
-1.0652e-05,8.64324e-06,21117
6.09394e-07,-4.94475e-07,21118
0.000105189,-8.53526e-05,21151
-0.000181435,0.00014722,21167
0.000161642,-0.000131159,21175
-0.000237224,0.000192488,21179
0.00015932,-0.000129275,21181
-8.76707e-06,7.11377e-06,21182
9.19777e-05,-7.46325e-05,21199
-0.000592699,0.000480927,21207
0.00126113,-0.0010233,21211
-0.000890876,0.000722874,21213
4.62517e-05,-3.75295e-05,21214
0.000429606,-0.00034859,21223
-0.00119396,0.000968806,21227
0.00086765,-0.000704028,21229
-4.3872e-05,3.55986e-05,21230
0.000144794,-0.000117489,21235
-0.000131491,0.000106694,21237
7.39078e-06,-5.99702e-06,21238
7.22616e-06,-5.86345e-06,21241
-4.79358e-06,3.8896e-06,21242
2.94728e-06,-2.39148e-06,21244
-8.9009e-05,7.22236e-05,21279
0.000155641,-0.00012629,21295
-0.000150602,0.000122201,21303
0.000233449,-0.000189425,21307
-0.000158721,0.000128789,21309
8.71419e-06,-7.07086e-06,21310
-0.000102714,8.33443e-05,21327
0.000708133,-0.000574593,21335
-0.00156683,0.00127135,21339
0.00111595,-0.000905502,21341
-5.81305e-05,4.71682e-05,21342
-0.000526546,0.00042725,21351
0.00152156,-0.00123462,21355
-0.00111471,0.000904493,21357
5.67441e-05,-4.60432e-05,21358
-0.000190662,0.000154707,21363
0.000175224,-0.00014218,21365
-1.00847e-05,8.18289e-06,21366
-9.98392e-06,8.10115e-06,21369
6.57365e-06,-5.33399e-06,21370
-4.03149e-06,3.27123e-06,21372
1.45152e-05,-1.17779e-05,21391
-0.000139343,0.000113066,21399
0.000398586,-0.000323421,21403
-0.000295713,0.000239947,21405
1.55248e-05,-1.25971e-05,21406
0.000133375,-0.000108223,21415
-0.000500678,0.000406259,21419
0.000382152,-0.000310086,21421
-1.99568e-05,1.61933e-05,21422
8.63099e-05,-7.00335e-05,21427
-8.38479e-05,6.80358e-05,21429
5.37625e-06,-4.36239e-06,21430
5.9717e-06,-4.84556e-06,21433
-3.82443e-06,3.10322e-06,21434
2.29961e-06,-1.86595e-06,21436
-1.09368e-05,8.8743e-06,21447
5.80169e-05,-4.7076e-05,21451
-4.7134e-05,3.82454e-05,21453
2.63324e-06,-2.13666e-06,21454
-7.05163e-05,5.72183e-05,21459
7.29993e-05,-5.9233e-05,21461
-5.4104e-06,4.39011e-06,21462
-7.13912e-06,5.79282e-06,21465
4.60756e-06,-3.73867e-06,21466
-2.66287e-06,2.1607e-06,21468
3.94028e-05,-3.19722e-05,21475
-4.08371e-05,3.3136e-05,21477
3.10599e-06,-2.52026e-06,21478
4.67984e-06,-3.79731e-06,21481
-3.09841e-06,2.51411e-06,21482
1.75864e-06,-1.42699e-06,21484
-2.95706e-07,2.39942e-07,21489
2.18826e-07,-1.7756e-07,21490
-1.29167e-07,1.0481e-07,21492
-1.77849e-06,1.4431e-06,21567
3.10747e-05,-2.52146e-05,21599
-4.64225e-05,3.76681e-05,21615
3.44825e-05,-2.79797e-05,21623
-4.64225e-05,3.76681e-05,21627
3.10747e-05,-2.52146e-05,21629
-1.77849e-06,1.4431e-06,21630
-0.000288377,0.000233995,21663
0.000509639,-0.000413531,21679
-0.000521826,0.000423419,21687
0.000856898,-0.000695304,21691
-0.000592208,0.000480529,21693
3.29544e-05,-2.67398e-05,21694
-0.000333126,0.000270305,21711
0.00239752,-0.0019454,21719
-0.00560409,0.00454726,21723
0.00405396,-0.00328946,21725
-0.000215687,0.000175012,21726
-0.00180364,0.00146351,21735
0.00551583,-0.00447565,21739
-0.00410639,0.003332,21741
0.000214879,-0.000174357,21742
-0.000727972,0.00059069,21747
0.00068387,-0.000554905,21749
-4.1757e-05,3.38824e-05,21750
-4.13757e-05,3.35731e-05,21753
2.72688e-05,-2.21264e-05,21754
-1.66005e-05,1.34699e-05,21756
0.000322178,-0.000261422,21791
-0.000572741,0.000464733,21807
0.000627709,-0.000509335,21815
-0.00108463,0.000880092,21819
0.000758309,-0.000615306,21821
-4.22114e-05,3.42512e-05,21822
0.000476166,-0.00038637,21839
-0.00362671,0.00294278,21847
0.00878907,-0.00713162,21851
-0.00640526,0.00519735,21853
0.000342076,-0.000277567,21854
0.00279422,-0.00226728,21863
-0.00885389,0.00718422,21867
0.00663861,-0.0053867,21869
-0.000349566,0.000283645,21870
0.00120627,-0.000978794,21875
-0.00114361,0.000927946,21877
7.10107e-05,-5.76195e-05,21878
7.10107e-05,-5.76195e-05,21881
-4.65622e-05,3.77815e-05,21882
2.8293e-05,-2.29575e-05,21884
-9.48558e-05,7.69679e-05,21903
0.0010127,-0.000821728,21911
-0.00323396,0.0026241,21915
0.00246257,-0.00199817,21917
-0.00013407,0.000108787,21918
-0.001018,0.000826027,21927
0.00424577,-0.0034451,21931
-0.00332384,0.00269703,21933
0.000181435,-0.00014722,21934
-0.000815288,0.000661541,21939
0.000816846,-0.000662804,21941
-5.65315e-05,4.58707e-05,21942
-6.3182e-05,5.12671e-05,21945
4.08075e-05,-3.3112e-05,21946
-2.4275e-05,1.96972e-05,21948
0.00010265,-8.32921e-05,21959
-0.000606576,0.000492187,21963
0.000507525,-0.000411815,21965
-3.02687e-05,2.45606e-05,21966
0.000825558,-0.000669873,21971
-0.000893588,0.000725074,21973
7.29993e-05,-5.9233e-05,21974
9.82603e-05,-7.97303e-05,21977
-6.52401e-05,5.29371e-05,21978
3.72649e-05,-3.02375e-05,21980
-0.000466979,0.000378916,21987
0.000510489,-0.000414221,21989
-4.33264e-05,3.51559e-05,21990
-6.76844e-05,5.49204e-05,21993
4.64542e-05,-3.76938e-05,21994
-2.61138e-05,2.11893e-05,21996
4.14464e-06,-3.36304e-06,22001
-3.31762e-06,2.69198e-06,22002
1.98043e-06,-1.60696e-06,22004
9.81245e-05,-7.96201e-05,22063
-0.000120771,9.79956e-05,22071
0.000244109,-0.000198075,22075
-0.000177717,0.000144203,22077
1.01153e-05,-8.20772e-06,22078
-0.000108972,8.84224e-05,22095
0.000980013,-0.000795201,22103
-0.00277916,0.00225507,22107
0.00209752,-0.00170197,22109
-0.000115694,9.38765e-05,22110
-0.00082101,0.000666183,22119
0.00305342,-0.00247761,22123
-0.0023716,0.00192436,22125
0.000130611,-0.00010598,22126
-0.000496503,0.000402872,22131
0.000492243,-0.000399415,22133
-3.36659e-05,2.73172e-05,22134
-3.48081e-05,2.8244e-05,22137
2.26624e-05,-1.83887e-05,22138
-1.35779e-05,1.10174e-05,22140
0.000160189,-0.00012998,22159
-0.00203311,0.0016497,22167
0.00766367,-0.00621845,22171
-0.00604735,0.00490694,22173
0.000345561,-0.000280395,22174
0.00224367,-0.00182055,22183
-0.0108934,0.0088391,22187
0.00882067,-0.00715727,22189
-0.000509639,0.000413531,22190
0.00251771,-0.00204292,22195
-0.0026291,0.0021333,22197
0.000199948,-0.000162241,22198
0.000228903,-0.000185736,22201
-0.000149812,0.00012156,22202
8.77983e-05,-7.12413e-05,22204
-0.000329675,0.000267505,22215
0.0022481,-0.00182415,22219
-0.00195501,0.00158633,22221
0.000126485,-0.000102632,22222
-0.0036862,0.00299105,22227
0.00420245,-0.00340995,22229
-0.000380754,0.000308951,22230
-0.000526286,0.000427038,22233
0.00036014,-0.000292225,22234
-0.000203353,0.000165005,22236
0.00213785,-0.00173469,22243
-0.00248355,0.0020152,22245
0.000235872,-0.000191391,22246
0.000382776,-0.000310592,22249
-0.000271918,0.000220639,22250
0.000151572,-0.000122988,22252
-2.23818e-05,1.8161e-05,22257
1.92815e-05,-1.56454e-05,22258
-1.16322e-05,9.43859e-06,22260
-9.57305e-05,7.76776e-05,22287
0.00124566,-0.00101076,22295
-0.00486392,0.00394668,22299
0.0038718,-0.00314165,22301
-0.000224541,0.000182197,22302
-0.00140733,0.00114193,22311
0.00706865,-0.00573564,22315
-0.00577293,0.00468426,22317
0.000339107,-0.000275158,22318
-0.00174399,0.00141511,22323
0.0018445,-0.00149666,22325
-0.000144389,0.00011716,22326
-0.000167279,0.000135733,22329
0.000110235,-8.94468e-05,22330
-6.42818e-05,5.21595e-05,22332
0.00025966,-0.000210693,22343
-0.00185514,0.0015053,22347
0.00163493,-0.00132661,22349
-0.000108777,8.82636e-05,22350
0.00331925,-0.0026933,22355
-0.00384728,0.00312176,22357
0.000359997,-0.000292109,22358
0.000503857,-0.000408839,22361
-0.00034916,0.000283315,22362
0.000196526,-0.000159465,22364
-0.00196177,0.00159182,22371
0.00232446,-0.00188611,22373
-0.000228709,0.000185579,22374
-0.000377189,0.000306059,22377
0.000271918,-0.000220639,22378
-0.000151306,0.000122773,22380
2.16693e-05,-1.75829e-05,22385
-1.93271e-05,1.56824e-05,22386
1.17506e-05,-9.53469e-06,22388
-1.60294e-05,1.30066e-05,22407
0.000135093,-0.000109617,22411
-0.000123502,0.000100212,22413
8.84418e-06,-7.17634e-06,22414
-0.00033725,0.000273651,22419
0.000407212,-0.00033042,22421
-4.14476e-05,3.36314e-05,22422
-6.39035e-05,5.18526e-05,22425
4.68782e-05,-3.80379e-05,22426
-2.62032e-05,2.12618e-05,22428
0.00024192,-0.000196299,22435
-0.000300947,0.000244194,22437
3.26014e-05,-2.64534e-05,22438
5.99952e-05,-4.86812e-05,22441
-4.64542e-05,3.76938e-05,22442
2.58348e-05,-2.09628e-05,22444
-3.9661e-06,3.21817e-06,22449
4.10544e-06,-3.33123e-06,22450
-2.61071e-06,2.11838e-06,22452
-1.68784e-06,1.36955e-06,22470
-3.50697e-06,2.84562e-06,22473
3.09841e-06,-2.51411e-06,22474
-1.75187e-06,1.4215e-06,22476
2.50632e-06,-2.03367e-06,22481
-2.5652e-06,2.08145e-06,22482
1.66055e-06,-1.3474e-06,22484
-1.52034e-06,1.23364e-06,22497
1.49778e-06,-1.21533e-06,22498
-9.50785e-07,7.71485e-07,22500
1.12328e-06,-9.11447e-07,22591
-1.98507e-05,1.61072e-05,22623
2.99884e-05,-2.43332e-05,22639
-2.31578e-05,1.87907e-05,22647
3.24539e-05,-2.63338e-05,22651
-2.1983e-05,1.78374e-05,22653
1.26652e-06,-1.02768e-06,22654
0.000191279,-0.000155207,22687
-0.000339107,0.000275158,22703
0.00035577,-0.000288679,22711
-0.000602174,0.000488616,22715
0.000419953,-0.000340758,22717
-2.35772e-05,1.9131e-05,22718
0.000229219,-0.000185992,22735
-0.00169451,0.00137496,22743
0.00409374,-0.00332174,22747
-0.00298887,0.00242523,22749
0.00016122,-0.000130817,22750
0.00128981,-0.00104657,22759
-0.00408533,0.00331492,22763
0.00307125,-0.00249207,22765
-0.000163628,0.000132771,22766
0.000559632,-0.000454097,22771
-0.000533135,0.000432596,22773
3.38234e-05,-2.7445e-05,22774
3.3586e-05,-2.72524e-05,22777
-2.22172e-05,1.80275e-05,22778
1.34529e-05,-1.0916e-05,22780
-0.000219926,0.000178452,22815
0.000391609,-0.000317759,22831
-0.000439007,0.000356219,22839
0.000783141,-0.000635456,22843
-0.000552768,0.000448527,22845
3.1083e-05,-2.52214e-05,22846
-0.000335664,0.000272364,22863
0.00262461,-0.00212966,22871
-0.00657516,0.00533521,22875
0.00483626,-0.00392424,22877
-0.000262005,0.000212596,22878
-0.00204523,0.00165954,22887
0.00670817,-0.00544314,22891
-0.00507807,0.00412044,22893
0.000272296,-0.000220946,22894
-0.000946257,0.000767811,22899
0.000908815,-0.00073743,22901
-5.84901e-05,4.746e-05,22902
-5.84901e-05,4.746e-05,22905
3.85226e-05,-3.12579e-05,22906
-2.3293e-05,1.89004e-05,22908
7.20961e-05,-5.85001e-05,22927
-0.000796302,0.000646135,22935
0.00264668,-0.00214757,22939
-0.0020365,0.00165246,22941
0.000113109,-9.17785e-05,22942
0.000813033,-0.00065971,22951
-0.00352266,0.00285835,22955
0.00278617,-0.00226075,22957
-0.000155641,0.00012629,22958
0.000702256,-0.000569824,22963
-0.000712484,0.000578124,22965
5.11113e-05,-4.14727e-05,22966
5.69173e-05,-4.61838e-05,22969
-3.71681e-05,3.01589e-05,22970
2.20015e-05,-1.78525e-05,22972
-8.6166e-05,6.99167e-05,22983
0.000529133,-0.000429349,22987
-0.000448084,0.000363584,22989
2.76061e-05,-2.24002e-05,22990
-0.000750185,0.000608714,22995
0.000825558,-0.000669873,22997
-7.05163e-05,5.72183e-05,22998
-9.46943e-05,7.68368e-05,23001
6.44268e-05,-5.22772e-05,23002
-3.66504e-05,2.97389e-05,23004
0.000426838,-0.000346345,23011
-0.000475532,0.000385856,23013
4.23755e-05,-3.43843e-05,23014
6.62938e-05,-5.3792e-05,23017
-4.68782e-05,3.80379e-05,23018
2.62908e-05,-2.13329e-05,23020
-4.07196e-06,3.30406e-06,23025
3.42359e-06,-2.77797e-06,23026
-2.0635e-06,1.67437e-06,23028
-8.60632e-05,6.98333e-05,23087
0.000108413,-8.79685e-05,23095
-0.000229355,0.000186103,23099
0.000169141,-0.000137244,23101
-9.78364e-06,7.93863e-06,23102
9.8965e-05,-8.03021e-05,23119
-0.000923009,0.000748947,23127
0.00272952,-0.00221479,23131
-0.00208238,0.00168968,23133
0.00011705,-9.49766e-05,23134
0.000785645,-0.000637488,23143
-0.00304313,0.00246925,23147
0.00238877,-0.00193829,23149
-0.000134527,0.000109158,23150
0.000513301,-0.000416503,23155
-0.000515311,0.000418133,23157
3.65148e-05,-2.96288e-05,23158
3.76089e-05,-3.05166e-05,23161
-2.47155e-05,2.00546e-05,23162
1.47362e-05,-1.19572e-05,23164
-0.000160189,0.00012998,23183
0.00210538,-0.00170834,23191
-0.00823151,0.00667921,23195
0.00655935,-0.00532238,23197
-0.000383532,0.000311206,23198
-0.00235705,0.00191256,23207
0.0118257,-0.00959558,23211
-0.00966635,0.00784346,23213
0.000572741,-0.000464733,23214
-0.00282276,0.00229044,23219
0.00298127,-0.00241906,23221
-0.00023487,0.000190578,23222
-0.000267084,0.000216717,23225
0.000177824,-0.00014429,23226
-0.000103752,8.41865e-05,23228
0.00036126,-0.000293134,23239
-0.00254084,0.00206169,23243
0.00223391,-0.00181264,23245
-0.000149424,0.000121245,23246
0.0043207,-0.0035059,23251
-0.00499055,0.00404943,23253
0.000470918,-0.000382112,23254
0.00064532,-0.000523625,23257
-0.000455039,0.000369227,23258
0.000256352,-0.000208009,23260
-0.00252225,0.0020466,23267
0.0029718,-0.00241138,23269
-0.00029463,0.000239068,23270
-0.000474638,0.00038513,23273
0.00034916,-0.000283315,23274
-0.000194584,0.00015789,23276
2.80211e-05,-2.27368e-05,23281
-2.54115e-05,2.06194e-05,23282
1.55022e-05,-1.25788e-05,23284
9.7839e-05,-7.93885e-05,23311
-0.00132094,0.00107184,23319
0.00535564,-0.00434567,23323
-0.00430683,0.00349465,23325
0.000256026,-0.000207745,23326
0.00151587,-0.00123001,23335
-0.00787057,0.00638633,23339
0.00649066,-0.00526665,23341
-0.000391609,0.000317759,23342
0.00200906,-0.00163019,23347
-0.00214983,0.00174442,23349
0.000174613,-0.000141684,23350
0.000200838,-0.000162964,23353
-0.000134999,0.000109541,23354
7.83767e-05,-6.35964e-05,23356
-0.000292736,0.000237531,23367
0.00215611,-0.00174951,23371
-0.00192168,0.00155929,23373
0.00013242,-0.000107448,23374
-0.00400426,0.00324913,23379
0.00470102,-0.0038145,23381
-0.000458525,0.000372056,23382
-0.000635348,0.000515534,23385
0.000455039,-0.000369227,23386
-0.000255675,0.00020746,23388
0.00238417,-0.00193456,23395
-0.00286345,0.00232346,23397
0.000294274,-0.00023878,23398
0.00048089,-0.000390203,23401
-0.00036014,0.000292225,23402
0.000200496,-0.000162686,23404
-2.80139e-05,2.2731e-05,23409
2.64022e-05,-2.14232e-05,23410
-1.62538e-05,1.31887e-05,23412
1.82471e-05,-1.4806e-05,23431
-0.000160128,0.000129931,23435
0.000148567,-0.00012055,23437
-1.11303e-05,9.0313e-06,23438
0.000420404,-0.000341124,23443
-0.000514903,0.000417802,23445
5.50309e-05,-4.46532e-05,23446
8.39241e-05,-6.80977e-05,23449
-6.44268e-05,5.22772e-05,23450
3.60371e-05,-2.92412e-05,23452
-0.000305692,0.000248044,23459
0.000385705,-0.000312968,23461
-4.39521e-05,3.56636e-05,23462
-8.00168e-05,6.49272e-05,23465
6.52401e-05,-5.29371e-05,23466
-3.64184e-05,2.95506e-05,23468
5.47321e-06,-4.44107e-06,23473
-6.07693e-06,4.93094e-06,23474
3.9316e-06,-3.19017e-06,23476
2.36633e-06,-1.92009e-06,23494
4.89277e-06,-3.97009e-06,23497
-4.60756e-06,3.73867e-06,23498
2.6293e-06,-2.13346e-06,23500
-3.48866e-06,2.83077e-06,23505
3.87526e-06,-3.14446e-06,23506
-2.5652e-06,2.08145e-06,23508
2.10708e-06,-1.70972e-06,23521
-2.24938e-06,1.82519e-06,23522
1.46116e-06,-1.18562e-06,23524
6.19894e-06,-5.02994e-06,23599
-8.25543e-06,6.69862e-06,23607
1.98688e-05,-1.61219e-05,23611
-1.51821e-05,1.23191e-05,23613
9.20265e-07,-7.46721e-07,23614
-8.25543e-06,6.69862e-06,23631
8.56854e-05,-6.95268e-05,23639
-0.000283717,0.000230213,23643
0.000222708,-0.00018071,23645
-1.31928e-05,1.07049e-05,23646
-7.66305e-05,6.21795e-05,23655
0.000331055,-0.000268624,23659
-0.000267377,0.000216955,23661
1.60324e-05,-1.3009e-05,23662
-6.28014e-05,5.09583e-05,23667
6.54234e-05,-5.30858e-05,23669
-5.14888e-06,4.1779e-06,23670
-5.29092e-06,4.29315e-06,23673
3.61069e-06,-2.92978e-06,23674
-2.12006e-06,1.72026e-06,23676
1.98688e-05,-1.61219e-05,23695
-0.000283717,0.000230213,23703
0.00122351,-0.000992783,23707
-0.00100355,0.000814303,23709
6.30996e-05,-5.12003e-05,23710
0.000331055,-0.000268624,23719
-0.00181834,0.00147543,23723
0.00152953,-0.00124109,23725
-9.81245e-05,7.96201e-05,23726
0.000491457,-0.000398778,23731
-0.000539564,0.000437813,23733
4.77591e-05,-3.87526e-05,23734
5.3805e-05,-4.36584e-05,23737
-3.81957e-05,3.09927e-05,23738
2.19799e-05,-1.78349e-05,23740
-6.28014e-05,5.09583e-05,23751
0.000491457,-0.000398778,23755
-0.000449541,0.000364766,23757
3.37434e-05,-2.738e-05,23758
-0.000983508,0.000798037,23763
0.00118897,-0.00096475,23765
-0.000128232,0.00010405,23766
-0.000172817,0.000140227,23769
0.000134999,-0.000109541,23770
-7.57404e-05,6.14572e-05,23772
0.000593649,-0.000481698,23779
-0.000734699,0.000596149,23781
8.38163e-05,-6.80102e-05,23782
0.000133366,-0.000108215,23785
-0.000110235,8.94468e-05,23786
6.16264e-05,-5.00049e-05,23788
-8.12601e-06,6.5936e-06,23793
8.74838e-06,-7.09861e-06,23794
-5.55418e-06,4.50677e-06,23796
-1.51821e-05,1.23191e-05,23823
0.000222708,-0.00018071,23831
-0.00100355,0.000814303,23835
0.000833731,-0.000676505,23837
-5.39498e-05,4.37759e-05,23838
-0.000267377,0.000216955,23847
0.00152953,-0.00124109,23851
-0.00130241,0.0010568,23853
8.60632e-05,-6.98333e-05,23854
-0.000449541,0.000364766,23859
0.000501924,-0.000407271,23861
-4.63097e-05,3.75766e-05,23862
-5.27015e-05,4.2763e-05,23865
3.81957e-05,-3.09927e-05,23866
-2.18776e-05,1.77519e-05,23868
6.54234e-05,-5.30858e-05,23879
-0.000539564,0.000437813,23883
0.000501924,-0.000407271,23885
-3.9196e-05,3.18044e-05,23886
0.00118897,-0.00096475,23891
-0.00146101,0.00118549,23893
0.000163542,-0.000132701,23894
0.00022199,-0.000180127,23897
-0.000177824,0.00014429,23898
9.9704e-05,-8.09018e-05,23900
-0.000734699,0.000596149,23907
0.000925658,-0.000751097,23909
-0.000109766,8.90665e-05,23910
-0.000176291,0.000143046,23913
0.000149812,-0.00012156,23914
-8.38685e-05,6.80525e-05,23916
1.08042e-05,-8.76674e-06,23921
-1.22051e-05,9.90342e-06,23922
7.84555e-06,-6.36603e-06,23924
-5.29092e-06,4.29315e-06,23943
5.3805e-05,-4.36584e-05,23947
-5.27015e-05,4.2763e-05,23949
4.61801e-06,-3.74714e-06,23950
-0.000172817,0.000140227,23955
0.00022199,-0.000180127,23957
-2.7777e-05,2.25388e-05,23958
-4.14927e-05,3.3668e-05,23961
3.71681e-05,-3.01589e-05,23962
-2.09707e-05,1.7016e-05,23964
0.000133366,-0.000108215,23971
-0.000176291,0.000143046,23973
2.36285e-05,-1.91726e-05,23974
4.21895e-05,-3.42334e-05,23977
-4.08075e-05,3.3112e-05,23978
2.31958e-05,-1.88215e-05,23980
-3.30691e-06,2.68329e-06,23985
4.57337e-06,-3.71092e-06,23986
-3.12935e-06,2.53921e-06,23988
-1.59845e-06,1.29701e-06,24006
-3.30691e-06,2.68329e-06,24009
3.82443e-06,-3.10322e-06,24010
-2.26124e-06,1.83482e-06,24012
2.36677e-06,-1.92044e-06,24017
-3.48866e-06,2.83077e-06,24018
2.50632e-06,-2.03367e-06,24020
-1.39539e-06,1.13225e-06,24033
1.98476e-06,-1.61048e-06,24034
-1.41116e-06,1.14504e-06,24036
3.37434e-05,-2.73801e-05,24115
-3.9196e-05,3.18044e-05,24117
4.03217e-06,-3.27178e-06,24118
4.61801e-06,-3.74714e-06,24121
-3.61069e-06,2.92978e-06,24122
2.05605e-06,-1.66832e-06,24124
-5.14888e-06,4.1779e-06,24135
4.77591e-05,-3.87526e-05,24139
-4.63097e-05,3.75766e-05,24141
4.03217e-06,-3.27178e-06,24142
-0.000128232,0.00010405,24147
0.000163542,-0.000132701,24149
-2.03796e-05,1.65364e-05,24150
-2.7777e-05,2.25388e-05,24153
2.47155e-05,-2.00546e-05,24154
-1.39533e-05,1.1322e-05,24156
8.38163e-05,-6.80102e-05,24163
-0.000109766,8.90665e-05,24165
1.45867e-05,-1.18359e-05,24166
2.36285e-05,-1.91726e-05,24169
-2.26624e-05,1.83887e-05,24170
1.28745e-05,-1.04466e-05,24172
-1.59845e-06,1.29701e-06,24177
2.1683e-06,-1.7594e-06,24178
-1.4693e-06,1.19222e-06,24180
3.61069e-06,-2.92978e-06,24199
-3.81957e-05,3.09927e-05,24203
3.81957e-05,-3.09927e-05,24205
-3.61069e-06,2.92978e-06,24206
0.000134999,-0.000109541,24211
-0.000177824,0.00014429,24213
2.47155e-05,-2.00546e-05,24214
3.71681e-05,-3.01589e-05,24217
-3.85226e-05,3.12579e-05,24218
2.22172e-05,-1.80275e-05,24220
-0.000110235,8.94468e-05,24227
0.000149812,-0.00012156,24229
-2.26624e-05,1.83887e-05,24230
-4.08075e-05,3.3112e-05,24233
4.65622e-05,-3.77815e-05,24234
-2.72688e-05,2.21264e-05,24236
3.82443e-06,-3.10322e-06,24241
-6.57365e-06,5.33399e-06,24242
4.79358e-06,-3.8896e-06,24244
2.1683e-06,-1.7594e-06,24262
4.57337e-06,-3.71092e-06,24265
-6.57365e-06,5.33399e-06,24266
4.08355e-06,-3.31347e-06,24268
-3.48866e-06,2.83077e-06,24273
7.12502e-06,-5.78138e-06,24274
-5.65606e-06,4.58943e-06,24276
1.98476e-06,-1.61048e-06,24289
-4.01929e-06,3.26133e-06,24290
3.2137e-06,-2.60766e-06,24292
-2.12006e-06,1.72025e-06,24327
2.19799e-05,-1.78349e-05,24331
-2.18776e-05,1.77519e-05,24333
2.05605e-06,-1.66832e-06,24334
-7.57404e-05,6.14572e-05,24339
9.9704e-05,-8.09018e-05,24341
-1.39533e-05,1.1322e-05,24342
-2.09707e-05,1.7016e-05,24345
2.22172e-05,-1.80275e-05,24346
-1.28856e-05,1.04557e-05,24348
6.16264e-05,-5.00049e-05,24355
-8.38685e-05,6.80525e-05,24357
1.28745e-05,-1.04466e-05,24358
2.31958e-05,-1.88215e-05,24361
-2.72688e-05,2.21264e-05,24362
1.60879e-05,-1.3054e-05,24364
-2.26124e-06,1.83482e-06,24369
4.08355e-06,-3.31347e-06,24370
-3.02641e-06,2.45568e-06,24372
-1.4693e-06,1.19222e-06,24390
-3.12935e-06,2.53921e-06,24393
4.79358e-06,-3.8896e-06,24394
-3.02641e-06,2.45568e-06,24396
2.50632e-06,-2.03367e-06,24401
-5.65606e-06,4.58943e-06,24402
4.62619e-06,-3.75378e-06,24404
-1.41116e-06,1.14504e-06,24417
3.2137e-06,-2.60766e-06,24418
-2.66722e-06,2.16424e-06,24420
8.72437e-08,-7.07919e-08,24454
2.01096e-07,-1.63173e-07,24457
-3.27655e-07,2.65867e-07,24458
2.1215e-07,-1.72143e-07,24460
-1.93868e-07,1.57309e-07,24465
5.08213e-07,-4.12375e-07,24466
-4.37646e-07,3.55115e-07,24468
1.1916e-07,-9.66899e-08,24481
-3.36136e-07,2.72747e-07,24482
2.99453e-07,-2.42982e-07,24484
1.55497e-06,-1.26173e-06,24991
-2.63324e-06,2.13667e-06,25007
2.23793e-06,-1.8159e-06,25015
-3.39746e-06,2.75677e-06,25019
2.32593e-06,-1.8873e-06,25021
-1.34368e-07,1.09028e-07,25022
1.09771e-06,-8.90701e-07,25039
-7.16642e-06,5.81497e-06,25047
1.67917e-05,-1.36251e-05,25051
-1.22326e-05,9.92581e-06,25053
6.74105e-07,-5.46982e-07,25054
5.32258e-06,-4.31885e-06,25063
-1.65262e-05,1.34097e-05,25067
1.24143e-05,-1.00732e-05,25069
-6.74103e-07,5.4698e-07,25070
2.23576e-06,-1.81414e-06,25075
-2.11496e-06,1.71612e-06,25077
1.34368e-07,-1.09029e-07,25078
1.297e-07,-1.05241e-07,25081
-8.72419e-08,7.07897e-08,25082
5.2898e-08,-4.29229e-08,25084
-1.47121e-07,1.19377e-07,25151
2.31732e-06,-1.88032e-06,25183
-3.38524e-06,2.74685e-06,25199
2.39388e-06,-1.94244e-06,25207
-3.23211e-06,2.6226e-06,25211
2.18231e-06,-1.77077e-06,25213
-1.29697e-07,1.05238e-07,25214
-1.72104e-05,1.39648e-05,25247
3.02687e-05,-2.45606e-05,25263
-3.03771e-05,2.46486e-05,25271
5.17525e-05,-4.19929e-05,25275
-3.63873e-05,2.95254e-05,25277
2.11497e-06,-1.71612e-06,25278
-1.73302e-05,1.40621e-05,25295
0.000123917,-0.000100549,25303
-0.000302249,0.000245251,25307
0.000222389,-0.000180451,25309
-1.24143e-05,1.00732e-05,25310
-9.25226e-05,7.50746e-05,25319
0.00029412,-0.000238654,25323
-0.000222389,0.000180451,25325
1.22326e-05,-9.92581e-06,25326
-3.83698e-05,3.1134e-05,25331
3.63873e-05,-2.95254e-05,25333
-2.32593e-06,1.8873e-06,25334
-2.18231e-06,1.77077e-06,25337
1.4693e-06,-1.19222e-06,25338
-8.93785e-07,7.25234e-07,25340
1.55675e-05,-1.26318e-05,25375
-2.76061e-05,2.24002e-05,25391
2.98609e-05,-2.42297e-05,25399
-5.38702e-05,4.37113e-05,25403
3.83698e-05,-3.1134e-05,25405
-2.23576e-06,1.81414e-06,25406
2.03955e-05,-1.65493e-05,25423
-0.00015567,0.000126313,25431
0.000396189,-0.000321475,25435
-0.00029412,0.000238654,25437
1.65262e-05,-1.34097e-05,25438
0.000119434,-9.69113e-05,25447
-0.000396189,0.000321475,25451
0.000302249,-0.000245251,25453
-1.67917e-05,1.36251e-05,25454
5.38702e-05,-4.37113e-05,25459
-5.17525e-05,4.19929e-05,25461
3.39746e-06,-2.75677e-06,25462
3.23211e-06,-2.6226e-06,25465
-2.1683e-06,1.7594e-06,25466
1.31377e-06,-1.06601e-06,25468
-3.32607e-06,2.69883e-06,25487
3.5774e-05,-2.90277e-05,25495
-0.000119434,9.69113e-05,25499
9.25226e-05,-7.50746e-05,25501
-5.32258e-06,4.31885e-06,25502
-3.5774e-05,2.90277e-05,25511
0.00015567,-0.000126313,25515
-0.000123917,0.000100549,25517
7.16642e-06,-5.81497e-06,25518
-2.98609e-05,2.42297e-05,25523
3.03771e-05,-2.46486e-05,25525
-2.23793e-06,1.8159e-06,25526
-2.39388e-06,1.94244e-06,25529
1.59845e-06,-1.29701e-06,25530
-9.46001e-07,7.67605e-07,25532
3.32607e-06,-2.69883e-06,25543
-2.03955e-05,1.65493e-05,25547
1.73302e-05,-1.40621e-05,25549
-1.09771e-06,8.90701e-07,25550
2.76061e-05,-2.24002e-05,25555
-3.02687e-05,2.45606e-05,25557
2.63324e-06,-2.13666e-06,25558
3.38524e-06,-2.74685e-06,25561
-2.36633e-06,1.92009e-06,25562
1.34759e-06,-1.09346e-06,25564
-1.55675e-05,1.26318e-05,25571
1.72104e-05,-1.39648e-05,25573
-1.55497e-06,1.26174e-06,25574
-2.31732e-06,1.88032e-06,25577
1.68784e-06,-1.36955e-06,25578
-9.48397e-07,7.69548e-07,25580
1.47121e-07,-1.19377e-07,25585
-1.26887e-07,1.02958e-07,25586
7.67709e-08,-6.22924e-08,25588
3.84599e-07,-3.12073e-07,25663
-6.79655e-06,5.51485e-06,25695
1.05198e-05,-8.536e-06,25711
-8.91564e-06,7.23432e-06,25719
1.41467e-05,-1.14789e-05,25723
-9.96417e-06,8.08512e-06,25725
6.02068e-07,-4.8853e-07,25726
7.08307e-05,-5.74734e-05,25759
-0.000126485,0.000102632,25775
0.000142512,-0.000115637,25783
-0.000272026,0.000220727,25787
0.000196927,-0.00015979,25789
-1.16884e-05,9.48422e-06,25790
9.07954e-05,-7.36731e-05,25807
-0.000722358,0.000586135,25815
0.00195138,-0.00158339,25819
-0.00147223,0.00119459,25821
8.47567e-05,-6.87732e-05,25822
0.000562941,-0.000456781,25831
-0.00198762,0.00161279,25835
0.00154221,-0.00125138,25837
-8.83361e-05,7.16777e-05,25838
0.000289174,-0.000234641,25843
-0.000284548,0.000230888,25845
1.9859e-05,-1.61139e-05,25846
1.9071e-05,-1.54746e-05,25849
-1.28745e-05,1.04466e-05,25850
7.72612e-06,-6.26912e-06,25852
-8.36519e-05,6.78768e-05,25887
0.000149424,-0.000121245,25903
-0.000178782,0.000145067,25911
0.000360052,-0.000292153,25915
-0.000263774,0.000214031,25917
1.5715e-05,-1.27514e-05,25918
-0.000134995,0.000109537,25935
0.00113523,-0.000921151,25943
-0.00318057,0.00258078,25947
0.0024167,-0.00196096,25949
-0.000139835,0.000113465,25950
-0.000906157,0.000735273,25959
0.00331176,-0.00268722,25963
-0.00258661,0.00209882,25965
0.000149166,-0.000121036,25966
-0.000496503,0.000402872,25971
0.000492243,-0.000399415,25973
-3.48081e-05,2.8244e-05,25974
-3.36659e-05,2.73172e-05,25977
2.26624e-05,-1.83887e-05,25978
-1.35779e-05,1.10174e-05,25980
3.14186e-05,-2.54936e-05,25999
-0.000374793,0.000304114,26007
0.0013854,-0.00112414,26011
-0.00109793,0.00089088,26013
6.53695e-05,-5.30421e-05,26014
0.000393286,-0.00031912,26023
-0.00187986,0.00152536,26027
0.00152921,-0.00124083,26029
-9.19777e-05,7.46325e-05,26030
0.000397933,-0.00032289,26035
-0.000415196,0.000336898,26037
3.24502e-05,-2.63307e-05,26038
3.50257e-05,-2.84206e-05,26041
-2.36285e-05,1.91726e-05,26042
1.38614e-05,-1.12474e-05,26044
-4.4554e-05,3.61519e-05,26055
0.000298531,-0.000242234,26059
-0.000259806,0.000210812,26061
1.73302e-05,-1.40621e-05,26062
-0.000448084,0.000363584,26067
0.000507525,-0.000411815,26069
-4.7134e-05,3.82454e-05,26070
-6.16399e-05,5.00158e-05,26073
4.39521e-05,-3.56636e-05,26074
-2.48527e-05,2.0166e-05,26076
0.00025641,-0.000208056,26083
-0.000294575,0.000239024,26085
2.85959e-05,-2.32033e-05,26086
4.37663e-05,-3.55128e-05,26089
-3.26014e-05,2.64534e-05,26090
1.8222e-05,-1.47857e-05,26092
-2.71776e-06,2.20525e-06,26097
2.45494e-06,-1.99199e-06,26098
-1.4948e-06,1.21291e-06,26100
4.4781e-05,-3.63362e-05,26167
-0.000107426,8.71679e-05,26171
8.21147e-05,-6.66294e-05,26173
-5.0481e-06,4.09612e-06,26174
4.04977e-05,-3.28606e-05,26191
-0.000408272,0.00033128,26199
0.00134422,-0.00109072,26203
-0.00105597,0.000856831,26205
6.32746e-05,-5.13423e-05,26206
0.000356993,-0.000289671,26215
-0.00152831,0.0012401,26219
0.00123337,-0.00100078,26221
-7.43879e-05,6.03598e-05,26222
0.000272927,-0.000221458,26227
-0.000281484,0.000228401,26229
2.16199e-05,-1.75428e-05,26230
2.16199e-05,-1.75428e-05,26233
-1.45867e-05,1.18359e-05,26234
8.62285e-06,-6.99675e-06,26236
-7.20961e-05,5.85001e-05,26255
0.00101224,-0.000821347,26263
-0.00431859,0.00350419,26267
0.00352699,-0.00286187,26269
-0.000219771,0.000178327,26270
-0.00115851,0.000940036,26279
0.00628971,-0.00510359,26283
-0.00526308,0.00427056,26285
0.000333126,-0.000270305,26286
-0.00157769,0.00128017,26291
0.00170493,-0.00138342,26293
-0.000144213,0.000117017,26294
-0.000159572,0.00012948,26297
0.000109766,-8.90665e-05,26298
-6.35843e-05,5.15935e-05,26300
0.000187093,-0.000151811,26311
-0.00140979,0.00114393,26315
0.00126805,-0.00102892,26317
-9.07954e-05,7.36731e-05,26318
0.00252006,-0.00204482,26323
-0.00297349,0.00241275,26325
0.000299515,-0.000243032,26326
0.000400395,-0.000324888,26329
-0.000294274,0.00023878,26330
0.000165147,-0.000134003,26332
-0.00148125,0.00120192,26339
0.00178368,-0.00144731,26341
-0.000188752,0.000153157,26342
-0.000297325,0.000241255,26345
0.000228709,-0.000185579,26346
-0.000127246,0.00010325,26348
1.77783e-05,-1.44256e-05,26353
-1.70626e-05,1.38449e-05,26354
1.04934e-05,-8.51453e-06,26356
4.47609e-05,-3.63198e-05,26383
-0.000642946,0.000521699,26391
0.00283443,-0.00229991,26395
-0.00233453,0.00189429,26397
0.000147809,-0.000119935,26398
0.000753648,-0.000611524,26407
-0.00421967,0.00342392,26411
0.00355999,-0.00288865,26413
-0.000229219,0.000185992,26414
0.00113152,-0.000918134,26419
-0.00123788,0.00100444,26421
0.000107674,-8.73686e-05,26422
0.000120628,-9.78799e-05,26425
-8.38163e-05,6.80102e-05,26426
4.8336e-05,-3.92207e-05,26428
-0.000153356,0.000124436,26439
0.00120592,-0.000978506,26443
-0.00109872,0.000891522,26445
8.08807e-05,-6.56282e-05,26446
-0.00235194,0.00190841,26451
0.0028161,-0.00228504,26453
-0.000292099,0.000237014,26454
-0.000395017,0.000320524,26457
0.00029463,-0.000239068,26458
-0.000165006,0.000133889,26460
0.00141085,-0.00114479,26467
-0.00172818,0.00140228,26469
0.000188752,-0.000153157,26470
0.000301604,-0.000244727,26473
-0.000235872,0.000191391,26474
0.000131158,-0.000106424,26476
-1.7822e-05,1.44611e-05,26481
1.7713e-05,-1.43727e-05,26482
-1.09872e-05,8.91526e-06,26484
9.83746e-06,-7.9823e-06,26503
-9.17793e-05,7.44715e-05,26507
8.69754e-05,-7.05735e-05,26509
-6.9424e-06,5.6332e-06,26510
0.000252801,-0.000205128,26515
-0.000314858,0.000255482,26517
3.5556e-05,-2.88509e-05,26518
5.30313e-05,-4.30306e-05,26521
-4.23755e-05,3.43843e-05,26522
2.36694e-05,-1.92058e-05,26524
-0.000185637,0.000150629,26531
0.000237943,-0.000193071,26533
-2.85959e-05,2.32033e-05,26534
-5.09876e-05,4.13724e-05,26537
4.33264e-05,-3.51559e-05,26538
-2.41949e-05,1.96322e-05,26540
3.55798e-06,-2.88702e-06,26545
-4.12724e-06,3.34892e-06,26546
2.68618e-06,-2.17962e-06,26548
3.17041e-06,-2.57253e-06,26569
-3.10599e-06,2.52026e-06,26570
1.77644e-06,-1.44144e-06,26572
-2.26124e-06,1.83482e-06,26577
2.6293e-06,-2.13346e-06,26578
-1.75187e-06,1.4215e-06,26580
1.36343e-06,-1.10631e-06,26593
-1.52412e-06,1.2367e-06,26594
9.96822e-07,-8.08841e-07,26596
-3.16679e-07,2.56959e-07,26687
5.65102e-06,-4.58534e-06,26719
-8.85031e-06,7.18131e-06,26735
7.83003e-06,-6.35343e-06,26743
-1.30605e-05,1.05975e-05,26747
9.32736e-06,-7.5684e-06,26749
-5.69423e-07,4.62041e-07,26750
-6.0805e-05,4.93383e-05,26783
0.000108777,-8.82636e-05,26799
-0.000125569,0.000101889,26807
0.000248493,-0.000201632,26811
-0.000181724,0.000147454,26813
1.09068e-05,-8.84997e-06,26814
-8.08807e-05,6.56282e-05,26831
0.000664882,-0.000539498,26839
-0.00186736,0.00151521,26843
0.00142283,-0.00115451,26845
-8.31275e-05,6.74513e-05,26846
-0.000526313,0.000427061,26855
0.00193503,-0.00157012,26859
-0.00151693,0.00123087,26861
8.85115e-05,-7.18199e-05,26862
-0.000294557,0.000239009,26867
0.000294014,-0.000238568,26869
-2.12643e-05,1.72543e-05,26870
-2.05561e-05,1.66796e-05,26873
1.39533e-05,-1.1322e-05,26874
-8.32643e-06,6.75622e-06,26876
7.41323e-05,-6.01523e-05,26911
-0.00013242,0.000107448,26927
0.000161994,-0.000131445,26935
-0.00033868,0.000274811,26939
0.000250699,-0.000203422,26941
-1.51145e-05,1.22642e-05,26942
0.000123431,-0.000100154,26959
-0.00107117,0.000869164,26967
0.00311518,-0.00252772,26971
-0.00238936,0.00193877,26973
0.000140266,-0.000113815,26974
0.000867333,-0.000703771,26983
-0.0032917,0.00267095,26987
0.00259561,-0.00210613,26989
-0.000152349,0.000123619,26990
0.000513301,-0.000416503,26995
-0.000515311,0.000418133,26997
3.76089e-05,-3.05166e-05,26998
3.65148e-05,-2.96288e-05,27001
-2.47155e-05,2.00546e-05,27002
1.47362e-05,-1.19572e-05,27004
-3.14186e-05,2.54936e-05,27023
0.000388154,-0.000314956,27031
-0.00148797,0.00120737,27035
0.00118958,-0.000965248,27037
-7.19968e-05,5.84196e-05,27038
-0.000413658,0.00033565,27047
0.00204412,-0.00165864,27051
-0.00167687,0.00136064,27053
0.000102714,-8.33443e-05,27054
-0.0004475,0.00036311,27059
0.000471565,-0.000382637,27061
-3.78238e-05,3.0691e-05,27062
-4.08246e-05,3.31259e-05,27065
2.7777e-05,-2.25388e-05,27066
-1.62358e-05,1.31741e-05,27068
4.91539e-05,-3.98844e-05,27079
-0.000339785,0.000275708,27083
0.000298531,-0.000242234,27085
-2.03955e-05,1.65493e-05,27086
0.000529133,-0.000429349,27091
-0.000606576,0.000492187,27093
5.80169e-05,-4.7076e-05,27094
7.59536e-05,-6.16302e-05,27097
-5.50309e-05,4.46532e-05,27098
3.10441e-05,-2.51897e-05,27100
-0.000304688,0.00024723,27107
0.000354837,-0.000287921,27109
-3.5556e-05,2.88509e-05,27110
-5.46117e-05,4.4313e-05,27113
4.14476e-05,-3.36314e-05,27114
-2.3141e-05,1.8777e-05,27116
3.39981e-06,-2.75867e-06,27121
-3.16322e-06,2.5667e-06,27122
1.93741e-06,-1.57205e-06,27124
-5.3023e-05,4.30239e-05,27191
0.000132876,-0.000107818,27195
-0.000102696,8.33294e-05,27197
6.40214e-06,-5.19482e-06,27198
-4.85266e-05,3.93754e-05,27215
0.000506795,-0.000411224,27223
-0.00172912,0.00140304,27227
0.00136966,-0.00111137,27229
-8.32423e-05,6.75444e-05,27230
-0.00044979,0.000364968,27239
0.00199047,-0.0016151,27243
-0.00161921,0.00131386,27245
9.92491e-05,-8.05326e-05,27246
-0.000366476,0.000297366,27251
0.000381448,-0.000309514,27253
-3.00023e-05,2.43445e-05,27254
-3.00023e-05,2.43445e-05,27257
2.03796e-05,-1.65364e-05,27258
-1.20056e-05,9.74161e-06,27260
9.48558e-05,-7.69679e-05,27279
-0.00136684,0.00110908,27287
0.00598504,-0.00485638,27291
-0.00492128,0.00399322,27293
0.000311411,-0.000252685,27294
0.00158133,-0.00128312,27303
-0.00878534,0.00712859,27307
0.00739959,-0.00600417,27309
-0.000476166,0.00038637,27310
0.00226075,-0.00183441,27315
-0.0024624,0.00199804,27317
0.000212935,-0.00017278,27318
0.000235252,-0.000190888,27321
-0.000163542,0.000132701,27322
9.44711e-05,-7.66557e-05,27324
-0.000264263,0.000214428,27335
0.00203615,-0.00165217,27339
-0.00184567,0.00149761,27341
0.000134995,-0.000109537,27342
-0.00374927,0.00304223,27347
0.0044619,-0.00362048,27349
-0.000460201,0.000373416,27350
-0.00061374,0.000498001,27353
0.000458525,-0.000372056,27354
-0.000257021,0.000208552,27356
0.00221624,-0.0017983,27363
-0.00269322,0.00218533,27365
0.000292099,-0.000237014,27366
0.000459433,-0.000372793,27369
-0.000359997,0.000292109,27370
0.000200284,-0.000162514,27372
-2.7628e-05,2.24179e-05,27377
2.7223e-05,-2.20893e-05,27378
-1.68363e-05,1.36613e-05,27380
-6.02833e-05,4.8915e-05,27407
0.000888323,-0.000720802,27415
-0.00401945,0.00326146,27419
0.00333382,-0.00270512,27421
-0.000214575,0.00017411,27422
-0.00105301,0.000854431,27431
0.00603196,-0.00489445,27435
-0.00512321,0.00415707,27437
0.000335664,-0.000272364,27438
-0.00166166,0.0013483,27443
0.00183256,-0.00148698,27445
-0.000163064,0.000132313,27446
-0.000182389,0.000147994,27449
0.000128232,-0.00010405,27450
-7.37527e-05,5.98443e-05,27452
0.000222214,-0.000180309,27463
-0.00178624,0.00144939,27467
0.00164035,-0.00133101,27469
-0.000123431,0.000100154,27470
0.00358988,-0.0029129,27475
-0.00433383,0.00351655,27477
0.000460201,-0.000373416,27478
0.000620511,-0.000503494,27481
-0.000470918,0.000382112,27482
0.000263507,-0.000213814,27484
-0.0021667,0.0017581,27491
0.00267684,-0.00217204,27493
-0.000299515,0.000243032,27494
-0.000477485,0.00038744,27497
0.000380754,-0.000308951,27498
-0.000211786,0.000171847,27500
2.84522e-05,-2.30867e-05,27505
-2.90546e-05,2.35754e-05,27506
1.81308e-05,-1.47117e-05,27508
-1.45152e-05,1.17779e-05,27527
0.000139343,-0.000113066,27531
-0.000133375,0.000108223,27533
1.09368e-05,-8.8743e-06,27534
-0.000398586,0.000323421,27539
0.000500678,-0.000406259,27541
-5.80169e-05,4.7076e-05,27542
-8.63099e-05,7.00335e-05,27545
7.05163e-05,-5.72183e-05,27546
-3.94028e-05,3.19722e-05,27548
0.000295713,-0.000239947,27555
-0.000382152,0.000310086,27557
4.7134e-05,-3.82454e-05,27558
8.38479e-05,-6.80358e-05,27561
-7.29993e-05,5.9233e-05,27562
4.08371e-05,-3.3136e-05,27564
-5.9717e-06,4.84556e-06,27569
7.13912e-06,-5.79282e-06,27570
-4.67984e-06,3.79731e-06,27572
-5.37625e-06,4.36239e-06,27593
5.4104e-06,-4.39011e-06,27594
-3.10599e-06,2.52026e-06,27596
3.82443e-06,-3.10322e-06,27601
-4.60757e-06,3.73867e-06,27602
3.09841e-06,-2.51411e-06,27604
-2.29961e-06,1.86595e-06,27617
2.66286e-06,-2.1607e-06,27618
-1.75864e-06,1.427e-06,27620
5.69626e-06,-4.62205e-06,27703
-1.61697e-05,1.31204e-05,27707
1.29006e-05,-1.04678e-05,27709
-8.40304e-07,6.81838e-07,27710
5.73947e-06,-4.65712e-06,27727
-6.65181e-05,5.3974e-05,27735
0.000250399,-0.000203178,27739
-0.000203083,0.000164786,27741
1.29006e-05,-1.04678e-05,27742
6.19074e-05,-5.02329e-05,27751
-0.000300599,0.000243912,27755
0.000250399,-0.000203178,27757
-1.61697e-05,1.31204e-05,27758
6.19074e-05,-5.02329e-05,27763
-6.65181e-05,5.3974e-05,27765
5.69626e-06,-4.62205e-06,27766
5.73947e-06,-4.65712e-06,27769
-4.03217e-06,3.27178e-06,27770
2.34475e-06,-1.90258e-06,27772
-1.66867e-05,1.35399e-05,27791
0.000255833,-0.000207588,27799
-0.0012134,0.000984575,27803
0.00102255,-0.000829715,27805
-6.87842e-05,5.58128e-05,27806
-0.000306754,0.000248906,27815
0.00183639,-0.00149008,27819
-0.00158526,0.00128631,27821
0.000108972,-8.84224e-05,27822
-0.000533999,0.000433297,27827
0.000601556,-0.000488114,27829
-5.71023e-05,4.63339e-05,27830
-6.3281e-05,5.13474e-05,27833
4.63097e-05,-3.75766e-05,27834
-2.64638e-05,2.14732e-05,27836
6.34592e-05,-5.1492e-05,27847
-0.000537422,0.000436075,27851
0.00050438,-0.000409264,27853
-4.04977e-05,3.28606e-05,27854
0.00115895,-0.000940394,27859
-0.00143109,0.00116121,27861
0.000163064,-0.000132314,27862
0.000216898,-0.000175995,27865
-0.000174613,0.000141684,27866
9.76559e-05,-7.92399e-05,27868
-0.000708355,0.000574773,27875
0.000895246,-0.00072642,27877
-0.000107674,8.73686e-05,27878
-0.000169497,0.000137533,27881
0.000144389,-0.00011716,27882
-8.05879e-05,6.53905e-05,27884
1.04567e-05,-8.48475e-06,27889
-1.16547e-05,9.45682e-06,27890
7.42708e-06,-6.02647e-06,27892
1.34729e-05,-1.09322e-05,27919
-0.000209925,0.000170337,27927
0.00103484,-0.000839692,27931
-0.000882644,0.000716195,27933
6.10148e-05,-4.95086e-05,27934
0.00025851,-0.00020976,27943
-0.00160435,0.0013018,27947
0.00140088,-0.0011367,27949
-9.8965e-05,8.03021e-05,27950
0.000507379,-0.000411697,27955
-0.000580387,0.000470937,27957
5.71023e-05,-4.63339e-05,27958
6.40569e-05,-5.1977e-05,27961
-4.77591e-05,3.87526e-05,27962
2.71888e-05,-2.20615e-05,27964
-6.89994e-05,5.59874e-05,27975
0.000612914,-0.00049733,27979
-0.000584083,0.000473936,27981
4.85266e-05,-3.93754e-05,27982
-0.00144901,0.00117576,27987
0.00181372,-0.00147169,27989
-0.000212935,0.00017278,27990
-0.000285709,0.00023183,27993
0.00023487,-0.000190578,27994
-0.00013133,0.000106563,27996
0.000906513,-0.000735562,28003
-0.00116258,0.000943343,28005
0.000144213,-0.000117017,28006
0.000229397,-0.000186137,28009
-0.000199948,0.000162241,28010
0.000111765,-9.0688e-05,28012
-1.42492e-05,1.15621e-05,28017
1.65328e-05,-1.3415e-05,28018
-1.0652e-05,8.64324e-06,28020
6.06363e-06,-4.92015e-06,28039
-6.58361e-05,5.34207e-05,28043
6.58361e-05,-5.34207e-05,28045
-6.06363e-06,4.92015e-06,28046
0.000224836,-0.000182436,28051
-0.000292555,0.000237385,28053
3.78238e-05,-3.0691e-05,28054
5.61625e-05,-4.55713e-05,28057
-5.11113e-05,4.14727e-05,28058
2.87768e-05,-2.33501e-05,28060
-0.000176015,0.000142822,28067
0.000235285,-0.000190915,28069
-3.24502e-05,2.63307e-05,28070
-5.76871e-05,4.68084e-05,28073
5.65315e-05,-4.58707e-05,28074
-3.20769e-05,2.60279e-05,28076
4.59834e-06,-3.73118e-06,28081
-6.39484e-06,5.1889e-06,28082
4.36855e-06,-3.54473e-06,28084
4.63776e-06,-3.76317e-06,28105
-5.37625e-06,4.36239e-06,28106
3.17041e-06,-2.57253e-06,28108
-3.30691e-06,2.68329e-06,28113
4.89277e-06,-3.97009e-06,28114
-3.50697e-06,2.84562e-06,28116
1.9456e-06,-1.57869e-06,28129
-2.78162e-06,2.25706e-06,28130
1.97365e-06,-1.60146e-06,28132
-6.4916e-06,5.26741e-06,28217
5.14888e-06,-4.1779e-06,28218
-2.91962e-06,2.36904e-06,28220
6.4916e-06,-5.26741e-06,28231
-6.40569e-05,5.1977e-05,28235
6.3281e-05,-5.13474e-05,28237
-5.73947e-06,4.65712e-06,28238
0.000182389,-0.000147994,28243
-0.000235252,0.000190888,28245
3.00023e-05,-2.43445e-05,28246
4.08246e-05,-3.31259e-05,28249
-3.65148e-05,2.96288e-05,28250
2.05561e-05,-1.66796e-05,28252
-0.000120628,9.78799e-05,28259
0.000159572,-0.00012948,28261
-2.16199e-05,1.75428e-05,28262
-3.50257e-05,2.84206e-05,28265
3.36659e-05,-2.73172e-05,28266
-1.9071e-05,1.54746e-05,28268
2.39388e-06,-1.94244e-06,28273
-3.23211e-06,2.6226e-06,28274
2.18231e-06,-1.77077e-06,28276
-4.61801e-06,3.74714e-06,28295
5.27015e-05,-4.2763e-05,28299
-5.3805e-05,4.36584e-05,28301
5.29092e-06,-4.29315e-06,28302
-0.000200838,0.000162964,28307
0.000267084,-0.000216717,28309
-3.76089e-05,3.05166e-05,28310
-5.69173e-05,4.61838e-05,28313
5.84901e-05,-4.746e-05,28314
-3.3586e-05,2.72524e-05,28316
0.000167279,-0.000135733,28323
-0.000228903,0.000185736,28325
3.48081e-05,-2.8244e-05,28326
6.3182e-05,-5.12671e-05,28329
-7.10107e-05,5.76195e-05,28330
4.13757e-05,-3.35731e-05,28332
-5.9717e-06,4.84556e-06,28337
9.98392e-06,-8.10115e-06,28338
-7.22616e-06,5.86345e-06,28340
-7.25626e-06,5.88787e-06,28361
1.00847e-05,-8.18289e-06,28362
-6.21713e-06,5.0447e-06,28364
5.47321e-06,-4.44107e-06,28369
-1.07889e-05,8.75431e-06,28370
8.49028e-06,-6.88917e-06,28372
-3.10918e-06,2.52285e-06,28385
6.081e-06,-4.93424e-06,28386
-4.81915e-06,3.91035e-06,28388
2.66802e-06,-2.16489e-06,28423
-3e-05,2.43426e-05,28427
3.05387e-05,-2.47797e-05,28429
-2.99748e-06,2.43221e-06,28430
0.000112555,-9.13296e-05,28435
-0.000149748,0.000121509,28437
2.12643e-05,-1.72543e-05,28438
3.2225e-05,-2.6148e-05,28441
-3.38234e-05,2.7445e-05,28442
1.9525e-05,-1.5843e-05,28444
-9.38733e-05,7.61706e-05,28451
0.000128716,-0.000104442,28453
-1.9859e-05,1.61139e-05,28454
-3.61456e-05,2.93293e-05,28457
4.1757e-05,-3.38824e-05,28458
-2.44989e-05,1.98789e-05,28460
3.55798e-06,-2.88702e-06,28465
-6.22425e-06,5.05048e-06,28466
4.57574e-06,-3.71284e-06,28468
5.02658e-06,-4.07867e-06,28489
-7.39078e-06,5.99702e-06,28490
4.62628e-06,-3.75386e-06,28492
-3.9661e-06,3.21817e-06,28497
8.58245e-06,-6.96397e-06,28498
-6.95473e-06,5.6432e-06,28500
2.22881e-06,-1.8085e-06,28513
-4.8694e-06,3.95113e-06,28514
4.00346e-06,-3.24848e-06,28516
-3.13975e-07,2.54766e-07,28553
4.95614e-07,-4.02152e-07,28554
-3.18594e-07,2.58514e-07,28556
2.992e-07,-2.42777e-07,28561
-7.59274e-07,6.1609e-07,28562
6.49417e-07,-5.2695e-07,28564
-1.83155e-07,1.48614e-07,28577
5.00924e-07,-4.06459e-07,28578
-4.43438e-07,3.59813e-07,28580
-3.75948e-06,3.05051e-06,29127
4.91539e-05,-3.98844e-05,29131
-4.4554e-05,3.61519e-05,29133
3.32607e-06,-2.69883e-06,29134
-8.6166e-05,6.99167e-05,29139
0.00010265,-8.32921e-05,29141
-1.09368e-05,8.8743e-06,29142
-1.42132e-05,1.15328e-05,29145
1.11303e-05,-9.0313e-06,29146
-6.25075e-06,5.07198e-06,29148
5.08084e-05,-4.12269e-05,29155
-6.17377e-05,5.00951e-05,29157
6.9424e-06,-5.6332e-06,29158
1.06502e-05,-8.64181e-06,29161
-8.84418e-06,7.17634e-06,29162
4.94465e-06,-4.01219e-06,29164
-6.81508e-07,5.52988e-07,29169
7.23232e-07,-5.86844e-07,29170
-4.56415e-07,3.70344e-07,29172
-1.82378e-05,1.47985e-05,29243
1.45439e-05,-1.18012e-05,29245
-9.55889e-07,7.75625e-07,29246
6.06363e-06,-4.92015e-06,29263
-6.89994e-05,5.59874e-05,29271
0.00025851,-0.00020976,29275
-0.000209925,0.000170337,29277
1.34729e-05,-1.09322e-05,29278
6.34592e-05,-5.1492e-05,29287
-0.000306754,0.000248906,29291
0.000255833,-0.000207588,29293
-1.66867e-05,1.35399e-05,29294
6.19074e-05,-5.02329e-05,29299
-6.6518e-05,5.3974e-05,29301
5.73947e-06,-4.65712e-06,29302
5.69626e-06,-4.62206e-06,29305
-4.03217e-06,3.27178e-06,29306
2.34475e-06,-1.90258e-06,29308
-1.45152e-05,1.17779e-05,29327
0.000222214,-0.000180309,29335
-0.00105301,0.000854431,29339
0.000888323,-0.000720802,29341
-6.02833e-05,4.8915e-05,29342
-0.000264263,0.000214428,29351
0.00158133,-0.00128312,29355
-0.00136684,0.00110908,29357
9.48558e-05,-7.69679e-05,29358
-0.00044979,0.000364968,29363
0.000506795,-0.000411224,29365
-4.85266e-05,3.93754e-05,29366
-5.3023e-05,4.30239e-05,29369
3.9196e-05,-3.18044e-05,29370
-2.24031e-05,1.81783e-05,29372
-0.000413658,0.00033565,29387
0.000388154,-0.000314956,29389
-3.14186e-05,2.54936e-05,29390
0.000867333,-0.000703771,29395
-0.00107117,0.000869164,29397
0.000123431,-0.000100154,29398
0.000161994,-0.000131445,29401
-0.00013242,0.000107448,29402
7.41323e-05,-6.01523e-05,29404
-0.000526313,0.000427061,29411
0.000664882,-0.000539498,29413
-8.08807e-05,6.56282e-05,29414
-0.000125569,0.000101889,29417
0.000108777,-8.82636e-05,29418
-6.0805e-05,4.93383e-05,29420
7.83003e-06,-6.35343e-06,29425
-8.85031e-06,7.18131e-06,29426
5.65101e-06,-4.58534e-06,29428
9.83746e-06,-7.9823e-06,29455
-0.000153356,0.000124436,29463
0.000753648,-0.000611524,29467
-0.000642946,0.000521699,29469
4.47609e-05,-3.63198e-05,29470
0.000187093,-0.000151811,29479
-0.00115851,0.000940036,29483
0.00101224,-0.000821347,29485
-7.20961e-05,5.85001e-05,29486
0.000356993,-0.000289671,29491
-0.000408272,0.00033128,29493
4.04977e-05,-3.28606e-05,29494
4.4781e-05,-3.63362e-05,29497
-3.37434e-05,2.73801e-05,29498
1.92176e-05,-1.55935e-05,29500
0.000393286,-0.00031912,29515
-0.000374793,0.000304114,29517
3.14186e-05,-2.54936e-05,29518
-0.000906157,0.000735273,29523
0.00113523,-0.000921151,29525
-0.000134995,0.000109537,29526
-0.000178782,0.000145067,29529
0.000149424,-0.000121245,29530
-8.36519e-05,6.78768e-05,29532
0.000562941,-0.000456781,29539
-0.000722358,0.000586135,29541
9.07954e-05,-7.36731e-05,29542
0.000142512,-0.000115637,29545
-0.000126485,0.000102632,29546
7.08307e-05,-5.74734e-05,29548
-8.91564e-06,7.23432e-06,29553
1.05198e-05,-8.536e-06,29554
-6.79655e-06,5.51485e-06,29556
-3.5774e-05,2.90277e-05,29579
3.5774e-05,-2.90277e-05,29581
-3.32607e-06,2.69883e-06,29582
0.000119434,-9.69113e-05,29587
-0.00015567,0.000126313,29589
2.03955e-05,-1.65493e-05,29590
2.98609e-05,-2.42297e-05,29593
-2.76061e-05,2.24002e-05,29594
1.55675e-05,-1.26318e-05,29596
-9.25226e-05,7.50746e-05,29603
0.000123917,-0.000100549,29605
-1.73302e-05,1.40621e-05,29606
-3.03771e-05,2.46486e-05,29609
3.02687e-05,-2.45606e-05,29610
-1.72104e-05,1.39648e-05,29612
2.39388e-06,-1.94244e-06,29617
-3.38524e-06,2.74685e-06,29618
2.31732e-06,-1.88032e-06,29620
2.23793e-06,-1.8159e-06,29641
-2.63324e-06,2.13666e-06,29642
1.55497e-06,-1.26173e-06,29644
-1.59845e-06,1.29701e-06,29649
2.36633e-06,-1.92009e-06,29650
-1.68784e-06,1.36955e-06,29652
9.46003e-07,-7.67605e-07,29665
-1.34759e-06,1.09346e-06,29666
9.48397e-07,-7.69546e-07,29668
1.60324e-05,-1.3009e-05,29755
-1.31928e-05,1.07049e-05,29757
9.20266e-07,-7.46721e-07,29758
-5.29092e-06,4.29315e-06,29775
6.54234e-05,-5.30858e-05,29783
-0.000267377,0.000216955,29787
0.000222708,-0.00018071,29789
-1.51821e-05,1.23191e-05,29790
-6.28014e-05,5.09583e-05,29799
0.000331055,-0.000268624,29803
-0.000283717,0.000230213,29805
1.98688e-05,-1.61219e-05,29806
-7.66305e-05,6.21795e-05,29811
8.56854e-05,-6.95268e-05,29813
-8.25543e-06,6.69862e-06,29814
-8.25543e-06,6.69862e-06,29817
6.19894e-06,-5.02994e-06,29818
-3.55633e-06,2.88567e-06,29820
1.82471e-05,-1.4806e-05,29839
-0.000292736,0.000237531,29847
0.00151587,-0.00123001,29851
-0.00132094,0.00107184,29853
9.7839e-05,-7.93885e-05,29854
0.00036126,-0.000293134,29863
-0.00235705,0.00191256,29867
0.00210538,-0.00170834,29869
-0.000160189,0.00012998,29870
0.000785645,-0.000637488,29875
-0.000923009,0.000748947,29877
9.8965e-05,-8.03021e-05,29878
0.000108413,-8.79685e-05,29881
-8.60632e-05,6.98333e-05,29882
4.87873e-05,-3.95869e-05,29884
0.000813033,-0.00065971,29899
-0.000796302,0.000646135,29901
7.20961e-05,-5.85001e-05,29902
-0.00204523,0.00165954,29907
0.00262461,-0.00212966,29909
-0.000335664,0.000272364,29910
-0.000439007,0.000356219,29913
0.000391609,-0.000317759,29914
-0.000219926,0.000178452,29916
0.00128981,-0.00104657,29923
-0.00169451,0.00137496,29925
0.000229219,-0.000185992,29926
0.00035577,-0.000288679,29929
-0.000339107,0.000275158,29930
0.000191279,-0.000155207,29932
-2.31578e-05,1.87907e-05,29937
2.99884e-05,-2.43332e-05,29938
-1.98507e-05,1.61072e-05,29940
-1.60294e-05,1.30066e-05,29967
0.00025966,-0.000210693,29975
-0.00140733,0.00114193,29979
0.00124566,-0.00101076,29981
-9.57305e-05,7.76776e-05,29982
-0.000329675,0.000267505,29991
0.00224367,-0.00182055,29995
-0.00203311,0.0016497,29997
0.000160189,-0.00012998,29998
-0.00082101,0.000666183,30003
0.000980013,-0.000795201,30005
-0.000108972,8.84224e-05,30006
-0.000120771,9.79956e-05,30009
9.81245e-05,-7.96201e-05,30010
-5.55359e-05,4.50629e-05,30012
-0.001018,0.000826027,30027
0.0010127,-0.000821728,30029
-9.48558e-05,7.69679e-05,30030
0.00279422,-0.00226728,30035
-0.00362671,0.00294278,30037
0.000476166,-0.00038637,30038
0.000627709,-0.000509335,30041
-0.000572741,0.000464733,30042
0.000322178,-0.000261422,30044
-0.00180364,0.00146351,30051
0.00239752,-0.0019454,30053
-0.000333126,0.000270305,30054
-0.000521826,0.000423419,30057
0.000509639,-0.000413531,30058
-0.000288377,0.000233995,30060
3.44825e-05,-2.79797e-05,30065
-4.64225e-05,3.76681e-05,30066
3.10747e-05,-2.52146e-05,30068
0.000133375,-0.000108223,30091
-0.000139343,0.000113066,30093
1.45152e-05,-1.17779e-05,30094
-0.000526546,0.00042725,30099
0.000708133,-0.000574593,30101
-0.000102714,8.33443e-05,30102
-0.000150602,0.000122201,30105
0.000155641,-0.00012629,30106
-8.9009e-05,7.22236e-05,30108
0.000429606,-0.00034859,30115
-0.000592699,0.000480927,30117
9.19777e-05,-7.46325e-05,30118
0.000161642,-0.000131159,30121
-0.000181435,0.00014722,30122
0.000105189,-8.53526e-05,30124
-1.42492e-05,1.15621e-05,30129
2.32826e-05,-1.8892e-05,30130
-1.6598e-05,1.34679e-05,30132
-1.47931e-05,1.20034e-05,30153
1.99568e-05,-1.61933e-05,30154
-1.21437e-05,9.85367e-06,30156
1.08042e-05,-8.76674e-06,30161
-1.95067e-05,1.58281e-05,30162
1.47945e-05,-1.20046e-05,30164
-6.2598e-06,5.07932e-06,30177
1.1002e-05,-8.92722e-06,30178
-8.31266e-06,6.74505e-06,30180
9.10601e-06,-7.38879e-06,30268
0.000157727,-0.000127983,30283
-0.000162853,0.000132142,30285
1.66867e-05,-1.35399e-05,30286
-0.000521249,0.000422951,30291
0.00069543,-0.000564285,30293
-9.92491e-05,8.05326e-05,30294
-0.000133203,0.000108084,30297
0.000134527,-0.000109158,30298
-7.67541e-05,6.22798e-05,30300
0.000357717,-0.000290259,30307
-0.000489053,0.000396827,30309
7.43879e-05,-6.03598e-05,30310
0.000119167,-9.66947e-05,30313
-0.000130611,0.00010598,30314
7.54507e-05,-6.12222e-05,30316
-8.91564e-06,7.23432e-06,30321
1.41467e-05,-1.14789e-05,30322
-9.96417e-06,8.08512e-06,30324
-0.000148567,0.00012055,30347
0.000160128,-0.000129931,30349
-1.82471e-05,1.4806e-05,30350
0.000688175,-0.000558399,30355
-0.000949565,0.000770495,30357
0.000152349,-0.000123619,30358
0.000229476,-0.000186201,30361
-0.000272296,0.000220946,30362
0.000159703,-0.000129586,30364
-0.00060808,0.000493408,30371
0.000861096,-0.00069871,30373
-0.000149166,0.000121036,30374
-0.000269266,0.000218487,30377
0.000349566,-0.000283645,30378
-0.000208815,0.000169437,30380
2.84522e-05,-2.30867e-05,30385
-5.5287e-05,4.48609e-05,30386
4.15256e-05,-3.36947e-05,30388
3.56606e-05,-2.89357e-05,30409
-5.67441e-05,4.60432e-05,30410
3.59763e-05,-2.91918e-05,30412
-2.80139e-05,2.2731e-05,30417
6.49907e-05,-5.27347e-05,30418
-5.31965e-05,4.31647e-05,30420
1.57537e-05,-1.27829e-05,30433
-3.6644e-05,2.97336e-05,30434
3.03296e-05,-2.461e-05,30436
8.3538e-05,-6.77843e-05,30475
-9.0221e-05,7.3207e-05,30477
1.03928e-05,-8.43293e-06,30478
-0.000391513,0.000317681,30483
0.0005421,-0.00043987,30485
-8.85115e-05,7.18199e-05,30486
-0.000134084,0.000108798,30489
0.000163628,-0.000132771,30490
-9.65845e-05,7.83706e-05,30492
0.000350847,-0.000284684,30499
-0.000499008,0.000404905,30501
8.83361e-05,-7.16777e-05,30502
0.000160458,-0.000130199,30505
-0.000214879,0.000174357,30506
0.000129317,-0.00010493,30508
-1.7822e-05,1.44611e-05,30513
3.61335e-05,-2.93194e-05,30514
-2.75254e-05,2.23347e-05,30516
-2.62768e-05,2.13215e-05,30537
4.3872e-05,-3.55986e-05,30538
-2.81904e-05,2.28742e-05,30540
2.16693e-05,-1.75829e-05,30545
-5.4323e-05,4.40787e-05,30546
4.55305e-05,-3.69443e-05,30548
-1.20994e-05,9.81771e-06,30561
3.09153e-05,-2.50852e-05,30562
-2.63649e-05,2.1393e-05,30564
1.56901e-06,-1.27312e-06,30601
-2.86736e-06,2.32663e-06,30602
1.90129e-06,-1.54274e-06,30604
-1.625e-06,1.31856e-06,30609
4.80069e-06,-3.89537e-06,30610
-4.2434e-06,3.44318e-06,30612
1.00823e-06,-8.18099e-07,30625
-3.21718e-06,2.61048e-06,30626
2.9421e-06,-2.38728e-06,30628
7.51351e-06,-6.09661e-06,30781
-5.29112e-07,4.29331e-07,30782
2.99748e-06,-2.43221e-06,30799
-3.70942e-05,3.00989e-05,30807
0.000152551,-0.000123783,30811
-0.000127499,0.000103455,30813
8.78986e-06,-7.13226e-06,30814
3.56856e-05,-2.8956e-05,30823
-0.000189655,0.00015389,30827
0.00016321,-0.000132431,30829
-1.1586e-05,9.40109e-06,30830
4.48316e-05,-3.63773e-05,30835
-5.04832e-05,4.09631e-05,30837
4.97015e-06,-4.03288e-06,30838
4.97015e-06,-4.03288e-06,30841
-3.79252e-06,3.07732e-06,30842
2.17236e-06,-1.76269e-06,30844
-1.03928e-05,8.43293e-06,30863
0.000167404,-0.000135835,30871
-0.000878851,0.000713117,30875
0.000770538,-0.00062523,30877
-5.81321e-05,4.71695e-05,30878
-0.000207495,0.000168365,30887
0.00137307,-0.00111413,30891
-0.00123422,0.00100147,30893
9.57305e-05,-7.76776e-05,30894
-0.000469945,0.000381323,30899
0.000556384,-0.000451461,30901
-6.10148e-05,4.95086e-05,30902
-6.67476e-05,5.41603e-05,30905
5.39498e-05,-4.37759e-05,30906
-3.05718e-05,2.48066e-05,30908
-0.000489232,0.000396972,30923
0.000483108,-0.000392004,30925
-4.47609e-05,3.63198e-05,30926
0.00126892,-0.00102963,30931
-0.00164007,0.00133078,30933
0.000214575,-0.00017411,30934
0.000280059,-0.000227245,30937
-0.000256026,0.000207745,30938
0.000144148,-0.000116965,30940
-0.000806156,0.000654131,30947
0.00106682,-0.000865639,30949
-0.000147809,0.000119935,30950
-0.000229105,0.0001859,30953
0.000224541,-0.000182197,30954
-0.000127192,0.000103206,30956
1.51797e-05,-1.23171e-05,30961
-2.04572e-05,1.65994e-05,30962
1.37042e-05,-1.11198e-05,30964
9.24126e-06,-7.49854e-06,30991
-0.000150365,0.000122009,30999
0.000829558,-0.000673119,31003
-0.000739877,0.00060035,31005
5.81321e-05,-4.71695e-05,31006
0.000192002,-0.000155794,31015
-0.00132991,0.00107912,31019
0.00121427,-0.000985284,31021
-9.7839e-05,7.93885e-05,31022
0.000501741,-0.000407122,31027
-0.000603915,0.000490028,31029
6.87842e-05,-5.58128e-05,31030
7.61171e-05,-6.17629e-05,31033
-6.30996e-05,5.12003e-05,31034
3.57189e-05,-2.8983e-05,31036
0.000626029,-0.000507972,31051
-0.000628219,0.000509749,31053
6.02833e-05,-4.8915e-05,31054
-0.00177283,0.00143851,31059
0.00231741,-0.00188039,31061
-0.000311411,0.000252685,31062
-0.000409581,0.000332342,31065
0.000383532,-0.000311206,31066
-0.000216392,0.000175585,31068
0.00115308,-0.000935635,31075
-0.00154366,0.00125256,31077
0.000219771,-0.000178327,31078
0.000343686,-0.000278873,31081
-0.000345561,0.000280395,31082
0.000196441,-0.000159396,31084
-2.31578e-05,1.87907e-05,31089
3.24539e-05,-2.63337e-05,31090
-2.1983e-05,1.78374e-05,31092
-8.69754e-05,7.05735e-05,31115
9.17793e-05,-7.44715e-05,31117
-9.83746e-06,7.9823e-06,31118
0.000355901,-0.000288785,31123
-0.000482286,0.000391336,31125
7.19968e-05,-5.84196e-05,31126
0.000105506,-8.56095e-05,31129
-0.000113109,9.17785e-05,31130
6.50802e-05,-5.28073e-05,31132
-0.000293929,0.0002385,31139
0.000408553,-0.000331508,31141
-6.53695e-05,5.30421e-05,31142
-0.000114835,9.31797e-05,31145
0.00013407,-0.000108787,31146
-7.83223e-05,6.35522e-05,31148
1.04567e-05,-8.48475e-06,31153
-1.79175e-05,1.45386e-05,31154
1.29465e-05,-1.0505e-05,31156
1.09947e-05,-8.92133e-06,31177
-1.55248e-05,1.25971e-05,31178
9.54806e-06,-7.74748e-06,31180
-8.12601e-06,6.5936e-06,31185
1.56178e-05,-1.26726e-05,31186
-1.20684e-05,9.79254e-06,31188
4.6855e-06,-3.8019e-06,31201
-8.80095e-06,7.14126e-06,31202
6.79302e-06,-5.51199e-06,31204
-0.000121995,9.89887e-05,31307
0.000127416,-0.000103387,31309
-1.34729e-05,1.09322e-05,31310
0.000420512,-0.000341212,31315
-0.000565831,0.000459126,31317
8.32423e-05,-6.75444e-05,31318
0.000111615,-9.05668e-05,31321
-0.00011705,9.49766e-05,31322
6.71669e-05,-5.45005e-05,31324
-0.000292175,0.000237076,31331
0.000402829,-0.000326863,31333
-6.32746e-05,5.13423e-05,31334
-0.000101341,8.22298e-05,31337
0.000115694,-9.38765e-05,31338
-6.73326e-05,5.46349e-05,31340
7.83002e-06,-6.35343e-06,31345
-1.30605e-05,1.05975e-05,31346
9.32736e-06,-7.5684e-06,31348
0.000123502,-0.000100212,31371
-0.000135093,0.000109617,31373
1.60294e-05,-1.30066e-05,31374
-0.000604985,0.000490896,31379
0.000842818,-0.000683879,31381
-0.000140266,0.000113815,31382
-0.000211462,0.000171585,31385
0.000262005,-0.000212596,31386
-0.000154833,0.000125634,31388
0.000544525,-0.000441838,31395
-0.000778013,0.000631295,31397
0.000139835,-0.000113465,31398
0.00025247,-0.000204859,31401
-0.000342076,0.000277567,31402
0.000206047,-0.00016719,31404
-2.7628e-05,2.24179e-05,31409
5.61372e-05,-4.55508e-05,31410
-4.2659e-05,3.46143e-05,31412
-3.50613e-05,2.84494e-05,31433
5.81305e-05,-4.71682e-05,31434
-3.72044e-05,3.01884e-05,31436
2.80211e-05,-2.27368e-05,31441
-6.84152e-05,5.55134e-05,31442
5.67485e-05,-4.60468e-05,31444
-1.57221e-05,1.27572e-05,31457
3.86482e-05,-3.13599e-05,31458
-3.24677e-05,2.63449e-05,31460
-6.9737e-05,5.65859e-05,31499
7.66143e-05,-6.21663e-05,31501
-9.24126e-06,7.49854e-06,31502
0.000349534,-0.000283618,31507
-0.000489155,0.00039691,31509
8.31275e-05,-6.74513e-05,31510
0.000126213,-0.000102411,31513
-0.00016122,0.000130817,31514
9.59276e-05,-7.78375e-05,31516
-0.000320523,0.000260079,31523
0.000460312,-0.000373506,31525
-8.47567e-05,6.87732e-05,31526
-0.00015413,0.000125064,31529
0.000215687,-0.000175012,31530
-0.000130917,0.000106228,31532
1.77783e-05,-1.44256e-05,31537
-3.7681e-05,3.05751e-05,31538
2.90363e-05,-2.35606e-05,31540
2.66287e-05,-2.1607e-05,31561
-4.62517e-05,3.75295e-05,31562
2.99933e-05,-2.43371e-05,31564
-2.23818e-05,1.8161e-05,31569
5.88513e-05,-4.77531e-05,31570
-4.99262e-05,4.05111e-05,31572
1.24891e-05,-1.01339e-05,31585
-3.35965e-05,2.72609e-05,31586
2.90347e-05,-2.35593e-05,31588
-1.56901e-06,1.27312e-06,31625
3.01925e-06,-2.44988e-06,31626
-2.02705e-06,1.64479e-06,31628
1.68887e-06,-1.37038e-06,31633
-5.27455e-06,4.27987e-06,31634
4.72535e-06,-3.83424e-06,31636
-1.0572e-06,8.57833e-07,31649
3.57085e-06,-2.89746e-06,31650
-3.30969e-06,2.68555e-06,31652
8.15268e-06,-6.61524e-06,31819
-8.64685e-06,7.01622e-06,31821
9.55888e-07,-7.75626e-07,31822
-3.03476e-05,2.46246e-05,31827
4.13499e-05,-3.35521e-05,31829
-6.40214e-06,5.19482e-06,31830
-8.64685e-06,7.01622e-06,31833
9.78364e-06,-7.93863e-06,31834
-5.69547e-06,4.62142e-06,31836
2.17243e-05,-1.76275e-05,31843
-3.03476e-05,2.46246e-05,31845
5.0481e-06,-4.09613e-06,31846
8.15268e-06,-6.61524e-06,31849
-1.01153e-05,8.20772e-06,31850
5.99204e-06,-4.86205e-06,31852
-6.8151e-07,5.5299e-07,31857
1.26397e-06,-1.02561e-06,31858
-9.31947e-07,7.562e-07,31860
-1.0965e-05,8.89718e-06,31883
1.23027e-05,-9.98268e-06,31885
-1.57045e-06,1.27429e-06,31886
5.98278e-05,-4.85455e-05,31891
-8.47277e-05,6.87497e-05,31893
1.51145e-05,-1.22642e-05,31894
2.29505e-05,-1.86225e-05,31897
-3.1083e-05,2.52214e-05,31898
1.87065e-05,-1.51788e-05,31900
-5.61086e-05,4.55276e-05,31907
8.14243e-05,-6.60692e-05,31909
-1.5715e-05,1.27514e-05,31910
-2.85151e-05,2.31377e-05,31913
4.22114e-05,-3.42512e-05,31914
-2.59314e-05,2.10412e-05,31916
3.39981e-06,-2.75867e-06,31921
-7.64433e-06,6.20276e-06,31922
5.98638e-06,-4.85746e-06,31924
4.75554e-06,-3.85874e-06,31945
-8.71418e-06,7.07086e-06,31946
5.72962e-06,-4.64912e-06,31948
-4.07196e-06,3.30407e-06,31953
1.14205e-05,-9.26684e-06,31954
-9.86422e-06,8.00402e-06,31956
2.28068e-06,-1.85058e-06,31969
-6.54806e-06,5.31322e-06,31970
5.7631e-06,-4.67629e-06,31972
7.20531e-06,-5.84653e-06,32011
-8.18348e-06,6.64024e-06,32013
1.08308e-06,-8.78828e-07,32014
-4.14553e-05,3.36376e-05,32019
5.91712e-05,-4.80127e-05,32021
-1.09068e-05,8.84997e-06,32022
-1.67107e-05,1.35594e-05,32025
2.35772e-05,-1.9131e-05,32026
-1.4321e-05,1.16203e-05,32028
4.00375e-05,-3.24872e-05,32035
-5.85452e-05,4.75047e-05,32037
1.16884e-05,-9.48422e-06,32038
2.13803e-05,-1.73484e-05,32041
-3.29544e-05,2.67398e-05,32042
2.04425e-05,-1.65875e-05,32044
-2.71776e-06,2.20525e-06,32049
6.42542e-06,-5.21371e-06,32050
-5.11548e-06,4.1508e-06,32052
-4.54182e-06,3.68532e-06,32073
8.76707e-06,-7.11377e-06,32074
-5.85228e-06,4.74865e-06,32076
4.14463e-06,-3.36304e-06,32081
-1.25442e-05,1.01786e-05,32082
1.10775e-05,-8.98848e-06,32084
-2.32374e-06,1.88553e-06,32097
7.30777e-06,-5.92967e-06,32098
-6.60588e-06,5.36014e-06,32100
3.13975e-07,-2.54766e-07,32137
-7.02611e-07,5.70112e-07,32138
4.91553e-07,-3.98856e-07,32140
-3.93023e-07,3.18907e-07,32145
1.44878e-06,-1.17557e-06,32146
-1.356e-06,1.10029e-06,32148
2.57466e-07,-2.08913e-07,32161
-1.02943e-06,8.35295e-07,32162
9.96558e-07,-8.08625e-07,32164
2.80446e-07,-2.27559e-07,32329
-6.09394e-07,4.94474e-07,32330
4.21147e-07,-3.41728e-07,32332
-2.95705e-07,2.39941e-07,32337
1.04052e-06,-8.44296e-07,32338
-9.59049e-07,7.78191e-07,32340
1.69922e-07,-1.37879e-07,32353
-6.32882e-07,5.13532e-07,32354
5.99982e-07,-4.86837e-07,32356
-2.01094e-07,1.63171e-07,32393
4.51003e-07,-3.65952e-07,32394
-3.16925e-07,2.57158e-07,32396
2.51317e-07,-2.03924e-07,32401
-9.50649e-07,7.71375e-07,32402
9.00722e-07,-7.30862e-07,32404
-1.68143e-07,1.36435e-07,32417
6.95087e-07,-5.64008e-07,32418
-6.83117e-07,5.54294e-07,32420
1.21232e-07,-9.83712e-08,32521
-2.67198e-07,2.16809e-07,32522
1.86658e-07,-1.51457e-07,32524
-1.45748e-07,1.18263e-07,32529
5.40793e-07,-4.3881e-07,32530
-5.09795e-07,4.13658e-07,32532
9.57262e-08,-7.76742e-08,32545
-3.89053e-07,3.15684e-07,32546
3.80958e-07,-3.09117e-07,32548
4.36855e-06,-3.54473e-06,37471
-6.39484e-06,5.18889e-06,37487
4.59834e-06,-3.73118e-06,37495
-6.39484e-06,5.18889e-06,37499
4.36855e-06,-3.54473e-06,37501
-2.80446e-07,2.27558e-07,37502
-3.20769e-05,2.60279e-05,37535
5.65315e-05,-4.58707e-05,37551
-5.76871e-05,4.68084e-05,37559
0.000101442,-8.23122e-05,37563
-7.22067e-05,5.85899e-05,37565
4.54182e-06,-3.68532e-06,37566
-3.24502e-05,2.63307e-05,37583
0.000235285,-0.000190915,37591
-0.000591002,0.00047955,37595
0.000439977,-0.000357006,37597
-2.66287e-05,2.1607e-05,37598
-0.000176015,0.000142822,37607
0.000575339,-0.000466841,37611
-0.000439977,0.000357006,37613
2.62768e-05,-2.13215e-05,37614
-7.53816e-05,6.11661e-05,37619
7.22067e-05,-5.85899e-05,37621
-5.02658e-06,4.07866e-06,37622
3.12935e-06,-2.53921e-06,37626
-1.89177e-06,1.53502e-06,37628
2.87768e-05,-2.33501e-05,37663
-5.11113e-05,4.14727e-05,37679
5.61625e-05,-4.55713e-05,37687
-0.000104545,8.48298e-05,37691
7.53816e-05,-6.11661e-05,37693
-4.75554e-06,3.85874e-06,37694
3.78238e-05,-3.0691e-05,37711
-0.000292555,0.000237385,37719
0.000766077,-0.000621609,37723
-0.000575339,0.000466841,37725
3.50613e-05,-2.84494e-05,37726
0.000224836,-0.000182436,37735
-0.000766077,0.000621609,37739
0.000591002,-0.00047955,37741
-3.56606e-05,2.89357e-05,37742
0.000104545,-8.48298e-05,37747
-0.000101442,8.23122e-05,37749
7.25626e-06,-5.88787e-06,37750
-4.57337e-06,3.71092e-06,37754
2.75318e-06,-2.23398e-06,37756
-6.06363e-06,4.92015e-06,37775
6.58361e-05,-5.34207e-05,37783
-0.000224836,0.000182436,37787
0.000176015,-0.000142822,37789
-1.09947e-05,8.92133e-06,37790
-6.58361e-05,5.34207e-05,37799
0.000292555,-0.000237385,37803
-0.000235285,0.000190915,37805
1.47931e-05,-1.20034e-05,37806
-5.61625e-05,4.55713e-05,37811
5.76871e-05,-4.68084e-05,37813
-4.63776e-06,3.76317e-06,37814
3.30691e-06,-2.68329e-06,37818
-1.9456e-06,1.57869e-06,37820
-3.78238e-05,3.0691e-05,37835
3.24502e-05,-2.63307e-05,37837
-2.23793e-06,1.8159e-06,37838
5.11113e-05,-4.14727e-05,37843
-5.65315e-05,4.58707e-05,37845
5.37625e-06,-4.36239e-06,37846
-4.89277e-06,3.97009e-06,37850
2.78162e-06,-2.25706e-06,37852
-2.87768e-05,2.33501e-05,37859
3.20769e-05,-2.60279e-05,37861
-3.17041e-06,2.57253e-06,37862
3.50697e-06,-2.84562e-06,37866
-1.97365e-06,1.60146e-06,37868
-2.71386e-07,2.20207e-07,37874
1.66739e-07,-1.35295e-07,37876
-1.0652e-05,8.64324e-06,37983
1.65328e-05,-1.3415e-05,37999
-1.42492e-05,1.15621e-05,38007
2.32826e-05,-1.8892e-05,38011
-1.6598e-05,1.34679e-05,38013
1.0856e-06,-8.80879e-07,38014
0.000111765,-9.0688e-05,38047
-0.000199948,0.000162241,38063
0.000229397,-0.000186137,38071
-0.000452777,0.000367392,38075
0.000332097,-0.00026947,38077
-2.13803e-05,1.73484e-05,38078
0.000144213,-0.000117017,38095
-0.00116258,0.000943343,38103
0.00322765,-0.00261898,38107
-0.00246389,0.00199925,38109
0.00015413,-0.000125064,38110
0.000906513,-0.000735562,38119
-0.00328096,0.00266223,38123
0.00257445,-0.00208896,38125
-0.000160458,0.000130199,38126
0.000477168,-0.000387183,38131
-0.000474242,0.000384809,38133
3.61456e-05,-2.93293e-05,38134
-2.31958e-05,1.88215e-05,38138
1.38262e-05,-1.12188e-05,38140
-0.00013133,0.000106563,38175
0.00023487,-0.000190578,38191
-0.000285709,0.00023183,38199
0.000594342,-0.000482261,38203
-0.000441052,0.000357878,38205
2.85151e-05,-2.31377e-05,38206
-0.000212935,0.00017278,38223
0.00181372,-0.00147169,38231
-0.00522081,0.00423627,38235
0.00401386,-0.00325692,38237
-0.00025247,0.000204859,38238
-0.00144901,0.00117576,38247
0.00542884,-0.00440506,38251
-0.00428849,0.00347976,38253
0.000269266,-0.000218487,38254
-0.000815288,0.000661541,38259
0.000816846,-0.000662804,38261
-6.3182e-05,5.12671e-05,38262
4.08075e-05,-3.3112e-05,38266
-2.4275e-05,1.96972e-05,38268
4.85266e-05,-3.93754e-05,38287
-0.000584083,0.000473936,38295
0.00220815,-0.00179173,38299
-0.00176981,0.00143606,38301
0.000114835,-9.31797e-05,38302
0.000612914,-0.00049733,38311
-0.0029924,0.0024281,38315
0.00246168,-0.00199746,38317
-0.000161642,0.000131159,38318
0.000636226,-0.000516246,38323
-0.000671555,0.000544913,38325
5.76871e-05,-4.68084e-05,38326
-4.21895e-05,3.42334e-05,38330
2.45864e-05,-1.99499e-05,38332
0.000471565,-0.000382637,38347
-0.000415196,0.000336898,38349
3.03771e-05,-2.46486e-05,38350
-0.000712484,0.000578124,38355
0.000816846,-0.000662804,38357
-8.38479e-05,6.80358e-05,38358
8.00168e-05,-6.49272e-05,38362
-4.51828e-05,3.66622e-05,38364
0.00040778,-0.00033088,38371
-0.000474242,0.000384809,38373
5.09876e-05,-4.13724e-05,38374
-5.99952e-05,4.86812e-05,38378
3.36205e-05,-2.72803e-05,38380
4.67595e-06,-3.79415e-06,38386
-2.90219e-06,2.35489e-06,38388
5.71023e-05,-4.63339e-05,38479
-0.000580387,0.000470937,38487
0.00195458,-0.00158598,38491
-0.001553,0.00126014,38493
0.000101341,-8.22298e-05,38494
0.000507379,-0.000411697,38503
-0.00221882,0.0018004,38507
0.00181093,-0.00146942,38509
-0.000119167,9.66947e-05,38510
0.000397933,-0.00032289,38515
-0.000415196,0.000336898,38517
3.50257e-05,-2.84206e-05,38518
-2.36285e-05,1.91726e-05,38522
1.38614e-05,-1.12474e-05,38524
-9.8965e-05,8.03021e-05,38543
0.00140088,-0.0011367,38551
-0.00611009,0.00495785,38555
0.00504904,-0.00409689,38557
-0.000343686,0.000278873,38558
-0.00160435,0.0013018,38567
0.00889744,-0.00721956,38571
-0.00753358,0.00611289,38573
0.000521826,-0.000423419,38574
-0.00224982,0.00182555,38579
0.00246168,-0.00199746,38581
-0.000229397,0.000186137,38582
0.000176291,-0.000143046,38586
-0.000101515,8.23713e-05,38588
-0.00198866,0.00161364,38603
0.00181093,-0.00146942,38605
-0.000142512,0.000115637,38606
0.00358912,-0.00291228,38611
-0.00428849,0.00347976,38613
0.000477485,-0.00038744,38614
-0.00048089,0.000390203,38618
0.000269797,-0.000218919,38620
-0.00211105,0.00171295,38627
0.00257445,-0.00208896,38629
-0.000301604,0.000244727,38630
0.000377189,-0.000306059,38634
-0.000210574,0.000170864,38636
-2.9011e-05,2.35401e-05,38642
1.81635e-05,-1.47382e-05,38644
6.10148e-05,-4.95086e-05,38671
-0.000882644,0.000716195,38679
0.00397478,-0.00322521,38683
-0.00331209,0.0026875,38685
0.000229105,-0.0001859,38686
0.00103484,-0.000839692,38695
-0.00591488,0.00479945,38699
0.00504904,-0.00409689,38701
-0.00035577,0.000288679,38702
0.00159809,-0.00129672,38707
-0.00176981,0.00143606,38709
0.000169497,-0.000137533,38710
-0.000133366,0.000108215,38714
7.6503e-05,-6.2076e-05,38716
0.001684,-0.00136643,38731
-0.001553,0.00126014,38733
0.000125569,-0.000101889,38734
-0.00331206,0.00268747,38739
0.00401386,-0.00325692,38741
-0.000459433,0.000372793,38742
0.000474638,-0.00038513,38746
-0.000265884,0.000215743,38748
0.00198735,-0.00161257,38755
-0.00246389,0.00199925,38757
0.000297325,-0.000241255,38758
-0.000382776,0.000310592,38762
0.000213635,-0.000173348,38764
2.95179e-05,-2.39514e-05,38770
-1.86143e-05,1.5104e-05,38772
-0.000127416,0.000103387,38795
0.000121995,-9.89887e-05,38797
-1.06502e-05,8.64181e-06,38798
0.000350621,-0.000284501,38803
-0.000441052,0.000357878,38805
5.46117e-05,-4.4313e-05,38806
-6.62938e-05,5.3792e-05,38810
3.7105e-05,-3.01077e-05,38812
-0.000256581,0.000208195,38819
0.000332097,-0.00026947,38821
-4.37663e-05,3.55128e-05,38822
6.76844e-05,-5.49204e-05,38826
-3.79635e-05,3.08043e-05,38828
-6.4526e-06,5.23577e-06,38834
4.23646e-06,-3.43754e-06,38836
-4.67984e-06,3.79731e-06,38858
2.68618e-06,-2.17961e-06,38860
3.9316e-06,-3.19017e-06,38866
-2.61071e-06,2.11838e-06,38868
-2.28369e-06,1.85303e-06,38882
1.48507e-06,-1.20502e-06,38884
7.42708e-06,-6.02647e-06,39007
-1.16547e-05,9.45682e-06,39023
1.04567e-05,-8.48475e-06,39031
-1.79175e-05,1.45386e-05,39035
1.29465e-05,-1.0505e-05,39037
-8.56036e-07,6.94605e-07,39038
-8.05879e-05,6.53905e-05,39071
0.000144389,-0.00011716,39087
-0.000169497,0.000137533,39095
0.000346356,-0.00028104,39099
-0.000256581,0.000208195,39101
1.67107e-05,-1.35594e-05,39102
-0.000107674,8.73686e-05,39119
0.000895246,-0.00072642,39127
-0.00257846,0.00209221,39131
0.00198735,-0.00161257,39133
-0.000126213,0.000102411,39134
-0.000708355,0.000574773,39143
0.00266351,-0.00216122,39147
-0.00211105,0.00171295,39149
0.000134084,-0.000108798,39150
-0.000404522,0.000328237,39155
0.00040778,-0.00033088,39157
-3.2225e-05,2.6148e-05,39158
2.09707e-05,-1.7016e-05,39162
-1.24292e-05,1.00853e-05,39164
9.76559e-05,-7.92399e-05,39199
-0.000174613,0.000141684,39215
0.000216898,-0.000175995,39223
-0.000467702,0.000379502,39227
0.000350621,-0.000284501,39229
-2.29505e-05,1.86225e-05,39230
0.000163064,-0.000132314,39247
-0.00143109,0.00116121,39255
0.00426842,-0.00346348,39259
-0.00331206,0.00268747,39261
0.000211462,-0.000171585,39262
0.00115895,-0.000940394,39271
-0.00450092,0.00365213,39275
0.00358912,-0.00291228,39277
-0.000229476,0.000186201,39278
0.000702256,-0.000569824,39283
-0.000712484,0.000578124,39285
5.69173e-05,-4.61838e-05,39286
-3.71681e-05,3.01589e-05,39290
2.20015e-05,-1.78525e-05,39292
-4.04977e-05,3.28606e-05,39311
0.00050438,-0.000409264,39319
-0.00197621,0.00160354,39323
0.00159809,-0.00129672,39325
-0.000105506,8.56095e-05,39326
-0.000537422,0.000436075,39335
0.00271137,-0.00220006,39339
-0.00224982,0.00182555,39341
0.000150602,-0.000122201,39342
-0.000596558,0.000484059,39347
0.000636226,-0.000516246,39349
-5.61625e-05,4.55713e-05,39350
4.14927e-05,-3.3668e-05,39354
-2.40927e-05,1.95493e-05,39356
-0.0004475,0.00036311,39371
0.000397933,-0.00032289,39373
-2.98609e-05,2.42297e-05,39374
0.000702256,-0.000569824,39379
-0.000815288,0.000661541,39381
8.63099e-05,-7.00335e-05,39382
-8.39241e-05,6.80977e-05,39386
4.72964e-05,-3.83772e-05,39388
-0.000404522,0.000328237,39395
0.000477168,-0.000387183,39397
-5.30313e-05,4.30306e-05,39398
6.39035e-05,-5.18526e-05,39402
-3.57879e-05,2.9039e-05,39404
-5.04619e-06,4.09458e-06,39410
3.15061e-06,-2.55646e-06,39412
-5.71023e-05,4.63339e-05,39503
0.000601556,-0.000488114,39511
-0.00210093,0.00170473,39515
0.001684,-0.00136643,39517
-0.000111615,9.05668e-05,39518
-0.000533999,0.000433297,39527
0.00241596,-0.00196035,39531
-0.00198866,0.00161364,39533
0.000133203,-0.000108084,39534
-0.0004475,0.00036311,39539
0.000471565,-0.000382637,39541
-4.08246e-05,3.31259e-05,39542
2.7777e-05,-2.25388e-05,39546
-1.62358e-05,1.31741e-05,39548
0.000108972,-8.84224e-05,39567
-0.00158526,0.00128631,39575
0.00710528,-0.00576536,39579
-0.00591488,0.00479945,39581
0.000409581,-0.000332342,39582
0.00183639,-0.00149008,39591
-0.0104335,0.00846596,39595
0.00889744,-0.00721956,39597
-0.000627709,0.000509335,39598
0.00271137,-0.00220006,39603
-0.0029924,0.0024281,39605
0.000285709,-0.00023183,39606
-0.00022199,0.000180127,39610
0.000127482,-0.000103441,39612
0.00241596,-0.00196035,39627
-0.00221882,0.0018004,39629
0.000178782,-0.000145067,39630
-0.00450092,0.00365213,39635
0.00542884,-0.00440506,39637
-0.000620511,0.000503494,39638
0.000635348,-0.000515534,39642
-0.00035618,0.000289011,39644
0.00266351,-0.00216122,39651
-0.00328096,0.00266223,39653
0.000395017,-0.000320524,39654
-0.000503857,0.000408839,39658
0.000281432,-0.000228359,39660
3.93349e-05,-3.19171e-05,39666
-2.47838e-05,2.01101e-05,39668
-6.87842e-05,5.58128e-05,39695
0.00102255,-0.000829715,39703
-0.00473357,0.00384091,39707
0.00397478,-0.00322521,39709
-0.000280059,0.000227245,39710
-0.0012134,0.000984575,39719
0.00710528,-0.00576536,39723
-0.00611009,0.00495785,39725
0.000439007,-0.000356219,39726
-0.00197621,0.00160354,39731
0.00220815,-0.00179173,39733
-0.000216898,0.000175995,39734
0.000172817,-0.000140227,39738
-9.88792e-05,8.02325e-05,39740
-0.00210093,0.00170473,39755
0.00195458,-0.00158598,39757
-0.000161994,0.000131445,39758
0.00426842,-0.00346348,39763
-0.00522081,0.00423627,39765
0.00061374,-0.000498001,39766
-0.00064532,0.000523625,39770
0.00036136,-0.000293215,39772
-0.00257846,0.00209221,39779
0.00322765,-0.00261898,39781
-0.000400395,0.000324888,39782
0.000526286,-0.000427038,39786
-0.000294021,0.000238574,39788
-4.13494e-05,3.35517e-05,39794
2.62643e-05,-2.13114e-05,39796
0.000162853,-0.000132142,39819
-0.000157727,0.000127983,39821
1.42132e-05,-1.15328e-05,39822
-0.000467702,0.000379502,39827
0.000594342,-0.000482261,39829
-7.59536e-05,6.16302e-05,39830
9.46943e-05,-7.68368e-05,39834
-5.30809e-05,4.30709e-05,39836
0.000346356,-0.00028104,39843
-0.000452777,0.000367392,39845
6.16399e-05,-5.00158e-05,39846
-9.82603e-05,7.97303e-05,39850
5.52986e-05,-4.48704e-05,39852
9.71996e-06,-7.88696e-06,39858
-6.4526e-06,5.23577e-06,39860
7.13912e-06,-5.79282e-06,39882
-4.12724e-06,3.34893e-06,39884
-6.07693e-06,4.93094e-06,39890
4.10544e-06,-3.33123e-06,39892
3.51287e-06,-2.85041e-06,39906
-2.32681e-06,1.88802e-06,39908
5.69626e-06,-4.62205e-06,40015
-6.65181e-05,5.3974e-05,40023
0.000255833,-0.000207588,40027
-0.000209925,0.000170337,40029
1.45439e-05,-1.18012e-05,40030
6.19074e-05,-5.02329e-05,40039
-0.000306754,0.000248906,40043
0.00025851,-0.00020976,40045
-1.82378e-05,1.47985e-05,40046
6.34592e-05,-5.1492e-05,40051
-6.89994e-05,5.59874e-05,40053
6.4916e-06,-5.26741e-06,40054
-4.61801e-06,3.74714e-06,40058
2.66802e-06,-2.16489e-06,40060
-1.61697e-05,1.31204e-05,40079
0.000250399,-0.000203178,40087
-0.0012134,0.000984575,40091
0.00103484,-0.000839692,40093
-7.61171e-05,6.17629e-05,40094
-0.000300599,0.000243912,40103
0.00183639,-0.00149008,40107
-0.00160435,0.0013018,40109
0.000120771,-9.79956e-05,40110
-0.000537422,0.000436075,40115
0.000612914,-0.00049733,40117
-6.40569e-05,5.1977e-05,40118
5.27015e-05,-4.2763e-05,40122
-3e-05,2.43426e-05,40124
-0.000533999,0.000433297,40139
0.000507379,-0.000411697,40141
-4.4781e-05,3.63362e-05,40142
0.00115895,-0.000940394,40147
-0.00144901,0.00117576,40149
0.000182389,-0.000147994,40150
-0.000200838,0.000162964,40154
0.000112555,-9.13296e-05,40156
-0.000708355,0.000574773,40163
0.000906513,-0.000735562,40165
-0.000120628,9.78799e-05,40166
0.000167279,-0.000135733,40170
-9.38733e-05,7.61706e-05,40172
-1.38565e-05,1.12434e-05,40178
8.97755e-06,-7.28456e-06,40180
1.29006e-05,-1.04678e-05,40207
-0.000203083,0.000164786,40215
0.00102255,-0.000829715,40219
-0.000882644,0.000716195,40221
6.67476e-05,-5.41603e-05,40222
0.000250399,-0.000203178,40231
-0.00158526,0.00128631,40235
0.00140088,-0.0011367,40237
-0.000108413,8.79685e-05,40238
0.00050438,-0.000409264,40243
-0.000584083,0.000473936,40245
6.3281e-05,-5.13474e-05,40246
-5.3805e-05,4.36584e-05,40250
3.05387e-05,-2.47797e-05,40252
0.000601556,-0.000488114,40267
-0.000580387,0.000470937,40269
5.3023e-05,-4.30239e-05,40270
-0.00143109,0.00116121,40275
0.00181372,-0.00147169,40277
-0.000235252,0.000190888,40278
0.000267084,-0.000216717,40282
-0.000149748,0.000121509,40284
0.000895246,-0.00072642,40291
-0.00116258,0.000943343,40293
0.000159572,-0.00012948,40294
-0.000228903,0.000185736,40298
0.000128716,-0.000104442,40300
1.93966e-05,-1.57388e-05,40306
-1.27018e-05,1.03065e-05,40308
-6.3281e-05,5.13474e-05,40331
6.40569e-05,-5.1977e-05,40333
-6.4916e-06,5.26741e-06,40334
0.000216898,-0.000175995,40339
-0.000285709,0.00023183,40341
4.08246e-05,-3.31259e-05,40342
-5.69173e-05,4.61838e-05,40346
3.2225e-05,-2.6148e-05,40348
-0.000169497,0.000137533,40355
0.000229397,-0.000186137,40357
-3.50257e-05,2.84206e-05,40358
6.3182e-05,-5.12671e-05,40362
-3.61456e-05,2.93293e-05,40364
-7.25626e-06,5.88787e-06,40370
5.02658e-06,-4.07867e-06,40372
-5.9717e-06,4.84556e-06,40394
3.55798e-06,-2.88702e-06,40396
5.47321e-06,-4.44107e-06,40402
-3.9661e-06,3.21817e-06,40404
-3.10918e-06,2.52285e-06,40418
2.2288e-06,-1.80849e-06,40420
0.000163064,-0.000132314,40531
-0.000212935,0.00017278,40533
3.00023e-05,-2.43445e-05,40534
-3.76089e-05,3.05166e-05,40538
2.12643e-05,-1.72543e-05,40540
-0.000107674,8.73686e-05,40547
0.000144213,-0.000117017,40549
-2.16199e-05,1.75428e-05,40550
3.48081e-05,-2.8244e-05,40554
-1.9859e-05,1.61139e-05,40556
-3.39746e-06,2.75677e-06,40562
2.32593e-06,-1.8873e-06,40564
4.63097e-05,-3.75766e-05,40587
-4.77591e-05,3.87526e-05,40589
5.14888e-06,-4.1779e-06,40590
-0.000174613,0.000141684,40595
0.00023487,-0.000190578,40597
-3.65148e-05,2.96288e-05,40598
5.84901e-05,-4.746e-05,40602
-3.38234e-05,2.7445e-05,40604
0.000144389,-0.00011716,40611
-0.000199948,0.000162241,40613
3.36659e-05,-2.73172e-05,40614
-7.10107e-05,5.76195e-05,40618
4.1757e-05,-3.38824e-05,40620
1.00847e-05,-8.18289e-06,40626
-7.39078e-06,5.99702e-06,40628
9.98392e-06,-8.10115e-06,40650
-6.22425e-06,5.05048e-06,40652
-1.07889e-05,8.75431e-06,40658
8.58245e-06,-6.96397e-06,40660
6.081e-06,-4.93424e-06,40674
-4.8694e-06,3.95113e-06,40676
-2.64638e-05,2.14732e-05,40715
2.71888e-05,-2.20615e-05,40717
-2.91962e-06,2.36904e-06,40718
9.76559e-05,-7.92399e-05,40723
-0.00013133,0.000106563,40725
2.05561e-05,-1.66796e-05,40726
-3.3586e-05,2.72524e-05,40730
1.9525e-05,-1.5843e-05,40732
-8.05879e-05,6.53905e-05,40739
0.000111765,-9.0688e-05,40741
-1.9071e-05,1.54746e-05,40742
4.13757e-05,-3.35731e-05,40746
-2.44989e-05,1.98789e-05,40748
-6.21713e-06,5.0447e-06,40754
4.62629e-06,-3.75386e-06,40756
-7.22616e-06,5.86345e-06,40778
4.57574e-06,-3.71284e-06,40780
8.49028e-06,-6.88917e-06,40786
-6.95473e-06,5.6432e-06,40788
-4.81915e-06,3.91035e-06,40802
4.00346e-06,-3.24848e-06,40804
4.94289e-07,-4.01076e-07,40842
-3.20872e-07,2.60362e-07,40844
-7.61197e-07,6.17648e-07,40850
6.56133e-07,-5.32399e-07,40852
5.02109e-07,-4.07421e-07,40866
-4.47574e-07,3.63169e-07,40868
4.08371e-05,-3.3136e-05,41631
-7.29993e-05,5.9233e-05,41647
8.38479e-05,-6.80358e-05,41655
-0.000175224,0.00014218,41659
0.000131491,-0.000106694,41661
-8.92273e-06,7.24008e-06,41662
4.7134e-05,-3.82454e-05,41679
-0.000382152,0.000310086,41687
0.00111471,-0.000904493,41691
-0.00086765,0.000704028,41693
5.73179e-05,-4.65088e-05,41694
0.000295713,-0.000239947,41703
-0.00111595,0.000905502,41707
0.000890876,-0.000722874,41709
-5.86489e-05,4.75888e-05,41710
0.000158721,-0.000128789,41715
-0.00015932,0.000129275,41717
1.27018e-05,-1.03065e-05,41718
-7.84555e-06,6.36603e-06,41722
4.66799e-06,-3.78769e-06,41724
-3.94028e-05,3.19722e-05,41759
7.05163e-05,-5.72183e-05,41775
-8.63099e-05,7.00335e-05,41783
0.000190662,-0.000154707,41787
-0.000144794,0.000117489,41789
9.87935e-06,-8.0163e-06,41790
-5.80169e-05,4.7076e-05,41807
0.000500678,-0.000406259,41815
-0.00152156,0.00123462,41819
0.00119396,-0.000968806,41821
-7.94598e-05,6.44752e-05,41822
-0.000398586,0.000323421,41831
0.00156683,-0.00127135,41835
-0.00126113,0.0010233,41837
8.38921e-05,-6.80717e-05,41838
-0.000233449,0.000189425,41843
0.000237224,-0.000192488,41845
-1.93966e-05,1.57388e-05,41846
1.22051e-05,-9.90342e-06,41850
-7.22924e-06,5.86595e-06,41852
1.09368e-05,-8.8743e-06,41871
-0.000133375,0.000108223,41879
0.000526546,-0.00042725,41883
-0.000429606,0.00034859,41885
2.95149e-05,-2.3949e-05,41886
0.000139343,-0.000113066,41895
-0.000708133,0.000574593,41899
0.000592699,-0.000480927,41901
-4.12876e-05,3.35015e-05,41902
0.000150602,-0.000122201,41907
-0.000161642,0.000131159,41909
1.47931e-05,-1.20034e-05,41910
-1.08042e-05,8.76674e-06,41914
6.2598e-06,-5.07932e-06,41916
0.000102714,-8.33443e-05,41931
-9.19777e-05,7.46325e-05,41933
7.16642e-06,-5.81497e-06,41934
-0.000155641,0.00012629,41939
0.000181435,-0.00014722,41941
-1.99568e-05,1.61933e-05,41942
1.95067e-05,-1.58281e-05,41946
-1.1002e-05,8.92722e-06,41948
8.9009e-05,-7.22236e-05,41955
-0.000105189,8.53526e-05,41957
1.21437e-05,-9.85367e-06,41958
-1.47945e-05,1.20046e-05,41962
8.31266e-06,-6.74505e-06,41964
1.21937e-06,-9.89421e-07,41970
-7.70735e-07,6.25389e-07,41972
1.81308e-05,-1.47117e-05,42079
-2.90546e-05,2.35754e-05,42095
2.84522e-05,-2.30867e-05,42103
-5.5287e-05,4.48609e-05,42107
4.15256e-05,-3.36947e-05,42109
-2.90614e-06,2.3581e-06,42110
-0.000211786,0.000171847,42143
0.000380754,-0.000308951,42159
-0.000477485,0.00038744,42167
0.00109962,-0.000892257,42171
-0.000844842,0.000685521,42173
5.85452e-05,-4.75047e-05,42174
-0.000299515,0.000243032,42191
0.00267684,-0.00217204,42199
-0.0085366,0.00692676,42203
0.00678196,-0.00550301,42205
-0.000460312,0.000373506,42206
-0.0021667,0.0017581,42215
0.00896574,-0.00727498,42219
-0.00731443,0.00593507,42221
0.000499008,-0.000404905,42222
-0.00143656,0.00116565,42227
0.00149175,-0.00121043,42229
-0.000128716,0.000104442,42230
8.38685e-05,-6.80525e-05,42234
-4.92117e-05,3.99314e-05,42236
0.000263507,-0.000213814,42271
-0.000470918,0.000382112,42287
0.000620511,-0.000503494,42295
-0.00150445,0.00122074,42299
0.00116844,-0.000948092,42301
-8.14243e-05,6.60692e-05,42302
0.000460201,-0.000373416,42319
-0.00433383,0.00351655,42327
0.0142758,-0.0115837,42331
-0.0114081,0.00925674,42333
0.000778013,-0.000631295,42334
0.00358988,-0.0029129,42343
-0.0153008,0.0124153,42347
0.0125489,-0.0101824,42349
-0.000861096,0.00069871,42350
0.00251771,-0.00204292,42355
-0.0026291,0.0021333,42357
0.000228903,-0.000185736,42358
-0.000149812,0.00012156,42362
8.77983e-05,-7.12413e-05,42364
-0.000123431,0.000100154,42383
0.00164035,-0.00133101,42391
-0.00698395,0.00566691,42395
0.00579234,-0.00470002,42397
-0.000408553,0.000331508,42398
-0.00178624,0.00144939,42407
0.00971709,-0.00788463,42411
-0.00826172,0.00670372,42413
0.000592699,-0.000480927,42414
-0.00224982,0.00182555,42419
0.00246168,-0.00199746,42421
-0.000235285,0.000190915,42422
0.000176291,-0.000143046,42426
-0.000101515,8.23713e-05,42428
-0.00167687,0.00136064,42443
0.00152921,-0.00124083,42445
-0.000123917,0.000100549,42446
0.00278617,-0.00226075,42451
-0.00332384,0.00269703,42453
0.000382152,-0.000310086,42454
-0.000385705,0.000312968,42458
0.000216822,-0.000175934,42460
-0.00161874,0.00131348,42467
0.00196536,-0.00159473,42469
-0.000237943,0.000193071,42470
0.000300947,-0.000244194,42474
-0.000168767,0.000136941,42476
-2.47707e-05,2.00994e-05,42482
1.5735e-05,-1.27677e-05,42484
0.00183256,-0.00148698,42583
-0.00695259,0.00564146,42587
0.00571261,-0.00463532,42589
-0.000402829,0.000326863,42590
-0.00166166,0.0013483,42599
0.00810997,-0.00658059,42603
-0.00683671,0.00554744,42605
0.000489053,-0.000396827,42606
-0.00157769,0.00128017,42611
0.00170493,-0.00138342,42613
-0.000159572,0.00012948,42614
0.000109766,-8.90665e-05,42618
-6.35843e-05,5.15935e-05,42620
0.000335664,-0.000272364,42639
-0.00512321,0.00415707,42647
0.0245245,-0.0198997,42651
-0.0208805,0.0169428,42653
0.00154366,-0.00125256,42654
0.00603196,-0.00489445,42663
-0.0364043,0.0295391,42667
0.0317407,-0.0257551,42669
-0.00239752,0.0019454,42670
0.00995171,-0.00807501,42675
-0.0112567,0.00913394,42677
0.00116258,-0.000943343,42678
-0.000925658,0.000751097,42682
0.000528034,-0.000428457,42684
0.00880624,-0.00714555,42699
-0.00829119,0.00672763,42701
0.000722358,-0.000586135,42702
-0.0174465,0.0141564,42707
0.0215833,-0.0175131,42709
-0.00267684,0.00217204,42710
0.00286345,-0.00232346,42714
-0.00160528,0.00130256,42716
0.0104389,-0.00847029,42723
-0.0131989,0.0107099,42725
0.00172818,-0.00140228,42726
-0.00232446,0.00188611,42730
0.00130356,-0.00105773,42732
0.000190187,-0.000154322,42738
-0.000122291,9.92293e-05,42740
-0.000214575,0.00017411,42767
0.00333382,-0.00270512,42775
-0.016464,0.0133592,42779
0.0141458,-0.0114782,42781
-0.00106682,0.000865639,42782
-0.00401945,0.00326146,42791
0.0249822,-0.0202711,42795
-0.0219755,0.0178313,42797
0.00169451,-0.00137496,42798
-0.00733589,0.00595248,42803
0.00840652,-0.00682121,42805
-0.000895246,0.00072642,42806
0.000734699,-0.000596149,42810
-0.000417905,0.000339096,42812
-0.00775136,0.00628961,42827
0.00739899,-0.00600368,42829
-0.000664882,0.000539498,42830
0.0168003,-0.0136321,42835
-0.0210762,0.0171016,42837
0.00269322,-0.00218533,42838
-0.0029718,0.00241138,42842
0.00166637,-0.00135212,42844
-0.0102759,0.00833803,42851
0.0131989,-0.0107099,42853
-0.00178368,0.00144731,42854
0.00248355,-0.0020152,42858
-0.00139527,0.00113215,42860
-0.000206105,0.000167238,42866
0.000133951,-0.00010869,42868
0.000628219,-0.000509749,42891
-0.000626029,0.000507972,42893
6.17377e-05,-5.00951e-05,42894
-0.00194106,0.00157501,42899
0.00253144,-0.00205406,42901
-0.000354837,0.000287921,42902
0.000475532,-0.000385856,42906
-0.000268758,0.000218075,42908
0.00146519,-0.00118888,42915
-0.00196536,0.00159473,42917
0.000294575,-0.000239024,42918
-0.000510489,0.000414221,42922
0.0002912,-0.000236286,42924
5.52986e-05,-4.48704e-05,42930
-3.79635e-05,3.08043e-05,42932
-2.41949e-05,1.96322e-05,42956
-3.64184e-05,2.95506e-05,42962
2.58348e-05,-2.09628e-05,42964
2.08366e-05,-1.69072e-05,42978
-1.45418e-05,1.17995e-05,42980
-1.68363e-05,1.36613e-05,43103
2.7223e-05,-2.20893e-05,43119
-2.7628e-05,2.24179e-05,43127
5.61372e-05,-4.55508e-05,43131
-4.2659e-05,3.46143e-05,43133
3.018e-06,-2.44886e-06,43134
0.000200284,-0.000162514,43167
-0.000359997,0.000292109,43183
0.000459433,-0.000372793,43191
-0.00109078,0.000885082,43195
0.000844996,-0.000685646,43197
-5.91712e-05,4.80127e-05,43198
0.000292099,-0.000237014,43215
-0.00269322,0.00218533,43223
0.00887992,-0.00720534,43227
-0.00711236,0.0057711,43229
0.000489155,-0.00039691,43230
0.00221624,-0.0017983,43239
-0.00949463,0.00770413,43243
0.00781377,-0.00634025,43245
-0.0005421,0.00043987,43246
0.00159582,-0.00129488,43251
-0.00167926,0.00136258,43253
0.000149748,-0.000121509,43254
-9.9704e-05,8.09018e-05,43258
5.81963e-05,-4.72216e-05,43260
-0.000257021,0.000208552,43295
0.000458525,-0.000372056,43311
-0.00061374,0.000498001,43319
0.00153548,-0.00124592,43323
-0.00120257,0.000975787,43325
8.47277e-05,-6.87497e-05,43326
-0.000460201,0.000373416,43343
0.0044619,-0.00362048,43351
-0.0151569,0.0122986,43355
0.0122035,-0.00990217,43357
-0.000842818,0.000683879,43358
-0.00374927,0.00304223,43367
0.0164831,-0.0133747,43371
-0.0136252,0.0110557,43373
0.000949565,-0.000770495,43374
-0.00282276,0.00229044,43379
0.00298127,-0.00241906,43381
-0.000267084,0.000216717,43382
0.000177824,-0.00014429,43386
-0.000103752,8.41865e-05,43388
0.000134995,-0.000109537,43407
-0.00184567,0.00149761,43415
0.00807332,-0.00655085,43419
-0.00674167,0.00547032,43421
0.000482286,-0.000391336,43422
0.00203615,-0.00165217,43431
-0.0113522,0.00921143,43435
0.00971709,-0.00788463,43437
-0.000708133,0.000574593,43438
0.00271137,-0.00220006,43443
-0.0029924,0.0024281,43445
0.000292555,-0.000237385,43446
-0.00022199,0.000180127,43450
0.000127482,-0.000103441,43452
0.00204412,-0.00165864,43467
-0.00187986,0.00152536,43469
0.00015567,-0.000126313,43470
-0.00352266,0.00285835,43475
0.00424577,-0.0034451,43477
-0.000500677,0.000406259,43478
0.000514903,-0.000417802,43482
-0.000289237,0.000234692,43484
0.00206132,-0.00167259,43491
-0.00253144,0.00205406,43493
0.000314858,-0.000255482,43494
-0.000407212,0.00033042,43498
0.000228465,-0.000185381,43500
3.39242e-05,-2.75267e-05,43506
-2.16727e-05,1.75856e-05,43508
-0.0024624,0.00199804,43607
0.009589,-0.0077807,43611
-0.00792844,0.00643329,43613
0.000565831,-0.000459126,43614
0.00226075,-0.00183441,43623
-0.0113042,0.00917245,43627
0.009589,-0.0077807,43629
-0.00069543,0.000564285,43630
0.00226075,-0.00183441,43635
-0.0024624,0.00199804,43637
0.000235252,-0.000190888,43638
-0.000163542,0.000132701,43642
9.44711e-05,-7.66557e-05,43644
-0.000476166,0.00038637,43663
0.00739959,-0.00600417,43671
-0.036099,0.0292914,43675
0.0309099,-0.0250809,43677
-0.00231741,0.00188039,43678
-0.00878534,0.00712859,43687
0.0539428,-0.0437702,43691
-0.0472984,0.0383788,43693
0.00362671,-0.00294278,43694
-0.0151135,0.0122634,43699
0.0172188,-0.0139716,43701
-0.00181372,0.00147169,43702
0.00146101,-0.00118549,43706
-0.000831915,0.000675032,43708
-0.0134773,0.0109357,43723
0.0127805,-0.0103704,43725
-0.00113523,0.000921151,43726
0.0274869,-0.0223034,43731
-0.034257,0.0277968,43733
0.00433383,-0.00351655,43734
-0.00470102,0.0038145,43738
0.00263522,-0.00213826,43740
-0.0165406,0.0134213,43747
0.0210762,-0.0171016,43749
-0.0028161,0.00228504,43750
0.00384728,-0.00312176,43754
-0.00215927,0.00175207,43756
-0.000317969,0.000258006,43762
0.00020534,-0.000166617,43764
0.000311411,-0.000252685,43791
-0.00492128,0.00399322,43799
0.024778,-0.0201054,43803
-0.0214179,0.0173789,43805
0.00164007,-0.00133078,43806
0.00598504,-0.00485638,43815
-0.0378547,0.030716,43819
0.0334969,-0.02718,43821
-0.00262461,0.00212966,43822
0.0114098,-0.00925812,43827
-0.0131715,0.0106876,43829
0.00143109,-0.00116121,43830
-0.00118897,0.00096475,43834
0.000675228,-0.000547893,43836
0.0121563,-0.00986386,43851
-0.0116889,0.00948458,43853
0.00107117,-0.000869164,43854
-0.0271171,0.0220033,43859
0.034257,-0.0277968,43861
-0.0044619,0.00362048,43862
0.00499055,-0.00404943,43866
-0.00279866,0.00227089,43868
0.0166845,-0.0135382,43875
-0.0215833,0.0175131,43877
0.00297349,-0.00241275,43878
-0.00420245,0.00340995,43882
0.00236316,-0.00191751,43884
0.000352686,-0.000286177,43890
-0.00023017,0.000186765,43892
-0.0010127,0.000821728,43915
0.001018,-0.000826027,43917
-0.00010265,8.32921e-05,43918
0.00323396,-0.0026241,43923
-0.00424577,0.0034451,43925
0.000606576,-0.000492187,43926
-0.000825558,0.000669873,43930
0.000466979,-0.000378916,43932
-0.00246257,0.00199817,43939
0.00332384,-0.00269703,43941
-0.000507525,0.000411815,43942
0.000893588,-0.000725074,43946
-0.000510489,0.000414221,43948
-9.82603e-05,7.97303e-05,43954
6.76844e-05,-5.49204e-05,43956
4.33264e-05,-3.51559e-05,43980
6.52401e-05,-5.29371e-05,43986
-4.64542e-05,3.76938e-05,43988
-3.72649e-05,3.02375e-05,44002
2.61138e-05,-2.11893e-05,44004
0.000381448,-0.000309514,44119
-0.00161921,0.00131386,44123
0.00136966,-0.00111137,44125
-0.000102696,8.33294e-05,44126
-0.000366476,0.000297366,44135
0.00199047,-0.0016151,44139
-0.00172912,0.00140304,44141
0.000132876,-0.000107818,44142
-0.00044979,0.000364968,44147
0.000506795,-0.000411224,44149
-5.3023e-05,4.30239e-05,44150
3.9196e-05,-3.18044e-05,44154
-2.24031e-05,1.81783e-05,44156
9.92491e-05,-8.05326e-05,44175
-0.00161921,0.00131386,44183
0.00852719,-0.00691913,44187
-0.00750123,0.00608665,44189
0.000603915,-0.000490028,44190
0.00199047,-0.0016151,44199
-0.0131528,0.0106725,44203
0.0118526,-0.00961746,44205
-0.000980013,0.000795201,44206
0.00423021,-0.00343247,44211
-0.00499743,0.00405501,44213
0.000580387,-0.000470937,44214
-0.000501924,0.000407271,44218
0.000284026,-0.000230464,44220
0.00423021,-0.00343247,44235
-0.00416562,0.00338007,44237
0.000408272,-0.00033128,44238
-0.0101974,0.00827434,44243
0.0131715,-0.0106876,44245
-0.00183256,0.00148698,44246
0.00214983,-0.00174442,44250
-0.00120879,0.000980835,44252
0.0063577,-0.00515876,44259
-0.00840652,0.00682121,44261
0.00123788,-0.00100444,44262
-0.0018445,0.00149666,44266
0.00104323,-0.000846497,44268
0.000162092,-0.000131524,44274
-0.000107673,8.73681e-05,44276
-8.32423e-05,6.75444e-05,44303
0.00136966,-0.00111137,44311
-0.00750123,0.00608665,44315
0.006689,-0.00542758,44317
-0.000556384,0.000451461,44318
-0.00172912,0.00140304,44327
0.0118526,-0.00961746,44331
-0.0108177,0.0087777,44333
0.000923009,-0.000748947,44334
-0.00416562,0.00338007,44339
0.00499743,-0.00405501,44341
-0.000601556,0.000488114,44342
0.000539564,-0.000437813,44346
-0.000304952,0.000247444,44348
-0.00499743,0.00405501,44363
0.00499743,-0.00405501,44365
-0.000506795,0.000411224,44366
0.0131715,-0.0106876,44371
-0.0172188,0.0139716,44373
0.0024624,-0.00199804,44374
-0.00298127,0.00241906,44378
0.00167926,-0.00136258,44380
-0.00840652,0.00682121,44387
0.0112567,-0.00913394,44389
-0.00170493,0.00138342,44390
0.0026291,-0.0021333,44394
-0.00149175,0.00121043,44396
-0.000237224,0.000192488,44402
0.00015932,-0.000129275,44404
0.000584083,-0.000473936,44427
-0.000612914,0.00049733,44429
6.89994e-05,-5.59874e-05,44430
-0.00220815,0.00179173,44435
0.0029924,-0.0024281,44437
-0.000471565,0.000382637,44438
0.000712484,-0.000578124,44442
-0.00040778,0.00033088,44444
0.00176981,-0.00143606,44451
-0.00246168,0.00199746,44453
0.000415196,-0.000336898,44454
-0.000816846,0.000662804,44458
0.000474242,-0.000384809,44460
0.000101442,-8.23122e-05,44466
-7.22067e-05,5.85899e-05,44468
-5.09876e-05,4.13724e-05,44492
-8.00168e-05,6.49272e-05,44498
5.99952e-05,-4.86812e-05,44500
4.51828e-05,-3.66622e-05,44514
-3.36205e-05,2.72803e-05,44516
0.000515311,-0.000418133,44634
-0.000294014,0.000238568,44636
0.00123788,-0.00100444,44643
-0.00170493,0.00138342,44645
0.000281484,-0.000228401,44646
-0.000492243,0.000399415,44650
0.000284548,-0.000230888,44652
5.17525e-05,-4.1993e-05,44658
-3.63873e-05,2.95254e-05,44660
-0.000501924,0.000407271,44683
0.000539564,-0.000437813,44685
-6.54234e-05,5.30858e-05,44686
0.00214983,-0.00174442,44691
-0.00298127,0.00241906,44693
0.000515311,-0.000418133,44694
-0.000908815,0.00073743,44698
0.000533135,-0.000432596,44700
-0.0018445,0.00149666,44707
0.0026291,-0.0021333,44709
-0.000492243,0.000399415,44710
0.00114361,-0.000927946,44714
-0.00068387,0.000554905,44716
-0.000175224,0.00014218,44722
0.000131491,-0.000106694,44724
0.000111269,-9.02858e-05,44748
0.000197624,-0.000160356,44754
-0.000161083,0.000130706,44756
-0.000111336,9.03401e-05,44770
9.15725e-05,-7.43037e-05,44772
0.000284026,-0.000230464,44811
-0.000304952,0.000247444,44813
3.70942e-05,-3.00989e-05,44814
-0.00120879,0.000980835,44819
0.00167926,-0.00136258,44821
-0.000294014,0.000238568,44822
0.000533135,-0.000432596,44826
-0.000314676,0.000255334,44828
0.00104323,-0.000846497,44835
-0.00149175,0.00121043,44837
0.000284548,-0.000230888,44838
-0.00068387,0.000554905,44842
0.000411991,-0.000334298,44844
0.000111269,-9.02858e-05,44850
-8.47222e-05,6.87452e-05,44852
-8.47222e-05,6.87452e-05,44876
-0.000161083,0.000130706,44882
0.000134752,-0.000109341,44884
9.15725e-05,-7.43037e-05,44898
-7.78229e-05,6.3147e-05,44900
5.91183e-06,-4.79697e-06,44940
1.45681e-05,-1.18209e-05,44946
-1.2817e-05,1.04e-05,44948
-9.70876e-06,7.87787e-06,44962
8.82948e-06,-7.16441e-06,44964
0.00222907,-0.00180871,45771
-0.00380065,0.00308392,45773
0.000374793,-0.000304114,45774
-0.00904608,0.00734017,45779
0.0116889,-0.00948458,45781
-0.00164035,0.00133101,45782
0.00192168,-0.00155929,45786
-0.00108101,0.00087715,45788
0.00559623,-0.00454089,45795
-0.00739899,0.00600368,45797
0.00109872,-0.000891522,45798
-0.00163493,0.00132661,45802
0.00092523,-0.00075075,45804
0.000143557,-0.000116485,45810
-9.52338e-05,7.72745e-05,45812
-7.19968e-05,5.84196e-05,45839
0.00118958,-0.000965248,45847
-0.0064849,0.00526198,45851
0.00578117,-0.00469095,45853
-0.000483108,0.000392004,45854
-0.00148797,0.00120737,45863
0.0101614,-0.00824519,45867
-0.00927681,0.00752739,45869
0.000796302,-0.000646135,45870
-0.00347334,0.00281833,45875
0.00416562,-0.00338007,45877
-0.00050438,0.000409264,45878
0.000449541,-0.000364766,45882
-0.000254093,0.000206176,45884
0.00380065,-0.00308392,45901
-0.000388154,0.000314956,45902
0.00976629,-0.00792456,45907
-0.0127805,0.0103704,45909
0.00184567,-0.00149761,45910
-0.00223391,0.00181264,45914
0.00125902,-0.0010216,45916
-0.00618711,0.00502034,45923
0.00829119,-0.00672763,45925
-0.00126805,0.00102892,45926
0.00195501,-0.00158633,45930
-0.00111009,0.000900747,45932
-0.000175872,0.000142706,45938
0.000118033,-9.5774e-05,45940
-0.000393286,0.00031912,45965
4.4554e-05,-3.61519e-05,45966
-0.0013854,0.00112414,45971
0.00187986,-0.00152536,45973
-0.000298531,0.000242234,45974
0.000448084,-0.000363584,45978
-0.00025641,0.000208056,45980
0.00109793,-0.00089088,45987
-0.00152921,0.00124083,45989
0.000259806,-0.000210812,45990
-0.000507525,0.000411815,45994
0.000294575,-0.000239024,45996
6.16399e-05,-5.00158e-05,46002
-4.37663e-05,3.55128e-05,46004
-2.85959e-05,2.32033e-05,46028
-4.39521e-05,3.56636e-05,46034
3.26014e-05,-2.64534e-05,46036
2.48527e-05,-2.0166e-05,46050
-1.8222e-05,1.47857e-05,46052
0.00238877,-0.00193829,46171
-0.00208238,0.00168968,46173
0.000169141,-0.000137244,46174
0.000513301,-0.000416503,46183
-0.00304313,0.00246925,46187
0.00272952,-0.00221479,46189
-0.000229355,0.000186103,46190
0.000785645,-0.000637488,46195
-0.000923009,0.000748947,46197
0.000108413,-8.79685e-05,46198
-8.60632e-05,6.98333e-05,46202
4.87873e-05,-3.95869e-05,46204
-0.000152349,0.000123619,46223
0.00259561,-0.00210613,46231
-0.014962,0.0121405,46235
0.013645,-0.0110718,46237
-0.00121427,0.000985284,46238
-0.0032917,0.00267095,46247
0.0237502,-0.0192714,46251
-0.0221912,0.0180064,46253
0.00203311,-0.0016497,46254
-0.00879825,0.00713907,46259
0.0108177,-0.0087777,46261
-0.00140088,0.0011367,46262
0.00130241,-0.0010568,46266
-0.000735487,0.000596789,46268
0.00927681,-0.00752739,46285
-0.00101224,0.000821347,46286
0.0251006,-0.0203671,46291
-0.0334969,0.02718,46293
0.00512321,-0.00415707,46294
-0.00649066,0.00526665,46298
0.0036767,-0.00298335,46300
-0.0160926,0.0130579,46307
0.0219755,-0.0178313,46309
-0.00355999,0.00288865,46310
0.00577293,-0.00468426,46314
-0.0033039,0.00268085,46316
-0.000544633,0.000441926,46322
0.000372498,-0.000302252,46324
0.000140266,-0.000113815,46351
-0.00238936,0.00193877,46359
0.0143993,-0.0116839,46363
-0.013346,0.0108292,46365
0.00123422,-0.00100147,46366
0.00311518,-0.00252772,46375
-0.023409,0.0189945,46379
0.0221912,-0.0180064,46381
-0.00210538,0.00170834,46382
0.00950387,-0.00771163,46387
-0.0118526,0.00961746,46389
0.00158526,-0.00128631,46390
-0.00152953,0.00124109,46394
0.000864489,-0.000701463,46396
-0.0121563,0.00986386,46413
0.00136684,-0.00110908,46414
-0.0351137,0.0284919,46419
0.0472984,-0.0383788,46421
-0.00739959,0.00600417,46422
0.00966635,-0.00784346,46426
-0.00549155,0.00445595,46428
0.0230232,-0.0186814,46435
-0.0317407,0.0257551,46437
0.00526308,-0.00427056,46438
-0.00882067,0.00715727,46442
0.00506863,-0.00411278,46444
0.000856898,-0.000695304,46450
-0.000592208,0.000480529,46452
0.00178624,-0.00144939,46477
-0.000222214,0.000180309,46478
0.00698395,-0.00566691,46483
-0.00971709,0.00788463,46485
0.00167687,-0.00136064,46486
-0.00278617,0.00226075,46490
0.00161874,-0.00131348,46492
-0.00579234,0.00470002,46499
0.00826172,-0.00670372,46501
-0.00152921,0.00124083,46502
0.00332384,-0.00269703,46506
-0.00196536,0.00159473,46508
-0.000452777,0.000367392,46514
0.000332097,-0.00026947,46516
0.000237943,-0.000193071,46540
0.000385705,-0.000312968,46546
-0.000300947,0.000244194,46548
-0.000216822,0.000175934,46562
0.000168767,-0.000136941,46564
0.00138103,-0.0011206,46684
-0.00483992,0.0039272,46691
0.00683671,-0.00554744,46693
-0.00123337,0.00100078,46694
0.0023716,-0.00192436,46698
-0.00139405,0.00113116,46700
-0.000272026,0.000220727,46706
0.000196927,-0.00015979,46708
-0.00215611,0.00174951,46733
0.000292736,-0.000237531,46734
-0.00955852,0.00775596,46739
0.0136252,-0.0110557,46741
-0.00259561,0.00210613,46742
0.00507807,-0.00412044,46746
-0.00302946,0.00245817,46748
0.0085833,-0.00696466,46755
-0.0125489,0.0101824,46757
0.00258661,-0.00209882,46758
-0.00663861,0.0053867,46762
0.00404247,-0.00328014,46764
0.00109962,-0.000892257,46770
-0.000844842,0.000685521,46772
-0.000720931,0.000584978,46796
-0.00131478,0.00106684,46802
0.00109815,-0.000891063,46804
0.000741263,-0.000601475,46818
-0.0006264,0.000508273,46820
0.00121655,-0.000987134,46861
-0.000167404,0.000135835,46862
0.0054605,-0.00443075,46867
-0.00781377,0.00634025,46869
0.00151693,-0.00123087,46870
-0.00307125,0.00249207,46874
0.00184434,-0.00149653,46876
-0.00497983,0.00404073,46883
0.00731443,-0.00593507,46885
-0.00154221,0.00125138,46886
0.00410639,-0.003332,46890
-0.00251888,0.00204387,46892
-0.000722201,0.000586008,46898
0.000562161,-0.000456148,46900
0.000568316,-0.000461142,46924
0.00110587,-0.000897325,46930
-0.000943975,0.00076596,46932
-0.000629949,0.000511153,46946
0.000547222,-0.000444027,46948
-3.8718e-05,3.14165e-05,46988
-9.88073e-05,8.01742e-05,46994
8.86523e-05,-7.19342e-05,46996
6.64487e-05,-5.39177e-05,47010
-6.1612e-05,4.99931e-05,47012
0.00121008,-0.000981879,47197
-9.96983e-05,8.08971e-05,47198
-0.000294557,0.000239009,47207
0.00177117,-0.00143716,47211
-0.00159768,0.00129639,47213
0.000136433,-0.000110705,47214
-0.000469945,0.000381323,47219
0.000556384,-0.000451461,47221
-6.67476e-05,5.41603e-05,47222
5.39498e-05,-4.37759e-05,47226
-3.05718e-05,2.48066e-05,47228
8.85115e-05,-7.18199e-05,47247
-0.00151693,0.00123087,47255
0.00888913,-0.00721282,47259
-0.00816163,0.0066225,47261
0.000739877,-0.00060035,47262
0.00193503,-0.00157012,47271
-0.0141882,0.0115126,47275
0.013346,-0.0108292,47277
-0.00124566,0.00101076,47278
0.00540259,-0.00438376,47283
-0.006689,0.00542758,47285
0.000882644,-0.000716195,47286
-0.000833731,0.000676505,47290
0.000471133,-0.000382287,47292
-0.00578117,0.00469095,47309
0.000642946,-0.000521699,47310
-0.0159585,0.012949,47315
0.0214179,-0.0173789,47317
-0.00333382,0.00270512,47318
0.00430683,-0.00349465,47322
-0.00244654,0.00198517,47324
0.0103001,-0.00835769,47331
-0.0141458,0.0114782,47333
0.00233453,-0.00189429,47334
-0.0038718,0.00314165,47338
0.00222476,-0.00180521,47340
0.000374398,-0.000303794,47346
-0.000258474,0.000209731,47348
-8.31275e-05,6.74513e-05,47375
0.00142283,-0.00115451,47383
-0.00873829,0.00709042,47387
0.00816163,-0.0066225,47389
-0.000770538,0.00062523,47390
-0.00186736,0.00151521,47399
0.0142877,-0.0115933,47403
-0.013645,0.0110718,47405
0.00132094,-0.00107184,47406
-0.00597277,0.00484642,47411
0.00750123,-0.00608665,47413
-0.00102255,0.000829715,47414
0.00100355,-0.000814303,47418
-0.000567871,0.000460781,47420
0.00775136,-0.00628961,47437
-0.000888323,0.000720802,47438
0.0228227,-0.0185188,47443
-0.0309099,0.0250809,47445
0.00492128,-0.00399322,47446
-0.00655935,0.00532238,47450
0.00373806,-0.00303313,47452
-0.0150642,0.0122234,47459
0.0208805,-0.0169428,47461
-0.00352699,0.00286187,47462
0.00604735,-0.00490694,47466
-0.00348967,0.00283159,47468
-0.000602174,0.000488616,47474
0.000419953,-0.000340758,47476
-0.00120592,0.000978506,47501
0.000153356,-0.000124436,47502
-0.00481746,0.00390898,47507
0.00674167,-0.00547032,47509
-0.00118958,0.000965248,47510
0.0020365,-0.00165246,47514
-0.00118954,0.000965214,47516
0.00403791,-0.00327644,47523
-0.00579234,0.00470002,47525
0.00109793,-0.00089088,47526
-0.00246257,0.00199817,47530
0.00146519,-0.00118888,47532
0.000346356,-0.00028104,47538
-0.000256581,0.000208195,47540
-0.000185637,0.000150629,47564
-0.000305692,0.000248044,47570
0.00024192,-0.000196299,47572
0.000171817,-0.000139415,47586
-0.000135952,0.000110314,47588
0.00401897,-0.00326107,47715
-0.00571261,0.00463532,47717
0.00105597,-0.000856831,47718
-0.00209752,0.00170197,47722
0.00124052,-0.00100658,47724
0.000248493,-0.000201632,47730
-0.000181724,0.000147454,47732
0.00185514,-0.0015053,47757
-0.00025966,0.000210693,47758
0.00850079,-0.0068977,47763
-0.0122035,0.00990217,47765
0.00238936,-0.00193877,47766
-0.00483626,0.00392424,47770
0.0029024,-0.00235506,47772
-0.00775192,0.00629005,47779
0.0114081,-0.00925674,47781
-0.0024167,0.00196096,47782
0.00640526,-0.00519735,47786
-0.00392465,0.00318453,47788
-0.00109078,0.000885082,47794
0.000844996,-0.000685646,47796
0.000726625,-0.000589598,47820
0.00134409,-0.00109062,47826
-0.00113355,0.000919787,47828
-0.000759136,0.000615978,47842
0.000648574,-0.000526265,47844
-0.00105507,0.000856102,47885
0.000150365,-0.000122009,47886
-0.00493122,0.00400128,47891
0.00711236,-0.0057711,47893
-0.00142283,0.00115451,47894
0.00298887,-0.00242523,47898
-0.00180612,0.00146552,47900
0.00458458,-0.00372001,47907
-0.00678196,0.00550301,47909
0.00147223,-0.00119459,47910
-0.00405396,0.00328946,47914
0.00250251,-0.00203059,47916
0.00073366,-0.000595306,47922
-0.000575749,0.000467174,47924
-0.000587339,0.000476578,47948
-0.00115916,0.000940565,47954
0.000998234,-0.000809987,47956
0.000662051,-0.000537201,47970
-0.000580772,0.00047125,47972
3.99872e-05,-3.24464e-05,48012
0.000104565,-8.48464e-05,48018
-9.47984e-05,7.69212e-05,48020
-7.09132e-05,5.75404e-05,48034
6.64487e-05,-5.39177e-05,48036
-0.000292175,0.000237076,48227
0.000420512,-0.000341212,48229
-8.21147e-05,6.66294e-05,48230
0.000177717,-0.000144203,48234
-0.000106862,8.67097e-05,48236
-2.3084e-05,1.87308e-05,48242
1.73495e-05,-1.40777e-05,48244
-0.000166762,0.000135314,48269
2.4969e-05,-2.02603e-05,48270
-0.000825429,0.000669769,48275
0.00120257,-0.000975787,48277
-0.000250699,0.000203422,48278
0.000552768,-0.000448527,48282
-0.000337208,0.000273617,48284
0.000783032,-0.000635368,48291
-0.00116844,0.000948092,48293
0.000263774,-0.000214031,48294
-0.000758309,0.000615306,48298
0.000472637,-0.000383507,48300
0.000140837,-0.000114278,48306
-0.000111915,9.08096e-05,48308
-0.00010576,8.5816e-05,48332
-0.000210545,0.00017084,48338
0.000183946,-0.000149257,48340
0.000120595,-9.78532e-05,48354
-0.000107341,8.70987e-05,48356
0.000111915,-9.08096e-05,48397
-1.73495e-05,1.40777e-05,48398
0.000575749,-0.000467174,48403
-0.000844996,0.000685646,48405
0.000181724,-0.000147454,48406
-0.000419953,0.000340758,48410
0.000258474,-0.000209731,48412
-0.000562161,0.000456148,48419
0.000844842,-0.000685521,48421
-0.000196927,0.00015979,48422
0.000592208,-0.000480529,48426
-0.000372498,0.000302252,48428
-0.000118033,9.5774e-05,48434
9.52338e-05,-7.72745e-05,48436
0.000107673,-8.73681e-05,48460
0.00023017,-0.000186765,48466
-0.00020534,0.000166617,48468
-0.000133951,0.00010869,48482
0.000122291,-9.92293e-05,48484
-8.97755e-06,7.28456e-06,48524
-2.62643e-05,2.13114e-05,48530
2.47838e-05,-2.01101e-05,48532
1.86143e-05,-1.5104e-05,48546
-1.81635e-05,1.47382e-05,48548
1.09872e-05,-8.91526e-06,48738
-1.04934e-05,8.51453e-06,48740
5.55418e-06,-4.50677e-06,48780
1.62538e-05,-1.31887e-05,48786
-1.55022e-05,1.25788e-05,48788
-1.17506e-05,9.53469e-06,48802
1.16322e-05,-9.43859e-06,48804
-3.28542e-06,2.66585e-06,48908
-9.26457e-06,7.51745e-06,48914
8.78853e-06,-7.13118e-06,48916
6.57043e-06,-5.33137e-06,48930
-6.47808e-06,5.25644e-06,48932
2.36694e-05,-1.92058e-05,49951
-4.23755e-05,3.43843e-05,49967
5.30313e-05,-4.30306e-05,49975
-0.000122304,9.92401e-05,49979
9.42264e-05,-7.64571e-05,49981
-6.61617e-06,5.36849e-06,49982
3.5556e-05,-2.88509e-05,49999
-0.000314858,0.000255482,50007
0.000993619,-0.000806242,50011
-0.000789531,0.000640641,50013
5.42042e-05,-4.39823e-05,50014
0.000252801,-0.000205128,50023
-0.00103038,0.000836073,50027
0.000839633,-0.000681294,50029
-5.77748e-05,4.68796e-05,50030
0.00015729,-0.000127628,50035
-0.000162092,0.000131524,50037
1.38565e-05,-1.12434e-05,50038
-8.74838e-06,7.09861e-06,50042
5.15196e-06,-4.1804e-06,50044
-6.9424e-06,5.6332e-06,50063
8.69754e-05,-7.05735e-05,50071
-0.000355901,0.000288785,50075
0.000293929,-0.0002385,50077
-2.08946e-05,1.69543e-05,50078
-9.17793e-05,7.44715e-05,50087
0.000482286,-0.000391336,50091
-0.000408553,0.000331508,50093
2.95149e-05,-2.3949e-05,50094
-0.000105506,8.56095e-05,50099
0.000114835,-9.31797e-05,50101
-1.09947e-05,8.92133e-06,50102
8.12601e-06,-6.5936e-06,50106
-4.6855e-06,3.8019e-06,50108
6.53695e-05,-5.30421e-05,50125
-5.32258e-06,4.31885e-06,50126
0.000113109,-9.17785e-05,50131
-0.00013407,0.000108787,50133
1.55248e-05,-1.25971e-05,50134
-1.56178e-05,1.26726e-05,50138
8.80095e-06,-7.14126e-06,50140
-6.50802e-05,5.28073e-05,50147
7.83223e-05,-6.35522e-05,50149
-9.54806e-06,7.74748e-06,50150
1.20684e-05,-9.79254e-06,50154
-6.79302e-06,5.51199e-06,50156
-1.02036e-06,8.27943e-07,50162
6.52949e-07,-5.29815e-07,50164
1.7713e-05,-1.43727e-05,50287
-1.7822e-05,1.44611e-05,50295
3.61335e-05,-2.93194e-05,50299
-2.75254e-05,2.23347e-05,50301
1.97691e-06,-1.6041e-06,50302
0.000131158,-0.000106424,50335
-0.000235872,0.000191391,50351
0.000301604,-0.000244727,50359
-0.000722201,0.000586008,50363
0.000562161,-0.000456148,50365
-4.00375e-05,3.24872e-05,50366
0.000188752,-0.000153157,50383
-0.00172818,0.00140228,50391
0.00570468,-0.00462889,50395
-0.00458458,0.00372001,50397
0.000320523,-0.000260079,50398
0.00141085,-0.00114479,50407
-0.00603494,0.00489687,50411
0.00497983,-0.00404073,50413
-0.000350847,0.000284684,50414
0.000991417,-0.000804455,50419
-0.00104323,0.000846497,50421
9.38733e-05,-7.61706e-05,50422
-6.16264e-05,5.00049e-05,50426
3.59746e-05,-2.91905e-05,50428
-0.000165006,0.000133889,50463
0.00029463,-0.000239068,50479
-0.000395017,0.000320524,50487
0.000995346,-0.000807643,50491
-0.000783032,0.000635368,50493
5.61086e-05,-4.55276e-05,50494
-0.000292099,0.000237014,50511
0.0028161,-0.00228504,50519
-0.00959222,0.00778332,50523
0.00775192,-0.00629005,50525
-0.000544525,0.000441838,50526
-0.00235194,0.00190841,50535
0.01035,-0.00839821,50539
-0.0085833,0.00696466,50541
0.00060808,-0.000493408,50542
-0.00174399,0.00141511,50547
0.0018445,-0.00149666,50549
-0.000167279,0.000135733,50550
0.000110235,-8.94468e-05,50554
-6.42818e-05,5.21595e-05,50556
8.08807e-05,-6.56282e-05,50575
-0.00109872,0.000891522,50583
0.00481746,-0.00390898,50587
-0.00403791,0.00327644,50589
0.000293929,-0.0002385,50590
0.00120592,-0.000978506,50599
-0.00674167,0.00547032,50603
0.00579234,-0.00470002,50605
-0.000429606,0.00034859,50606
0.00159809,-0.00129672,50611
-0.00176981,0.00143606,50613
0.000176015,-0.000142822,50614
-0.000133366,0.000108215,50618
7.6503e-05,-6.2076e-05,50620
-0.00109793,0.00089088,50637
9.25226e-05,-7.50746e-05,50638
-0.0020365,0.00165246,50643
0.00246257,-0.00199817,50645
-0.000295713,0.000239947,50646
0.000305692,-0.000248044,50650
-0.000171817,0.000139415,50652
0.00118954,-0.000965214,50659
-0.00146519,0.00118888,50661
0.000185637,-0.000150629,50662
-0.00024192,0.000196299,50666
0.000135952,-0.000110314,50668
2.03814e-05,-1.65378e-05,50674
-1.30883e-05,1.06201e-05,50676
0.00113152,-0.000918134,50791
-0.00568107,0.00460973,50795
0.00483992,-0.0039272,50797
-0.000357717,0.000290259,50798
0.00113152,-0.000918134,50803
-0.00123788,0.00100444,50805
0.000120628,-9.78799e-05,50806
-8.38163e-05,6.80102e-05,50810
4.8336e-05,-3.92207e-05,50812
-0.000229219,0.000185992,50831
0.00355999,-0.00288865,50839
-0.017502,0.0142015,50843
0.0150642,-0.0122234,50845
-0.00115308,0.000935635,50846
-0.00421967,0.00342392,50855
0.0261179,-0.0211926,50859
-0.0230232,0.0186814,50861
0.00180364,-0.00146351,50862
-0.00733589,0.00595248,50867
0.00840652,-0.00682121,50869
-0.000906513,0.000735562,50870
0.000734699,-0.000596149,50874
-0.000417905,0.000339096,50876
0.00618711,-0.00502034,50893
-0.000562941,0.000456781,50894
0.0133026,-0.010794,50899
-0.0166845,0.0135382,50901
0.0021667,-0.0017581,50902
-0.00238417,0.00193456,50906
0.00133841,-0.00108601,50908
-0.00801269,0.00650165,50915
0.0102759,-0.00833803,50917
-0.00141085,0.00114479,50918
0.00196177,-0.00159182,50922
-0.00110423,0.000895994,50924
-0.000164847,0.00013376,50930
0.000107341,-8.70987e-05,50932
0.000147809,-0.000119935,50959
-0.00233453,0.00189429,50967
0.0118507,-0.0096159,50971
-0.0103001,0.00835769,50973
0.000806156,-0.000654131,50974
0.00283443,-0.00229991,50983
-0.0180833,0.0146732,50987
0.0160926,-0.0130579,50989
-0.00128981,0.00104657,50990
0.00547266,-0.00444063,50995
-0.0063577,0.00515876,50997
0.000708355,-0.000574773,50998
-0.000593649,0.000481698,51002
0.000336909,-0.000273374,51004
-0.00559623,0.00454089,51021
0.000526313,-0.000427061,51022
-0.0130025,0.0105505,51027
0.0165406,-0.0134213,51029
-0.00221624,0.0017983,51030
0.00252225,-0.0020466,51034
-0.0014174,0.00115011,51036
0.00801269,-0.00650165,51043
-0.0104389,0.00847029,51045
0.00148125,-0.00120192,51046
-0.00213785,0.00173469,51050
0.00120661,-0.000979066,51052
0.000182995,-0.000148486,51058
-0.000120595,9.78532e-05,51060
0.000489232,-0.000396972,51085
-5.08084e-05,4.12269e-05,51086
0.00155783,-0.00126406,51091
-0.00206132,0.00167259,51093
0.000304688,-0.00024723,51094
-0.000426838,0.000346345,51098
0.000242736,-0.000196961,51100
-0.00118954,0.000965214,51107
0.00161874,-0.00131348,51109
-0.00025641,0.000208056,51110
0.000466979,-0.000378916,51114
-0.000268758,0.000218075,51116
-5.30809e-05,4.30709e-05,51122
3.7105e-05,-3.01077e-05,51124
3.60371e-05,-2.92412e-05,51154
-2.62032e-05,2.12618e-05,51156
-2.05206e-05,1.66509e-05,51170
1.47099e-05,-1.19359e-05,51172
-1.70626e-05,1.38449e-05,51311
1.77783e-05,-1.44256e-05,51319
-3.7681e-05,3.05751e-05,51323
2.90363e-05,-2.35606e-05,51325
-2.10966e-06,1.71182e-06,51326
-0.000127246,0.00010325,51359
0.000228709,-0.000185579,51375
-0.000297325,0.000241255,51383
0.00073366,-0.000595306,51387
-0.000575749,0.000467174,51389
4.14553e-05,-3.36376e-05,51390
-0.000188752,0.000153157,51407
0.00178368,-0.00144731,51415
-0.00608637,0.0049386,51419
0.00493122,-0.00400128,51421
-0.000349534,0.000283618,51422
-0.00148125,0.00120192,51431
0.00655943,-0.00532245,51435
-0.0054605,0.00443075,51437
0.000391513,-0.000317681,51438
-0.00113313,0.00091944,51443
0.00120879,-0.000980835,51445
-0.000112555,9.13296e-05,51446
7.57404e-05,-6.14572e-05,51450
-4.39845e-05,3.56899e-05,51452
0.000165147,-0.000134003,51487
-0.000294274,0.00023878,51503
0.000400395,-0.000324888,51511
-0.00104059,0.000844357,51515
0.000825429,-0.000669769,51517
-5.98278e-05,4.85455e-05,51518
0.000299515,-0.000243032,51535
-0.00297349,0.00241275,51543
0.0104406,-0.0084717,51547
-0.00850079,0.0068977,51549
0.000604985,-0.000490896,51550
0.00252006,-0.00204482,51559
-0.0114354,0.00927891,51563
0.00955852,-0.00775596,51565
-0.000688175,0.000558399,51566
0.00200906,-0.00163019,51571
-0.00214983,0.00174442,51573
0.000200838,-0.000162964,51574
-0.000134999,0.000109541,51578
7.83767e-05,-6.35964e-05,51580
-9.07954e-05,7.36731e-05,51599
0.00126805,-0.00102892,51607
-0.00570825,0.00463178,51611
0.00481746,-0.00390898,51613
-0.000355901,0.000288785,51614
-0.00140979,0.00114393,51623
0.00807332,-0.00655085,51627
-0.00698395,0.00566691,51629
0.000526546,-0.00042725,51630
-0.00197621,0.00160354,51635
0.00220815,-0.00179173,51637
-0.000224836,0.000182436,51638
0.000172817,-0.000140227,51642
-9.88792e-05,8.02325e-05,51644
0.0013854,-0.00112414,51661
-0.000119434,9.69113e-05,51662
0.00264668,-0.00214757,51667
-0.00323396,0.0026241,51669
0.000398586,-0.000323421,51670
-0.000420404,0.000341124,51674
0.000236214,-0.000191669,51676
-0.00155783,0.00126406,51683
0.00194106,-0.00157501,51685
-0.000252801,0.000205128,51686
0.00033725,-0.000273651,51690
-0.000189696,0.000153923,51692
-2.87726e-05,2.33467e-05,51698
1.85883e-05,-1.50829e-05,51700
-0.00157769,0.00128017,51815
0.00810997,-0.00658059,51819
-0.00695259,0.00564146,51821
0.000521249,-0.000422951,51822
-0.00166166,0.0013483,51827
0.00183256,-0.00148698,51829
-0.000182389,0.000147994,51830
0.000128232,-0.00010405,51834
-7.37527e-05,5.98443e-05,51836
0.000333126,-0.000270305,51855
-0.00526308,0.00427056,51863
0.0263623,-0.0213909,51867
-0.0228227,0.0185188,51869
0.00177283,-0.00143851,51870
0.00628971,-0.00510359,51879
-0.0396026,0.0321344,51883
0.0351137,-0.0284919,51885
-0.00279422,0.00226728,51886
0.0114098,-0.00925812,51891
-0.0131715,0.0106876,51893
0.00144901,-0.00117576,51894
-0.00118897,0.00096475,51898
0.000675228,-0.000547893,51900
-0.00976629,0.00792456,51917
0.000906157,-0.000735273,51918
-0.0214643,0.0174166,51923
0.0271171,-0.0220033,51925
-0.00358988,0.0029129,51926
0.00400426,-0.00324913,51930
-0.00224813,0.00182418,51932
0.0130025,-0.0105505,51939
-0.0168003,0.0136321,51941
0.00235194,-0.00190841,51942
-0.00331925,0.0026933,51946
0.00186997,-0.00151733,51948
0.000281414,-0.000228345,51954
-0.000183946,0.000149257,51956
-0.000219771,0.000178327,51983
0.00352699,-0.00286187,51991
-0.0182481,0.0148069,51995
0.0159585,-0.012949,51997
-0.00126892,0.00102963,51998
-0.00431859,0.00350419,52007
0.0280344,-0.0227477,52011
-0.0251006,0.0203671,52013
0.00204523,-0.00165954,52014
-0.00871323,0.00707008,52019
0.0101974,-0.00827434,52021
-0.00115895,0.000940394,52022
0.000983508,-0.000798037,52026
-0.000557424,0.000452304,52028
0.00904608,-0.00734017,52045
-0.000867333,0.000703771,52046
0.0214643,-0.0174166,52051
-0.0274869,0.0223034,52053
0.00374927,-0.00304223,52054
-0.0043207,0.0035059,52058
0.00242861,-0.00197062,52060
-0.0133026,0.010794,52067
0.0174465,-0.0141564,52069
-0.00252006,0.00204482,52070
0.0036862,-0.00299105,52074
-0.00208236,0.00168967,52076
-0.000318433,0.000258383,52082
0.000210544,-0.00017084,52084
-0.000813033,0.00065971,52109
8.6166e-05,-6.99167e-05,52110
-0.00264668,0.00214757,52115
0.00352266,-0.00285835,52117
-0.000529133,0.000429349,52118
0.000750185,-0.000608714,52122
-0.000426838,0.000346345,52124
0.0020365,-0.00165246,52131
-0.00278617,0.00226075,52133
0.000448084,-0.000363584,52134
-0.000825558,0.000669873,52138
0.000475532,-0.000385856,52140
9.46943e-05,-7.68368e-05,52146
-6.62938e-05,5.3792e-05,52148
-6.44268e-05,5.22772e-05,52178
4.68782e-05,-3.80379e-05,52180
3.66504e-05,-2.97389e-05,52194
-2.62908e-05,2.13329e-05,52196
0.000272927,-0.000221458,52327
-0.00152831,0.0012401,52331
0.00134422,-0.00109072,52333
-0.000107426,8.71679e-05,52334
0.000356993,-0.000289671,52339
-0.000408272,0.00033128,52341
4.4781e-05,-3.63362e-05,52342
-3.37434e-05,2.73801e-05,52346
1.92176e-05,-1.55935e-05,52348
-7.43879e-05,6.03598e-05,52367
0.00123337,-0.00100078,52375
-0.00669892,0.00543563,52379
0.00597277,-0.00484642,52381
-0.000501741,0.000407122,52382
-0.00152831,0.0012401,52391
0.0104043,-0.00844222,52395
-0.00950387,0.00771163,52397
0.00082101,-0.000666183,52398
-0.00347334,0.00281833,52403
0.00416562,-0.00338007,52405
-0.000507379,0.000411697,52406
0.000449541,-0.000364766,52410
-0.000254093,0.000206176,52412
0.00347334,-0.00281833,52429
-0.000356993,0.000289671,52430
0.00871323,-0.00707008,52435
-0.0114098,0.00925812,52437
0.00166166,-0.0013483,52438
-0.00200906,0.00163019,52442
0.00113313,-0.00091944,52444
-0.00547266,0.00444063,52451
0.00733589,-0.00595248,52453
-0.00113152,0.000918134,52454
0.00174399,-0.00141511,52458
-0.000991417,0.000804455,52460
-0.00015729,0.000127628,52466
0.00010576,-8.5816e-05,52468
6.32746e-05,-5.13423e-05,52495
-0.00105597,0.000856831,52503
0.00597277,-0.00484642,52507
-0.00540259,0.00438376,52509
0.000469945,-0.000381323,52510
0.00134422,-0.00109072,52519
-0.00950387,0.00771163,52523
0.00879825,-0.00713907,52525
-0.000785645,0.000637488,52526
0.00347334,-0.00281833,52531
-0.00423021,0.00343247,52533
0.000533999,-0.000433297,52534
-0.000491457,0.000398778,52538
0.000277681,-0.000225316,52540
-0.00423021,0.00343247,52557
0.00044979,-0.000364968,52558
-0.0114098,0.00925812,52563
0.0151135,-0.0122634,52565
-0.00226075,0.00183441,52566
0.00282276,-0.00229044,52570
-0.00159582,0.00129488,52572
0.00733589,-0.00595248,52579
-0.00995171,0.00807501,52581
0.00157769,-0.00128017,52582
-0.00251771,0.00204292,52586
0.00143656,-0.00116565,52588
0.000233449,-0.000189425,52594
-0.000158721,0.000128789,52596
0.000537422,-0.000436075,52621
-6.34592e-05,5.1492e-05,52622
0.00197621,-0.00160354,52627
-0.00271137,0.00220006,52629
0.0004475,-0.00036311,52630
-0.000702256,0.000569824,52634
0.000404522,-0.000328237,52636
-0.00159809,0.00129672,52643
0.00224982,-0.00182555,52645
-0.000397933,0.00032289,52646
0.000815288,-0.000661541,52650
-0.000477168,0.000387183,52652
-0.000104545,8.48298e-05,52658
7.53816e-05,-6.11661e-05,52660
8.39241e-05,-6.80977e-05,52690
-6.39035e-05,5.18526e-05,52692
-4.72964e-05,3.83772e-05,52706
3.57879e-05,-2.9039e-05,52708
0.000496503,-0.000402872,52842
-0.000289174,0.000234641,52844
-5.38702e-05,4.37113e-05,52850
3.83698e-05,-3.1134e-05,52852
-0.000491457,0.000398778,52877
6.28014e-05,-5.09583e-05,52878
-0.00200906,0.00163019,52883
0.00282276,-0.00229044,52885
-0.000513301,0.000416503,52886
0.000946257,-0.000767811,52890
-0.000559632,0.000454097,52892
0.00174399,-0.00141511,52899
-0.00251771,0.00204292,52901
0.000496503,-0.000402872,52902
-0.00120627,0.000978794,52906
0.000727972,-0.00059069,52908
0.000190662,-0.000154707,52914
-0.000144794,0.000117489,52916
-0.000219684,0.000178256,52946
0.000181297,-0.000147108,52948
0.000123834,-0.000100481,52962
-0.000103223,8.37571e-05,52964
0.000277681,-0.000225316,53005
-3.56856e-05,2.8956e-05,53006
0.00113313,-0.00091944,53011
-0.00159582,0.00129488,53013
0.000294557,-0.000239009,53014
-0.000559632,0.000454097,53018
0.000333135,-0.000270312,53020
-0.000991417,0.000804455,53027
0.00143656,-0.00116565,53029
-0.000289174,0.000234641,53030
0.000727972,-0.00059069,53034
-0.000442692,0.000359209,53036
-0.000122304,9.92401e-05,53042
9.42264e-05,-7.64571e-05,53044
0.000181297,-0.000147108,53074
-0.000153391,0.000124465,53076
-0.000103223,8.37571e-05,53090
8.87846e-05,-7.20415e-05,53092
-1.65702e-05,1.34454e-05,53138
1.47313e-05,-1.19533e-05,53140
1.11e-05,-9.00677e-06,53154
-1.01976e-05,8.27456e-06,53156
-0.00222907,0.00180871,54093
0.000413658,-0.00033565,54094
-0.0101614,0.00824519,54099
0.0134773,-0.0109357,54101
-0.00203615,0.00165217,54102
0.00254084,-0.00206169,54106
-0.00143721,0.00116618,54108
0.0064849,-0.00526198,54115
-0.00880624,0.00714555,54117
0.00140979,-0.00114393,54118
-0.0022481,0.00182415,54122
0.00128354,-0.00104149,54124
0.000207388,-0.000168279,54130
-0.000140837,0.000114278,54132
-4.91539e-05,3.98844e-05,54158
0.00148797,-0.00120737,54163
-0.00204412,0.00165864,54165
0.000339785,-0.000275708,54166
-0.000529133,0.000429349,54170
0.000304688,-0.00024723,54172
-0.00118958,0.000965248,54179
0.00167687,-0.00136064,54181
-0.000298531,0.000242234,54182
0.000606576,-0.000492187,54186
-0.000354837,0.000287921,54188
-7.59536e-05,6.16302e-05,54194
5.46117e-05,-4.4313e-05,54196
5.50309e-05,-4.46532e-05,54226
-4.14476e-05,3.36314e-05,54228
-3.10441e-05,2.51897e-05,54242
2.3141e-05,-1.8777e-05,54244
0.00305342,-0.00247761,54379
-0.00277916,0.00225507,54381
0.000244109,-0.000198075,54382
-0.00082101,0.000666183,54387
0.000980013,-0.000795201,54389
-0.000120771,9.79956e-05,54390
9.81245e-05,-7.96201e-05,54394
-5.55359e-05,4.50629e-05,54396
0.000149166,-0.000121036,54415
-0.00258661,0.00209882,54423
0.0154361,-0.0125251,54427
-0.0142877,0.0115933,54429
0.00132991,-0.00107912,54430
0.00331176,-0.00268722,54439
-0.0246902,0.0200341,54443
0.023409,-0.0189945,54445
-0.00224367,0.00182055,54446
0.00950387,-0.00771163,54451
-0.0118526,0.00961746,54453
0.00160435,-0.0013018,54454
-0.00152953,0.00124109,54458
0.000864489,-0.000701463,54460
0.00115851,-0.000940036,54478
-0.0280344,0.0227477,54483
0.0378547,-0.030716,54485
-0.00603196,0.00489445,54486
0.00787057,-0.00638633,54490
-0.00447802,0.00363355,54492
0.0180833,-0.0146732,54499
-0.0249822,0.0202711,54501
0.00421967,-0.00342392,54502
-0.00706865,0.00573564,54506
0.00407,-0.00330247,54508
0.000683087,-0.00055427,54514
-0.000472637,0.000383507,54516
-0.000139835,0.000113465,54543
0.0024167,-0.00196096,54551
-0.0150794,0.0122357,54555
0.0141882,-0.0115126,54557
-0.00137307,0.00111413,54558
-0.00318057,0.00258078,54567
0.0246902,-0.0200341,54571
-0.0237502,0.0192714,54573
0.00235705,-0.00191256,54574
-0.0104043,0.00844222,54579
0.0131528,-0.0106725,54581
-0.00183639,0.00149008,54582
0.00181834,-0.00147543,54586
-0.00102943,0.000835297,54588
-0.00158133,0.00128312,54606
0.0396026,-0.0321344,54611
-0.0539428,0.0437702,54613
0.00878534,-0.00712859,54614
-0.0118257,0.00959558,54618
0.00675087,-0.00547778,54620
-0.0261179,0.0211926,54627
0.0364043,-0.0295391,54629
-0.00628971,0.00510359,54630
0.0108934,-0.0088391,54634
-0.00629986,0.00511183,54636
-0.00108463,0.000880092,54642
0.000758309,-0.000615306,54644
0.000264263,-0.000214428,54670
-0.00807332,0.00655085,54675
0.0113522,-0.00921143,54677
-0.00204412,0.00165864,54678
0.00352266,-0.00285835,54682
-0.00206132,0.00167259,54684
0.00674167,-0.00547032,54691
-0.00971709,0.00788463,54693
0.00187986,-0.00152536,54694
-0.00424577,0.0034451,54698
0.00253144,-0.00205406,54700
0.000594342,-0.000482261,54706
-0.000441052,0.000357878,54708
-0.000514903,0.000417802,54738
0.000407212,-0.00033042,54740
0.000289237,-0.000234692,54754
-0.000228465,0.000185381,54756
0.0018093,-0.0014681,54892
0.000360052,-0.000292153,54898
-0.000263774,0.000214031,54900
-0.00036126,0.000293134,54926
0.0114354,-0.00927891,54931
-0.0164831,0.0133747,54933
0.0032917,-0.00267095,54934
-0.00670817,0.00544314,54938
0.0040354,-0.0032744,54940
-0.01035,0.00839821,54947
0.0153008,-0.0124153,54949
-0.00331176,0.00268722,54950
0.00885389,-0.00718422,54954
-0.00543998,0.0044141,54956
-0.00150445,0.00122074,54962
0.00116844,-0.000948092,54964
0.00183157,-0.00148617,54994
-0.00154671,0.00125503,54996
-0.00103386,0.000838897,55010
0.000883948,-0.000717252,55012
0.000207495,-0.000168365,55054
-0.00655943,0.00532245,55059
0.00949463,-0.00770413,55061
-0.00193503,0.00157012,55062
0.00408533,-0.00331492,55066
-0.00247434,0.00200772,55068
0.00603494,-0.00489687,55075
-0.00896574,0.00727498,55077
0.00198762,-0.00161279,55078
-0.00551583,0.00447565,55082
0.00341422,-0.00277037,55084
0.000995346,-0.000807643,55090
-0.000783032,0.000635368,55092
-0.00155368,0.00126069,55122
0.00133978,-0.00108712,55124
0.000886781,-0.000719551,55138
-0.000778546,0.000631728,55140
0.00014029,-0.000113834,55186
-0.000127003,0.000103053,55188
-9.47984e-05,7.69212e-05,55202
8.86523e-05,-7.19342e-05,55204
0.00165772,-0.0013451,55405
-0.000148297,0.000120331,55406
0.000501741,-0.000407122,55411
-0.000603915,0.000490028,55413
7.61171e-05,-6.17629e-05,55414
-6.30996e-05,5.12003e-05,55418
3.57189e-05,-2.8983e-05,55420
-8.83361e-05,7.16777e-05,55439
0.00154221,-0.00125138,55447
-0.009372,0.00760463,55451
0.00873829,-0.00709042,55453
-0.000829558,0.000673119,55454
-0.00198762,0.00161279,55463
0.0150794,-0.0122357,55467
-0.0143993,0.0116839,55469
0.00140733,-0.00114193,55470
-0.00597277,0.00484642,55475
0.00750123,-0.00608665,55477
-0.00103484,0.000839692,55478
0.00100355,-0.000814303,55482
-0.000567871,0.000460781,55484
-0.000753648,0.000611524,55502
0.0182481,-0.0148069,55507
-0.024778,0.0201054,55509
0.00401945,-0.00326146,55510
-0.00535564,0.00434567,55514
0.00305733,-0.00248078,55516
-0.0118507,0.0096159,55523
0.016464,-0.0133592,55525
-0.00283443,0.00229991,55526
0.00486392,-0.00394668,55530
-0.0028133,0.00228276,55532
-0.000482537,0.00039154,55538
0.000337208,-0.000273617,55540
8.47567e-05,-6.87732e-05,55567
-0.00147223,0.00119459,55575
0.009372,-0.00760463,55579
-0.00888913,0.00721282,55581
0.000878851,-0.000713117,55582
0.00195138,-0.00158339,55591
-0.0154361,0.0125251,55595
0.014962,-0.0121405,55597
-0.00151587,0.00123001,55598
0.00669892,-0.00543563,55603
-0.00852719,0.00691913,55605
0.0012134,-0.000984575,55606
-0.00122351,0.000992783,55610
0.000693857,-0.000563009,55612
0.00105301,-0.000854431,55630
-0.0263623,0.0213909,55635
0.036099,-0.0292914,55637
-0.00598504,0.00485638,55638
0.00823151,-0.00667921,55642
-0.00471613,0.00382676,55644
0.017502,-0.0142015,55651
-0.0245245,0.0198997,55653
0.00431859,-0.00350419,55654
-0.00766367,0.00621845,55658
0.00445303,-0.00361327,55660
0.000783141,-0.000635456,55666
-0.000552768,0.000448527,55668
-0.000187093,0.000151811,55694
0.00570825,-0.00463178,55699
-0.00807332,0.00655085,55701
0.00148797,-0.00120737,55702
-0.00264668,0.00214757,55706
0.00155783,-0.00126406,55708
-0.00481746,0.00390898,55715
0.00698395,-0.00566691,55717
-0.0013854,0.00112414,55718
0.00323396,-0.0026241,55722
-0.00194106,0.00157501,55724
-0.000467702,0.000379502,55730
0.000350621,-0.000284501,55732
0.000420404,-0.000341124,55762
-0.00033725,0.000273651,55764
-0.000236214,0.000191669,55778
0.000189696,-0.000153923,55780
-0.00033868,0.000274811,55922
0.000250699,-0.000203422,55924
0.000329675,-0.000267505,55950
-0.0104406,0.0084717,55955
0.0151569,-0.0122986,55957
-0.00311518,0.00252772,55958
0.00657516,-0.00533521,55962
-0.00398039,0.00322977,55964
0.00959222,-0.00778332,55971
-0.0142758,0.0115837,55973
0.00318057,-0.00258078,55974
-0.00878907,0.00713162,55978
0.00543531,-0.00441031,55980
0.00153548,-0.00124592,55986
-0.00120257,0.000975787,55988
-0.0019282,0.00156458,56018
0.00164424,-0.00133417,56020
0.00109074,-0.00088505,56034
-0.00094288,0.000765071,56036
-0.000192002,0.000155794,56078
0.00608637,-0.0049386,56083
-0.00887992,0.00720534,56085
0.00186736,-0.00151521,56086
-0.00409374,0.00332174,56090
0.00249581,-0.00202514,56092
-0.00570468,0.00462889,56099
0.0085366,-0.00692676,56101
-0.00195138,0.00158339,56102
0.00560409,-0.00454726,56106
-0.00349181,0.00283332,56108
-0.00104059,0.000844357,56114
0.000825429,-0.000669769,56116
0.00167754,-0.00136119,56146
-0.00145956,0.00118431,56148
-0.000960377,0.000779268,56162
0.000851519,-0.000690939,56164
-0.000153377,0.000124453,56210
0.00014029,-0.000113834,56212
0.000104565,-8.48464e-05,56226
-9.88073e-05,8.01742e-05,56228
3.27785e-05,-2.65971e-05,56434
-2.4969e-05,2.02603e-05,56436
-3.27785e-05,2.65971e-05,56462
0.00104059,-0.000844357,56467
-0.00153548,0.00124592,56469
0.00033868,-0.000274811,56470
-0.000783141,0.000635456,56474
0.000482537,-0.00039154,56476
-0.000995346,0.000807643,56483
0.00150445,-0.00122074,56485
-0.000360052,0.000292153,56486
0.00108463,-0.000880092,56490
-0.000683087,0.00055427,56492
-0.000207388,0.000168279,56498
0.000166762,-0.000135314,56500
0.000318433,-0.000258383,56530
-0.000281414,0.000228345,56532
-0.000182995,0.000148486,56546
0.000164847,-0.00013376,56548
2.3084e-05,-1.87308e-05,56590
-0.00073366,0.000595306,56595
0.00109078,-0.000885082,56597
-0.000248493,0.000201632,56598
0.000602174,-0.000488616,56602
-0.000374398,0.000303794,56604
0.000722201,-0.000586008,56611
-0.00109962,0.000892257,56613
0.000272026,-0.000220727,56614
-0.000856898,0.000695304,56618
0.000544633,-0.000441926,56620
0.000175872,-0.000142706,56626
-0.000143557,0.000116485,56628
-0.000352686,0.000286177,56658
0.000317969,-0.000258006,56660
0.000206105,-0.000167238,56674
-0.000190187,0.000154322,56676
4.13494e-05,-3.35517e-05,56722
-3.93349e-05,3.19171e-05,56724
-2.95179e-05,2.39514e-05,56738
2.9011e-05,-2.35401e-05,56740
-2.64022e-05,2.14232e-05,56978
2.54115e-05,-2.06194e-05,56980
1.93271e-05,-1.56824e-05,56994
-1.92815e-05,1.56454e-05,56996
1.50006e-05,-1.21718e-05,57106
-1.43679e-05,1.16584e-05,57108
-1.07913e-05,8.7563e-06,57122
1.07294e-05,-8.70601e-06,57124
3.75948e-06,-3.05051e-06,58254
-0.000187093,0.000151811,58259
0.000264263,-0.000214428,58261
-4.91539e-05,3.98844e-05,58262
8.6166e-05,-6.99167e-05,58266
-5.08084e-05,4.12269e-05,58268
0.000153356,-0.000124436,58275
-0.000222214,0.000180309,58277
4.4554e-05,-3.61519e-05,58278
-0.00010265,8.32921e-05,58282
6.17377e-05,-5.00951e-05,58284
1.42132e-05,-1.15328e-05,58290
-1.06502e-05,8.64181e-06,58292
-1.11303e-05,9.0313e-06,58322
8.84418e-06,-7.17634e-06,58324
6.25075e-06,-5.07198e-06,58338
-4.94465e-06,4.01219e-06,58340
0.000107426,-8.71679e-05,58483
-0.000132876,0.000107818,58485
1.82378e-05,-1.47985e-05,58486
-1.60324e-05,1.3009e-05,58490
9.10601e-06,-7.38879e-06,58492
-1.67917e-05,1.36251e-05,58511
0.000302249,-0.000245251,58519
-0.00195138,0.00158339,58523
0.00186736,-0.00151521,58525
-0.000192002,0.000155794,58526
-0.000396189,0.000321475,58535
0.00318057,-0.00258078,58539
-0.00311518,0.00252772,58541
0.000329675,-0.000267505,58542
-0.00134422,0.00109072,58547
0.00172912,-0.00140304,58549
-0.00025851,0.00020976,58550
0.000267377,-0.000216955,58554
-0.000152551,0.000123783,58556
0.00431859,-0.00350419,58579
-0.00598504,0.00485638,58581
0.00105301,-0.000854431,58582
-0.00151587,0.00123001,58586
0.000878851,-0.000713117,58588
-0.00283443,0.00229991,58595
0.00401945,-0.00326146,58597
-0.000753648,0.000611524,58598
0.00140733,-0.00114193,58602
-0.000829558,0.000673119,58604
-0.000148297,0.000120331,58610
0.000106862,-8.67097e-05,58612
1.65262e-05,-1.34097e-05,58639
-0.00029412,0.000238654,58647
0.00198762,-0.00161279,58651
-0.00193503,0.00157012,58653
0.000207495,-0.000168365,58654
0.000396189,-0.000321475,58663
-0.00331176,0.00268722,58667
0.0032917,-0.00267095,58669
-0.00036126,0.000293134,58670
0.00152831,-0.0012401,58675
-0.00199047,0.0016151,58677
0.000306754,-0.000248906,58678
-0.000331055,0.000268624,58682
0.000189655,-0.00015389,58684
-0.00628971,0.00510359,58707
0.00878534,-0.00712859,58709
-0.00158133,0.00128312,58710
0.00235705,-0.00191256,58714
-0.00137307,0.00111413,58716
0.00421967,-0.00342392,58723
-0.00603196,0.00489445,58725
0.00115851,-0.000940036,58726
-0.00224367,0.00182055,58730
0.00132991,-0.00107912,58732
0.000244109,-0.000198075,58738
-0.000177717,0.000144203,58740
0.00140979,-0.00114393,58771
-0.00203615,0.00165217,58773
0.000413658,-0.00033565,58774
-0.000813033,0.00065971,58778
0.000489232,-0.000396972,58780
-0.00120592,0.000978506,58787
0.00178624,-0.00144939,58789
-0.000393286,0.00031912,58790
0.001018,-0.000826027,58794
-0.000626029,0.000507972,58796
-0.000157727,0.000127983,58802
0.000121995,-9.89887e-05,58804
0.000148567,-0.00012055,58834
-0.000123502,0.000100212,58836
-8.3538e-05,6.77843e-05,58850
6.9737e-05,-5.65859e-05,58852
8.21147e-05,-6.66294e-05,58996
-0.00252006,0.00204482,59027
0.00374927,-0.00304223,59029
-0.000867333,0.000703771,59030
0.00204523,-0.00165954,59034
-0.00126892,0.00102963,59036
0.00235194,-0.00190841,59043
-0.00358988,0.0029129,59045
0.000906157,-0.000735273,59046
-0.00279422,0.00226728,59050
0.00177283,-0.00143851,59052
0.000521249,-0.000422951,59058
-0.000420512,0.000341212,59060
-0.000688175,0.000558399,59090
0.000604985,-0.000490896,59092
0.000391513,-0.000317681,59106
-0.000349534,0.000283618,59108
0.00148125,-0.00120192,59155
-0.00221624,0.0017983,59157
0.000526313,-0.000427061,59158
-0.00128981,0.00104657,59162
0.000806156,-0.000654131,59164
-0.00141085,0.00114479,59171
0.0021667,-0.0017581,59173
-0.000562941,0.000456781,59174
0.00180364,-0.00146351,59178
-0.00115308,0.000935635,59180
-0.000357717,0.000290259,59186
0.000292175,-0.000237076,59188
0.00060808,-0.000493408,59218
-0.000544525,0.000441838,59220
-0.000350847,0.000284684,59234
0.000320523,-0.000260079,59236
-5.77748e-05,4.68796e-05,59282
5.42042e-05,-4.39823e-05,59284
3.99872e-05,-3.24464e-05,59298
-3.8718e-05,3.14165e-05,59300
0.000102696,-8.33294e-05,59509
-1.45439e-05,1.18012e-05,59510
1.31928e-05,-1.07049e-05,59514
-7.51351e-06,6.09661e-06,59516
1.22326e-05,-9.92581e-06,59535
-0.000222389,0.000180451,59543
0.00147223,-0.00119459,59547
-0.00142283,0.00115451,59549
0.000150365,-0.000122009,59550
0.00029412,-0.000238654,59559
-0.0024167,0.00196096,59563
0.00238936,-0.00193877,59565
-0.00025966,0.000210693,59566
0.00105597,-0.000856831,59571
-0.00136966,0.00111137,59573
0.000209925,-0.000170337,59574
-0.000222708,0.00018071,59578
0.000127499,-0.000103455,59580
-0.00352699,0.00286187,59603
0.00492128,-0.00399322,59605
-0.000888323,0.000720802,59606
0.00132094,-0.00107184,59610
-0.000770538,0.00062523,59612
0.00233453,-0.00189429,59619
-0.00333382,0.00270512,59621
0.000642946,-0.000521699,59622
-0.00124566,0.00101076,59626
0.000739877,-0.00060035,59628
0.000136433,-0.000110705,59634
-9.96983e-05,8.08971e-05,59636
-1.24143e-05,1.00732e-05,59663
0.000222389,-0.000180451,59671
-0.00154221,0.00125138,59675
0.00151693,-0.00123087,59677
-0.000167404,0.000135835,59678
-0.000302249,0.000245251,59687
0.00258661,-0.00209882,59691
-0.00259561,0.00210613,59693
0.000292736,-0.000237531,59694
-0.00123337,0.00100078,59699
0.00161921,-0.00131386,59701
-0.000255833,0.000207588,59702
0.000283717,-0.000230213,59706
-0.00016321,0.000132431,59708
0.00526308,-0.00427056,59731
-0.00739959,0.00600417,59733
0.00136684,-0.00110908,59734
-0.00210538,0.00170834,59738
0.00123422,-0.00100147,59740
-0.00355999,0.00288865,59747
0.00512321,-0.00415707,59749
-0.00101224,0.000821347,59750
0.00203311,-0.0016497,59754
-0.00121427,0.000985284,59756
-0.000229355,0.000186103,59762
0.000169141,-0.000137244,59764
-0.00126805,0.00102892,59795
0.00184567,-0.00149761,59797
-0.000388154,0.000314956,59798
0.000796302,-0.000646135,59802
-0.000483108,0.000392004,59804
0.00109872,-0.000891522,59811
-0.00164035,0.00133101,59813
0.000374793,-0.000304114,59814
-0.0010127,0.000821728,59818
0.000628219,-0.000509749,59820
0.000162853,-0.000132142,59826
-0.000127416,0.000103387,59828
-0.000160128,0.000129931,59858
0.000135093,-0.000109617,59860
9.0221e-05,-7.3207e-05,59874
-7.66143e-05,6.21663e-05,59876
0.00297349,-0.00241275,60051
-0.0044619,0.00362048,60053
0.00107117,-0.000869164,60054
-0.00262461,0.00212966,60058
0.00164007,-0.00133078,60060
-0.0028161,0.00228504,60067
0.00433383,-0.00351655,60069
-0.00113523,0.000921151,60070
0.00362671,-0.00294278,60074
-0.00231741,0.00188039,60076
-0.00069543,0.000564285,60082
0.000565831,-0.000459126,60084
0.000949565,-0.000770495,60114
-0.000842818,0.000683879,60116
-0.0005421,0.00043987,60130
0.000489155,-0.00039691,60132
-0.00178368,0.00144731,60179
0.00269322,-0.00218533,60181
-0.000664882,0.000539498,60182
0.00169451,-0.00137496,60186
-0.00106682,0.000865639,60188
0.00172818,-0.00140228,60195
-0.00267684,0.00217204,60197
0.000722358,-0.000586135,60198
-0.00239752,0.0019454,60202
0.00154366,-0.00125256,60204
0.000489053,-0.000396827,60210
-0.000402829,0.000326863,60212
-0.000861096,0.00069871,60242
0.000778013,-0.000631295,60244
0.000499008,-0.000404905,60258
-0.000460312,0.000373506,60260
8.38921e-05,-6.80717e-05,60306
-7.94598e-05,6.44752e-05,60308
-5.86489e-05,4.75888e-05,60322
5.73179e-05,-4.65088e-05,60324
-0.000400395,0.000324888,60563
0.00061374,-0.000498001,60565
-0.000161994,0.000131445,60566
0.000439007,-0.000356219,60570
-0.000280059,0.000227245,60572
0.000395017,-0.000320524,60579
-0.000620511,0.000503494,60581
0.000178782,-0.000145067,60582
-0.000627709,0.000509335,60586
0.000409581,-0.000332342,60588
0.000133203,-0.000108084,60594
-0.000111615,9.05668e-05,60596
-0.000229476,0.000186201,60626
0.000211462,-0.000171585,60628
0.000134084,-0.000108798,60642
-0.000126213,0.000102411,60644
0.000297325,-0.000241255,60691
-0.000459433,0.000372793,60693
0.000125569,-0.000101889,60694
-0.00035577,0.000288679,60698
0.000229105,-0.0001859,60700
-0.000301604,0.000244727,60707
0.000477485,-0.00038744,60709
-0.000142512,0.000115637,60710
0.000521826,-0.000423419,60714
-0.000343686,0.000278873,60716
-0.000119167,9.66947e-05,60722
0.000101341,-8.22298e-05,60724
0.000269266,-0.000218487,60754
-0.00025247,0.000204859,60756
-0.000160458,0.000130199,60770
0.00015413,-0.000125064,60772
-3.56606e-05,2.89357e-05,60818
3.50613e-05,-2.84494e-05,60820
2.62768e-05,-2.13215e-05,60834
-2.66287e-05,2.1607e-05,60836
2.80139e-05,-2.2731e-05,61074
-2.80211e-05,2.27368e-05,61076
-2.16693e-05,1.75829e-05,61090
2.23818e-05,-1.8161e-05,61092
-1.57537e-05,1.27829e-05,61202
1.57221e-05,-1.27572e-05,61204
1.20994e-05,-9.81771e-06,61218
-1.24891e-05,1.01339e-05,61220
0.000294274,-0.00023878,62611
-0.000458525,0.000372056,62613
0.00013242,-0.000107448,62614
-0.000391609,0.000317759,62618
0.000256026,-0.000207745,62620
-0.00029463,0.000239068,62627
0.000470918,-0.000382112,62629
-0.000149424,0.000121245,62630
0.000572741,-0.000464733,62634
-0.000383532,0.000311206,62636
-0.000134527,0.000109158,62642
0.00011705,-9.49766e-05,62644
0.000272296,-0.000220946,62674
-0.000262005,0.000212596,62676
-0.000163628,0.000132771,62690
0.00016122,-0.000130817,62692
-0.000228709,0.000185579,62739
0.000359997,-0.000292109,62741
-0.000108777,8.82636e-05,62742
0.000339107,-0.000275158,62746
-0.000224541,0.000182197,62748
0.000235872,-0.000191391,62755
-0.000380754,0.000308951,62757
0.000126485,-0.000102632,62758
-0.000509639,0.000413531,62762
0.000345561,-0.000280395,62764
0.000130611,-0.00010598,62770
-0.000115694,9.38765e-05,62772
-0.000349566,0.000283645,62802
0.000342076,-0.000277567,62804
0.000214879,-0.000174357,62818
-0.000215687,0.000175012,62820
5.67441e-05,-4.60432e-05,62866
-5.81305e-05,4.71682e-05,62868
-4.3872e-05,3.55986e-05,62882
4.62517e-05,-3.75295e-05,62884
-6.49907e-05,5.27347e-05,63122
6.84152e-05,-5.55134e-05,63124
5.4323e-05,-4.40787e-05,63138
-5.88513e-05,4.77531e-05,63140
3.6644e-05,-2.97336e-05,63250
-3.86482e-05,3.13599e-05,63252
-3.09153e-05,2.50852e-05,63266
3.35965e-05,-2.72609e-05,63268
-0.000165147,0.000134003,63635
0.000257021,-0.000208552,63637
-7.41323e-05,6.01523e-05,63638
0.000219926,-0.000178452,63642
-0.000144148,0.000116965,63644
0.000165006,-0.000133889,63651
-0.000263507,0.000213814,63653
8.36519e-05,-6.78768e-05,63654
-0.000322178,0.000261422,63658
0.000216392,-0.000175585,63660
7.67541e-05,-6.22798e-05,63666
-6.71669e-05,5.45005e-05,63668
-0.000159703,0.000129586,63698
0.000154833,-0.000125634,63700
9.65845e-05,-7.83706e-05,63714
-9.59276e-05,7.78375e-05,63716
0.000127246,-0.00010325,63763
-0.000200284,0.000162514,63765
6.0805e-05,-4.93383e-05,63766
-0.000191279,0.000155207,63770
0.000127192,-0.000103206,63772
-0.000131158,0.000106424,63779
0.000211786,-0.000171847,63781
-7.08307e-05,5.74734e-05,63782
0.000288377,-0.000233995,63786
-0.000196441,0.000159396,63788
-7.54507e-05,6.12222e-05,63794
6.73326e-05,-5.46349e-05,63796
0.000208815,-0.000169437,63826
-0.000206047,0.00016719,63828
-0.000129317,0.00010493,63842
0.000130917,-0.000106228,63844
-3.59763e-05,2.91919e-05,63890
3.72044e-05,-3.01884e-05,63892
2.81904e-05,-2.28742e-05,63906
-2.99933e-05,2.43371e-05,63908
5.31965e-05,-4.31647e-05,64146
-5.67485e-05,4.60468e-05,64148
-4.55305e-05,3.69443e-05,64162
4.99262e-05,-4.05111e-05,64164
-3.03296e-05,2.461e-05,64274
3.24677e-05,-2.63449e-05,64276
2.63649e-05,-2.1393e-05,64290
-2.90347e-05,2.35593e-05,64292
-4.96298e-06,4.02706e-06,64658
5.38546e-06,-4.36987e-06,64660
4.4401e-06,-3.60279e-06,64674
-4.94553e-06,4.0129e-06,64676
3.33355e-06,-2.70491e-06,64786
-3.64806e-06,2.96011e-06,64788
-3.07521e-06,2.49529e-06,64802
3.45279e-06,-2.80166e-06,64804
0.000200496,-0.000162686,74911
-0.00036014,0.000292225,74927
0.00048089,-0.000390203,74935
-0.00131478,0.00106684,74939
0.00109815,-0.000891063,74941
-0.00010231,8.30164e-05,74942
-0.00286345,0.00232346,74967
0.0107154,-0.00869466,74971
-0.00920978,0.007473,74973
0.000851519,-0.000690939,74974
0.00238417,-0.00193456,74983
-0.0115456,0.00936831,74987
0.0101939,-0.00827151,74989
-0.000960377,0.000779268,74990
0.00208236,-0.00168967,74995
-0.00236316,0.00191751,74997
0.000294021,-0.000238574,74998
0.000113308,-9.19402e-05,75004
-0.000255675,0.00020746,75039
0.000455039,-0.000369227,75055
-0.000635348,0.000515534,75063
0.00183157,-0.00148617,75067
-0.00154671,0.00125503,75069
0.000145481,-0.000118046,75070
0.00470102,-0.0038145,75095
-0.0181541,0.0147306,75099
0.015691,-0.012732,75101
-0.00145956,0.00118431,75102
-0.00400426,0.00324913,75111
0.0199405,-0.0161801,75115
-0.0176938,0.0143571,75117
0.00167754,-0.00136119,75118
-0.0036862,0.00299105,75123
0.00420245,-0.00340995,75125
-0.000526286,0.000427038,75126
-0.000203353,0.000165005,75132
-0.00192168,0.00155929,75159
0.00955852,-0.00775596,75163
-0.0085833,0.00696466,75165
0.000839633,-0.000681294,75166
0.00215611,-0.00174951,75175
-0.0136252,0.0110557,75179
0.0125489,-0.0101824,75181
-0.00126113,0.0010233,75182
0.00358912,-0.00291228,75187
-0.00428849,0.00347976,75189
0.000591002,-0.00047955,75190
0.000269797,-0.000218919,75196
-0.00507807,0.00412044,75219
0.00663861,-0.0053867,75221
-0.00111471,0.000904493,75222
-0.000741263,0.000601475,75228
0.00302946,-0.00245817,75235
-0.00404247,0.00328014,75237
0.000720931,-0.000584978,75238
0.0006264,-0.000508273,75244
-6.90049e-05,5.59919e-05,75252
0.00649066,-0.00526665,75415
-0.0363175,0.0294687,75419
0.0335826,-0.0272496,75421
-0.00349181,0.00283332,75422
-0.00787057,0.00638633,75431
0.055229,-0.0448138,75435
-0.0523294,0.0424611,75437
0.00560409,-0.00454726,75438
-0.0174465,0.0141564,75443
0.0215833,-0.0175131,75445
-0.00322765,0.00261898,75446
-0.00160528,0.00130256,75452
0.0351502,-0.0285215,75475
-0.0474422,0.0384955,75477
0.0085366,-0.00692676,75478
0.00606213,-0.00491893,75484
-0.0216418,0.0175606,75491
0.0298726,-0.0242392,75493
-0.00570468,0.00462889,75494
-0.00527698,0.00428184,75500
0.000580772,-0.00047125,75508
-0.00430683,0.00349465,75543
0.0249655,-0.0202575,75547
-0.0233523,0.0189485,75549
0.00249581,-0.00202514,75550
0.00535564,-0.00434567,75559
-0.0388455,0.03152,75563
0.037211,-0.0301937,75565
-0.00409374,0.00332174,75566
0.0133026,-0.010794,75571
-0.0166845,0.0135382,75573
0.00257846,-0.00209221,75574
0.00133841,-0.00108601,75580
-0.0351135,0.0284918,75603
0.0479744,-0.0389273,75605
-0.00887992,0.00720534,75606
-0.00655308,0.0053173,75612
0.0221307,-0.0179572,75619
-0.0309507,0.025114,75621
0.00608637,-0.0049386,75622
0.00586566,-0.00475951,75628
-0.000662051,0.000537201,75636
0.00445303,-0.00361327,75667
-0.00629986,0.00511183,75669
0.00128354,-0.00104149,75670
0.00120661,-0.000979066,75676
-0.00348967,0.00283159,75683
0.00506863,-0.00411278,75685
-0.00111009,0.000900747,75686
-0.00139527,0.00113215,75692
0.000213635,-0.000173348,75700
-0.000151306,0.000122773,75732
8.44076e-05,-6.84899e-05,75748
-0.000194584,0.00015789,75935
0.00034916,-0.000283315,75951
-0.000474638,0.00038513,75959
0.00134409,-0.00109062,75963
-0.00113355,0.000919787,75965
0.000107221,-8.70012e-05,75966
0.0029718,-0.00241138,75991
-0.0115456,0.00936831,75995
0.0100182,-0.00812893,75997
-0.00094288,0.000765071,75998
-0.00252225,0.0020466,76007
0.0126986,-0.0103039,76011
-0.0113286,0.00919225,76013
0.00109074,-0.00088505,76014
-0.00242861,0.00197062,76019
0.00279866,-0.00227089,76021
-0.00036136,0.000293215,76022
-0.000144105,0.00011693,76028
0.000256352,-0.000208009,76063
-0.000455039,0.000369227,76079
0.00064532,-0.000523625,76087
-0.0019282,0.00156458,76091
0.00164424,-0.00133417,76093
-0.000157075,0.000127454,76094
-0.00499055,0.00404943,76119
0.0199405,-0.0161801,76123
-0.0173855,0.014107,76125
0.00164424,-0.00133417,76126
0.0043207,-0.0035059,76135
-0.0222661,0.0180671,76139
0.0199405,-0.0161801,76141
-0.0019282,0.00156458,76142
0.0043207,-0.0035059,76147
-0.00499055,0.00404943,76149
0.00064532,-0.000523625,76150
0.000256352,-0.000208009,76156
0.00223391,-0.00181264,76183
-0.0114354,0.00927891,76187
0.01035,-0.00839821,76189
-0.00103038,0.000836073,76190
-0.00254084,0.00206169,76199
0.0164831,-0.0133747,76203
-0.0153008,0.0124153,76205
0.00156683,-0.00127135,76206
-0.00450092,0.00365213,76211
0.00542884,-0.00440506,76213
-0.000766077,0.000621609,76214
-0.00035618,0.000289011,76220
0.00670817,-0.00544314,76243
-0.00885389,0.00718422,76245
0.00152156,-0.00123462,76246
0.00103386,-0.000838897,76252
-0.0040354,0.0032744,76259
0.00543998,-0.0044141,76261
-0.000993619,0.000806242,76262
-0.000883948,0.000717252,76268
9.85854e-05,-7.99941e-05,76276
-0.00966635,0.00784346,76439
0.055229,-0.0448138,76443
-0.0514147,0.0417189,76445
0.00543531,-0.00441031,76446
0.0118257,-0.00959558,76455
-0.0845873,0.0686357,76459
0.0806812,-0.0654663,76461
-0.00878907,0.00713162,76462
0.0274869,-0.0223034,76467
-0.034257,0.0277968,76469
0.00522081,-0.00423627,76470
0.00263522,-0.00213826,76476
-0.0574713,0.0466334,76499
0.07806,-0.0633394,76501
-0.0142758,0.0115837,76502
-0.0102806,0.00834184,76508
0.0355848,-0.0288742,76515
-0.0494292,0.0401078,76517
0.00959222,-0.00778332,76518
0.00900268,-0.00730495,76524
-0.000998234,0.000809987,76532
0.00655935,-0.00532238,76567
-0.0388455,0.03152,76571
0.0365941,-0.0296932,76573
-0.00398039,0.00322977,76574
-0.00823151,0.00667921,76583
0.0608768,-0.0493966,76587
-0.0587188,0.0476456,76589
0.00657516,-0.00533521,76590
-0.0214643,0.0174166,76595
0.0271171,-0.0220033,76597
-0.00426842,0.00346348,76598
-0.00224813,0.00182418,76604
0.0587188,-0.0476456,76627
-0.0806812,0.0654663,76629
0.0151569,-0.0122986,76630
0.0113286,-0.00919225,76636
-0.037211,0.0301937,76643
0.0523294,-0.0424611,76645
-0.0104406,0.0084717,76646
-0.0101939,0.00827151,76652
0.00115916,-0.000940565,76660
-0.00766367,0.00621845,76691
0.0108934,-0.0088391,76693
-0.0022481,0.00182415,76694
-0.00213785,0.00173469,76700
0.00604735,-0.00490694,76707
-0.00882067,0.00715727,76709
0.00195501,-0.00158633,76710
0.00248355,-0.0020152,76716
-0.000382776,0.000310592,76724
0.000271918,-0.000220639,76756
-0.000151572,0.000122988,76772
0.00238877,-0.00193829,76951
-0.014962,0.0121405,76955
0.0143993,-0.0116839,76957
-0.00165772,0.0013451,76958
-0.00304313,0.00246925,76967
0.0237502,-0.0192714,76971
-0.023409,0.0189945,76973
0.00277916,-0.00225507,76974
-0.00904608,0.00734017,76979
0.0116889,-0.00948458,76981
-0.00195458,0.00158598,76982
-0.00108101,0.00087715,76988
0.0251006,-0.0203671,77011
-0.0351137,0.0284919,77013
0.00695259,-0.00564146,77014
0.0054605,-0.00443075,77020
-0.0160926,0.0130579,77027
0.0230232,-0.0186814,77029
-0.00483992,0.0039272,77030
-0.00497983,0.00404073,77036
0.000587339,-0.000476578,77044
-0.00208238,0.00168968,77079
0.013645,-0.0110718,77083
-0.013346,0.0108292,77085
0.00159768,-0.00129639,77086
0.00272952,-0.00221479,77095
-0.0221912,0.0180064,77099
0.0221912,-0.0180064,77101
-0.00272952,0.00221479,77102
0.00927681,-0.00752739,77107
-0.0121563,0.00986386,77109
0.00210093,-0.00170473,77110
0.00121655,-0.000987134,77116
-0.0334969,0.02718,77139
0.0472984,-0.0383788,77141
-0.009589,0.0077807,77142
-0.00781377,0.00634025,77148
0.0219755,-0.0178313,77155
-0.0317407,0.0257551,77157
0.00683671,-0.00554744,77158
0.00731443,-0.00593507,77164
-0.000890876,0.000722874,77172
0.00611009,-0.00495785,77203
-0.00889744,0.00721956,77205
0.00198866,-0.00161364,77206
0.00211105,-0.00171295,77212
-0.00504904,0.00409689,77219
0.00753358,-0.00611289,77221
-0.00181093,0.00146942,77222
-0.00257445,0.00208896,77228
0.000439977,-0.000357006,77236
-0.000377189,0.000306059,77268
0.000210574,-0.000170864,77284
-0.00307125,0.00249207,77468
0.00577293,-0.00468426,77475
-0.00882067,0.00715727,77477
0.0023716,-0.00192436,77478
0.00410639,-0.003332,77484
-0.00086765,0.000704028,77492
0.00110587,-0.000897325,77524
-0.000629949,0.000511153,77540
0.0036767,-0.00298335,77587
-0.00549155,0.00445595,77589
0.00138103,-0.0011206,77590
0.00184434,-0.00149653,77596
-0.0033039,0.00268085,77603
0.00506863,-0.00411278,77605
-0.00139405,0.00113116,77606
-0.00251888,0.00204387,77612
0.000568316,-0.000461142,77620
-0.000943975,0.00076596,77652
0.000547222,-0.000444027,77668
9.19356e-05,-7.45983e-05,77716
-6.39245e-05,5.18696e-05,77732
-0.0464142,0.0376614,79059
0.115088,-0.0933844,79061
-0.0245245,0.0198997,79062
-0.0209938,0.0170348,79068
0.0527813,-0.0428278,79075
-0.0772294,0.0626654,79077
0.017502,-0.0142015,79078
0.0197623,-0.0160355,79084
-0.00250251,0.00203059,79092
0.00483626,-0.00392424,79127
-0.0351135,0.0284918,79131
0.0356877,-0.0289577,79133
-0.00471613,0.00382676,79134
-0.00657516,0.00533521,79143
0.0587188,-0.0476456,79147
-0.0608768,0.0493966,79149
0.00823151,-0.00667921,79150
-0.0280344,0.0227477,79155
0.0378547,-0.030716,79157
-0.00710528,0.00576536,79158
-0.00447802,0.00363355,79164
-0.165939,0.134646,79189
0.036099,-0.0292914,79190
0.0320688,-0.0260213,79196
-0.0772294,0.0626654,79203
0.113827,-0.0923613,79205
-0.0263623,0.0213909,79206
-0.0309507,0.025114,79212
0.00405396,-0.00328946,79220
0.0364043,-0.0295391,79253
-0.00880624,0.00714555,79254
-0.0104389,0.00847029,79260
0.0208805,-0.0169428,79267
-0.0317407,0.0257551,79269
0.00829119,-0.00672763,79270
0.0131989,-0.0107099,79276
-0.00246389,0.00199925,79284
0.00232446,-0.00188611,79316
-0.00130356,0.00105773,79332
0.0216418,-0.0175606,79516
-0.0335826,0.0272496,79523
0.0523294,-0.0424611,79525
-0.0154361,0.0125251,79526
-0.0298726,0.0242392,79532
0.00678196,-0.00550301,79540
-0.00920978,0.007473,79572
0.00527698,-0.00428184,79588
0.0320688,-0.0260213,79637
-0.00888913,0.00721282,79638
-0.0134157,0.0108858,79644
0.0197623,-0.0160355,79651
-0.0309507,0.025114,79653
0.009372,-0.00760463,79654
0.0189432,-0.0153709,79660
-0.00458458,0.00372001,79668
0.00806212,-0.00654176,79700
-0.00470155,0.00381493,79716
-0.000778546,0.000631728,79764
0.000547222,-0.000444027,79780
0.0217679,-0.0176629,80029
-0.0028133,0.00228276,80030
-0.00408533,0.00331492,80039
0.0355848,-0.0288742,80043
-0.0365941,0.0296932,80045
0.00486392,-0.00394668,80046
-0.0159585,0.012949,80051
0.0214179,-0.0173789,80053
-0.00397478,0.00322521,80054
-0.00244654,0.00198517,80060
-0.0759017,0.0615881,80085
0.016464,-0.0133592,80086
0.0144963,-0.0117625,80092
-0.0348853,0.0283066,80099
0.0512798,-0.0416094,80101
-0.0118507,0.0096159,80102
-0.0138166,0.0112111,80108
0.00180612,-0.00146552,80116
-0.00298887,0.00242523,80151
0.0221307,-0.0179572,80155
-0.0226619,0.0183883,80157
0.00305733,-0.00248078,80158
0.00409374,-0.00332174,80167
-0.037211,0.0301937,80171
0.0388455,-0.03152,80173
-0.00535564,0.00434567,80174
0.0182481,-0.0148069,80179
-0.024778,0.0201054,80181
0.00473357,-0.00384091,80182
0.00305733,-0.00248078,80188
0.11184,-0.0907492,80213
-0.024778,0.0201054,80214
-0.0226619,0.0183883,80220
0.0521665,-0.0423289,80227
-0.0772294,0.0626654,80229
0.0182481,-0.0148069,80230
0.0221307,-0.0179572,80236
-0.00298887,0.00242523,80244
-0.0261179,0.0211926,80277
0.0064849,-0.00526198,80278
0.00801269,-0.00650165,80284
-0.0150642,0.0122234,80291
0.0230232,-0.0186814,80293
-0.00618711,0.00502034,80294
-0.0102759,0.00833803,80300
0.00198735,-0.00161257,80308
-0.00196177,0.00159182,80340
0.00110423,-0.000895994,80356
0.0315187,-0.0255749,80547
-0.0494292,0.0401078,80549
0.0150794,-0.0122357,80550
0.0304128,-0.0246775,80556
-0.00711236,0.0057711,80564
0.0100182,-0.00812893,80596
-0.00576581,0.00467849,80612
-0.0304128,0.0246775,80661
0.00873829,-0.00709042,80662
0.0138166,-0.0112111,80668
-0.0189432,0.0153709,80675
0.0298726,-0.0242392,80677
-0.009372,0.00760463,80678
-0.0197623,0.0160355,80684
0.00493122,-0.00400128,80692
-0.00900268,0.00730495,80724
0.00527698,-0.00428184,80740
0.000886781,-0.000719551,80788
-0.000629949,0.000511153,80804
-0.00341422,0.00277037,81059
0.00543998,-0.0044141,81061
-0.0018093,0.0014681,81062
-0.00407,0.00330247,81068
0.00105507,-0.000856102,81076
-0.00186997,0.00151733,81108
0.00110423,-0.000895994,81124
0.00392465,-0.00318453,81173
-0.00124052,0.00100658,81174
-0.00222476,0.00180521,81180
0.00251888,-0.00204387,81187
-0.00404247,0.00328014,81189
0.00139405,-0.00113116,81190
0.0033039,-0.00268085,81196
-0.00092523,0.00075075,81204
0.00215927,-0.00175207,81236
-0.00130356,0.00105773,81252
-0.000281432,0.000228359,81300
0.000210574,-0.000170864,81316
-0.000151572,0.000122988,81572
-0.000109607,8.89374e-05,81684
8.44076e-05,-6.84899e-05,81700
0.000196526,-0.000159465,83231
-0.00034916,0.000283315,83247
0.000503857,-0.000408839,83255
-0.00155368,0.00126069,83259
0.00133978,-0.00108712,83261
-0.000131634,0.000106811,83262
-0.00384728,0.00312176,83287
0.015691,-0.012732,83291
-0.0138036,0.0112005,83293
0.00133978,-0.00108712,83294
0.00331925,-0.0026933,83303
-0.0173855,0.014107,83307
0.015691,-0.012732,83309
-0.00155368,0.00126069,83310
0.00331925,-0.0026933,83315
-0.00384728,0.00312176,83317
0.000503857,-0.000408839,83318
0.000196526,-0.000159465,83324
0.00163493,-0.00132661,83351
-0.00850079,0.0068977,83355
0.00775192,-0.00629005,83357
-0.000789531,0.000640641,83358
-0.00185514,0.0015053,83367
0.0122035,-0.00990217,83371
-0.0114081,0.00925674,83373
0.00119396,-0.000968806,83374
-0.00331206,0.00268747,83379
0.00401386,-0.00325692,83381
-0.000575339,0.000466841,83382
-0.000265884,0.000215743,83388
-0.00640526,0.00519735,83413
0.00111595,-0.000905502,83414
0.000759136,-0.000615978,83420
-0.0029024,0.00235506,83427
0.00392465,-0.00318453,83429
-0.000726625,0.000589598,83430
-0.000648574,0.000526265,83436
7.28294e-05,-5.90951e-05,83444
0.00706865,-0.00573564,83623
-0.0514147,0.0417189,83627
0.0494292,-0.0401078,83629
-0.00551583,0.00447565,83630
0.0168003,-0.0136321,83635
-0.0210762,0.0171016,83637
0.00328096,-0.00266223,83638
0.00166637,-0.00135212,83644
0.0479744,-0.0389273,83669
-0.00896574,0.00727498,83670
-0.00655308,0.0053173,83676
0.0217679,-0.0176629,83683
-0.0304128,0.0246775,83685
0.00603494,-0.00489687,83686
0.00576581,-0.00467849,83692
-0.000648574,0.000526265,83700
0.0038718,-0.00314165,83735
-0.0233523,0.0189485,83739
0.0221828,-0.0179995,83741
-0.00247434,0.00200772,83742
-0.00486392,0.00394668,83751
0.0365941,-0.0296932,83755
-0.0355848,0.0288742,83757
0.00408533,-0.00331492,83758
-0.0130025,0.0105505,83763
0.0165406,-0.0134213,83765
-0.00266351,0.00216122,83766
-0.0014174,0.00115011,83772
-0.049346,0.0400403,83797
0.00949463,-0.00770413,83798
0.00723662,-0.00587193,83804
-0.0226619,0.0183883,83811
0.0320688,-0.0260213,83813
-0.00655943,0.00532245,83814
-0.00655308,0.0053173,83820
0.000759136,-0.000615978,83828
0.00675087,-0.00547778,83861
-0.00143721,0.00116618,83862
-0.0014174,0.00115011,83868
0.00373806,-0.00303313,83875
-0.00549155,0.00445595,83877
0.00125902,-0.0010216,83878
0.00166637,-0.00135212,83884
-0.000265884,0.000215743,83892
-0.000109607,8.89374e-05,83940
-0.000271918,0.000220639,84143
0.000382776,-0.000310592,84151
-0.00115916,0.000940565,84155
0.000998234,-0.000809987,84157
-9.85854e-05,7.99941e-05,84158
-0.00248355,0.0020152,84183
0.0101939,-0.00827151,84187
-0.00900268,0.00730495,84189
0.000883948,-0.000717252,84190
0.00213785,-0.00173469,84199
-0.0113286,0.00919225,84203
0.0102806,-0.00834184,84205
-0.00103386,0.000838897,84206
0.00224813,-0.00182418,84211
-0.00263522,0.00213826,84213
0.00035618,-0.000289011,84214
0.000144105,-0.00011693,84220
-0.000203353,0.000165005,84255
0.00036014,-0.000292225,84271
-0.000526286,0.000427038,84279
0.00167754,-0.00136119,84283
-0.00145956,0.00118431,84285
0.000145481,-0.000118046,84286
0.00420245,-0.00340995,84311
-0.0176938,0.0143571,84315
0.015691,-0.012732,84317
-0.00154671,0.00125503,84318
-0.0036862,0.00299105,84327
0.0199405,-0.0161801,84331
-0.0181541,0.0147306,84333
0.00183157,-0.00148617,84334
-0.00400426,0.00324913,84339
0.00470102,-0.0038145,84341
-0.000635348,0.000515534,84342
-0.000255675,0.00020746,84348
-0.00195501,0.00158633,84375
0.0104406,-0.0084717,84379
-0.00959222,0.00778332,84381
0.000993619,-0.000806242,84382
0.0022481,-0.00182415,84391
-0.0151569,0.0122986,84395
0.0142758,-0.0115837,84397
-0.00152156,0.00123462,84398
0.00426842,-0.00346348,84403
-0.00522081,0.00423627,84405
0.000766077,-0.000621609,84406
0.00036136,-0.000293215,84412
0.00878907,-0.00713162,84437
-0.00156683,0.00127135,84438
-0.00109074,0.00088505,84444
0.00398039,-0.00322977,84451
-0.00543531,0.00441031,84453
0.00103038,-0.000836073,84454
0.00094288,-0.000765071,84460
-0.000107221,8.70012e-05,84468
-0.0108934,0.0088391,84647
0.0806812,-0.0654663,84651
-0.07806,0.0633394,84653
0.00885389,-0.00718422,84654
-0.0271171,0.0220033,84659
0.034257,-0.0277968,84661
-0.00542884,0.00440506,84662
-0.00279866,0.00227089,84668
-0.0806812,0.0654663,84693
0.0153008,-0.0124153,84694
0.0113286,-0.00919225,84700
-0.0365941,0.0296932,84707
0.0514147,-0.0417189,84709
-0.01035,0.00839821,84710
-0.0100182,0.00812893,84716
0.00113355,-0.000919787,84724
-0.00604735,0.00490694,84759
0.037211,-0.0301937,84763
-0.0355848,0.0288742,84765
0.0040354,-0.0032744,84766
0.00766367,-0.00621845,84775
-0.0587188,0.0476456,84779
0.0574713,-0.0466334,84781
-0.00670817,0.00544314,84782
0.0214643,-0.0174166,84787
-0.0274869,0.0223034,84789
0.00450092,-0.00365213,84790
0.00242861,-0.00197062,84796
0.0845873,-0.0686357,84821
-0.0164831,0.0133747,84822
-0.0126986,0.0103039,84828
0.0388455,-0.03152,84835
-0.055229,0.0448138,84837
0.0114354,-0.00927891,84838
0.0115456,-0.00936831,84844
-0.00134409,0.00109062,84852
-0.0118257,0.00959558,84885
0.00254084,-0.00206169,84886
0.00252225,-0.0020466,84892
-0.00655935,0.00532238,84899
0.00966635,-0.00784346,84901
-0.00223391,0.00181264,84902
-0.0029718,0.00241138,84908
0.000474638,-0.00038513,84916
0.000194584,-0.00015789,84964
0.00305342,-0.00247761,85159
-0.0246902,0.0200341,85163
0.0246902,-0.0200341,85165
-0.00305342,0.00247761,85166
0.00976629,-0.00792456,85171
-0.0127805,0.0103704,85173
0.00221882,-0.0018004,85174
0.00125902,-0.0010216,85180
0.0396026,-0.0321344,85205
-0.00810997,0.00658059,85206
-0.00655943,0.00532245,85212
0.0180833,-0.0146732,85219
-0.0261179,0.0211926,85221
0.00568107,-0.00460973,85222
0.00603494,-0.00489687,85228
-0.000726625,0.000589598,85236
0.00209752,-0.00170197,85271
-0.0142877,0.0115933,85275
0.0141882,-0.0115126,85277
-0.00177117,0.00143716,85278
-0.00277916,0.00225507,85287
0.023409,-0.0189945,85291
-0.0237502,0.0192714,85293
0.00304313,-0.00246925,85294
-0.0101614,0.00824519,85299
0.0134773,-0.0109357,85301
-0.00241596,0.00196035,85302
-0.00143721,0.00116618,85308
-0.0539428,0.0437702,85333
0.0113042,-0.00917245,85334
0.00949463,-0.00770413,85340
-0.0249822,0.0202711,85347
0.0364043,-0.0295391,85349
-0.00810997,0.00658059,85350
-0.00896574,0.00727498,85356
0.00111595,-0.000905502,85364
0.0104335,-0.00846596,85397
-0.00241596,0.00196035,85398
-0.00266351,0.00216122,85404
0.00591488,-0.00479945,85411
-0.00889744,0.00721956,85413
0.00221882,-0.0018004,85414
0.00328096,-0.00266223,85420
-0.000575339,0.000466841,85428
-0.000281432,0.000228359,85476
-0.00551583,0.00447565,85676
0.00119396,-0.000968806,85684
0.000886781,-0.000719551,85732
0.00675087,-0.00547778,85781
-0.00177117,0.00143716,85782
-0.00247434,0.00200772,85788
0.00407,-0.00330247,85795
-0.00629986,0.00511183,85797
0.0018093,-0.0014681,85798
0.00341422,-0.00277037,85804
-0.000789531,0.000640641,85812
-0.000778546,0.000631728,85860
9.19356e-05,-7.45983e-05,85924
0.139076,-0.112849,87381
-0.0539428,0.0437702,87382
-0.049346,0.0400403,87388
0.11184,-0.0907492,87395
-0.165939,0.134646,87397
0.0396026,-0.0321344,87398
0.0479744,-0.0389273,87404
-0.00640526,0.00519735,87412
0.0134773,-0.0109357,87446
0.0165406,-0.0134213,87452
-0.0309099,0.0250809,87459
0.0472984,-0.0383788,87461
-0.0127805,0.0103704,87462
-0.0210762,0.0171016,87468
0.00401386,-0.00325692,87476
0.00215927,-0.00175207,87524
0.0494292,-0.0401078,87724
-0.0114081,0.00925674,87732
-0.00900268,0.00730495,87780
0.0141882,-0.0115126,87830
0.0221828,-0.0179995,87836
-0.0304128,0.0246775,87843
0.0479744,-0.0389273,87845
-0.0150794,0.0122357,87846
-0.0315187,0.0255749,87852
0.00775192,-0.00629005,87860
0.00806212,-0.00654176,87908
-0.000943975,0.00076596,87972
0.0514147,-0.0417189,88237
-0.00706865,0.00573564,88238
0.0228227,-0.0185188,88243
-0.0309099,0.0250809,88245
0.00591488,-0.00479945,88246
0.00373806,-0.00303313,88252
-0.0249822,0.0202711,88278
-0.0226619,0.0183883,88284
0.0512798,-0.0416094,88291
-0.0759017,0.0615881,88293
0.0180833,-0.0146732,88294
0.0217679,-0.0176629,88300
-0.0029024,0.00235506,88308
0.00405396,-0.00328946,88343
-0.0309507,0.025114,88347
0.0320688,-0.0260213,88349
-0.00447802,0.00363355,88350
-0.00560409,0.00454726,88359
0.0523294,-0.0424611,88363
-0.055229,0.0448138,88365
0.00787057,-0.00638633,88366
-0.0263623,0.0213909,88371
0.036099,-0.0292914,88373
-0.00710528,0.00576536,88374
-0.00471613,0.00382676,88380
0.0378547,-0.030716,88406
0.0356877,-0.0289577,88412
-0.0772294,0.0626654,88419
0.115088,-0.0933844,88421
-0.0280344,0.0227477,88422
-0.0351135,0.0284918,88428
0.00483626,-0.00392424,88436
-0.0101614,0.00824519,88470
-0.0130025,0.0105505,88476
0.0228227,-0.0185188,88483
-0.0351137,0.0284919,88485
0.00976629,-0.00792456,88486
0.0168003,-0.0136321,88492
-0.00331206,0.00268747,88500
-0.00186997,0.00151733,88548
0.0122035,-0.00990217,88756
0.0100182,-0.00812893,88804
-0.0142877,0.0115933,88854
-0.0233523,0.0189485,88860
0.0298726,-0.0242392,88867
-0.0474422,0.0384955,88869
0.0154361,-0.0125251,88870
0.0335826,-0.0272496,88876
-0.00850079,0.0068977,88884
-0.00920978,0.007473,88932
0.00110587,-0.000897325,88996
-0.00185514,0.0015053,89268
-0.00196177,0.00159182,89316
0.00209752,-0.00170197,89366
0.0038718,-0.00314165,89372
-0.00410639,0.003332,89379
0.00663861,-0.0053867,89381
-0.0023716,0.00192436,89382
-0.00577293,0.00468426,89388
0.00163493,-0.00132661,89396
0.00232446,-0.00188611,89444
-0.000377189,0.000306059,89508
-0.000151306,0.000122773,89892
-0.00222907,0.00180871,91542
-0.00559623,0.00454089,91548
0.00775136,-0.00628961,91555
-0.0121563,0.00986386,91557
0.00380065,-0.00308392,91558
0.00739899,-0.00600368,91564
-0.001553,0.00126014,91572
-0.00092523,0.00075075,91620
0.00571261,-0.00463532,91828
0.00493122,-0.00400128,91876
-0.0103001,0.00835769,91932
0.0102759,-0.00833803,91939
-0.0166845,0.0135382,91941
0.00618711,-0.00502034,91942
0.0150642,-0.0122234,91948
-0.00401897,0.00326107,91956
-0.00458458,0.00372001,92004
0.000568316,-0.000461142,92068
0.00792844,-0.00643329,92341
-0.001684,0.00136643,92342
-0.00121008,0.000981879,92348
0.00816163,-0.0066225,92380
-0.0141458,0.0114782,92387
0.0214179,-0.0173789,92389
-0.00578117,0.00469095,92390
-0.00816163,0.0066225,92396
0.00121008,-0.000981879,92404
-0.000890876,0.000722874,92439
0.00731443,-0.00593507,92443
-0.00781377,0.00634025,92445
0.00121655,-0.000987134,92446
0.00126113,-0.0010233,92455
-0.0125489,0.0101824,92459
0.0136252,-0.0110557,92461
-0.00215611,0.00174951,92462
0.00683671,-0.00554744,92467
-0.009589,0.0077807,92469
0.00210093,-0.00170473,92470
0.00159768,-0.00129639,92476
-0.013346,0.0108292,92508
0.0219755,-0.0178313,92515
-0.0334969,0.02718,92517
0.00927681,-0.00752739,92518
0.013645,-0.0110718,92524
-0.00208238,0.00168968,92532
0.00578117,-0.00469095,92572
-0.00739899,0.00600368,92579
0.0116889,-0.00948458,92581
-0.00380065,0.00308392,92582
-0.00775136,0.00628961,92588
0.001684,-0.00136643,92596
0.00105507,-0.000856102,92644
-0.00711236,0.0057711,92900
0.0141458,-0.0114782,92956
-0.0131989,0.0107099,92963
0.0215833,-0.0175131,92965
-0.00829119,0.00672763,92966
-0.0208805,0.0169428,92972
0.00571261,-0.00463532,92980
0.00678196,-0.00550301,93028
-0.00086765,0.000704028,93092
0.00198735,-0.00161257,93412
-0.00331209,0.0026875,93468
0.00257445,-0.00208896,93475
-0.00428849,0.00347976,93477
0.00181093,-0.00146942,93478
0.00504904,-0.00409689,93484
-0.001553,0.00126014,93492
-0.00246389,0.00199925,93540
0.000439977,-0.000357006,93604
0.000213635,-0.000173348,93988
-0.000662051,0.000537201,96036
0.00180612,-0.00146552,96484
-0.00222476,0.00180521,96540
0.00139527,-0.00113215,96547
-0.00236316,0.00191751,96549
0.00111009,-0.000900747,96550
0.00348967,-0.00283159,96556
-0.00124052,0.00100658,96564
-0.00250251,0.00203059,96612
0.000587339,-0.000476578,96676
0.000580772,-0.00047125,97060
-6.90049e-05,5.59919e-05,97572
0.00586566,-0.00475951,112420
-0.0138166,0.0112111,112868
0.0138166,-0.0112111,112924
0.0101939,-0.00827151,112933
-0.00608637,0.0049386,112934
-0.0221307,0.0179572,112940
0.00873829,-0.00709042,112948
0.0197623,-0.0160355,112996
-0.00497983,0.00404073,113060
-0.00527698,0.00428184,113444
0.0006264,-0.000508273,113956
-0.0134052,0.0108773,116508
-0.0233523,0.0189485,116517
0.0118507,-0.0096159,116518
0.0348853,-0.0283066,116524
-0.0103001,0.00835769,116532
-0.0134157,0.0108858,116580
0.00184434,-0.00149653,116644
0.0217679,-0.0176629,116965
-0.00801269,0.00650165,116966
-0.0144963,0.0117625,116972
0.00244654,-0.00198517,116980
-0.00655308,0.0053173,117021
0.00133841,-0.00108601,117022
0.000960377,-0.000779268,117031
0.0115456,-0.00936831,117037
-0.00238417,0.00193456,117038
-0.00887992,0.00720534,117045
0.00257846,-0.00209221,117046
0.00249581,-0.00202514,117052
-0.0351135,0.0284918,117093
0.0133026,-0.010794,117094
0.0249655,-0.0202575,117100
-0.00430683,0.00349465,117108
0.0143993,-0.0116839,117157
-0.0064849,0.00526198,117158
-0.016464,0.0133592,117164
0.00397478,-0.00322521,117172
0.0028133,-0.00228276,117220
0.0335826,-0.0272496,117541
-0.017502,0.0142015,117542
-0.0527813,0.0428278,117548
0.0159585,-0.012949,117556
0.0216418,-0.0175606,117604
-0.00307125,0.00249207,117668
-0.0085833,0.00696466,118053
0.00483992,-0.0039272,118054
0.0160926,-0.0130579,118060
-0.00559623,0.00454089,118068
-0.0104389,0.00847029,118116
0.00211105,-0.00171295,118180
0.00120661,-0.000979066,118564
-0.00920978,0.007473,121125
0.00570468,-0.00462889,121126
0.0216418,-0.0175606,121132
-0.00888913,0.00721282,121140
-0.0209938,0.0170348,121188
0.0054605,-0.00443075,121252
0.00606213,-0.00491893,121636
-0.000741263,0.000601475,122148
0.00109815,-0.000891063,125221
-0.000720931,0.000584978,125222
-0.00302946,0.00245817,125228
0.00138103,-0.0011206,125236
0.0036767,-0.00298335,125284
-0.00108101,0.00087715,125348
-0.00160528,0.00130256,125732
0.000269797,-0.000218919,126244
0.000113308,-9.19402e-05,129316
-0.000200496,0.000162686,149807
0.000294021,-0.000238574,149815
0.000851519,-0.000690939,149821
-0.00010231,8.30164e-05,149822
0.00208236,-0.00168967,149863
0.0107154,-0.00869466,149869
-0.00131478,0.00106684,149870
-0.00286345,0.00232346,149877
0.00048089,-0.000390203,149878
-0.00128354,0.00104149,149927
-0.0085366,0.00692676,149933
0.00111471,-0.000904493,149934
0.00322765,-0.00261898,149941
-0.000591002,0.00047955,149942
0.00349181,-0.00283332,149989
-0.000839633,0.000681294,149990
-0.00445303,0.00361327,150311
-0.0351502,0.0285215,150317
0.00507807,-0.00412044,150318
0.0174465,-0.0141564,150325
-0.00358912,0.00291228,150326
0.0363175,-0.0294687,150373
-0.00955852,0.00775596,150374
-0.00649066,0.00526665,150437
0.00192168,-0.00155929,150438
0.00165772,-0.0013451,150823
0.014962,-0.0121405,150829
-0.00238877,0.00193829,150830
-0.00880624,0.00714555,150837
0.00198866,-0.00161364,150838
-0.0245245,0.0198997,150885
0.00695259,-0.00564146,150886
0.00611009,-0.00495785,150949
-0.00195458,0.00158598,150950
-0.0464142,0.0376614,153957
0.0251006,-0.0203671,153958
-0.00904608,0.00734017,154022
0.00222907,-0.00180871,158118
! m= 1 ; q= ( 0 0 0  ) 
[ 
energy=  -5.14439 
energy=  -4.71102 
energy=  -4.47837 
energy=  -4.41729 
energy=  -4.29727 
energy=  -4.23134 
energy=  -4.11315 
energy=  -3.98432 
energy=  -3.83779 
energy=  -3.63593 
energy=  -3.47589 
energy=  -3.29256 
energy=  -3.07434 
energy=  -2.86492 
energy=  -2.63504 
energy=  -2.40013 
energy=  -2.17299 
energy=  -1.91511 
energy=  -1.67834 
energy=  -1.41652 
energy=  -1.15702 
energy= -0.893159 
energy= -0.635167 
energy= -0.371163 
energy= -0.112015 
energy=  0.144229 
energy=    0.4106 
energy=  0.662178 
energy=  0.904098 
energy=    1.1515 
energy=   1.38752 
energy=   1.61537 
energy=   1.84086 
energy=   2.05092 
energy=   2.26011 
energy=   2.44169 
energy=   2.62268 
energy=   2.76896 
energy=   2.94455 
energy=   3.07222 
energy=   3.18384 
energy=   3.30954 
energy=   3.37274 
energy=   3.41565 
energy=   3.57291 
energy=    3.7455 
] 
! m= 1 ; q= ( 0 0 1  ) 
[ 
energy=  -4.92569 
energy=  -4.53162 
energy=  -4.49736 
energy=  -4.38714 
energy=  -4.27487 
energy=  -4.22794 
energy=  -4.14427 
energy=  -4.06373 
energy=  -3.95214 
energy=  -3.81185 
energy=  -3.67136 
energy=  -3.55946 
energy=  -3.42343 
energy=  -3.26152 
energy=  -3.08906 
energy=  -2.91042 
energy=  -2.72643 
energy=  -2.54484 
energy=  -2.34684 
energy=  -2.13981 
energy=  -1.93817 
energy=  -1.73272 
energy=  -1.51602 
energy=  -1.29852 
energy=   -1.0828 
energy= -0.865868 
energy= -0.642818 
energy= -0.423831 
energy=  -0.20653 
energy= 0.0172642 
energy=  0.237035 
energy=  0.450626 
energy=  0.670826 
energy=  0.883705 
energy=   1.08365 
energy=   1.29583 
energy=    1.4817 
energy=   1.69268 
energy=   1.85174 
energy=   2.03844 
energy=     2.204 
energy=   2.37493 
energy=   2.52663 
energy=   2.65224 
energy=   2.75767 
energy=   2.89151 
energy=   3.01635 
energy=   3.16191 
energy=   3.18991 
energy=   3.28359 
energy=    3.3501 
energy=   3.40229 
energy=   3.44427 
energy=   3.48755 
energy=   3.66677 
] 
! m= 1 ; q= ( 0 0 2  ) 
[ 
energy=  -4.98897 
energy=  -4.72729 
energy=  -4.59091 
energy=  -4.48972 
energy=  -4.38935 
energy=   -4.2597 
energy=  -4.17582 
energy=  -4.07445 
energy=  -3.98894 
energy=  -3.84433 
energy=  -3.69589 
energy=  -3.55775 
energy=  -3.39923 
energy=  -3.24099 
energy=  -3.05416 
energy=  -2.86443 
energy=  -2.67181 
energy=  -2.47301 
energy=  -2.25883 
energy=  -2.03888 
energy=  -1.82245 
energy=  -1.60716 
energy=  -1.37683 
energy=  -1.15489 
energy= -0.923877 
energy= -0.686049 
energy= -0.454413 
energy= -0.229002 
energy= 0.00712775 
energy=  0.233711 
energy=  0.460438 
energy=   0.69043 
energy=  0.913097 
energy=   1.11543 
energy=    1.3366 
energy=   1.53702 
energy=   1.75132 
energy=   1.92688 
energy=   2.09656 
energy=   2.28826 
energy=   2.41574 
energy=   2.58901 
energy=   2.75016 
energy=   2.84839 
energy=   2.98243 
energy=   3.07071 
energy=   3.18606 
energy=    3.2686 
energy=   3.33083 
energy=   3.40439 
energy=    3.4837 
energy=   3.49927 
energy=   3.59703 
] 
! m= 1 ; q= ( 0 0 3  ) 
[ 
energy=   -4.8227 
energy=  -4.65413 
energy=  -4.47407 
energy=  -4.38241 
energy=  -4.26362 
energy=  -4.21229 
energy=  -4.16512 
energy=  -4.04013 
energy=  -3.96982 
energy=  -3.83005 
energy=  -3.73454 
energy=  -3.58638 
energy=  -3.43407 
energy=  -3.28603 
energy=    -3.107 
energy=  -2.94237 
energy=  -2.77968 
energy=  -2.58411 
energy=  -2.38504 
energy=  -2.20889 
energy=  -2.00269 
energy=  -1.80495 
energy=  -1.60074 
energy=  -1.37759 
energy=  -1.17091 
energy= -0.962208 
energy= -0.737081 
energy= -0.523974 
energy= -0.308276 
energy= -0.0865328 
energy=  0.125077 
energy=  0.343765 
energy=  0.560051 
energy=  0.763362 
energy=  0.973615 
energy=   1.17528 
energy=   1.36614 
energy=   1.55678 
energy=   1.76701 
energy=   1.91957 
energy=   2.08683 
energy=      2.28 
energy=   2.39857 
energy=   2.54987 
energy=   2.70248 
energy=   2.83221 
energy=   2.93286 
energy=    3.0437 
energy=   3.13985 
energy=   3.24174 
energy=   3.31934 
energy=   3.40581 
energy=   3.43211 
energy=   3.45318 
energy=   3.53393 
energy=   3.53702 
] 
! m= 1 ; q= ( 0 0 4  ) 
[ 
energy=  -4.98897 
energy=  -4.72729 
energy=  -4.59091 
energy=  -4.48972 
energy=  -4.38936 
energy=  -4.25906 
energy=  -4.19975 
energy=  -4.08885 
energy=  -3.99814 
energy=  -3.85389 
energy=  -3.70839 
energy=  -3.57163 
energy=  -3.39526 
energy=  -3.24005 
energy=  -3.05161 
energy=  -2.86727 
energy=   -2.6704 
energy=  -2.46304 
energy=  -2.26461 
energy=  -2.04157 
energy=  -1.82692 
energy=  -1.60704 
energy=  -1.38022 
energy=  -1.15564 
energy=   -0.9236 
energy= -0.689531 
energy= -0.463426 
energy= -0.229462 
energy= 0.00013343 
energy=  0.231299 
energy=  0.452116 
energy=  0.684818 
energy=  0.907784 
energy=   1.11966 
energy=   1.33304 
energy=   1.53263 
energy=   1.75644 
energy=   1.92394 
energy=   2.09532 
energy=   2.28881 
energy=   2.41615 
energy=   2.58721 
energy=   2.75027 
energy=   2.84889 
energy=   2.98213 
energy=   3.06895 
energy=   3.18399 
energy=   3.26813 
energy=   3.33091 
energy=   3.40376 
energy=   3.48553 
energy=   3.49927 
energy=   3.59703 
] 
! m= 1 ; q= ( 0 0 5  ) 
[ 
energy=  -4.92569 
energy=  -4.53162 
energy=  -4.49736 
energy=  -4.38712 
energy=  -4.26199 
energy=  -4.21212 
energy=  -4.12204 
energy=  -4.00514 
energy=   -3.8701 
energy=  -3.76433 
energy=  -3.61069 
energy=  -3.43489 
energy=  -3.26419 
energy=  -3.08921 
energy=  -2.89051 
energy=  -2.68694 
energy=   -2.4827 
energy=  -2.28013 
energy=  -2.03729 
energy=  -1.82788 
energy=   -1.6075 
energy=  -1.36892 
energy=  -1.13276 
energy= -0.900047 
energy= -0.662539 
energy= -0.427047 
energy= -0.184053 
energy=  0.049518 
energy=  0.288451 
energy=  0.523188 
energy=  0.754541 
energy=  0.984048 
energy=   1.19722 
energy=   1.41407 
energy=    1.6272 
energy=   1.81973 
energy=   2.02563 
energy=   2.20271 
energy=   2.37922 
energy=   2.54786 
energy=   2.72237 
energy=    2.7995 
energy=   2.92291 
energy=   3.05544 
energy=   3.16987 
energy=   3.27093 
energy=   3.30994 
energy=   3.40177 
energy=   3.41696 
energy=   3.48755 
energy=   3.66677 
] 
q-vector: ( 0, 0, 0, 0)
Groundstate 
-5.27074e-12,-7.20566e-12,1023
1.88442e-10,2.61512e-10,1535
-2.09468e-09,-2.9469e-09,1791
3.50964e-09,4.93633e-09,1919
-5.17539e-09,-7.27799e-09,1983
1.98202e-08,2.78745e-08,2015
-1.91957e-08,-2.69954e-08,2031
4.05002e-09,5.69766e-09,2039
-2.22871e-09,-3.13136e-09,2043
1.21762e-09,1.71483e-09,2045
-8.10808e-11,-1.14434e-10,2046
-2.98244e-10,-4.24165e-10,2559
3.57987e-09,5.03433e-09,2815
-5.94885e-09,-8.36861e-09,2943
8.55402e-09,1.20311e-08,3007
-3.23629e-08,-4.55147e-08,3039
3.13131e-08,4.40414e-08,3055
-6.61111e-09,-9.29686e-09,3063
3.64975e-09,5.13404e-09,3067
-1.99671e-09,-2.80758e-09,3069
1.29058e-10,1.85246e-10,3070
-4.17113e-09,-5.86414e-09,3327
7.7255e-09,1.08667e-08,3455
-1.26949e-08,-1.78527e-08,3519
5.16092e-08,7.25784e-08,3551
-4.99504e-08,-7.02471e-08,3567
1.03976e-08,1.46221e-08,3575
-5.78222e-09,-8.13022e-09,3579
3.18487e-09,4.47774e-09,3581
-2.08356e-10,-2.92023e-10,3582
-5.23004e-09,-7.35471e-09,3711
6.17104e-08,8.67857e-08,3775
-3.2158e-07,-4.52254e-07,3807
3.16278e-07,4.44799e-07,3823
-6.6518e-08,-9.35461e-08,3831
3.67957e-08,5.17483e-08,3835
-2.01237e-08,-2.83013e-08,3837
1.34449e-09,1.89209e-09,3838
-5.33365e-08,-7.50082e-08,3903
3.45849e-07,4.86388e-07,3935
-3.47381e-07,-4.88541e-07,3951
7.60195e-08,1.06914e-07,3959
-4.37957e-08,-6.15904e-08,3963
2.41842e-08,3.40153e-08,3965
-1.61042e-09,-2.26118e-09,3966
-6.63283e-08,-9.32815e-08,3999
8.51428e-08,1.19743e-07,4015
-2.79213e-08,-3.92664e-08,4023
2.30262e-08,3.23854e-08,4027
-1.38207e-08,-1.94356e-08,4029
8.35366e-10,1.17797e-09,4030
-1.04306e-08,-1.46721e-08,4047
2.91383e-08,4.09757e-08,4055
-4.35357e-08,-6.12263e-08,4059
2.94267e-08,4.13857e-08,4061
-1.60969e-09,-2.26006e-09,4062
-1.77993e-08,-2.5034e-08,4071
3.62605e-08,5.09947e-08,4075
-2.55878e-08,-3.59808e-08,4077
1.34339e-09,1.89226e-09,4078
-4.33364e-09,-6.09597e-09,4083
3.78589e-09,5.323e-09,4085
-2.09198e-10,-2.89169e-10,4086
-1.90281e-10,-2.69561e-10,4089
1.34757e-10,1.86127e-10,4090
-7.74488e-11,-1.10921e-10,4092
3.61294e-10,5.07238e-10,4607
-4.60523e-09,-6.47804e-09,4863
8.1304e-09,1.14345e-08,4991
-1.24792e-08,-1.75496e-08,5055
4.71106e-08,6.62526e-08,5087
-4.55179e-08,-6.40155e-08,5103
9.58701e-09,1.34827e-08,5111
-5.2482e-09,-7.37679e-09,5115
2.86252e-09,4.02889e-09,5117
-1.92179e-10,-2.67025e-10,5118
6.05697e-08,8.51822e-08,5375
-1.11273e-07,-1.56488e-07,5503
1.99043e-07,2.79927e-07,5567
-8.70232e-07,-1.22386e-06,5599
8.55728e-07,1.20346e-06,5615
-1.84732e-07,-2.59801e-07,5623
1.02518e-07,1.44177e-07,5627
-5.59528e-08,-7.86891e-08,5629
3.78409e-09,5.32344e-09,5630
9.23483e-08,1.29876e-07,5759
-1.13302e-06,-1.59343e-06,5823
5.97301e-06,8.4002e-06,5855
-5.90636e-06,-8.30646e-06,5871
1.26019e-06,1.77228e-06,5879
-6.83948e-07,-9.61874e-07,5883
3.69494e-07,5.19642e-07,5885
-2.55851e-08,-3.5983e-08,5886
9.66319e-07,1.35899e-06,5951
-6.2607e-06,-8.80478e-06,5983
6.30704e-06,8.86996e-06,5999
-1.39108e-06,-1.95636e-06,6007
7.85264e-07,1.10436e-06,6011
-4.28994e-07,-6.03317e-07,6013
2.94278e-08,4.13851e-08,6014
1.13002e-06,1.58922e-06,6047
-1.44388e-06,-2.03061e-06,6063
4.63172e-07,6.51386e-07,6071
-3.72927e-07,-5.2447e-07,6075
2.22737e-07,3.13248e-07,6077
-1.38195e-08,-1.94348e-08,6078
1.64333e-07,2.31107e-07,6095
-4.29942e-07,-6.04654e-07,6103
6.3138e-07,8.87945e-07,6107
-4.28994e-07,-6.03319e-07,6109
2.41849e-08,3.40154e-08,6110
2.57845e-07,3.62622e-07,6119
-5.19365e-07,-7.30409e-07,6123
3.69495e-07,5.19642e-07,6125
-2.01252e-08,-2.82987e-08,6126
6.36856e-08,8.95667e-08,6131
-5.59522e-08,-7.86888e-08,6133
3.18266e-09,4.47916e-09,6134
2.8661e-09,4.02841e-09,6137
-1.99703e-09,-2.80958e-09,6138
1.21908e-09,1.71356e-09,6140
-6.51193e-08,-9.15799e-08,6399
1.16865e-07,1.64354e-07,6527
-2.11445e-07,-2.97366e-07,6591
9.55317e-07,1.34352e-06,6623
-9.46523e-07,-1.33115e-06,6639
2.08124e-07,2.92697e-07,6647
-1.16629e-07,-1.64022e-07,6651
6.36848e-08,8.95659e-08,6653
-4.33377e-09,-6.09524e-09,6654
-1.17279e-07,-1.64935e-07,6783
1.5124e-06,2.12698e-06,6847
-8.16394e-06,-1.14814e-05,6879
8.11788e-06,1.14166e-05,6895
-1.76202e-06,-2.47803e-06,6903
9.62205e-07,1.3532e-06,6907
-5.19363e-07,-7.3041e-07,6909
3.62618e-08,5.0994e-08,6910
-1.32765e-06,-1.86715e-06,6975
8.81679e-06,1.23996e-05,7007
-8.94349e-06,-1.25777e-05,7023
2.01905e-06,2.8395e-06,7031
-1.15432e-06,-1.62338e-06,7035
6.31379e-07,8.87946e-07,7037
-4.3534e-08,-6.12257e-08,7038
-1.69966e-06,-2.39033e-06,7071
2.20491e-06,3.1009e-06,7087
-7.4541e-07,-1.04831e-06,7095
6.20672e-07,8.72886e-07,7099
-3.72928e-07,-5.2447e-07,7101
2.30279e-08,3.23855e-08,7102
-2.70612e-07,-3.80577e-07,7119
7.60204e-07,1.06912e-06,7127
-1.15431e-06,-1.62338e-06,7131
7.85264e-07,1.10436e-06,7133
-4.37961e-08,-6.15902e-08,7134
-4.63023e-07,-6.51177e-07,7143
9.62204e-07,1.3532e-06,7147
-6.83948e-07,-9.61874e-07,7149
3.67941e-08,5.17492e-08,7150
-1.16629e-07,-1.64021e-07,7155
1.02517e-07,1.44177e-07,7157
-5.78248e-09,-8.13096e-09,7158
-5.24684e-09,-7.37929e-09,7161
3.65031e-09,5.13091e-09,7162
-2.22752e-09,-3.13421e-09,7164
2.66123e-08,3.743e-08,7295
-4.66935e-07,-6.56677e-07,7359
3.02068e-06,4.24816e-06,7391
-3.10542e-06,-4.36733e-06,7407
7.56754e-07,1.06426e-06,7415
-4.63024e-07,-6.51176e-07,7419
2.57846e-07,3.6262e-07,7421
-1.77961e-08,-2.50342e-08,7422
5.40628e-07,7.60316e-07,7487
-4.3021e-06,-6.05029e-06,7519
4.53496e-06,6.37777e-06,7535
-1.17282e-06,-1.64941e-06,7543
7.60204e-07,1.06912e-06,7547
-4.29942e-07,-6.04653e-07,7549
2.91378e-08,4.09755e-08,7550
1.29387e-06,1.81965e-06,7583
-1.79687e-06,-2.52704e-06,7599
7.64561e-07,1.07525e-06,7607
-7.4541e-07,-1.04831e-06,7611
4.63172e-07,6.51385e-07,7613
-2.79198e-08,-3.9267e-08,7614
3.19683e-07,4.49587e-07,7631
-1.17282e-06,-1.64941e-06,7639
2.01905e-06,2.8395e-06,7643
-1.39108e-06,-1.95636e-06,7645
7.60198e-08,1.06914e-07,7646
7.56754e-07,1.06427e-06,7655
-1.76202e-06,-2.47803e-06,7659
1.26019e-06,1.77228e-06,7661
-6.65168e-08,-9.35436e-08,7662
2.08124e-07,2.92698e-07,7667
-1.84732e-07,-2.598e-07,7669
1.03964e-08,1.4623e-08,7670
9.58641e-09,1.34829e-08,7673
-6.61024e-09,-9.29757e-09,7674
4.05222e-09,5.6968e-09,7676
-7.36635e-08,-1.03596e-07,7743
7.8848e-07,1.10889e-06,7775
-9.14246e-07,-1.28575e-06,7791
3.19683e-07,4.49589e-07,7799
-2.7061e-07,-3.80576e-07,7803
1.64332e-07,2.31111e-07,7805
-1.04283e-08,-1.46701e-08,7806
-1.93355e-06,-2.71926e-06,7839
2.98374e-06,4.19621e-06,7855
-1.79687e-06,-2.52705e-06,7863
2.20491e-06,3.1009e-06,7867
-1.44388e-06,-2.03061e-06,7869
8.51458e-08,1.19743e-07,7870
-9.14245e-07,-1.28576e-06,7887
4.53496e-06,6.37777e-06,7895
-8.94348e-06,-1.25777e-05,7899
6.30704e-06,8.86996e-06,7901
-3.47379e-07,-4.88539e-07,7902
-3.10542e-06,-4.36733e-06,7911
8.11788e-06,1.14166e-05,7915
-5.90636e-06,-8.30646e-06,7917
3.16281e-07,4.44801e-07,7918
-9.46525e-07,-1.33115e-06,7923
8.55728e-07,1.20346e-06,7925
-4.99478e-08,-7.02468e-08,7926
-4.55173e-08,-6.40152e-08,7929
3.13167e-08,4.40418e-08,7930
-1.91947e-08,-2.69945e-08,7932
1.22335e-06,1.72046e-06,7967
-1.93355e-06,-2.71926e-06,7983
1.29387e-06,1.81965e-06,7991
-1.69966e-06,-2.39033e-06,7995
1.13002e-06,1.58922e-06,7997
-6.63279e-08,-9.32813e-08,7998
7.88482e-07,1.10889e-06,8015
-4.3021e-06,-6.05029e-06,8023
8.81679e-06,1.23996e-05,8027
-6.2607e-06,-8.80478e-06,8029
3.4585e-07,4.86389e-07,8030
3.02069e-06,4.24816e-06,8039
-8.16394e-06,-1.14814e-05,8043
5.97302e-06,8.40019e-06,8045
-3.21575e-07,-4.52254e-07,8046
9.55319e-07,1.34352e-06,8051
-8.7023e-07,-1.22386e-06,8053
5.16097e-08,7.25829e-08,8054
4.71117e-08,6.62552e-08,8057
-3.23622e-08,-4.55111e-08,8058
1.98206e-08,2.78767e-08,8060
-7.36611e-08,-1.03597e-07,8079
5.40629e-07,7.60316e-07,8087
-1.32765e-06,-1.86715e-06,8091
9.6632e-07,1.35899e-06,8093
-5.33349e-08,-7.50079e-08,8094
-4.66933e-07,-6.56677e-07,8103
1.5124e-06,2.12698e-06,8107
-1.13302e-06,-1.59343e-06,8109
6.17109e-08,8.67855e-08,8110
-2.11443e-07,-2.97367e-07,8115
1.99045e-07,2.79926e-07,8117
-1.26943e-08,-1.78522e-08,8118
-1.24784e-08,-1.75507e-08,8121
8.55639e-09,1.20331e-08,8122
-5.17394e-09,-7.27742e-09,8124
2.66159e-08,3.74248e-08,8135
-1.17277e-07,-1.64938e-07,8139
9.23505e-08,1.29874e-07,8141
-5.22796e-09,-7.35353e-09,8142
1.16867e-07,1.64355e-07,8147
-1.1127e-07,-1.56487e-07,8149
7.72855e-09,1.0869e-08,8150
8.13032e-09,1.14338e-08,8153
-5.94848e-09,-8.3665e-09,8154
3.50998e-09,4.93653e-09,8156
-6.51161e-08,-9.15785e-08,8163
6.05703e-08,8.51828e-08,8165
-4.16734e-09,-5.86386e-09,8166
-4.60628e-09,-6.47726e-09,8169
3.5788e-09,5.03644e-09,8170
-2.09444e-09,-2.94528e-09,8172
3.6088e-10,5.11066e-10,8177
-2.9965e-10,-4.18069e-10,8178
1.8793e-10,2.64076e-10,8180
-1.25123e-09,-1.76063e-09,8703
1.75813e-08,2.47255e-08,8959
-3.24177e-08,-4.55917e-08,9087
5.68744e-08,7.99845e-08,9151
-2.41777e-07,-3.40025e-07,9183
2.40549e-07,3.38295e-07,9199
-5.47183e-08,-7.69543e-08,9207
3.05605e-08,4.2979e-08,9211
-1.65406e-08,-2.32618e-08,9213
1.15692e-09,1.6312e-09,9214
-3.20701e-07,-4.51019e-07,9471
5.77956e-07,8.12815e-07,9599
-1.07283e-06,-1.50877e-06,9663
5.0484e-06,7.09985e-06,9695
-5.06897e-06,-7.12878e-06,9711
1.16299e-06,1.63558e-06,9719
-6.59101e-07,-9.26934e-07,9723
3.58259e-07,5.03844e-07,9725
-2.49387e-08,-3.50725e-08,9726
-5.61937e-07,-7.90282e-07,9855
7.57402e-06,1.06518e-05,9919
-4.23544e-05,-5.95654e-05,9951
4.26659e-05,6.00036e-05,9967
-9.72202e-06,-1.36726e-05,9975
5.41374e-06,7.61365e-06,9979
-2.91811e-06,-4.10391e-06,9981
2.07954e-07,2.92458e-07,9982
-6.81085e-06,-9.57848e-06,10047
4.69699e-05,6.60565e-05,10079
-4.84038e-05,-6.8073e-05,10095
1.16307e-05,1.63569e-05,10103
-6.90679e-06,-9.71342e-06,10107
3.79818e-06,5.3416e-06,10109
-2.64489e-07,-3.71965e-07,10110
-1.01691e-05,-1.43014e-05,10143
1.36166e-05,1.91499e-05,10159
-5.20689e-06,-7.32275e-06,10167
4.75177e-06,6.68269e-06,10171
-2.91126e-06,-4.09427e-06,10173
1.76777e-07,2.48611e-07,10174
-1.94566e-06,-2.73629e-06,10191
6.4189e-06,9.02727e-06,10199
-1.07381e-05,-1.51016e-05,10203
7.39452e-06,1.03993e-05,10205
-4.02597e-07,-5.66194e-07,10206
-4.05205e-06,-5.69863e-06,10215
9.24078e-06,1.29958e-05,10219
-6.62203e-06,-9.31294e-06,10221
3.47766e-07,4.89086e-07,10222
-1.1143e-06,-1.5671e-06,10227
9.88392e-07,1.39003e-06,10229
-5.50367e-08,-7.73995e-08,10230
-5.12363e-08,-7.20549e-08,10233
3.48911e-08,4.90663e-08,10234
-2.1399e-08,-3.00965e-08,10236
4.49343e-07,6.3194e-07,10495
-7.88686e-07,-1.10917e-06,10623
1.45347e-06,2.0441e-06,10687
-7.01926e-06,-9.87158e-06,10719
7.09245e-06,9.97452e-06,10735
-1.65372e-06,-2.32573e-06,10743
9.48909e-07,1.3345e-06,10747
-5.16939e-07,-7.27003e-07,10749
3.59884e-08,5.06109e-08,10750
8.976e-07,1.26235e-06,10879
-1.25608e-05,-1.7665e-05,10943
7.13178e-05,0.000100298,10975
-7.20639e-05,-0.000101348,10991
1.65583e-05,2.32869e-05,10999
-9.23762e-06,-1.29914e-05,11003
4.9735e-06,6.99452e-06,11005
-3.5549e-07,-4.99948e-07,11006
1.15358e-05,1.62234e-05,11071
-8.07173e-05,-0.000113517,11103
8.34614e-05,0.000117377,11119
-2.02411e-05,-2.84662e-05,11127
1.20488e-05,1.69449e-05,11131
-6.61976e-06,-9.30975e-06,11133
4.61638e-07,6.49229e-07,11134
1.80311e-05,2.53582e-05,11167
-2.42564e-05,-3.41131e-05,11183
9.35979e-06,1.31632e-05,11191
-8.52143e-06,-1.19842e-05,11195
5.20874e-06,7.32535e-06,11197
-3.15752e-07,-4.4406e-07,11198
3.51581e-06,4.94448e-06,11215
-1.15994e-05,-1.63129e-05,11223
1.92162e-05,2.70249e-05,11227
-1.31855e-05,-1.85435e-05,11229
7.14598e-07,1.00498e-06,11230
7.31107e-06,1.0282e-05,11239
-1.64998e-05,-2.32046e-05,11243
1.17826e-05,1.65706e-05,11245
-6.15214e-07,-8.65209e-07,11246
1.98186e-06,2.7872e-06,11251
-1.75231e-06,-2.46438e-06,11253
9.674e-08,1.36052e-07,11254
9.03975e-08,1.27131e-07,11257
-6.1558e-08,-8.65741e-08,11258
3.77626e-08,5.31059e-08,11260
-2.99936e-07,-4.21813e-07,11391
5.61444e-06,7.8959e-06,11455
-3.79526e-05,-5.33749e-05,11487
3.96671e-05,5.57862e-05,11503
-1.02849e-05,-1.44642e-05,11511
6.54621e-06,9.20631e-06,11515
-3.66693e-06,-5.15702e-06,11517
2.5209e-07,3.54526e-07,11518
-6.7715e-06,-9.52314e-06,11583
5.61134e-05,7.89155e-05,11615
-6.01798e-05,-8.46343e-05,11631
1.65943e-05,2.33375e-05,11639
-1.11965e-05,-1.57462e-05,11643
6.37127e-06,8.96029e-06,11645
-4.28244e-07,-6.02265e-07,11646
-1.88633e-05,-2.65285e-05,11679
2.67776e-05,3.76588e-05,11695
-1.22267e-05,-1.71951e-05,11703
1.23511e-05,1.737e-05,11707
-7.70518e-06,-1.08362e-05,11709
4.55675e-07,6.40841e-07,11710
-5.16482e-06,-7.26359e-06,11727
2.00611e-05,2.8213e-05,11735
-3.52398e-05,-4.95597e-05,11739
2.42562e-05,3.41129e-05,11741
-1.29089e-06,-1.81546e-06,11742
-1.30696e-05,-1.83806e-05,11751
3.09562e-05,4.35355e-05,11755
-2.20932e-05,-3.10709e-05,11757
1.133e-06,1.59341e-06,11758
-3.64745e-06,-5.12962e-06,11763
3.22958e-06,4.54194e-06,11765
-1.75957e-07,-2.47457e-07,11766
-1.66787e-07,-2.34561e-07,11769
1.12961e-07,1.58861e-07,11770
-6.9462e-08,-9.76911e-08,11772
1.12172e-06,1.57754e-06,11839
-1.25326e-05,-1.76253e-05,11871
1.48423e-05,2.08736e-05,11887
-5.53559e-06,-7.78502e-06,11895
4.83777e-06,6.80363e-06,11899
-2.94762e-06,-4.1454e-06,11901
1.83508e-07,2.58074e-07,11902
3.41049e-05,4.79637e-05,11935
-5.34853e-05,-7.52194e-05,11951
3.35437e-05,4.71745e-05,11959
-4.16058e-05,-5.85126e-05,11963
2.71977e-05,3.82496e-05,11965
-1.56629e-06,-2.20277e-06,11966
1.7173e-05,2.41514e-05,11983
-8.67856e-05,-0.000122052,11991
0.000171119,0.000240655,11995
-0.000120199,-0.000169043,11997
6.43092e-06,9.04417e-06,11998
5.95667e-05,8.37721e-05,12007
-0.000155475,-0.000218653,12011
0.000112639,0.000158411,12013
-5.84672e-06,-8.22257e-06,12014
1.80855e-05,2.54347e-05,12019
-1.62756e-05,-2.28893e-05,12021
9.15886e-07,1.28806e-06,12022
8.59621e-07,1.20893e-06,12025
-5.80215e-07,-8.15989e-07,12026
3.57024e-07,5.02104e-07,12028
-2.20331e-05,-3.09864e-05,12063
3.53799e-05,4.97569e-05,12079
-2.45269e-05,-3.44936e-05,12087
3.24361e-05,4.56167e-05,12091
-2.15095e-05,-3.025e-05,12093
1.23163e-06,1.73212e-06,12094
-1.50443e-05,-2.11576e-05,12111
8.31028e-05,0.000116872,12119
-0.000169903,-0.000238945,12123
0.000120144,0.000168965,12125
-6.44503e-06,-9.06402e-06,12126
-5.84327e-05,-8.21772e-05,12135
0.0001574,0.000221361,12139
-0.000114659,-0.000161251,12141
5.983e-06,8.41424e-06,12142
-1.83801e-05,-2.5849e-05,12147
1.66656e-05,2.34378e-05,12149
-9.53011e-07,-1.34027e-06,12150
-8.96132e-07,-1.26028e-06,12153
6.03706e-07,8.49025e-07,12154
-3.71096e-07,-5.21893e-07,12156
1.40569e-06,1.97691e-06,12175
-1.0451e-05,-1.46979e-05,12183
2.56416e-05,3.60613e-05,12187
-1.85974e-05,-2.61547e-05,12189
9.9686e-07,1.40194e-06,12190
9.04593e-06,1.27218e-05,12199
-2.92503e-05,-4.11363e-05,12203
2.18347e-05,3.07074e-05,12205
-1.15366e-06,-1.62246e-06,12206
4.09484e-06,5.75881e-06,12211
-3.84226e-06,-5.40359e-06,12213
2.37431e-07,3.33911e-07,12214
2.40468e-07,3.38183e-07,12217
-1.61385e-07,-2.26967e-07,12218
9.78824e-08,1.37658e-07,12220
-5.19109e-07,-7.30055e-07,12231
2.28895e-06,3.21908e-06,12235
-1.79825e-06,-2.52898e-06,12237
9.90769e-08,1.39338e-07,12238
-2.29555e-06,-3.22837e-06,12243
2.18808e-06,3.07722e-06,12245
-1.49264e-07,-2.09919e-07,12246
-1.62699e-07,-2.28814e-07,12249
1.16942e-07,1.64462e-07,12250
-6.89965e-08,-9.70326e-08,12252
1.28081e-06,1.80128e-06,12259
-1.19443e-06,-1.6798e-06,12261
8.11474e-08,1.14122e-07,12262
9.35874e-08,1.31617e-07,12265
-7.15849e-08,-1.00672e-07,12266
4.18365e-08,5.88377e-08,12268
-7.21292e-09,-1.01402e-08,12273
5.93091e-09,8.34205e-09,12274
-3.65384e-09,-5.1362e-09,12276
-1.64154e-07,-2.30863e-07,12543
2.7527e-07,3.87125e-07,12671
-4.80517e-07,-6.75779e-07,12735
2.54245e-06,3.57559e-06,12767
-2.64542e-06,-3.7204e-06,12783
6.77701e-07,9.5309e-07,12791
-4.25317e-07,-5.98148e-07,12795
2.37298e-07,3.33727e-07,12797
-1.6419e-08,-2.30943e-08,12798
-3.65763e-07,-5.14394e-07,12927
5.89463e-06,8.28996e-06,12991
-3.59271e-05,-5.05263e-05,13023
3.70367e-05,5.20868e-05,13039
-9.1562e-06,-1.28769e-05,13047
5.40673e-06,7.6038e-06,13051
-2.94993e-06,-4.14866e-06,13053
2.12132e-07,2.98333e-07,13054
-5.92155e-06,-8.32781e-06,13119
4.45677e-05,6.26781e-05,13151
-4.71998e-05,-6.63798e-05,13167
1.25074e-05,1.75899e-05,13175
-8.01961e-06,-1.12784e-05,13179
4.49332e-06,6.31921e-06,13181
-3.12687e-07,-4.39753e-07,13182
-1.23167e-05,-1.73217e-05,13215
1.72101e-05,2.42035e-05,13231
-7.52714e-06,-1.05859e-05,13239
7.49597e-06,1.0542e-05,13243
-4.68291e-06,-6.58584e-06,13245
2.83737e-07,3.99036e-07,13246
-2.92629e-06,-4.11541e-06,13263
1.08828e-05,1.53051e-05,13271
-1.931e-05,-2.71568e-05,13275
1.34172e-05,1.88694e-05,13277
-7.35335e-07,-1.03414e-06,13278
-7.02132e-06,-9.87449e-06,13287
1.68847e-05,2.37459e-05,13291
-1.2179e-05,-1.71281e-05,13293
6.45424e-07,9.07698e-07,13294
-2.0277e-06,-2.85167e-06,13299
1.81252e-06,2.54906e-06,13301
-1.02926e-07,-1.44752e-07,13302
-9.49758e-08,-1.3357e-07,13305
6.49205e-08,9.13015e-08,13306
-3.98061e-08,-5.59832e-08,13308
9.58051e-07,1.34737e-06,13439
-1.95068e-05,-2.74335e-05,13503
0.000141842,0.00019948,13535
-0.000153103,-0.000215318,13551
4.54478e-05,6.39158e-05,13559
-3.38898e-05,-4.76612e-05,13563
2.00298e-05,2.81691e-05,13565
-1.35342e-06,-1.90339e-06,13566
2.53555e-05,3.56589e-05,13631
-0.000224478,-0.000315696,13663
0.000248618,0.000349646,13679
-7.8199e-05,-0.000109976,13687
6.10233e-05,8.58205e-05,13691
-3.64437e-05,-5.12529e-05,13693
2.4235e-06,3.40831e-06,13694
9.31805e-05,0.000131045,13727
-0.000137401,-0.000193235,13743
7.20618e-05,0.000101345,13751
-8.28062e-05,-0.000116455,13755
5.37088e-05,7.55338e-05,13757
-3.23805e-06,-4.55386e-06,13758
3.09894e-05,4.35821e-05,13775
-0.000137406,-0.000193242,13783
0.000270502,0.000380422,13787
-0.00019207,-0.00027012,13789
1.07207e-05,1.50771e-05,13790
9.22279e-05,0.000129705,13799
-0.000243772,-0.00034283,13803
0.000179026,0.000251774,13805
-9.72675e-06,-1.36793e-05,13806
2.94657e-05,4.14394e-05,13811
-2.6851e-05,-3.77621e-05,13813
1.59699e-06,2.24594e-06,13814
1.45267e-06,2.04297e-06,13817
-9.93783e-07,-1.39761e-06,13818
6.0843e-07,8.55668e-07,13820
-6.08991e-06,-8.56459e-06,13887
7.29074e-05,0.000102534,13919
-8.97254e-05,-0.000126186,13935
3.80984e-05,5.358e-05,13943
-3.76911e-05,-5.30072e-05,13947
2.3885e-05,3.35908e-05,13949
-1.50711e-06,-2.11954e-06,13950
-0.000238851,-0.00033591,13983
0.000384732,0.000541071,13999
-0.000265272,-0.000373068,14007
0.000363057,0.000510588,14011
-0.000245056,-0.000344637,14013
1.4652e-05,2.06059e-05,14014
-0.000135463,-0.000190509,14031
0.000735995,0.00103507,14039
-0.00157984,-0.00222182,14043
0.00114017,0.00160349,14045
-6.44525e-05,-9.06433e-05,14046
-0.000513393,-0.000722014,14055
0.0014548,0.00204597,14059
-0.00108139,-0.00152082,14061
5.97412e-05,8.40174e-05,14062
-0.00017379,-0.000244411,14067
0.000160343,0.0002255,14069
-9.81167e-06,-1.37987e-05,14070
-8.80437e-06,-1.23821e-05,14073
6.02361e-06,8.47136e-06,14074
-3.68655e-06,-5.18461e-06,14076
0.00015978,0.000224708,14111
-0.000263049,-0.000369941,14127
0.000198706,0.000279452,14135
-0.000288247,-0.000405379,14139
0.000197067,0.000277146,14141
-1.17571e-05,-1.65347e-05,14142
0.000121187,0.000170432,14159
-0.000711278,-0.00100031,14167
0.00157469,0.00221458,14171
-0.00114293,-0.00160737,14173
6.48418e-05,9.11907e-05,14174
0.000507105,0.000713171,14183
-0.00147564,-0.00207528,14187
0.00110203,0.00154985,14189
-6.1229e-05,-8.61098e-05,14190
0.000177103,0.000249071,14195
-0.000164503,-0.00023135,14197
1.02199e-05,1.43728e-05,14198
9.1883e-06,1.2922e-05,14201
-6.28503e-06,-8.83901e-06,14202
3.84084e-06,5.4016e-06,14204
-1.13069e-05,-1.59015e-05,14223
8.91477e-05,0.000125374,14231
-0.000236563,-0.000332693,14235
0.000176005,0.000247527,14237
-1.00369e-05,-1.41155e-05,14238
-7.82909e-05,-0.000110105,14247
0.000272877,0.000383763,14251
-0.000208752,-0.00029358,14253
1.18081e-05,1.66064e-05,14254
-3.94248e-05,-5.54454e-05,14259
3.78957e-05,5.3295e-05,14261
-2.55278e-06,-3.59013e-06,14262
-2.47135e-06,-3.4756e-06,14265
1.70353e-06,2.39577e-06,14266
-1.02544e-06,-1.44214e-06,14268
4.56969e-06,6.42662e-06,14279
-2.15928e-05,-3.03673e-05,14283
1.73543e-05,2.44063e-05,14285
-1.02968e-06,-1.4481e-06,14286
2.18132e-05,3.06772e-05,14291
-2.12976e-05,-2.99521e-05,14293
1.58409e-06,2.2278e-06,14294
1.65194e-06,2.32321e-06,14297
-1.24456e-06,-1.7503e-06,14298
7.30877e-07,1.02787e-06,14300
-1.20971e-05,-1.70129e-05,14307
1.15506e-05,1.62443e-05,14309
-8.56545e-07,-1.20461e-06,14310
-9.46711e-07,-1.33141e-06,14313
7.67557e-07,1.07946e-06,14314
-4.47909e-07,-6.29921e-07,14316
7.49591e-08,1.05421e-07,14321
-6.70384e-08,-9.42804e-08,14322
4.18366e-08,5.88384e-08,14324
-6.48107e-07,-9.11469e-07,14463
1.31712e-05,1.85234e-05,14527
-9.87426e-05,-0.000138867,14559
0.000108346,0.000152373,14575
-3.44684e-05,-4.84749e-05,14583
2.80429e-05,3.94383e-05,14587
-1.70611e-05,-2.39941e-05,14589
1.14059e-06,1.60408e-06,14590
-1.75795e-05,-2.4723e-05,14655
0.000159852,0.000224809,14687
-0.000179704,-0.000252728,14703
6.01061e-05,8.45306e-05,14711
-5.04659e-05,-7.09731e-05,14715
3.0878e-05,4.34255e-05,14717
-2.04152e-06,-2.87111e-06,14718
-7.26128e-05,-0.00010212,14751
0.000108693,0.000152861,14767
-6.02406e-05,-8.47198e-05,14775
7.29479e-05,0.000102591,14779
-4.80639e-05,-6.7595e-05,14781
2.92323e-06,4.1111e-06,14782
-2.61571e-05,-3.67863e-05,14799
0.000122157,0.000171796,14807
-0.000251184,-0.000353255,14811
0.000180474,0.000253811,14813
-1.02638e-05,-1.44346e-05,14814
-8.30052e-05,-0.000116735,14823
0.000228632,0.000321538,14827
-0.000169733,-0.000238705,14829
9.4287e-06,1.32601e-05,14830
-2.7935e-05,-3.92866e-05,14835
2.5736e-05,3.6194e-05,14837
-1.5816e-06,-2.2243e-06,14838
-1.41887e-06,-1.99544e-06,14841
9.74519e-07,1.37052e-06,14842
-5.95311e-07,-8.37223e-07,14844
5.48423e-06,7.71279e-06,14911
-6.76992e-05,-9.52092e-05,14943
8.471e-05,0.000119133,14959
-3.79733e-05,-5.34041e-05,14967
3.96301e-05,5.57341e-05,14971
-2.55399e-05,-3.59183e-05,14973
1.62166e-06,2.28064e-06,14974
0.000242451,0.000340972,15007
-0.000394568,-0.000554903,15023
0.000283337,0.000398473,15031
-0.000405521,-0.000570307,15035
0.000277669,0.000390501,15037
-1.68693e-05,-2.37243e-05,15038
0.000145273,0.000204306,15055
-0.000816982,-0.00114897,15063
0.00182298,0.00256376,15067
-0.00133154,-0.00187262,15069
7.70366e-05,0.000108341,15070
0.000574667,0.000808187,15079
-0.00168998,-0.00237672,15083
0.00127052,0.00178681,15085
-7.20537e-05,-0.000101333,15086
0.000204392,0.000287448,15091
-0.000190703,-0.000268196,15093
1.20904e-05,1.70034e-05,15094
1.06711e-05,1.50073e-05,15097
-7.33722e-06,-1.03187e-05,15098
4.47804e-06,6.29772e-06,15100
-0.000166411,-0.000234034,15135
0.000276624,0.000389032,15151
-0.000217374,-0.000305705,15159
0.000330051,0.00046417,15163
-0.000228995,-0.000322049,15165
1.39141e-05,1.95683e-05,15166
-0.000133037,-0.000187097,15183
0.000806711,0.00113452,15191
-0.00185943,-0.00261502,15195
0.00136687,0.00192231,15197
-7.95311e-05,-0.000111849,15198
-0.000580001,-0.000815689,15207
0.00175482,0.0024679,15211
-0.00132656,-0.00186562,15213
7.58337e-05,0.000106649,15214
-0.000213902,-0.000300823,15219
0.00020114,0.000282874,15221
-1.2992e-05,-1.82715e-05,15222
-1.14851e-05,-1.61521e-05,15225
7.90282e-06,1.11142e-05,15226
-4.81304e-06,-6.76886e-06,15228
1.26845e-05,1.7839e-05,15247
-0.000104095,-0.000146395,15255
0.000290875,0.000409074,15259
-0.000219872,-0.000309218,15261
1.2966e-05,1.82349e-05,15262
9.26624e-05,0.000130316,15271
-0.000339821,-0.000477909,15275
0.000264084,0.000371397,15277
-1.55182e-05,-2.18242e-05,15278
5.08517e-05,7.15157e-05,15283
-4.97716e-05,-6.99966e-05,15285
3.5428e-06,4.98245e-06,15286
3.38343e-06,4.75832e-06,15289
-2.36283e-06,-3.32298e-06,15290
1.41312e-06,1.98736e-06,15292
-5.63916e-06,-7.93068e-06,15303
2.82891e-05,3.97847e-05,15307
-2.31817e-05,-3.26017e-05,15309
1.44941e-06,2.03838e-06,15310
-2.9699e-05,-4.17674e-05,15315
2.99186e-05,4.20762e-05,15317
-2.41411e-06,-3.39511e-06,15318
-2.54834e-06,-3.58387e-06,15321
1.9655e-06,2.76419e-06,15322
-1.14393e-06,-1.60877e-06,15324
1.64608e-05,2.31497e-05,15331
-1.62972e-05,-2.29197e-05,15333
1.32551e-06,1.86414e-06,15334
1.52033e-06,2.13813e-06,15337
-1.26331e-06,-1.77667e-06,15338
7.30875e-07,1.02787e-06,15340
-1.16216e-07,-1.6344e-07,15345
1.09996e-07,1.54696e-07,15346
-6.89954e-08,-9.70324e-08,15348
-4.59753e-07,-6.46574e-07,15423
6.49648e-06,9.13638e-06,15455
-8.56099e-06,-1.20398e-05,15471
4.54221e-06,6.38797e-06,15479
-5.63491e-06,-7.92469e-06,15483
3.82964e-06,5.38584e-06,15485
-2.49305e-07,-3.50613e-07,15486
-3.36178e-05,-4.72787e-05,15519
5.63878e-05,7.93013e-05,15535
-4.69857e-05,-6.60787e-05,15543
7.90981e-05,0.00011124,15547
-5.68727e-05,-7.99834e-05,15549
3.63826e-06,5.1167e-06,15550
-2.64602e-05,-3.72125e-05,15567
0.000170642,0.000239984,15575
-0.000435659,-0.000612692,15579
0.000331023,0.000465537,15581
-2.05919e-05,-2.89595e-05,15582
-0.000124461,-0.000175037,15591
0.000415804,0.000584769,15595
-0.000324496,-0.000456358,15597
1.99834e-05,2.81039e-05,15598
-5.29101e-05,-7.44105e-05,15603
5.13919e-05,7.22754e-05,15605
-3.67014e-06,-5.16153e-06,15606
-3.11871e-06,-4.38603e-06,15609
2.18487e-06,3.0727e-06,15610
-1.31671e-06,-1.85176e-06,15612
2.93225e-05,4.12379e-05,15647
-5.01059e-05,-7.04668e-05,15663
4.59957e-05,6.46864e-05,15671
-8.31396e-05,-0.000116924,15675
6.07626e-05,8.54539e-05,15677
-3.92061e-06,-5.51377e-06,15678
3.09342e-05,4.35045e-05,15695
-0.000215331,-0.000302832,15703
0.000574007,0.000807259,15707
-0.00044036,-0.000619303,15709
2.77456e-05,3.90202e-05,15710
0.000160959,0.000226366,15719
-0.000559667,-0.000787092,15723
0.000440745,0.000619845,15725
-2.75734e-05,-3.8778e-05,15726
7.29794e-05,0.000102635,15731
-7.1756e-05,-0.000100915,15733
5.28177e-06,7.42806e-06,15734
4.50214e-06,6.33161e-06,15737
-3.16769e-06,-4.4549e-06,15738
1.90076e-06,2.67315e-06,15740
-3.9441e-06,-5.54681e-06,15759
3.82826e-05,5.3839e-05,15767
-0.000130003,-0.000182831,15771
0.000103779,0.00014595,15773
-6.81709e-06,-9.58727e-06,15774
-3.63807e-05,-5.11642e-05,15783
0.000161276,0.000226811,15787
-0.000132283,-0.000186038,15789
8.77863e-06,1.23459e-05,15790
-2.83464e-05,-3.98651e-05,15795
2.95867e-05,4.16095e-05,15797
-2.51134e-06,-3.53184e-06,15798
-2.36297e-06,-3.32318e-06,15801
1.73138e-06,2.43494e-06,15802
-1.01216e-06,-1.42345e-06,15804
2.91174e-06,4.09495e-06,15815
-1.82003e-05,-2.55961e-05,15819
1.59473e-05,2.24276e-05,15821
-1.17577e-06,-1.65356e-06,15822
2.32514e-05,3.26998e-05,15827
-2.60616e-05,-3.66519e-05,15829
2.66606e-06,3.74944e-06,15830
2.98996e-06,4.20495e-06,15833
-2.48199e-06,-3.49056e-06,15834
1.41313e-06,1.98736e-06,15836
-1.30508e-05,-1.83541e-05,15843
1.46729e-05,2.06354e-05,15845
-1.56075e-06,-2.19496e-06,15846
-2.02012e-06,-2.841e-06,15849
1.80484e-06,2.53825e-06,15850
-1.02544e-06,-1.44214e-06,15852
1.38285e-07,1.94478e-07,15857
-1.53321e-07,-2.15623e-07,15858
9.78832e-08,1.37657e-07,15860
-1.42319e-06,-2.00151e-06,15903
3.46034e-06,4.86648e-06,15919
-3.74184e-06,-5.26236e-06,15927
8.07738e-06,1.13597e-05,15931
-6.18612e-06,-8.69989e-06,15933
4.20286e-07,5.91072e-07,15934
-2.9534e-06,-4.15354e-06,15951
2.44098e-05,3.43289e-05,15959
-7.56816e-05,-0.000106435,15963
6.03332e-05,8.48501e-05,15965
-4.05585e-06,-5.70398e-06,15966
-1.9519e-05,-2.74508e-05,15975
7.89109e-05,0.000110977,15979
-6.4623e-05,-9.0883e-05,15981
4.3725e-06,6.14931e-06,15982
-1.19336e-05,-1.67829e-05,15987
1.23828e-05,1.74146e-05,15989
-1.04952e-06,-1.476e-06,15990
-9.08403e-07,-1.27754e-06,15993
6.6416e-07,9.34048e-07,15994
-3.89897e-07,-5.48333e-07,15996
2.86701e-06,4.03205e-06,16015
-3.19569e-05,-4.49428e-05,16023
0.000129491,0.000182111,16027
-0.000108353,-0.000152383,16029
7.81192e-06,1.09864e-05,16030
3.3036e-05,4.64604e-05,16039
-0.000174961,-0.000246058,16043
0.000150675,0.000211903,16045
-1.11271e-05,-1.56487e-05,16046
3.92359e-05,5.51797e-05,16051
-4.3773e-05,-6.15605e-05,16053
4.37401e-06,6.15143e-06,16054
4.24334e-06,5.96766e-06,16057
-3.31966e-06,-4.66864e-06,16058
1.90076e-06,2.67316e-06,16060
-4.00362e-06,-5.63052e-06,16071
3.11473e-05,4.38042e-05,16075
-2.91712e-05,-4.10251e-05,16077
2.50547e-06,3.52358e-06,16078
-5.35862e-05,-7.53614e-05,16083
6.58002e-05,9.25386e-05,16085
-8.06766e-06,-1.1346e-05,16086
-9.56277e-06,-1.34487e-05,16089
8.54345e-06,1.20151e-05,16090
-4.81304e-06,-6.76886e-06,16092
3.13387e-05,4.40734e-05,16099
-3.91949e-05,-5.5122e-05,16101
5.06883e-06,7.12859e-06,16102
7.10257e-06,9.98875e-06,16105
-6.80102e-06,-9.56467e-06,16106
3.84084e-06,5.4016e-06,16108
-4.56622e-07,-6.42173e-07,16113
5.70897e-07,8.02884e-07,16114
-3.71096e-07,-5.21893e-07,16116
-1.64181e-06,-2.30897e-06,16143
1.81585e-05,2.55373e-05,16151
-7.51385e-05,-0.000105672,16155
6.34201e-05,8.91913e-05,16157
-4.66732e-06,-6.56392e-06,16158
-1.89317e-05,-2.66247e-05,16167
0.000103142,0.000145055,16171
-8.97344e-05,-0.000126199,16173
6.78983e-06,9.54893e-06,16174
-2.48981e-05,-3.50156e-05,16179
2.82547e-05,3.97362e-05,16181
-2.9368e-06,-4.13019e-06,16182
-2.89233e-06,-4.06765e-06,16185
2.309e-06,3.24728e-06,16186
-1.31671e-06,-1.85176e-06,16188
2.82859e-06,3.97802e-06,16199
-2.34875e-05,-3.30318e-05,16203
2.24349e-05,3.15515e-05,16205
-2.00896e-06,-2.82531e-06,16206
4.53277e-05,6.37469e-05,16211
-5.68838e-05,-7.9999e-05,16213
7.25634e-06,1.0205e-05,16214
8.75079e-06,1.23067e-05,16217
-7.9593e-06,-1.11936e-05,16218
4.47804e-06,6.29772e-06,16220
-2.71293e-05,-3.81535e-05,16227
3.47899e-05,4.89271e-05,16229
-4.68938e-06,-6.59495e-06,16230
-6.71043e-06,-9.43727e-06,16233
6.5298e-06,9.18323e-06,16234
-3.68655e-06,-5.18461e-06,16236
4.23237e-07,5.95223e-07,16241
-5.45895e-07,-7.67726e-07,16242
3.57023e-07,5.02104e-07,16244
-1.94016e-07,-2.72856e-07,16263
1.82789e-06,2.57067e-06,16267
-1.79409e-06,-2.52312e-06,16269
1.69407e-07,2.38247e-07,16270
-4.75098e-06,-6.68158e-06,16275
6.14972e-06,8.64871e-06,16277
-8.30999e-07,-1.16868e-06,16278
-1.10881e-06,-1.55939e-06,16281
1.05673e-06,1.48613e-06,16282
-5.95311e-07,-8.37221e-07,16284
3.4195e-06,4.80904e-06,16291
-4.55556e-06,-6.40675e-06,16293
6.56049e-07,9.22638e-07,16294
1.0507e-06,1.47765e-06,16297
-1.07314e-06,-1.50922e-06,16298
6.0843e-07,8.55669e-07,16300
-7.40499e-08,-1.04137e-07,16305
1.03783e-07,1.45956e-07,16306
-6.94635e-08,-9.76898e-08,16308
2.16055e-07,3.03849e-07,16325
-3.26344e-08,-4.58972e-08,16326
-5.99189e-08,-8.42689e-08,16329
6.87258e-08,9.66533e-08,16330
-3.98054e-08,-5.59832e-08,16332
4.39491e-08,6.18086e-08,16337
-5.73134e-08,-8.06029e-08,16338
3.77624e-08,5.31073e-08,16340
-2.66112e-08,-3.74242e-08,16353
3.33419e-08,4.68907e-08,16354
-2.13996e-08,-3.00966e-08,16356
1.16035e-09,1.63255e-09,16895
-1.65384e-08,-2.32608e-08,17151
3.05608e-08,4.29793e-08,17279
-5.47189e-08,-7.69518e-08,17343
2.40548e-07,3.38296e-07,17375
-2.41775e-07,-3.40025e-07,17391
5.68735e-08,7.99837e-08,17399
-3.24187e-08,-4.5592e-08,17403
1.75796e-08,2.47252e-08,17405
-1.25581e-09,-1.76007e-09,17406
3.03689e-07,4.27098e-07,17663
-5.44209e-07,-7.65352e-07,17791
1.01293e-06,1.42455e-06,17855
-4.88189e-06,-6.86568e-06,17887
4.94394e-06,6.95295e-06,17903
-1.17034e-06,-1.64592e-06,17911
6.78613e-07,9.54375e-07,17915
-3.70275e-07,-5.20739e-07,17917
2.61869e-08,3.68294e-08,17918
5.42536e-07,7.63002e-07,18047
-7.5623e-06,-1.06353e-05,18111
4.32249e-05,6.07897e-05,18143
-4.38978e-05,-6.1736e-05,18159
1.03463e-05,1.45506e-05,18167
-5.90384e-06,-8.30291e-06,18171
3.1967e-06,4.4957e-06,18173
-2.31562e-07,-3.25658e-07,18174
6.94782e-06,9.77113e-06,18239
-4.90625e-05,-6.89995e-05,18271
5.10693e-05,7.18217e-05,18287
-1.28077e-05,-1.80123e-05,18295
7.89996e-06,1.11102e-05,18299
-4.38813e-06,-6.17129e-06,18301
3.08934e-07,4.34473e-07,18302
1.14624e-05,1.61203e-05,18335
-1.56395e-05,-2.19948e-05,18351
6.44639e-06,9.06593e-06,18359
-6.30073e-06,-8.86108e-06,18363
3.93374e-06,5.53224e-06,18365
-2.40861e-07,-3.38736e-07,18366
2.43928e-06,3.43049e-06,18383
-8.79254e-06,-1.23655e-05,18391
1.57497e-05,2.21497e-05,18395
-1.10097e-05,-1.54836e-05,18397
6.10036e-07,8.5793e-07,18398
5.66065e-06,7.9609e-06,18407
-1.37895e-05,-1.93929e-05,18411
1.00117e-05,1.40801e-05,18413
-5.37131e-07,-7.55397e-07,18414
1.67529e-06,2.35606e-06,18419
-1.50572e-06,-2.11758e-06,18421
8.67789e-08,1.22043e-07,18422
7.95304e-08,1.11846e-07,18425
-5.43859e-08,-7.64871e-08,18426
3.33421e-08,4.68916e-08,18428
-4.41341e-07,-6.20682e-07,18687
7.69998e-07,1.08289e-06,18815
-1.41786e-06,-1.99401e-06,18879
7.00661e-06,9.8538e-06,18911
-7.13995e-06,-1.00413e-05,18927
1.71796e-06,2.41607e-06,18935
-1.00996e-06,-1.42037e-06,18939
5.52727e-07,7.77331e-07,18941
-3.90417e-08,-5.49066e-08,18942
-8.91416e-07,-1.25365e-06,19071
1.28487e-05,1.80699e-05,19135
-7.43516e-05,-0.000104565,19167
7.56813e-05,0.000106435,19183
-1.79326e-05,-2.52197e-05,19191
1.02233e-05,1.43777e-05,19195
-5.52479e-06,-7.76983e-06,19197
4.01367e-07,5.64464e-07,19198
-1.20126e-05,-1.6894e-05,19263
8.57532e-05,0.0001206,19295
-8.9456e-05,-0.000125807,19311
2.25384e-05,3.1697e-05,19319
-1.38723e-05,-1.95094e-05,19323
7.68834e-06,1.08126e-05,19325
-5.42284e-07,-7.62647e-07,19326
-2.04055e-05,-2.86974e-05,19359
2.78916e-05,3.92256e-05,19375
-1.14852e-05,-1.61524e-05,19383
1.11215e-05,1.56409e-05,19387
-6.91767e-06,-9.72872e-06,19389
4.23195e-07,5.95163e-07,19390
-4.34997e-06,-6.11762e-06,19407
1.55181e-05,2.1824e-05,19415
-2.74295e-05,-3.85757e-05,19419
1.9105e-05,2.68685e-05,19421
-1.05462e-06,-1.48318e-06,19422
-9.95665e-06,-1.40026e-05,19431
2.39396e-05,3.36677e-05,19435
-1.73245e-05,-2.43645e-05,19437
9.25047e-07,1.30095e-06,19438
-2.9008e-06,-4.07956e-06,19443
2.59929e-06,3.65553e-06,19445
-1.487e-07,-2.09125e-07,19446
-1.3669e-07,-1.92236e-07,19449
9.34829e-08,1.3147e-07,19450
-5.73119e-08,-8.06031e-08,19452
3.31302e-07,4.65934e-07,19583
-6.33857e-06,-8.9143e-06,19647
4.35272e-05,6.12148e-05,19679
-4.58525e-05,-6.4485e-05,19695
1.23193e-05,1.73254e-05,19703
-8.12845e-06,-1.14315e-05,19707
4.60265e-06,6.47297e-06,19709
-3.19147e-07,-4.48838e-07,19710
7.75127e-06,1.09011e-05,19775
-6.51821e-05,-9.16694e-05,19807
7.04929e-05,9.91382e-05,19823
-2.01812e-05,-2.8382e-05,19831
1.41475e-05,1.98964e-05,19835
-8.14502e-06,-1.14548e-05,19837
5.51919e-07,7.76194e-07,19838
2.29248e-05,3.22405e-05,19871
-3.29049e-05,-4.6276e-05,19887
1.57341e-05,2.21278e-05,19895
-1.66546e-05,-2.34223e-05,19899
1.05362e-05,1.48177e-05,19901
-6.30765e-07,-8.87081e-07,19902
6.64473e-06,9.34486e-06,19919
-2.70871e-05,-3.80942e-05,19927
4.98745e-05,7.01414e-05,19931
-3.47669e-05,-4.88947e-05,19933
1.88861e-06,2.65607e-06,19934
1.78402e-05,2.50897e-05,19943
-4.42556e-05,-6.22392e-05,19947
3.196e-05,4.49472e-05,19949
-1.67892e-06,-2.36116e-06,19950
5.27462e-06,7.418e-06,19955
-4.72448e-06,-6.64431e-06,19957
2.66522e-07,3.74825e-07,19958
2.48092e-07,3.48906e-07,19961
-1.68937e-07,-2.37586e-07,19962
1.03783e-07,1.45957e-07,19964
-1.35513e-06,-1.90579e-06,20031
1.53869e-05,2.16395e-05,20063
-1.84287e-05,-2.59173e-05,20079
7.18636e-06,1.01066e-05,20087
-6.57241e-06,-9.24316e-06,20091
4.06114e-06,5.71142e-06,20093
-2.55372e-07,-3.59147e-07,20094
-4.39124e-05,-6.17566e-05,20127
6.95354e-05,9.77916e-05,20143
-4.54341e-05,-6.38966e-05,20151
5.88854e-05,8.2814e-05,20155
-3.90125e-05,-5.48655e-05,20157
2.28381e-06,3.21186e-06,20158
-2.31997e-05,-3.2627e-05,20175
0.00012143,0.000170774,20183
-0.000249173,-0.000350426,20187
0.000177078,0.000249035,20189
-9.68828e-06,-1.36252e-05,20190
-8.39967e-05,-0.000118129,20199
0.000227887,0.000320491,20203
-0.00016693,-0.000234763,20205
8.88499e-06,1.24955e-05,20206
-2.6835e-05,-3.77397e-05,20211
2.44029e-05,3.43192e-05,20213
-1.41966e-06,-1.99655e-06,20214
-1.30829e-06,-1.83992e-06,20217
8.88411e-07,1.24942e-06,20218
-5.45896e-07,-7.67725e-07,20220
2.87016e-05,4.03647e-05,20255
-4.65204e-05,-6.54243e-05,20271
3.35649e-05,4.72042e-05,20279
-4.6366e-05,-6.52072e-05,20283
3.11575e-05,4.38186e-05,20285
-1.81554e-06,-2.5533e-06,20286
2.0532e-05,2.88753e-05,20303
-0.000117108,-0.000164695,20311
0.000248906,0.00035005,20315
-0.000178044,-0.000250393,20317
9.77113e-06,1.37417e-05,20318
8.29425e-05,0.000116647,20327
-0.000231983,-0.000326251,20331
0.000170842,0.000240265,20333
-9.14359e-06,-1.28592e-05,20334
2.74424e-05,3.85939e-05,20339
-2.51394e-05,-3.5355e-05,20341
1.48573e-06,2.08946e-06,20342
1.37206e-06,1.92961e-06,20345
-9.30199e-07,-1.30819e-06,20346
5.70898e-07,8.02885e-07,20348
-1.9432e-06,-2.73284e-06,20367
1.48923e-05,2.09439e-05,20375
-3.79933e-05,-5.34321e-05,20379
2.78707e-05,3.91962e-05,20381
-1.531e-06,-2.15313e-06,20382
-1.2992e-05,-1.82714e-05,20391
4.36123e-05,6.13345e-05,20395
-3.29104e-05,-4.62838e-05,20397
1.78592e-06,2.51165e-06,20398
-6.20664e-06,-8.72876e-06,20403
5.88385e-06,8.2748e-06,20405
-3.75602e-07,-5.28233e-07,20406
-3.74356e-07,-5.2648e-07,20409
2.53327e-07,3.56267e-07,20410
-1.5332e-07,-2.15623e-07,20412
7.57074e-07,1.06472e-06,20423
-3.4636e-06,-4.87106e-06,20427
2.7497e-06,3.86706e-06,20429
-1.55899e-07,-2.19248e-07,20430
3.50264e-06,4.92596e-06,20435
-3.37988e-06,-4.75332e-06,20437
2.38446e-07,3.3534e-07,20438
2.57463e-07,3.62082e-07,20441
-1.86815e-07,-2.62728e-07,20442
1.09998e-07,1.54695e-07,20444
-1.95e-06,-2.7424e-06,20451
1.84233e-06,2.59097e-06,20453
-1.29621e-07,-1.82295e-07,20454
-1.4876e-07,-2.0921e-07,20457
1.14894e-07,1.61585e-07,20458
-6.70386e-08,-9.42805e-08,20460
1.1443e-08,1.60929e-08,20465
-9.60625e-09,-1.35094e-08,20466
5.92923e-09,8.34064e-09,20468
-3.60486e-07,-5.06974e-07,20863
6.24316e-07,8.78012e-07,20927
-3.37225e-06,-4.74259e-06,20959
3.5379e-06,4.97555e-06,20975
-9.35798e-07,-1.31607e-06,20983
6.05985e-07,8.52234e-07,20987
-3.41032e-07,-4.79612e-07,20989
2.37987e-08,3.34683e-08,20990
4.83468e-07,6.79932e-07,21119
-7.97663e-06,-1.1218e-05,21183
4.92606e-05,6.9278e-05,21215
-5.10771e-05,-7.18326e-05,21231
1.29577e-05,1.82232e-05,21239
-7.82252e-06,-1.10013e-05,21243
4.29156e-06,6.03548e-06,21245
-3.11982e-07,-4.3876e-07,21246
8.11762e-06,1.14163e-05,21311
-6.18932e-05,-8.70439e-05,21343
6.59851e-05,9.27987e-05,21359
-1.80141e-05,-2.53342e-05,21367
1.18895e-05,1.67208e-05,21371
-6.71795e-06,-9.44784e-06,21373
4.71346e-07,6.62879e-07,21374
1.77884e-05,2.50169e-05,21407
-2.51004e-05,-3.53001e-05,21423
1.14398e-05,1.60884e-05,21431
-1.18755e-05,-1.67012e-05,21435
7.50859e-06,1.05598e-05,21437
-4.59041e-07,-6.45576e-07,21438
4.44953e-06,6.25763e-06,21455
-1.73123e-05,-2.43473e-05,21463
3.20152e-05,4.50249e-05,21467
-2.24729e-05,-3.16049e-05,21469
1.24917e-06,1.75678e-06,21470
1.12831e-05,1.58681e-05,21479
-2.82458e-05,-3.97237e-05,21483
2.05626e-05,2.89184e-05,21485
-1.10771e-06,-1.55783e-06,21486
3.41942e-06,4.80892e-06,21491
-3.0836e-06,-4.33665e-06,21493
1.79264e-07,2.52111e-07,21494
1.63525e-07,2.29976e-07,21497
-1.12125e-07,-1.57687e-07,21498
6.8725e-08,9.66527e-08,21500
-1.38121e-06,-1.94247e-06,21631
2.84171e-05,3.99646e-05,21695
-0.000208906,-0.000293796,21727
0.000227126,0.000319421,21743
-6.97489e-05,-9.80919e-05,21751
5.40119e-05,7.59601e-05,21755
-3.22918e-05,-4.54139e-05,21757
2.19208e-06,3.08285e-06,21758
-3.72517e-05,-5.23892e-05,21823
0.000333064,0.000468407,21855
-0.000371592,-0.000522591,21871
0.000120902,0.000170032,21879
-9.78979e-05,-0.000137679,21883
5.91242e-05,8.31497e-05,21885
-3.95232e-06,-5.55837e-06,21886
-0.000142788,-0.000200811,21919
0.000212317,0.000298593,21935
-0.000115475,-0.000162399,21943
0.000137687,0.000193637,21947
-9.02285e-05,-0.000126894,21949
5.48661e-06,7.71613e-06,21950
-4.95672e-05,-6.97092e-05,21967
0.000227653,0.000320162,21975
-0.000463029,-0.000651184,21979
0.000331407,0.000466077,21981
-1.87103e-05,-2.63134e-05,21982
-0.000153972,-0.00021654,21991
0.000419759,0.000590332,21995
-0.000310493,-0.000436664,21997
1.70846e-05,2.4027e-05,21998
-5.11145e-05,-7.18852e-05,22003
4.688e-05,6.593e-05,22005
-2.8343e-06,-3.98604e-06,22006
-2.55705e-06,-3.59612e-06,22009
1.75308e-06,2.46545e-06,22010
-1.07314e-06,-1.50922e-06,22012
9.2848e-06,1.30578e-05,22079
-0.000112276,-0.0001579,22111
0.000139387,0.000196027,22127
-6.1291e-05,-8.61971e-05,22135
6.27988e-05,8.83176e-05,22139
-4.01923e-05,-5.65248e-05,22141
2.55201e-06,3.58904e-06,22142
0.000379684,0.000533972,22175
-0.000615683,-0.00086587,22191
0.000437765,0.000615654,22199
-0.000618192,-0.000869398,22203
0.000420757,0.000591735,22205
-2.53617e-05,-3.56676e-05,22206
0.000222787,0.000313318,22223
-0.0012416,-0.00174613,22231
0.00273505,0.00384645,22235
-0.00198655,-0.00279379,22237
0.000113349,0.000159409,22238
0.00087072,0.00122454,22247
-0.0025282,-0.00355556,22251
0.00189023,0.00265834,22253
-0.000105481,-0.000148344,22254
0.000304045,0.000427596,22259
-0.000281914,-0.000396472,22261
1.74581e-05,2.45523e-05,22262
1.55711e-05,2.18985e-05,22265
-1.06691e-05,-1.50046e-05,22266
6.5298e-06,9.18323e-06,22268
-0.000255903,-0.000359891,22303
0.000423895,0.000596148,22319
-0.000329764,-0.000463766,22327
0.000492973,0.000693297,22331
-0.000339694,-0.000477731,22333
2.04277e-05,2.87287e-05,22334
-0.000200404,-0.000281839,22351
0.00120359,0.00169268,22359
-0.00273072,-0.00384038,22363
0.00199399,0.00280426,22365
-0.000114125,-0.000160501,22366
-0.000862295,-0.0012127,22375
0.00256759,0.00361095,22379
-0.00192808,-0.00271157,22381
0.000108133,0.000152073,22382
-0.000310195,-0.000436245,22387
0.000289433,0.000407046,22389
-1.81713e-05,-2.55553e-05,22390
-1.62485e-05,-2.28512e-05,22393
1.11277e-05,1.56496e-05,22394
-6.80102e-06,-9.56467e-06,22396
1.88591e-05,2.65227e-05,22415
-0.000151653,-0.000213279,22423
0.000411356,0.000578514,22427
-0.000307604,-0.000432601,22429
1.7668e-05,2.48475e-05,22430
0.000133785,0.00018815,22439
-0.000475737,-0.000669057,22443
0.000365572,0.000514124,22445
-2.08237e-05,-2.92856e-05,22446
6.91075e-05,9.71899e-05,22451
-6.66228e-05,-9.36956e-05,22453
4.50818e-06,6.34011e-06,22454
4.35059e-06,6.11849e-06,22457
-2.99625e-06,-4.2138e-06,22458
1.80484e-06,2.53825e-06,22460
-7.85659e-06,-1.10492e-05,22471
3.77426e-05,5.30795e-05,22475
-3.04252e-05,-4.27887e-05,22477
1.81108e-06,2.54702e-06,22478
-3.80661e-05,-5.35346e-05,22483
3.72221e-05,5.23476e-05,22485
-2.76077e-06,-3.88263e-06,22486
-2.87032e-06,-4.0367e-06,22489
2.14816e-06,3.02108e-06,22490
-1.26331e-06,-1.77667e-06,22492
2.108e-05,2.9646e-05,22499
-2.01509e-05,-2.83393e-05,22501
1.48752e-06,2.09199e-06,22502
1.63475e-06,2.29904e-06,22505
-1.31357e-06,-1.84735e-06,22506
7.67556e-07,1.07946e-06,22508
-1.3e-07,-1.82826e-07,22513
1.14893e-07,1.61582e-07,22514
-7.15844e-08,-1.00674e-07,22516
9.58052e-07,1.34737e-06,22655
-1.96339e-05,-2.76123e-05,22719
0.000148937,0.000209459,22751
-0.000164735,-0.000231676,22767
5.43544e-05,7.64417e-05,22775
-4.59786e-05,-6.46623e-05,22779
2.82849e-05,3.97787e-05,22781
-1.89679e-06,-2.66757e-06,22782
2.64323e-05,3.71733e-05,22847
-0.000242819,-0.000341491,22879
0.000275121,0.000386919,22895
-9.53278e-05,-0.000134065,22903
8.30663e-05,0.000116821,22907
-5.13664e-05,-7.22395e-05,22909
3.40918e-06,4.79452e-06,22910
0.000113906,0.000160193,22943
-0.000171897,-0.000241749,22959
9.86673e-05,0.000138761,22967
-0.000123614,-0.000173845,22971
8.21751e-05,0.000115568,22973
-5.03052e-06,-7.07471e-06,22974
4.27616e-05,6.01381e-05,22991
-0.000206225,-0.000290026,22999
0.000436143,0.000613373,23003
-0.000315369,-0.000443522,23005
1.80754e-05,2.54205e-05,23006
0.000141079,0.000198408,23015
-0.000398915,-0.000561017,23019
0.000297817,0.000418837,23021
-1.66832e-05,-2.34626e-05,23022
4.90317e-05,6.89561e-05,23027
-4.53889e-05,-6.38331e-05,23029
2.81821e-06,3.96341e-06,23030
2.51606e-06,3.53848e-06,23033
-1.72942e-06,-2.43219e-06,23034
1.05673e-06,1.48613e-06,23036
-8.56302e-06,-1.20427e-05,23103
0.000106686,0.000150039,23135
-0.000134636,-0.000189347,23151
6.24123e-05,8.77741e-05,23159
-6.72545e-05,-9.45839e-05,23163
4.37098e-05,6.14717e-05,23165
-2.78729e-06,-3.91993e-06,23166
-0.000393569,-0.000553499,23199
0.000644476,0.000906363,23215
-0.000476272,-0.000669809,23223
0.000700601,0.000985296,23227
-0.000482904,-0.000679136,23229
2.94805e-05,4.14601e-05,23230
-0.000243437,-0.00034236,23247
0.00140073,0.00196992,23255
-0.00319296,-0.00449044,23259
0.00234309,0.00329522,23261
-0.000136216,-0.000191568,23262
-0.000989872,-0.00139211,23271
0.00296901,0.0041755,23275
-0.00224128,-0.00315204,23277
0.000127749,0.00017966,23278
-0.00036086,-0.000507498,23283
0.000337776,0.000475033,23285
-2.15301e-05,-3.0279e-05,23286
-1.89598e-05,-2.66642e-05,23289
1.30346e-05,1.83314e-05,23290
-7.9593e-06,-1.11936e-05,23292
0.000272103,0.000382674,23327
-0.000454844,-0.000639673,23343
0.000367295,0.000516549,23351
-0.000572322,-0.00080489,23355
0.0003995,0.00056184,23357
-2.43792e-05,-3.42859e-05,23358
0.000224083,0.00031514,23375
-0.00138707,-0.00195071,23383
0.00326105,0.00458621,23387
-0.00240735,-0.0033856,23389
0.000140633,0.00019778,23390
0.00100146,0.00140841,23399
-0.00308563,-0.00433951,23403
0.00234125,0.00329263,23405
-0.000134381,-0.000188988,23406
0.000377861,0.000531407,23411
-0.000356272,-0.000501046,23413
2.30952e-05,3.24801e-05,23414
2.03858e-05,2.86697e-05,23417
-1.40188e-05,-1.97154e-05,23418
8.54345e-06,1.20151e-05,23420
-2.15577e-05,-3.03178e-05,23439
0.000179906,0.000253012,23447
-0.000510995,-0.000718642,23451
0.000387399,0.000544822,23453
-2.28762e-05,-3.21721e-05,23454
-0.00016073,-0.000226043,23463
0.00059797,0.000840959,23467
-0.000465801,-0.000655082,23469
2.73876e-05,3.85168e-05,23470
-8.96946e-05,-0.000126143,23475
8.78499e-05,0.000123548,23477
-6.23165e-06,-8.76393e-06,23478
-5.95595e-06,-8.3762e-06,23481
4.14431e-06,5.82837e-06,23482
-2.48199e-06,-3.49056e-06,23484
9.82567e-06,1.38184e-05,23495
-4.97927e-05,-7.00263e-05,23499
4.0831e-05,5.7423e-05,23501
-2.5423e-06,-3.57538e-06,23502
5.20768e-05,7.32387e-05,23507
-5.23925e-05,-7.36826e-05,23509
4.18087e-06,5.87979e-06,23510
4.41343e-06,6.20685e-06,23513
-3.37116e-06,-4.74106e-06,23514
1.9655e-06,2.76419e-06,23516
-2.88306e-05,-4.05462e-05,23523
2.84921e-05,4.007e-05,23525
-2.28744e-06,-3.21696e-06,23526
-2.6158e-06,-3.67876e-06,23529
2.14816e-06,3.02108e-06,23530
-1.24456e-06,-1.7503e-06,23532
2.00617e-07,2.82141e-07,23537
-1.86815e-07,-2.6273e-07,23538
1.16941e-07,1.64461e-07,23540
7.37399e-07,1.03705e-06,23615
-1.05203e-05,-1.47953e-05,23647
1.39924e-05,1.96783e-05,23663
-7.67333e-06,-1.07914e-05,23671
9.7614e-06,1.3728e-05,23675
-6.66569e-06,-9.37434e-06,23677
4.33357e-07,6.09453e-07,23678
5.61678e-05,7.8992e-05,23711
-9.47232e-05,-0.000133215,23727
8.09246e-05,0.000113809,23735
-0.000138605,-0.000194929,23739
9.98901e-05,0.000140481,23741
-6.369e-06,-8.95709e-06,23742
4.55133e-05,6.40079e-05,23759
-0.0002983,-0.000419517,23767
0.000768812,0.00108122,23771
-0.000584407,-0.000821885,23773
3.61546e-05,5.08463e-05,23774
0.000218172,0.000306828,23783
-0.000734552,-0.00103304,23787
0.000573246,0.000806189,23789
-3.50814e-05,-4.9337e-05,23790
9.34842e-05,0.000131472,23795
-9.07087e-05,-0.000127569,23797
6.4198e-06,9.02853e-06,23798
5.48272e-06,7.71066e-06,23801
-3.82469e-06,-5.37888e-06,23802
2.309e-06,3.24728e-06,23804
-4.94421e-05,-6.95333e-05,23839
8.48619e-05,0.000119346,23855
-7.96545e-05,-0.000112023,23863
0.000146033,0.000205375,23867
-0.000106871,-0.000150299,23869
6.86255e-06,9.65119e-06,23870
-5.35034e-05,-7.52448e-05,23887
0.000377446,0.000530824,23895
-0.00101318,-0.00142489,23899
0.000777056,0.00109282,23901
-4.8618e-05,-6.83742e-05,23902
-0.000282754,-0.000397653,23911
0.000988452,0.00139012,23915
-0.000777889,-0.00109399,23917
4.82825e-05,6.79024e-05,23918
-0.000128778,-0.000181108,23923
0.000126394,0.000177755,23925
-9.20011e-06,-1.29386e-05,23926
-7.8876e-06,-1.10928e-05,23929
5.52145e-06,7.76514e-06,23930
-3.31967e-06,-4.66864e-06,23932
6.88527e-06,9.68315e-06,23951
-6.73062e-05,-9.46566e-05,23959
0.000228696,0.000321629,23963
-0.000182168,-0.000256193,23965
1.183e-05,1.66372e-05,23966
6.4006e-05,9.00153e-05,23975
-0.000283448,-0.00039863,23979
0.000231894,0.000326126,23981
-1.51934e-05,-2.13673e-05,23982
4.95366e-05,6.96661e-05,23987
-5.14933e-05,-7.2418e-05,23989
4.29584e-06,6.04149e-06,23990
4.07014e-06,5.72408e-06,23993
-2.9548e-06,-4.15551e-06,23994
1.73138e-06,2.43494e-06,23996
-5.11248e-06,-7.18998e-06,24007
3.17781e-05,4.46914e-05,24011
-2.77295e-05,-3.89975e-05,24013
2.00979e-06,2.82648e-06,24014
-4.01998e-05,-5.65353e-05,24019
4.4792e-05,6.29936e-05,24021
-4.48769e-06,-6.3113e-06,24022
-5.06053e-06,-7.11692e-06,24025
4.1443e-06,5.82837e-06,24026
-2.36283e-06,-3.32298e-06,24028
2.25367e-05,3.16947e-05,24035
-2.51718e-05,-3.54005e-05,24037
2.61939e-06,3.6838e-06,24038
3.40277e-06,4.78551e-06,24041
-2.99625e-06,-4.2138e-06,24042
1.70353e-06,2.39577e-06,24044
-2.3274e-07,-3.27316e-07,24049
2.53325e-07,3.56267e-07,24050
-1.61386e-07,-2.26966e-07,24052
-4.22185e-06,-5.93743e-06,24111
6.55442e-06,9.21785e-06,24119
-1.41916e-05,-1.99585e-05,24123
1.08457e-05,1.5253e-05,24125
-7.2865e-07,-1.02474e-06,24126
5.17264e-06,7.27459e-06,24143
-4.29732e-05,-6.04356e-05,24151
0.000132841,0.000186822,24155
-0.000105567,-0.000148465,24157
7.00075e-06,9.84556e-06,24158
3.43611e-05,4.8324e-05,24167
-0.000138322,-0.00019453,24171
0.000112884,0.000158755,24173
-7.52492e-06,-1.05827e-05,24174
2.07808e-05,2.92252e-05,24179
-2.1462e-05,-3.01832e-05,24181
1.7848e-06,2.51006e-06,24182
1.55753e-06,2.19044e-06,24185
-1.12841e-06,-1.58695e-06,24186
6.6416e-07,9.34047e-07,24188
-5.01536e-06,-7.05339e-06,24207
5.59597e-05,7.86994e-05,24215
-0.000224835,-0.000316199,24219
0.000187262,0.000263358,24221
-1.32687e-05,-1.86606e-05,24222
-5.77484e-05,-8.12148e-05,24231
0.000302963,0.000426074,24235
-0.000259642,-0.00036515,24237
1.88246e-05,2.64741e-05,24238
-6.72099e-05,-9.45212e-05,24243
7.45572e-05,0.000104854,24245
-7.29973e-06,-1.0266e-05,24246
-7.14197e-06,-1.00442e-05,24249
5.52145e-06,7.76514e-06,24250
-3.16769e-06,-4.4549e-06,24252
6.93728e-06,9.75629e-06,24263
-5.33195e-05,-7.49864e-05,24267
4.96568e-05,6.98352e-05,24269
-4.18058e-06,-5.87939e-06,24270
9.06462e-05,0.000127481,24275
-0.000110677,-0.000155651,24277
1.33124e-05,1.8722e-05,24278
1.59035e-05,2.2366e-05,24281
-1.40188e-05,-1.97154e-05,24282
7.90281e-06,1.11142e-05,24284
-5.29301e-05,-7.44387e-05,24291
6.58107e-05,9.25534e-05,24293
-8.34917e-06,-1.17419e-05,24294
-1.17824e-05,-1.65703e-05,24297
1.11277e-05,1.56496e-05,24298
-6.28504e-06,-8.83901e-06,24300
7.55535e-07,1.06255e-06,24305
-9.302e-07,-1.30819e-06,24306
6.03706e-07,8.49025e-07,24308
2.86701e-06,4.03205e-06,24335
-3.17379e-05,-4.46348e-05,24343
0.000130112,0.000182984,24347
-0.000109285,-0.000153693,24349
7.9004e-06,1.11108e-05,24350
3.30177e-05,4.64347e-05,24359
-0.000178037,-0.000250384,24363
0.000154108,0.000216731,24365
-1.14433e-05,-1.60934e-05,24366
4.24742e-05,5.97339e-05,24371
-4.79263e-05,-6.74014e-05,24373
4.88225e-06,6.86618e-06,24374
4.8491e-06,6.81957e-06,24377
-3.82469e-06,-5.37888e-06,24378
2.18487e-06,3.0727e-06,24380
-4.8802e-06,-6.8633e-06,24391
4.00211e-05,5.6284e-05,24395
-3.80147e-05,-5.34623e-05,24397
3.33797e-06,4.69438e-06,24398
-7.63616e-05,-0.000107392,24403
9.53322e-05,0.000134071,24405
-1.19433e-05,-1.67966e-05,24406
-1.45201e-05,-2.04204e-05,24409
1.30346e-05,1.83314e-05,24410
-7.33722e-06,-1.03187e-05,24412
4.5632e-05,6.41749e-05,24419
-5.82102e-05,-8.18644e-05,24421
7.70692e-06,1.08387e-05,24422
1.11121e-05,1.56276e-05,24425
-1.06691e-05,-1.50046e-05,24426
6.02361e-06,8.47135e-06,24428
-6.98799e-07,-9.82761e-07,24433
8.8841e-07,1.24942e-06,24434
-5.80215e-07,-8.1599e-07,24436
3.34305e-07,4.7015e-07,24455
-3.11078e-06,-4.37487e-06,24459
3.03613e-06,4.26988e-06,24461
-2.81175e-07,-3.95432e-07,24462
7.98883e-06,1.12351e-05,24467
-1.02915e-05,-1.44735e-05,24469
1.36688e-06,1.92232e-06,24470
1.83844e-06,2.5855e-06,24473
-1.72942e-06,-2.43219e-06,24474
9.7452e-07,1.37052e-06,24476
-5.73762e-06,-8.06914e-06,24483
7.60888e-06,1.07008e-05,24485
-1.07748e-06,-1.51533e-06,24486
-1.73898e-06,-2.44562e-06,24489
1.75308e-06,2.46545e-06,24490
-9.93783e-07,-1.39761e-06,24492
1.22083e-07,1.71693e-07,24497
-1.68938e-07,-2.37587e-07,24498
1.12959e-07,1.5886e-07,24500
5.35411e-08,7.52969e-08,24518
9.89567e-08,1.39167e-07,24521
-1.12124e-07,-1.57687e-07,24522
6.49213e-08,9.13019e-08,24524
-7.25781e-08,-1.02072e-07,24529
9.34821e-08,1.3147e-07,24530
-6.15568e-08,-8.65718e-08,24532
4.39499e-08,6.18073e-08,24545
-5.43862e-08,-7.64867e-08,24546
3.48907e-08,4.90695e-08,24548
-8.88437e-08,-1.24948e-07,25023
5.13417e-07,7.22045e-07,25055
-5.55749e-07,-7.81583e-07,25071
1.68329e-07,2.3673e-07,25079
-1.31992e-07,-1.85629e-07,25083
7.95733e-08,1.11908e-07,25085
-5.53892e-09,-7.79127e-09,25086
-7.70853e-08,-1.08409e-07,25215
1.36786e-06,1.9237e-06,25279
-8.80232e-06,-1.23792e-05,25311
9.33361e-06,1.31264e-05,25327
-2.65023e-06,-3.72717e-06,25335
1.87249e-06,2.63339e-06,25339
-1.09231e-06,-1.53617e-06,25341
7.95735e-08,1.11908e-07,25342
-1.45799e-06,-2.05046e-06,25407
1.16026e-05,1.63174e-05,25439
-1.27017e-05,-1.78631e-05,25455
3.9474e-06,5.55145e-06,25463
-3.10537e-06,-4.36727e-06,25467
1.87249e-06,2.63339e-06,25469
-1.31992e-07,-1.8563e-07,25470
-3.9235e-06,-5.51784e-06,25503
5.76071e-06,8.10161e-06,25519
-3.12588e-06,-4.3961e-06,25527
3.94739e-06,5.55145e-06,25531
-2.65023e-06,-3.72717e-06,25533
1.68328e-07,2.3673e-07,25534
-1.22581e-06,-1.72392e-06,25551
5.76071e-06,8.10161e-06,25559
-1.27017e-05,-1.78631e-05,25563
9.33361e-06,1.31264e-05,25565
-5.5575e-07,-7.81584e-07,25566
-3.9235e-06,-5.51785e-06,25575
1.16026e-05,1.63174e-05,25579
-8.80231e-06,-1.23792e-05,25581
5.13414e-07,7.22045e-07,25582
-1.45799e-06,-2.05046e-06,25587
1.36786e-06,1.9237e-06,25589
-8.88448e-08,-1.24947e-07,25590
-7.70856e-08,-1.08409e-07,25593
5.35416e-08,7.52973e-08,25594
-3.26348e-08,-4.58981e-08,25596
3.31305e-07,4.65932e-07,25727
-6.9203e-06,-9.73241e-06,25791
5.35743e-05,7.53447e-05,25823
-6.05383e-05,-8.51385e-05,25839
2.22785e-05,3.13316e-05,25847
-2.16965e-05,-3.05131e-05,25851
1.39752e-05,1.96542e-05,25853
-9.54581e-07,-1.34248e-06,25854
9.42262e-06,1.32516e-05,25919
-8.8223e-05,-0.000124073,25951
0.000102206,0.000143739,25967
-3.9541e-05,-5.56088e-05,25975
3.96055e-05,5.56995e-05,25979
-2.56246e-05,-3.60374e-05,25981
1.7356e-06,2.44088e-06,25982
4.47383e-05,6.2918e-05,26015
-6.91808e-05,-9.7293e-05,26031
4.45697e-05,6.26809e-05,26039
-6.36831e-05,-8.95613e-05,26043
4.39958e-05,6.18738e-05,26045
-2.79335e-06,-3.92845e-06,26046
1.91124e-05,2.68789e-05,26063
-0.000102841,-0.000144631,26071
0.00024282,0.000341491,26075
-0.000180737,-0.00025418,26077
1.08759e-05,1.52954e-05,26078
7.2092e-05,0.000101387,26087
-0.000225942,-0.000317755,26091
0.000173164,0.000243531,26093
-1.02338e-05,-1.43924e-05,26094
2.85343e-05,4.01294e-05,26099
-2.70496e-05,-3.80414e-05,26101
1.79596e-06,2.52576e-06,26102
1.55179e-06,2.18237e-06,26105
-1.07749e-06,-1.51533e-06,26106
6.56049e-07,9.22639e-07,26108
-3.06866e-06,-4.31564e-06,26175
3.89897e-05,5.48334e-05,26207
-5.05639e-05,-7.11109e-05,26223
2.63151e-05,3.70084e-05,26231
-3.23394e-05,-4.54808e-05,26235
2.18679e-05,3.07541e-05,26237
-1.43552e-06,-2.01886e-06,26238
-0.000156547,-0.000220161,26271
0.000261589,0.000367888,26287
-0.000214648,-0.000301871,26295
0.000355671,0.0005002,26299
-0.000253547,-0.000356578,26301
1.60915e-05,2.26305e-05,26302
-0.000108116,-0.000152049,26319
0.000679437,0.000955532,26327
-0.00170636,-0.00239975,26331
0.0012852,0.00180745,26333
-7.825e-05,-0.000110047,26334
-0.000489577,-0.00068852,26343
0.00160735,0.0022605,26347
-0.00124271,-0.00174769,26349
7.44633e-05,0.000104722,26350
-0.000200612,-0.000282132,26355
0.00019182,0.000269767,26357
-1.29882e-05,-1.82661e-05,26358
-1.11039e-05,-1.5616e-05,26361
7.70692e-06,1.08387e-05,26362
-4.68938e-06,-6.59495e-06,26364
0.000110459,0.000155345,26399
-0.000187973,-0.000264357,26415
0.000167902,0.00023613,26423
-0.000293873,-0.000413291,26427
0.000211908,0.000298018,26429
-1.34556e-05,-1.89234e-05,26430
0.000100883,0.000141878,26447
-0.000678127,-0.000953689,26455
0.00175232,0.00246439,26459
-0.00132698,-0.00186621,26461
8.11694e-05,0.000114153,26462
0.000498816,0.000701514,26471
-0.00167879,-0.00236097,26475
0.00130411,0.00183404,26477
-7.86545e-05,-0.000110616,26478
0.000211513,0.000297463,26483
-0.000203657,-0.000286414,26485
1.40085e-05,1.9701e-05,26486
1.20249e-05,1.69113e-05,26489
-8.34917e-06,-1.17419e-05,26490
5.06883e-06,7.12858e-06,26492
-1.01245e-05,-1.42387e-05,26511
9.11622e-05,0.000128207,26519
-0.000284172,-0.000399647,26523
0.000220781,0.000310497,26525
-1.36673e-05,-1.92211e-05,26526
-8.31724e-05,-0.00011697,26535
0.000337508,0.000474656,26539
-0.000269012,-0.000378327,26541
1.66277e-05,2.33845e-05,26542
-5.27459e-05,-7.41795e-05,26547
5.27848e-05,7.42344e-05,26549
-3.96594e-06,-5.57752e-06,26550
-3.72218e-06,-5.23472e-06,26553
2.61939e-06,3.6838e-06,26554
-1.56075e-06,-2.19497e-06,26556
5.32289e-06,7.48589e-06,26567
-2.93343e-05,-4.12545e-05,26571
2.46032e-05,3.46009e-05,26573
-1.6154e-06,-2.27183e-06,26574
3.17366e-05,4.4633e-05,26579
-3.28757e-05,-4.6235e-05,26581
2.79763e-06,3.93446e-06,26582
2.96504e-06,4.1699e-06,26585
-2.28744e-06,-3.21696e-06,26586
1.32551e-06,1.86414e-06,26588
-1.75348e-05,-2.46603e-05,26595
1.791e-05,2.51878e-05,26597
-1.54236e-06,-2.1691e-06,26598
-1.79835e-06,-2.52912e-06,26601
1.48752e-06,2.09199e-06,26602
-8.56547e-07,-1.20461e-06,26604
1.35642e-07,1.9076e-07,26609
-1.29622e-07,-1.82295e-07,26610
8.1145e-08,1.14121e-07,26612
-2.99932e-07,-4.21814e-07,26751
6.15535e-06,8.65663e-06,26815
-4.96926e-05,-6.98856e-05,26847
5.7578e-05,8.09752e-05,26863
-2.3345e-05,-3.28315e-05,26871
2.51371e-05,3.53517e-05,26875
-1.6635e-05,-2.33947e-05,26877
1.12674e-06,1.5846e-06,26878
-8.63503e-06,-1.21439e-05,26943
8.36313e-05,0.000117616,26975
-9.89784e-05,-0.000139199,26991
4.15509e-05,5.84354e-05,26999
-4.5202e-05,-6.35702e-05,27003
2.99154e-05,4.20718e-05,27005
-2.01712e-06,-2.83679e-06,27006
-4.68688e-05,-6.59143e-05,27039
7.36309e-05,0.000103551,27055
-5.01789e-05,-7.05695e-05,27063
7.50928e-05,0.000105607,27067
-5.24956e-05,-7.38276e-05,27069
3.35256e-06,4.71489e-06,27070
-2.1717e-05,-3.05419e-05,27087
0.000122121,0.000171746,27095
-0.000297518,-0.000418417,27099
0.000223108,0.00031377,27101
-1.35655e-05,-1.90779e-05,27102
-8.64689e-05,-0.000121606,27111
0.000278765,0.000392043,27115
-0.000215069,-0.000302464,27117
1.28629e-05,1.80899e-05,27118
-3.54825e-05,-4.9901e-05,27123
3.38575e-05,4.76158e-05,27125
-2.2869e-06,-3.2162e-06,27126
-1.96608e-06,-2.76501e-06,27129
1.36688e-06,1.92232e-06,27130
-8.31e-07,-1.16868e-06,27132
3.71546e-06,5.22526e-06,27199
-4.85535e-05,-6.82836e-05,27231
6.40644e-05,9.00974e-05,27247
-3.51729e-05,-4.94657e-05,27255
4.52599e-05,6.36516e-05,27259
-3.09837e-05,-4.35742e-05,27261
2.04129e-06,2.87079e-06,27262
0.000212021,0.000298178,27295
-0.000357415,-0.000502654,27311
0.000304357,0.000428035,27319
-0.000522268,-0.000734496,27323
0.000375829,0.000528549,27325
-2.40505e-05,-3.38236e-05,27326
0.00015409,0.000216706,27343
-0.000996285,-0.00140113,27351
0.00256755,0.0036109,27355
-0.00194717,-0.00273842,27357
0.000119874,0.000168586,27358
0.000722627,0.00101627,27367
-0.00242921,-0.00341634,27371
0.00188997,0.00265797,27373
-0.000114652,-0.000161241,27374
0.000305428,0.000429542,27379
-0.000293807,-0.000413198,27381
2.02218e-05,2.84391e-05,27382
1.71867e-05,2.41707e-05,27385
-1.19433e-05,-1.67966e-05,27386
7.25635e-06,1.0205e-05,27388
-0.000153681,-0.00021613,27423
0.000263529,0.000370616,27439
-0.000243876,-0.000342977,27447
0.000441956,0.000621548,27451
-0.000321687,-0.000452407,27453
2.06133e-05,2.89897e-05,27454
-0.000147278,-0.000207125,27471
0.00101709,0.0014304,27479
-0.0026988,-0.00379547,27483
0.00205833,0.00289475,27485
-0.000127385,-0.000179148,27486
-0.000753218,-0.00105929,27495
0.00259804,0.00365377,27499
-0.0020316,-0.00285716,27501
0.000124137,0.000174581,27502
-0.000330495,-0.000464794,27507
0.000320295,0.00045045,27509
-2.24219e-05,-3.15332e-05,27510
-1.91452e-05,-2.69251e-05,27513
1.33124e-05,1.8722e-05,27514
-8.06766e-06,-1.1346e-05,27516
1.52493e-05,2.1446e-05,27535
-0.000141683,-0.000199257,27543
0.000456238,0.000641633,27547
-0.000357422,-0.000502663,27549
2.24433e-05,3.15633e-05,27550
0.000130688,0.000183794,27559
-0.000546848,-0.000769065,27563
0.000439363,0.000617901,27565
-2.75923e-05,-3.88046e-05,27566
8.74144e-05,0.000122936,27571
-8.82505e-05,-0.000124112,27573
6.77946e-06,9.53435e-06,27574
6.35631e-06,8.93925e-06,27577
-4.48769e-06,-6.3113e-06,27578
2.66606e-06,3.74944e-06,27580
-8.67414e-06,-1.21989e-05,27591
4.93914e-05,6.9462e-05,27595
-4.18021e-05,-5.87887e-05,27597
2.80017e-06,3.93804e-06,27598
-5.47293e-05,-7.6969e-05,27603
5.75161e-05,8.08882e-05,27605
-5.03848e-06,-7.0859e-06,27606
-5.40167e-06,-7.59668e-06,27609
4.18086e-06,5.87979e-06,27610
-2.41411e-06,-3.39511e-06,27612
3.02485e-05,4.25402e-05,27619
-3.14307e-05,-4.42028e-05,27621
2.79763e-06,3.93446e-06,27622
3.33204e-06,4.68604e-06,27625
-2.76077e-06,-3.88263e-06,27626
1.58409e-06,2.2278e-06,27628
-2.46462e-07,-3.46615e-07,27633
2.38444e-07,3.35339e-07,27634
-1.49266e-07,-2.09921e-07,27636
-4.557e-07,-6.40879e-07,27711
6.79778e-06,9.56011e-06,27743
-9.5043e-06,-1.33664e-05,27759
6.26169e-06,8.80618e-06,27767
-9.5043e-06,-1.33664e-05,27771
6.79778e-06,9.56011e-06,27773
-4.55702e-07,-6.40879e-07,27774
-4.38171e-05,-6.16225e-05,27807
7.59056e-05,0.00010675,27823
-7.51085e-05,-0.000105629,27831
0.000148617,0.000209008,27835
-0.000110989,-0.000156091,27837
7.33729e-06,1.03189e-05,27838
-4.22094e-05,-5.93615e-05,27855
0.000309182,0.000434821,27863
-0.000883974,-0.00124318,27867
0.000688865,0.00096879,27869
-4.43008e-05,-6.23028e-05,27870
-0.000231878,-0.000326103,27879
0.000857758,0.00120631,27883
-0.000684582,-0.000962767,27885
4.36555e-05,6.13953e-05,27886
-0.000112673,-0.000158458,27891
0.000111534,0.000156857,27893
-8.28681e-06,-1.16542e-05,27894
-6.96476e-06,-9.79494e-06,27897
4.88225e-06,6.86618e-06,27898
-2.9368e-06,-4.13019e-06,27900
4.13624e-05,5.81703e-05,27935
-7.2501e-05,-0.000101962,27951
7.8015e-05,0.000109717,27959
-0.000163854,-0.000230438,27963
0.000123902,0.00017425,27965
-8.2352e-06,-1.15816e-05,27966
5.22885e-05,7.35363e-05,27983
-0.000408599,-0.000574637,27991
0.00120971,0.00170129,27995
-0.000949457,-0.00133528,27997
6.15558e-05,8.65695e-05,27998
0.000313589,0.000441018,28007
-0.00119824,-0.00168516,28011
0.000962876,0.00135415,28013
-6.20465e-05,-8.72596e-05,28014
0.000161444,0.000227048,28019
-0.000161398,-0.000226984,28021
1.22651e-05,1.72491e-05,28022
1.03896e-05,1.46115e-05,28025
-7.29973e-06,-1.0266e-05,28026
4.37402e-06,6.15143e-06,28028
-7.57617e-06,-1.06548e-05,28047
8.11935e-05,0.000114187,28055
-0.000301091,-0.000423441,28059
0.000244292,0.000343562,28061
-1.62947e-05,-2.29162e-05,28062
-7.94735e-05,-0.000111768,28071
0.000380324,0.000534872,28075
-0.000316279,-0.000444802,28077
2.12773e-05,2.99235e-05,28078
-6.94621e-05,-9.76885e-05,28083
7.31907e-05,0.000102932,28085
-6.25328e-06,-8.79435e-06,28086
-5.93563e-06,-8.34762e-06,28089
4.29584e-06,6.04149e-06,28090
-2.51134e-06,-3.53184e-06,28092
6.86095e-06,9.64894e-06,28103
-4.53807e-05,-6.38214e-05,28107
4.01005e-05,5.63957e-05,28109
-2.959e-06,-4.16141e-06,28110
5.92801e-05,8.3369e-05,28115
-6.69514e-05,-9.41576e-05,28117
6.77946e-06,9.53435e-06,28118
7.74769e-06,1.0896e-05,28121
-6.23165e-06,-8.76393e-06,28122
3.5428e-06,4.98245e-06,28124
-3.32465e-05,-4.67565e-05,28131
3.77205e-05,5.30485e-05,28133
-3.96594e-06,-5.57752e-06,28134
-5.24505e-06,-7.37641e-06,28137
4.50817e-06,6.34011e-06,28138
-2.55278e-06,-3.59013e-06,28140
3.53844e-07,4.97631e-07,28145
-3.75604e-07,-5.28234e-07,28146
2.37431e-07,3.3391e-07,28148
-5.71902e-06,-8.04299e-06,28215
1.962e-05,2.75927e-05,28219
-1.53555e-05,-2.15954e-05,28221
1.05321e-06,1.48119e-06,28222
-6.40673e-06,-9.01016e-06,28239
5.82491e-05,8.19191e-05,28247
-0.000194728,-0.000273858,28251
0.000157136,0.000220989,28253
-1.05964e-05,-1.49023e-05,28254
-4.77911e-05,-6.72114e-05,28263
0.000206263,0.000290079,28267
-0.000170586,-0.000239905,28269
1.15571e-05,1.62535e-05,28270
-3.21389e-05,-4.51988e-05,28275
3.35416e-05,4.71715e-05,28277
-2.82744e-06,-3.97639e-06,28278
-2.48171e-06,-3.49017e-06,28281
1.7848e-06,2.51006e-06,28282
-1.04952e-06,-1.476e-06,28284
6.88527e-06,9.68315e-06,28303
-8.50923e-05,-0.00011967,28311
0.000365098,0.000513458,28315
-0.000306735,-0.000431379,28317
2.17365e-05,3.05692e-05,28318
9.08418e-05,0.000127756,28327
-0.000501482,-0.000705263,28331
0.000432303,0.000607973,28333
-3.12323e-05,-4.39238e-05,28334
0.0001145,0.000161027,28339
-0.000127137,-0.0001788,28341
1.22651e-05,1.72491e-05,28342
1.21656e-05,1.71091e-05,28345
-9.20011e-06,-1.29386e-05,28346
5.28177e-06,7.42806e-06,28348
-1.18461e-05,-1.66598e-05,28359
9.2776e-05,0.000130476,28363
-8.62596e-05,-0.000121312,28365
7.1128e-06,1.00031e-05,28366
-0.000158177,-0.000222454,28371
0.00019231,0.000270456,28373
-2.24219e-05,-3.15332e-05,28374
-2.72315e-05,-3.82972e-05,28377
2.30952e-05,3.24801e-05,28378
-1.2992e-05,-1.82715e-05,28380
9.22087e-05,0.000129678,28387
-0.000114164,-0.000160555,28389
1.40085e-05,1.9701e-05,28390
2.00985e-05,2.82656e-05,28393
-1.81713e-05,-2.55553e-05,28394
1.02199e-05,1.43728e-05,28396
-1.2719e-06,-1.78875e-06,28401
1.48573e-06,2.08946e-06,28402
-9.53012e-07,-1.34027e-06,28404
-3.9441e-06,-5.54681e-06,28431
4.89248e-05,6.88058e-05,28439
-0.000214886,-0.000302207,28443
0.000181946,0.000255881,28445
-1.31083e-05,-1.84349e-05,28446
-5.29885e-05,-7.45208e-05,28455
0.000300632,0.000422796,28459
-0.000261422,-0.000367653,28461
1.92537e-05,2.70775e-05,28462
-7.37273e-05,-0.000103687,28467
8.30872e-05,0.00011685,28469
-8.28681e-06,-1.16542e-05,28470
-8.35644e-06,-1.17521e-05,28473
6.4198e-06,9.02853e-06,28474
-3.67014e-06,-5.16153e-06,28476
8.61277e-06,1.21126e-05,28487
-7.12073e-05,-0.000100143,28491
6.73077e-05,9.46586e-05,28493
-5.74423e-06,-8.07844e-06,28494
0.000135111,0.000190014,28499
-0.000167481,-0.000235538,28501
2.02218e-05,2.84391e-05,28502
2.50059e-05,3.51672e-05,28505
-2.15301e-05,-3.0279e-05,28506
1.20904e-05,1.70034e-05,28508
-8.05304e-05,-0.000113255,28515
0.000101989,0.000143432,28517
-1.29882e-05,-1.82661e-05,28518
-1.90437e-05,-2.67822e-05,28521
1.74581e-05,2.45523e-05,28522
-9.81167e-06,-1.37987e-05,28524
1.18073e-06,1.66054e-06,28529
-1.41966e-06,-1.99655e-06,28530
9.15886e-07,1.28806e-06,28532
-5.69326e-07,-8.00677e-07,28551
5.39766e-06,7.59105e-06,28555
-5.2556e-06,-7.39126e-06,28557
4.74979e-07,6.67992e-07,28558
-1.39211e-05,-1.9578e-05,28563
1.78307e-05,2.50764e-05,28565
-2.2869e-06,-3.2162e-06,28566
-3.12966e-06,-4.40142e-06,28569
2.81821e-06,3.96341e-06,28570
-1.5816e-06,-2.2243e-06,28572
9.99152e-06,1.40516e-05,28579
-1.31677e-05,-1.85186e-05,28581
1.79596e-06,2.52576e-06,28582
2.94943e-06,4.14796e-06,28585
-2.8343e-06,-3.98604e-06,28586
1.59699e-06,2.24594e-06,28588
-2.03918e-07,-2.8678e-07,28593
2.6652e-07,3.74822e-07,28594
-1.75958e-07,-2.47459e-07,28596
-1.66849e-07,-2.3465e-07,28617
1.79264e-07,2.52109e-07,28618
-1.02926e-07,-1.44749e-07,28620
1.22082e-07,1.7169e-07,28625
-1.48701e-07,-2.09127e-07,28626
9.67403e-08,1.36052e-07,28628
-7.40477e-08,-1.04139e-07,28641
8.67787e-08,1.22041e-07,28642
-5.50369e-08,-7.74023e-08,28644
3.01258e-06,4.23676e-06,29135
-1.92168e-05,-2.70257e-05,29143
5.21887e-05,7.33959e-05,29147
-4.02754e-05,-5.66417e-05,29149
2.57141e-06,3.61632e-06,29150
1.4046e-05,1.97537e-05,29159
-5.00735e-05,-7.04213e-05,29163
3.96733e-05,5.57948e-05,29165
-2.50742e-06,-3.52632e-06,29166
6.62972e-06,9.32375e-06,29171
-6.50433e-06,-9.14741e-06,29173
4.7498e-07,6.67992e-07,29174
4.0008e-07,5.62657e-07,29177
-2.81174e-07,-3.95431e-07,29178
1.69408e-07,2.38251e-07,29180
-4.65142e-07,-6.54156e-07,29247
6.40469e-06,9.00728e-06,29279
-8.84696e-06,-1.2442e-05,29295
5.69718e-06,8.01227e-06,29303
-8.59248e-06,-1.20841e-05,29307
6.15314e-06,8.65352e-06,29309
-4.17671e-07,-5.87396e-07,29310
-3.4412e-05,-4.83956e-05,29343
5.94628e-05,8.3626e-05,29359
-5.78397e-05,-8.13432e-05,29367
0.000114413,0.000160906,29371
-8.56607e-05,-0.00012047,29373
5.73461e-06,8.06491e-06,29374
-2.96858e-05,-4.17488e-05,29391
0.000214422,0.000301554,29399
-0.000616501,-0.00086702,29403
0.000482052,0.000677938,29405
-3.13811e-05,-4.41331e-05,29406
-0.000159828,-0.000224775,29415
0.000594303,0.000835803,29419
-0.000475753,-0.000669079,29421
3.06937e-05,4.31663e-05,29422
-7.76621e-05,-0.000109221,29427
7.68921e-05,0.000108138,29429
-5.74423e-06,-8.07844e-06,29430
-4.75263e-06,-6.68389e-06,29433
3.33797e-06,4.69438e-06,29434
-2.00896e-06,-2.82531e-06,29436
2.71294e-05,3.81536e-05,29471
-4.74849e-05,-6.67807e-05,29487
5.01553e-05,7.05363e-05,29495
-0.000105185,-0.000147927,29499
7.97207e-05,0.000112116,29501
-5.36595e-06,-7.54645e-06,29502
3.07398e-05,4.32311e-05,29519
-0.000237179,-0.000333559,29527
0.000705887,0.00099273,29531
-0.000555901,-0.000781796,29533
3.64991e-05,5.13308e-05,29534
0.000180912,0.000254427,29543
-0.000694488,-0.000976698,29547
0.000559772,0.00078724,29549
-3.65141e-05,-5.13519e-05,29550
9.2924e-05,0.000130684,29555
-9.29501e-05,-0.000130721,29557
7.1128e-06,1.00031e-05,29558
5.93206e-06,8.3426e-06,29561
-4.18058e-06,-5.87939e-06,29562
2.50547e-06,3.52358e-06,29564
-3.77049e-06,-5.30266e-06,29583
3.98151e-05,5.59942e-05,29591
-0.000147172,-0.000206977,29595
0.000119606,0.000168208,29597
-8.06644e-06,-1.13443e-05,29598
-3.85384e-05,-5.41988e-05,29607
0.000183733,0.000258394,29611
-0.000152997,-0.000215169,29613
1.03991e-05,1.46248e-05,29614
-3.27605e-05,-4.6073e-05,29619
3.44795e-05,4.84905e-05,29621
-2.959e-06,-4.16141e-06,29622
-2.76037e-06,-3.88207e-06,29625
2.00979e-06,2.82649e-06,29626
-1.17577e-06,-1.65356e-06,29628
-1.96941e-05,-2.76969e-05,29643
1.73763e-05,2.44373e-05,29645
-1.28832e-06,-1.81184e-06,29646
2.4715e-05,3.47581e-05,29651
-2.76994e-05,-3.89552e-05,29653
2.80017e-06,3.93804e-06,29654
3.11467e-06,4.38034e-06,29657
-2.5423e-06,-3.57538e-06,29658
1.4494e-06,2.03838e-06,29660
-1.37687e-05,-1.93637e-05,29667
1.54416e-05,2.17164e-05,29669
-1.6154e-06,-2.27183e-06,29670
-2.0648e-06,-2.90384e-06,29673
1.81108e-06,2.54703e-06,29674
-1.02969e-06,-1.4481e-06,29676
1.44748e-07,2.03568e-07,29681
-1.55899e-07,-2.19249e-07,29682
9.90762e-08,1.39337e-07,29684
4.33356e-07,6.09453e-07,29759
-6.66569e-06,-9.37434e-06,29791
9.7614e-06,1.3728e-05,29807
-7.67333e-06,-1.07914e-05,29815
1.39924e-05,1.96783e-05,29819
-1.05203e-05,-1.47953e-05,29821
7.37397e-07,1.03704e-06,29822
5.34836e-05,7.5217e-05,29855
-9.4544e-05,-0.000132963,29871
0.000108069,0.000151983,29879
-0.000249711,-0.000351183,29883
0.000194347,0.000273322,29885
-1.35489e-05,-1.90547e-05,29886
6.19778e-05,8.71629e-05,29903
-0.000511628,-0.000719533,29911
0.00164465,0.00231297,29915
-0.0013233,-0.00186104,29917
9.04074e-05,0.000127145,29918
0.000396815,0.000558064,29927
-0.00163755,-0.00230298,29931
0.00134758,0.00189518,29933
-9.18861e-05,-0.000129225,29934
0.000229676,0.000323006,29939
-0.0002354,-0.000331057,29941
1.92537e-05,2.70775e-05,29942
1.59653e-05,2.24529e-05,29945
-1.14434e-05,-1.60934e-05,29946
6.78983e-06,9.54893e-06,29948
-5.64418e-05,-7.93773e-05,29983
0.000100263,0.000141005,29999
-0.000123457,-0.000173625,30007
0.000301721,0.000424328,30011
-0.000237472,-0.00033397,30013
1.66699e-05,2.34438e-05,30014
-8.4133e-05,-0.000118321,30031
0.000737468,0.00103714,30039
-0.00245212,-0.00344856,30043
0.00198616,0.00279325,30045
-0.000136769,-0.000192346,30046
-0.000585744,-0.000823766,30055
0.00249541,0.00350944,30059
-0.00206697,-0.0029069,30061
0.000142355,0.000200203,30062
-0.00036133,-0.000508159,30067
0.000373919,0.000525864,30069
-3.12323e-05,-4.39238e-05,30070
-2.61629e-05,-3.67943e-05,30073
1.88246e-05,2.64741e-05,30074
-1.11271e-05,-1.56487e-05,30076
1.52493e-05,2.1446e-05,30095
-0.000184924,-0.00026007,30103
0.000775162,0.00109015,30107
-0.00064921,-0.000913021,30109
4.62277e-05,6.50127e-05,30110
0.000190153,0.000267422,30119
-0.00101885,-0.00143287,30123
0.000873766,0.00122883,30125
-6.30971e-05,-8.87371e-05,30126
0.000207343,0.000291598,30131
-0.000226477,-0.000318508,30133
2.12773e-05,2.99235e-05,30134
2.01774e-05,2.83766e-05,30137
-1.51934e-05,-2.13673e-05,30138
8.77863e-06,1.23459e-05,30140
0.000141567,0.000199094,30155
-0.000129391,-0.00018197,30157
1.03991e-05,1.46248e-05,30158
-0.000207181,-0.00029137,30163
0.000244885,0.000344396,30165
-2.75923e-05,-3.88046e-05,30166
-3.19441e-05,-4.49249e-05,30169
2.73876e-05,3.85168e-05,30170
-1.55182e-05,-2.18242e-05,30172
0.000117706,0.000165536,30179
-0.000140734,-0.000197922,30181
1.66277e-05,2.33845e-05,30182
2.25698e-05,3.17412e-05,30185
-2.08237e-05,-2.92856e-05,30186
1.18081e-05,1.66064e-05,30188
-1.51467e-06,-2.13017e-06,30193
1.78593e-06,2.51165e-06,30194
-1.15366e-06,-1.62246e-06,30196
-3.91678e-05,-5.50839e-05,30267
4.50664e-05,6.33795e-05,30269
-3.27493e-06,-4.60572e-06,30270
1.58676e-05,2.23155e-05,30287
-0.000163179,-0.000229488,30295
0.000614372,0.000864027,30299
-0.000511061,-0.000718734,30301
3.65625e-05,5.14199e-05,30302
0.000140118,0.000197056,30311
-0.000675929,-0.000950598,30315
0.000575745,0.000809703,30317
-4.16214e-05,-5.85345e-05,30318
0.00011618,0.00016339,30323
-0.000125442,-0.000176416,30325
1.15571e-05,1.62535e-05,30326
1.01251e-05,1.42395e-05,30329
-7.52492e-06,-1.05827e-05,30330
4.3725e-06,6.14931e-06,30332
-2.15577e-05,-3.03178e-05,30351
0.000306468,0.000431004,30359
-0.00147008,-0.00206745,30363
0.00126904,0.00178473,30365
-9.53106e-05,-0.000134041,30366
-0.000345677,-0.000486145,30375
0.00209911,0.0029521,30379
-0.0018556,-0.00260963,30381
0.000142355,0.000200203,30382
-0.000525911,-0.00073962,30387
0.000599473,0.000843074,30389
-6.20465e-05,-8.72596e-05,30390
-6.12518e-05,-8.61419e-05,30393
4.82825e-05,6.79024e-05,30394
-2.75734e-05,-3.8778e-05,30396
-0.000438149,-0.000616194,30411
0.000416664,0.000585979,30413
-3.65141e-05,-5.13519e-05,30414
0.000801524,0.00112723,30419
-0.000997766,-0.00140322,30421
0.000124137,0.000174581,30422
0.000149712,0.000210548,30425
-0.000134381,-0.000188988,30426
7.58337e-05,0.000106649,30428
-0.000471514,-0.000663118,30435
0.000598801,0.000842129,30437
-7.86545e-05,-0.000110616,30438
-0.000112348,-0.000158002,30441
0.000108133,0.000152073,30442
-6.1229e-05,-8.61098e-05,30444
7.20915e-06,1.01387e-05,30449
-9.14359e-06,-1.28592e-05,30450
5.983e-06,8.41424e-06,30452
1.26845e-05,1.7839e-05,30479
-0.000183364,-0.000257875,30487
0.000904571,0.00127215,30491
-0.000787078,-0.00110691,30493
6.00845e-05,8.45003e-05,30494
0.00021141,0.000297319,30503
-0.00132038,-0.00185693,30507
0.00117671,0.00165488,30509
-9.18861e-05,-0.000129225,30510
0.000355123,0.00049943,30515
-0.000409987,-0.000576589,30517
4.36555e-05,6.13953e-05,30518
4.37714e-05,6.15582e-05,30521
-3.50814e-05,-4.9337e-05,30522
1.99834e-05,2.81039e-05,30524
0.000353232,0.00049677,30539
-0.000340475,-0.00047883,30541
3.06937e-05,4.31663e-05,30542
-0.000709656,-0.00099803,30547
0.000896649,0.00126101,30549
-0.000114652,-0.000161241,30550
-0.000140318,-0.000197337,30553
0.000127749,0.00017966,30554
-7.20537e-05,-0.000101333,30556
0.00042628,0.000599501,30563
-0.000550789,-0.000774607,30565
7.44633e-05,0.000104722,30566
0.000108198,0.000152165,30569
-0.000105481,-0.000148344,30570
5.97412e-05,8.40174e-05,30572
-6.82635e-06,-9.60029e-06,30577
8.88499e-06,1.24955e-05,30578
-5.84672e-06,-8.22257e-06,30580
-2.61619e-05,-3.6793e-05,30603
2.60644e-05,3.66559e-05,30605
-2.50742e-06,-3.52632e-06,30606
7.23458e-05,0.000101744,30611
-9.44317e-05,-0.000132805,30613
1.28629e-05,1.80899e-05,30614
1.73952e-05,2.44638e-05,30617
-1.66832e-05,-2.34626e-05,30618
9.4287e-06,1.32601e-05,30620
-5.25788e-05,-7.39445e-05,30627
7.05718e-05,9.92492e-05,30629
-1.02338e-05,-1.43924e-05,30630
-1.6603e-05,-2.33498e-05,30633
1.70846e-05,2.4027e-05,30634
-9.72675e-06,-1.36793e-05,30636
1.18074e-06,1.66054e-06,30641
-1.67892e-06,-2.36116e-06,30642
1.133e-06,1.5934e-06,30644
9.55753e-07,1.34413e-06,30665
-1.10771e-06,-1.55784e-06,30666
6.45425e-07,9.07697e-07,30668
-6.98799e-07,-9.82762e-07,30673
9.25047e-07,1.30095e-06,30674
-6.15213e-07,-8.65212e-07,30676
4.23236e-07,5.95222e-07,30689
-5.3713e-07,-7.554e-07,30690
3.47767e-07,4.89084e-07,30692
-2.49307e-07,-3.50614e-07,30783
3.82964e-06,5.38584e-06,30815
-5.63491e-06,-7.9247e-06,30831
4.54221e-06,6.38797e-06,30839
-8.56099e-06,-1.20398e-05,30843
6.49648e-06,9.13638e-06,30845
-4.59753e-07,-6.46577e-07,30846
-3.13815e-05,-4.41336e-05,30879
5.55648e-05,7.81439e-05,30895
-6.4887e-05,-9.12544e-05,30903
0.000154108,0.000216731,30907
-0.000120841,-0.000169946,30909
8.51299e-06,1.19723e-05,30910
-3.74336e-05,-5.2645e-05,30927
0.000316533,0.000445158,30935
-0.00104292,-0.00146672,30939
0.00084474,0.00118801,30941
-5.84391e-05,-8.21862e-05,30942
-0.000247808,-0.000348506,30951
0.001048,0.00147386,30955
-0.000868323,-0.00122117,30957
6.00845e-05,8.45003e-05,30958
-0.000150813,-0.000212097,30963
0.000156089,0.000219516,30965
-1.31083e-05,-1.84349e-05,30966
-1.09116e-05,-1.53456e-05,30969
7.9004e-06,1.11108e-05,30970
-4.66732e-06,-6.56392e-06,30972
3.38754e-05,4.76409e-05,31007
-6.02167e-05,-8.46862e-05,31023
7.57979e-05,0.000106599,31031
-0.000190747,-0.000268258,31035
0.000151307,0.000212791,31037
-1.07419e-05,-1.51069e-05,31038
5.19493e-05,7.30594e-05,31055
-0.000466828,-0.000656526,31063
0.00159205,0.002239,31067
-0.00129824,-0.00182578,31069
9.05477e-05,0.000127342,31070
0.000374373,0.000526502,31079
-0.001635,-0.00229939,31083
0.00136357,0.00191767,31085
-9.53106e-05,-0.000134041,31086
0.000242922,0.000341636,31091
-0.000253761,-0.000356879,31093
2.17365e-05,3.05692e-05,31094
1.8262e-05,2.56828e-05,31097
-1.32687e-05,-1.86606e-05,31098
7.81192e-06,1.09864e-05,31100
-1.01245e-05,-1.42387e-05,31119
0.000126744,0.000178248,31127
-0.000547244,-0.000769621,31131
0.000461776,0.000649422,31133
-3.3393e-05,-4.69624e-05,31134
-0.000132242,-0.000185979,31143
0.000728323,0.00102428,31147
-0.000629285,-0.000885,31149
4.62277e-05,6.50127e-05,31150
-0.000153355,-0.000215672,31155
0.000169128,0.000237854,31157
-1.62947e-05,-2.29162e-05,31158
-1.54956e-05,-2.17923e-05,31161
1.183e-05,1.66373e-05,31162
-6.81709e-06,-9.58727e-06,31164
-0.000106368,-0.000149591,31179
9.80971e-05,0.00013796,31181
-8.06644e-06,-1.13443e-05,31182
0.000161616,0.00022729,31187
-0.000193391,-0.000271977,31189
2.24433e-05,3.15633e-05,31190
2.61092e-05,3.67188e-05,31193
-2.28762e-05,-3.21721e-05,31194
1.2966e-05,1.82349e-05,31196
-9.23381e-05,-0.00012986,31203
0.000111984,0.00015749,31205
-1.36673e-05,-1.92211e-05,31206
-1.86967e-05,-2.62943e-05,31209
1.7668e-05,2.48475e-05,31210
-1.00369e-05,-1.41155e-05,31212
1.25487e-06,1.7648e-06,31217
-1.531e-06,-2.15313e-06,31218
9.9686e-07,1.40194e-06,31220
-2.61786e-05,-3.68165e-05,31293
2.72944e-06,3.83857e-06,31294
-1.25719e-05,-1.76806e-05,31311
0.000133929,0.000188351,31319
-0.000520167,-0.00073154,31323
0.000435967,0.000613125,31325
-3.16387e-05,-4.44953e-05,31326
-0.000116743,-0.000164182,31335
0.000579937,0.000815599,31339
-0.000497687,-0.000699926,31341
3.65625e-05,5.14199e-05,31342
-0.000103011,-0.00014487,31347
0.000112272,0.000157894,31349
-1.05964e-05,-1.49023e-05,31350
-9.30894e-06,-1.30917e-05,31353
7.00076e-06,9.84557e-06,31354
-4.05586e-06,-5.70398e-06,31356
1.88591e-05,2.65227e-05,31375
-0.000277667,-0.0003905,31383
0.0013677,0.00192347,31387
-0.00118836,-0.00167126,31389
9.05477e-05,0.000127342,31390
0.000317894,0.000447072,31399
-0.00197443,-0.00277676,31403
0.00175608,0.00246968,31405
-0.000136769,-0.000192346,31406
0.000508185,0.00071469,31411
-0.000583308,-0.000820339,31413
6.15558e-05,8.65695e-05,31414
6.07695e-05,8.54637e-05,31417
-4.8618e-05,-6.83742e-05,31418
2.77456e-05,3.90202e-05,31420
0.000427858,0.000601721,31435
-0.000409377,-0.00057573,31437
3.64991e-05,5.13308e-05,31438
-0.000800759,-0.00112615,31443
0.00100354,0.00141134,31445
-0.000127385,-0.000179148,31446
-0.000153409,-0.000215748,31449
0.000140633,0.00019778,31450
-7.95311e-05,-0.000111849,31452
0.000472801,0.000664927,31459
-0.000604834,-0.000850613,31461
8.11694e-05,0.000114153,31462
0.000115841,0.000162914,31465
-0.000114125,-0.000160501,31466
6.48418e-05,9.11907e-05,31468
-7.47212e-06,-1.05085e-05,31473
9.77113e-06,1.37417e-05,31474
-6.44503e-06,-9.06402e-06,31476
-1.13069e-05,-1.59015e-05,31503
0.000169812,0.000238816,31511
-0.000861188,-0.00121114,31515
0.000754293,0.00106081,31517
-5.84391e-05,-8.21862e-05,31518
-0.000199097,-0.000280001,31527
0.00127197,0.00178885,31531
-0.00114043,-0.00160385,31533
9.04074e-05,0.000127145,31534
-0.000351361,-0.000494139,31539
0.000408303,0.000574221,31541
-4.43008e-05,-6.23028e-05,31542
-4.4398e-05,-6.24395e-05,31545
3.61546e-05,5.08463e-05,31546
-2.05919e-05,-2.89595e-05,31548
-0.000353319,-0.000496893,31563
0.000342448,0.000481605,31565
-3.13811e-05,-4.41331e-05,31566
0.000723782,0.0010179,31571
-0.0009198,-0.00129357,31573
0.000119874,0.000168586,31574
0.000146336,0.000205801,31577
-0.000136216,-0.000191568,31578
7.70366e-05,0.000108341,31580
-0.000436241,-0.000613511,31587
0.000567133,0.000797591,31589
-7.825e-05,-0.000110047,31590
-0.00011344,-0.000159538,31593
0.000113349,0.000159409,31594
-6.44525e-05,-9.06433e-05,31596
7.20916e-06,1.01387e-05,31601
-9.68828e-06,-1.36252e-05,31602
6.43092e-06,9.04417e-06,31604
2.60644e-05,3.66559e-05,31627
-2.61619e-05,-3.6793e-05,31629
2.57141e-06,3.61632e-06,31630
-7.40576e-05,-0.000104151,31635
9.72989e-05,0.000136837,31637
-1.35655e-05,-1.90779e-05,31638
-1.82934e-05,-2.5727e-05,31641
1.80754e-05,2.54205e-05,31642
-1.02638e-05,-1.44346e-05,31644
5.41604e-05,7.61689e-05,31651
-7.31667e-05,-0.000102899,31653
1.08759e-05,1.52954e-05,31654
1.75899e-05,2.47377e-05,31657
-1.87103e-05,-2.63134e-05,31658
1.07207e-05,1.50771e-05,31660
-1.2719e-06,-1.78875e-06,31665
1.88861e-06,2.65606e-06,31666
-1.29089e-06,-1.81546e-06,31668
-1.03283e-06,-1.45252e-06,31689
1.24917e-06,1.75678e-06,31690
-7.35335e-07,-1.03415e-06,31692
7.55536e-07,1.06255e-06,31697
-1.05462e-06,-1.48318e-06,31698
7.14599e-07,1.00498e-06,31700
-4.56622e-07,-6.42173e-07,31713
6.10036e-07,8.57928e-07,31714
-4.02599e-07,-5.66195e-07,31716
-1.452e-07,-2.04204e-07,31806
9.38066e-07,1.31926e-06,31823
-1.06454e-05,-1.49712e-05,31831
4.34664e-05,6.11294e-05,31835
-3.68468e-05,-5.18198e-05,31837
2.72944e-06,3.83857e-06,31838
9.59242e-06,1.34904e-05,31847
-5.00469e-05,-7.03839e-05,31851
4.34664e-05,6.11294e-05,31853
-3.27493e-06,-4.60573e-06,31854
9.59242e-06,1.34904e-05,31859
-1.06454e-05,-1.49712e-05,31861
1.05321e-06,1.48119e-06,31862
9.38064e-07,1.31925e-06,31865
-7.28652e-07,-1.02474e-06,31866
4.20284e-07,5.91073e-07,31868
-1.9432e-06,-2.73284e-06,31887
3.02219e-05,4.25028e-05,31895
-0.000155799,-0.000219109,31899
0.000137007,0.000192681,31901
-1.07419e-05,-1.51069e-05,31902
-3.5682e-05,-5.01817e-05,31911
0.000230674,0.000324411,31915
-0.000207581,-0.000291934,31917
1.66699e-05,2.34438e-05,31918
-6.37851e-05,-8.97046e-05,31923
7.44152e-05,0.000104654,31925
-8.2352e-06,-1.15816e-05,31926
-8.18406e-06,-1.15097e-05,31929
6.86255e-06,9.65119e-06,31930
-3.92061e-06,-5.51378e-06,31932
-5.91527e-05,-8.31899e-05,31947
5.75062e-05,8.08743e-05,31949
-5.36595e-06,-7.54645e-06,31950
0.000120102,0.000168907,31955
-0.00015335,-0.000215665,31957
2.06133e-05,2.89897e-05,31958
2.48529e-05,3.4952e-05,31961
-2.43792e-05,-3.42859e-05,31962
1.39141e-05,1.95683e-05,31964
-7.21127e-05,-0.000101416,31971
9.4188e-05,0.000132462,31973
-1.34556e-05,-1.89234e-05,31974
-1.92484e-05,-2.70701e-05,31977
2.04277e-05,2.87287e-05,31978
-1.17571e-05,-1.65347e-05,31980
1.25487e-06,1.7648e-06,31985
-1.81554e-06,-2.5533e-06,31986
1.23163e-06,1.73212e-06,31988
1.40569e-06,1.97691e-06,32015
-2.24092e-05,-3.15153e-05,32023
0.000119602,0.000168203,32027
-0.000106208,-0.000149367,32029
8.51299e-06,1.19723e-05,32030
2.72218e-05,3.82835e-05,32039
-0.000181644,-0.000255456,32043
0.000164993,0.000232039,32045
-1.35489e-05,-1.90547e-05,32046
5.4277e-05,7.63329e-05,32051
-6.41767e-05,-9.02553e-05,32053
7.33729e-06,1.03189e-05,32054
7.39567e-06,1.0401e-05,32057
-6.369e-06,-8.95709e-06,32058
3.63826e-06,5.1167e-06,32060
6.04801e-05,8.50566e-05,32075
-5.95897e-05,-8.38044e-05,32077
5.73461e-06,8.06491e-06,32078
-0.0001342,-0.000188733,32083
0.000173653,0.000244218,32085
-2.40505e-05,-3.38236e-05,32086
-2.93004e-05,-4.12069e-05,32089
2.94805e-05,4.14601e-05,32090
-1.68693e-05,-2.37243e-05,32092
8.23235e-05,0.000115776,32099
-0.000109148,-0.000153501,32101
1.60915e-05,2.26305e-05,32102
2.3293e-05,3.27583e-05,32105
-2.53617e-05,-3.56676e-05,32106
1.4652e-05,2.06059e-05,32108
-1.51467e-06,-2.13018e-06,32113
2.28381e-06,3.21186e-06,32114
-1.56629e-06,-2.20277e-06,32116
-5.2556e-06,-7.39126e-06,32139
5.39766e-06,7.59104e-06,32141
-5.69328e-07,-8.00678e-07,32142
1.64616e-05,2.31509e-05,32147
-2.20914e-05,-3.10684e-05,32149
3.35256e-06,4.71489e-06,32150
4.50199e-06,6.33141e-06,32153
-5.03052e-06,-7.07471e-06,32154
2.92323e-06,4.1111e-06,32156
-1.23927e-05,-1.74286e-05,32163
1.71087e-05,2.40609e-05,32165
-2.79335e-06,-3.92846e-06,32166
-4.49291e-06,-6.31864e-06,32169
5.48661e-06,7.71613e-06,32170
-3.23806e-06,-4.55386e-06,32172
3.53845e-07,4.97631e-07,32177
-6.30766e-07,-8.87083e-07,32178
4.55673e-07,6.40841e-07,32180
3.13122e-07,4.40359e-07,32201
-4.59042e-07,-6.45577e-07,32202
2.83737e-07,3.99034e-07,32204
-2.32741e-07,-3.27318e-07,32209
4.23193e-07,5.95161e-07,32210
-3.15753e-07,-4.44058e-07,32212
1.38284e-07,1.94477e-07,32225
-2.40862e-07,-3.38737e-07,32226
1.76777e-07,2.48611e-07,32228
-3.99755e-06,-5.62198e-06,32331
4.04252e-06,5.68522e-06,32333
-4.1767e-07,-5.87394e-07,32334
1.02642e-05,1.44351e-05,32339
-1.3617e-05,-1.91503e-05,32341
2.04129e-06,2.87078e-06,32342
2.50716e-06,3.52596e-06,32345
-2.78729e-06,-3.91993e-06,32346
1.62166e-06,2.28064e-06,32348
-6.55431e-06,-9.21771e-06,32355
8.92636e-06,1.25537e-05,32357
-1.43552e-06,-2.01886e-06,32358
-2.09799e-06,-2.95052e-06,32361
2.55201e-06,3.58904e-06,32362
-1.50711e-06,-2.11954e-06,32364
1.44751e-07,2.03568e-07,32369
-2.55374e-07,-3.59149e-07,32370
1.83506e-07,2.58073e-07,32372
3.03613e-06,4.26988e-06,32395
-3.11078e-06,-4.37487e-06,32397
3.34305e-07,4.7015e-07,32398
-9.24673e-06,-1.30042e-05,32403
1.24902e-05,1.75658e-05,32405
-2.01711e-06,-2.83679e-06,32406
-2.68473e-06,-3.77568e-06,32409
3.40918e-06,4.79452e-06,32410
-2.04152e-06,-2.87111e-06,32412
6.99543e-06,9.83808e-06,32419
-9.75872e-06,-1.37243e-05,32421
1.73561e-06,2.44088e-06,32422
2.76658e-06,3.8908e-06,32425
-3.95232e-06,-5.55837e-06,32426
2.4235e-06,3.40831e-06,32428
-2.46461e-07,-3.46614e-07,32433
5.51918e-07,7.76193e-07,32434
-4.28245e-07,-6.02266e-07,32436
-2.4458e-07,-3.43966e-07,32457
4.71344e-07,6.62876e-07,32458
-3.12691e-07,-4.39756e-07,32460
2.00617e-07,2.82142e-07,32465
-5.42285e-07,-7.62649e-07,32466
4.61639e-07,6.49229e-07,32468
-1.16217e-07,-1.63441e-07,32481
3.08936e-07,4.34471e-07,32482
-2.64489e-07,-3.71966e-07,32484
-1.79408e-06,-2.52312e-06,32523
1.82789e-06,2.57067e-06,32525
-1.94016e-07,-2.72855e-07,32526
5.22423e-06,7.34714e-06,32531
-7.02627e-06,-9.88145e-06,32533
1.12674e-06,1.5846e-06,32534
1.48502e-06,2.08846e-06,32537
-1.89679e-06,-2.66757e-06,32538
1.14059e-06,1.60408e-06,32540
-3.86027e-06,-5.42893e-06,32547
5.36777e-06,7.549e-06,32549
-9.5458e-07,-1.34248e-06,32550
-1.50707e-06,-2.11948e-06,32553
2.19208e-06,3.08285e-06,32554
-1.35342e-06,-1.90339e-06,32556
1.35642e-07,1.90761e-07,32561
-3.19147e-07,-4.48837e-07,32562
2.52089e-07,3.54526e-07,32564
1.47327e-07,2.07193e-07,32585
-3.11984e-07,-4.38762e-07,32586
2.1213e-07,2.98331e-07,32588
-1.3e-07,-1.82827e-07,32593
4.01367e-07,5.64463e-07,32594
-3.55493e-07,-4.99949e-07,32596
7.49582e-08,1.05419e-07,32609
-2.31563e-07,-3.2566e-07,32610
2.07953e-07,2.92457e-07,32612
-1.11514e-08,-1.56813e-08,32649
2.37984e-08,3.34684e-08,32650
-1.64238e-08,-2.3094e-08,32652
1.14415e-08,1.60947e-08,32657
-3.90423e-08,-5.49054e-08,32658
3.59834e-08,5.06102e-08,32660
-7.21194e-09,-1.01421e-08,32673
2.61868e-08,3.68303e-08,32674
-2.49408e-08,-3.5073e-08,32676
-1.34744e-07,-1.89501e-07,37503
2.36629e-06,3.32785e-06,37567
-1.51378e-05,-2.12892e-05,37599
1.60429e-05,2.25621e-05,37615
-4.56404e-06,-6.41868e-06,37623
3.20069e-06,4.50131e-06,37627
-1.85893e-06,-2.61432e-06,37629
1.47327e-07,2.07194e-07,37630
-2.49779e-06,-3.51278e-06,37695
1.97465e-05,2.77706e-05,37727
-2.16026e-05,-3.0381e-05,37743
6.73447e-06,9.47107e-06,37751
-5.30378e-06,-7.45901e-06,37755
3.20069e-06,4.50131e-06,37757
-2.4458e-07,-3.43964e-07,37758
-6.52274e-06,-9.17331e-06,37791
9.56908e-06,1.34575e-05,37807
-5.22865e-06,-7.35335e-06,37815
6.73447e-06,9.47108e-06,37819
-4.56404e-06,-6.41868e-06,37821
3.13123e-07,4.40361e-07,37822
-2.01982e-06,-2.84059e-06,37839
9.56908e-06,1.34575e-05,37847
-2.16026e-05,-3.0381e-05,37851
1.60429e-05,2.25621e-05,37853
-1.03283e-06,-1.45252e-06,37854
-6.52274e-06,-9.17331e-06,37863
1.97465e-05,2.77706e-05,37867
-1.51378e-05,-2.12892e-05,37869
9.55753e-07,1.34413e-06,37870
-2.49779e-06,-3.51278e-06,37875
2.36629e-06,3.32785e-06,37877
-1.66849e-07,-2.34649e-07,37878
9.89566e-08,1.39168e-07,37882
-5.99201e-08,-8.42671e-08,37884
4.83468e-07,6.79929e-07,38015
-1.02029e-05,-1.4349e-05,38079
7.80571e-05,0.000109776,38111
-8.7864e-05,-0.000123568,38127
3.2142e-05,4.52032e-05,38135
-3.13779e-05,-4.41286e-05,38139
2.032e-05,2.85772e-05,38141
-1.50707e-06,-2.11948e-06,38142
1.37728e-05,1.93694e-05,38207
-0.000127674,-0.000179555,38239
0.000147547,0.000207503,38255
-5.70901e-05,-8.02891e-05,38263
5.78071e-05,8.12975e-05,38267
-3.76903e-05,-5.3006e-05,38269
2.76658e-06,3.8908e-06,38270
6.30746e-05,8.87055e-05,38303
-9.74933e-05,-0.00013711,38319
6.35077e-05,8.93146e-05,38327
-9.33567e-05,-0.000131293,38331
6.53253e-05,9.18707e-05,38333
-4.49291e-06,-6.31864e-06,38334
2.68825e-05,3.78064e-05,38351
-0.000146686,-0.000206292,38359
0.000356903,0.000501933,38363
-0.000269092,-0.00037844,38365
1.75899e-05,2.47377e-05,38366
0.000103087,0.000144978,38375
-0.000332657,-0.000467834,38379
0.000258174,0.000363085,38381
-1.66031e-05,-2.33498e-05,38382
4.23587e-05,5.95715e-05,38387
-4.06384e-05,-5.71521e-05,38389
2.94943e-06,4.14796e-06,38390
-1.73898e-06,-2.44563e-06,38394
1.05069e-06,1.47765e-06,38396
5.02024e-05,7.06026e-05,38495
-6.50435e-05,-9.14744e-05,38511
3.42009e-05,4.80987e-05,38519
-4.31584e-05,-6.06961e-05,38523
2.95479e-05,4.1555e-05,38525
-2.09799e-06,-2.95052e-06,38526
-0.000197243,-0.000277394,38559
0.00033,0.000464098,38575
-0.000275029,-0.00038679,38583
0.000469476,0.000660252,38587
-0.000338983,-0.000476731,38589
2.3293e-05,3.27583e-05,38590
-0.00013692,-0.000192559,38607
0.000873002,0.00122775,38615
-0.00225356,-0.00316931,38619
0.00171787,0.00241594,38621
-0.00011344,-0.000159538,38622
-0.000630598,-0.000886847,38631
0.00212555,0.00298928,38635
-0.00166264,-0.00233827,38637
0.000108198,0.000152165,38638
-0.000267072,-0.000375599,38643
0.000258174,0.000363085,38645
-1.90437e-05,-2.67822e-05,38646
1.11121e-05,1.56276e-05,38650
-6.71043e-06,-9.43727e-06,38652
0.000138149,0.000194287,38687
-0.000235328,-0.000330955,38703
0.000213272,0.000299937,38711
-0.0003838,-0.00053976,38715
0.00028013,0.000393963,38717
-1.92484e-05,-2.70701e-05,38718
0.000126637,0.000178097,38735
-0.000861887,-0.00121212,38743
0.00228278,0.0032104,38747
-0.0017482,-0.0024586,38749
0.000115841,0.000162914,38750
0.000635019,0.000893064,38759
-0.00218757,-0.00307651,38763
0.00171787,0.00241594,38765
-0.000112348,-0.000158002,38766
0.000276752,0.000389212,38771
-0.000269092,-0.00037844,38773
2.00985e-05,2.82656e-05,38774
-1.17824e-05,-1.65703e-05,38778
7.10256e-06,9.98875e-06,38780
-1.25719e-05,-1.76806e-05,38799
0.000113416,0.000159504,38807
-0.000357747,-0.000503121,38811
0.00028013,0.000393963,38813
-1.86967e-05,-2.62943e-05,38814
-0.000103089,-0.000144979,38823
0.000422267,0.000593859,38827
-0.000338983,-0.000476731,38829
2.25698e-05,3.17412e-05,38830
-6.50299e-05,-9.14553e-05,38835
6.53253e-05,9.18707e-05,38837
-5.24505e-06,-7.37641e-06,38838
3.40277e-06,4.78551e-06,38842
-2.02011e-06,-2.841e-06,38844
-3.51509e-05,-4.94347e-05,38859
2.95479e-05,4.1555e-05,38861
-2.0648e-06,-2.90384e-06,38862
3.6725e-05,5.16485e-05,38867
-3.76903e-05,-5.3006e-05,38869
3.33204e-06,4.68604e-06,38870
-2.6158e-06,-3.67876e-06,38874
1.52033e-06,2.13812e-06,38876
-2.01889e-05,-2.83929e-05,38883
2.032e-05,2.85772e-05,38885
-1.79835e-06,-2.52912e-06,38886
1.63474e-06,2.29904e-06,38890
-9.4671e-07,-1.33141e-06,38892
-1.48761e-07,-2.09211e-07,38898
9.35867e-08,1.31615e-07,38900
-3.65764e-07,-5.14395e-07,39039
7.62302e-06,1.07207e-05,39103
-6.0584e-05,-8.52028e-05,39135
6.98064e-05,9.81727e-05,39151
-2.80237e-05,-3.94113e-05,39159
3.02935e-05,4.26034e-05,39163
-2.01889e-05,-2.83929e-05,39165
1.48502e-06,2.08846e-06,39166
-1.05874e-05,-1.48897e-05,39231
0.000101257,0.000142404,39263
-0.000119402,-0.000167922,39279
4.99856e-05,7.02977e-05,39287
-5.50075e-05,-7.73602e-05,39291
3.6725e-05,5.16485e-05,39293
-2.68473e-06,-3.77568e-06,39294
-5.51243e-05,-7.75245e-05,39327
8.65425e-05,0.00012171,39343
-5.95992e-05,-8.38179e-05,39351
9.18036e-05,0.000129109,39355
-6.50299e-05,-9.14553e-05,39357
4.50199e-06,6.33141e-06,39358
-2.54579e-05,-3.58028e-05,39375
0.000145097,0.000204058,39383
-0.000364249,-0.000512264,39387
0.000276752,0.000389212,39389
-1.82934e-05,-2.5727e-05,39390
-0.000102981,-0.000144829,39399
0.000341777,0.00048066,39403
-0.000267072,-0.000375599,39405
1.73952e-05,2.44638e-05,39406
-4.38539e-05,-6.16743e-05,39411
4.23587e-05,5.95715e-05,39413
-3.12966e-06,-4.40142e-06,39414
1.83844e-06,2.5855e-06,39418
-1.10881e-06,-1.55939e-06,39420
-5.2226e-05,-7.34485e-05,39519
6.88742e-05,9.68618e-05,39535
-3.82591e-05,-5.38059e-05,39543
5.06664e-05,7.1255e-05,39547
-3.51509e-05,-4.94348e-05,39549
2.50716e-06,3.52596e-06,39550
0.000223798,0.000314741,39583
-0.000377818,-0.000531347,39599
0.000326962,0.000459826,39607
-0.000578897,-0.000814136,39611
0.000422267,0.000593859,39613
-2.93004e-05,-4.12069e-05,39614
0.000163581,0.000230054,39631
-0.00107357,-0.00150982,39639
0.00284796,0.00400525,39643
-0.00218757,-0.00307651,39645
0.000146336,0.000205801,39646
0.000780736,0.00109799,39655
-0.00269832,-0.0037948,39659
0.00212555,0.00298928,39661
-0.000140318,-0.000197337,39662
0.000341777,0.00048066,39667
-0.000332657,-0.000467834,39669
2.50059e-05,3.51672e-05,39670
-1.45201e-05,-2.04204e-05,39674
8.75079e-06,1.23067e-05,39676
-0.000161092,-0.000226552,39711
0.000276571,0.000388958,39727
-0.00025984,-0.000365428,39735
0.000485109,0.000682237,39739
-0.000357747,-0.000503121,39741
2.48529e-05,3.4952e-05,39742
-0.000155034,-0.000218033,39759
0.00108486,0.0015257,39767
-0.00295674,-0.00415823,39771
0.00228278,0.0032104,39773
-0.000153409,-0.000215748,39774
-0.000804967,-0.00113207,39783
0.00284796,0.00400525,39787
-0.00225356,-0.00316931,39789
0.000149712,0.000210548,39790
-0.000364249,-0.000512264,39795
0.000356903,0.000501933,39797
-2.72315e-05,-3.82972e-05,39798
1.59035e-05,2.2366e-05,39802
-9.56277e-06,-1.34487e-05,39804
1.58676e-05,2.23155e-05,39823
-0.000148129,-0.000208322,39831
0.000485109,0.000682237,39835
-0.0003838,-0.00053976,39837
2.61092e-05,3.67188e-05,39838
0.000136315,0.000191707,39847
-0.000578897,-0.000814136,39851
0.000469476,0.000660252,39853
-3.19441e-05,-4.49249e-05,39854
9.18036e-05,0.000129109,39859
-9.33567e-05,-0.000131293,39861
7.7477e-06,1.0896e-05,39862
-5.06053e-06,-7.11692e-06,39866
2.98996e-06,4.20495e-06,39868
5.06664e-05,7.1255e-05,39883
-4.31584e-05,-6.06962e-05,39885
3.11467e-06,4.38034e-06,39886
-5.50075e-05,-7.73602e-05,39891
5.78071e-05,8.12975e-05,39893
-5.40167e-06,-7.59668e-06,39894
4.41342e-06,6.20685e-06,39898
-2.54833e-06,-3.58387e-06,39900
3.02935e-05,4.26034e-05,39907
-3.13779e-05,-4.41286e-05,39909
2.96504e-06,4.1699e-06,39910
-2.87032e-06,-4.0367e-06,39914
1.65194e-06,2.32321e-06,39916
2.5746e-07,3.62082e-07,39922
-1.627e-07,-2.28813e-07,39924
6.15314e-06,8.65352e-06,40031
-8.59248e-06,-1.20841e-05,40047
5.69718e-06,8.01227e-06,40055
-8.84696e-06,-1.2442e-05,40059
6.40469e-06,9.00728e-06,40061
-4.65142e-07,-6.54154e-07,40062
-3.88375e-05,-5.46194e-05,40095
6.73161e-05,9.46705e-05,40111
-6.71877e-05,-9.44899e-05,40119
0.000136315,0.000191707,40123
-0.000103089,-0.000144979,40125
7.39567e-06,1.0401e-05,40126
-3.72215e-05,-5.23467e-05,40143
0.000274861,0.000386553,40151
-0.000804967,-0.00113207,40155
0.000635019,0.000893064,40157
-4.4398e-05,-6.24395e-05,40158
-0.000206273,-0.000290094,40167
0.000780736,0.00109799,40171
-0.000630598,-0.000886847,40173
4.37714e-05,6.15582e-05,40174
-0.000102981,-0.000144829,40179
0.000103087,0.000144978,40181
-8.35644e-06,-1.17521e-05,40182
4.8491e-06,6.81957e-06,40186
-2.89233e-06,-4.06765e-06,40188
3.61958e-05,5.09042e-05,40223
-6.34741e-05,-8.92673e-05,40239
6.88326e-05,9.68032e-05,40247
-0.000148129,-0.000208322,40251
0.000113416,0.000159504,40253
-8.18406e-06,-1.15097e-05,40254
4.54869e-05,6.39709e-05,40271
-0.000358046,-0.000503541,40279
0.00108486,0.0015257,40283
-0.000861887,-0.00121212,40285
6.07695e-05,8.54637e-05,40286
0.000274861,0.000386553,40295
-0.00107357,-0.00150982,40299
0.000873002,0.00122775,40301
-6.12518e-05,-8.61419e-05,40302
0.000145097,0.000204058,40307
-0.000146686,-0.000206292,40309
1.21656e-05,1.71091e-05,40310
-7.14197e-06,-1.00442e-05,40314
4.24334e-06,5.96766e-06,40316
-6.40673e-06,-9.01016e-06,40335
6.88326e-05,9.68032e-05,40343
-0.00025984,-0.000365428,40347
0.000213272,0.000299937,40349
-1.54956e-05,-2.17923e-05,40350
-6.71877e-05,-9.44899e-05,40359
0.000326962,0.000459826,40363
-0.000275029,-0.00038679,40365
2.01774e-05,2.83766e-05,40366
-5.95992e-05,-8.38179e-05,40371
6.35077e-05,8.93146e-05,40373
-5.93563e-06,-8.34762e-06,40374
4.07014e-06,5.72408e-06,40378
-2.36297e-06,-3.32318e-06,40380
-3.82591e-05,-5.38059e-05,40395
3.42009e-05,4.80987e-05,40397
-2.76037e-06,-3.88207e-06,40398
4.99856e-05,7.02977e-05,40403
-5.70901e-05,-8.02891e-05,40405
6.35632e-06,8.93925e-06,40406
-5.95595e-06,-8.3762e-06,40410
3.38343e-06,4.75832e-06,40412
-2.80237e-05,-3.94113e-05,40419
3.2142e-05,4.52032e-05,40421
-3.72218e-06,-5.23472e-06,40422
4.35059e-06,6.11848e-06,40426
-2.47135e-06,-3.4756e-06,40428
-3.74356e-07,-5.2648e-07,40434
2.40468e-07,3.38184e-07,40436
-3.53066e-06,-4.96537e-06,40527
4.54869e-05,6.39709e-05,40535
-0.000155034,-0.000218033,40539
0.000126637,0.000178097,40541
-9.30894e-06,-1.30917e-05,40542
-3.72215e-05,-5.23467e-05,40551
0.000163581,0.000230054,40555
-0.00013692,-0.000192559,40557
1.01251e-05,1.42395e-05,40558
-2.54579e-05,-3.58028e-05,40563
2.68825e-05,3.78064e-05,40565
-2.48171e-06,-3.49017e-06,40566
1.55753e-06,2.19044e-06,40570
-9.08404e-07,-1.27754e-06,40572
5.17264e-06,7.27459e-06,40591
-6.34741e-05,-8.92673e-05,40599
0.000276571,0.000388958,40603
-0.000235328,-0.000330955,40605
1.8262e-05,2.56828e-05,40606
6.73161e-05,9.46705e-05,40615
-0.000377818,-0.000531347,40619
0.00033,0.000464098,40621
-2.61629e-05,-3.67943e-05,40622
8.65425e-05,0.00012171,40627
-9.74933e-05,-0.00013711,40629
1.03896e-05,1.46115e-05,40630
-7.8876e-06,-1.10928e-05,40634
4.50213e-06,6.33161e-06,40636
6.88742e-05,9.68618e-05,40651
-6.50435e-05,-9.14744e-05,40653
5.93206e-06,8.3426e-06,40654
-0.000119402,-0.000167922,40659
0.000147546,0.000207503,40661
-1.91452e-05,-2.69251e-05,40662
2.03858e-05,2.86697e-05,40666
-1.14851e-05,-1.61521e-05,40668
6.98064e-05,9.81727e-05,40675
-8.7864e-05,-0.000123568,40677
1.20249e-05,1.69113e-05,40678
-1.62485e-05,-2.28512e-05,40682
9.1883e-06,1.2922e-05,40684
1.37206e-06,1.92961e-06,40690
-8.96131e-07,-1.26028e-06,40692
-2.9534e-06,-4.15354e-06,40719
3.61958e-05,5.09042e-05,40727
-0.000161092,-0.000226552,40731
0.000138149,0.000194287,40733
-1.09116e-05,-1.53456e-05,40734
-3.88375e-05,-5.46194e-05,40743
0.000223798,0.000314741,40747
-0.000197243,-0.000277394,40749
1.59653e-05,2.24529e-05,40750
-5.51243e-05,-7.75245e-05,40755
6.30746e-05,8.87055e-05,40757
-6.96476e-06,-9.79494e-06,40758
5.48272e-06,7.71066e-06,40762
-3.11871e-06,-4.38603e-06,40764
-5.2226e-05,-7.34485e-05,40779
5.02024e-05,7.06026e-05,40781
-4.75263e-06,-6.68389e-06,40782
0.000101257,0.000142404,40787
-0.000127674,-0.000179555,40789
1.71867e-05,2.41707e-05,40790
-1.89598e-05,-2.66642e-05,40794
1.06711e-05,1.50073e-05,40796
-6.0584e-05,-8.52028e-05,40803
7.80571e-05,0.000109776,40805
-1.11039e-05,-1.5616e-05,40806
1.55711e-05,2.18985e-05,40810
-8.80437e-06,-1.23821e-05,40812
-1.30829e-06,-1.83992e-06,40818
8.59622e-07,1.20893e-06,40820
4.04252e-06,5.68522e-06,40843
-3.99755e-06,-5.62199e-06,40845
4.0008e-07,5.62655e-07,40846
-1.05874e-05,-1.48897e-05,40851
1.37728e-05,1.93694e-05,40853
-1.96608e-06,-2.76501e-06,40854
2.51606e-06,3.53848e-06,40858
-1.41887e-06,-1.99544e-06,40860
7.62302e-06,1.07207e-05,40867
-1.02029e-05,-1.4349e-05,40869
1.55179e-06,2.18237e-06,40870
-2.55705e-06,-3.59612e-06,40874
1.45267e-06,2.04297e-06,40876
2.48093e-07,3.48906e-07,40882
-1.66786e-07,-2.34563e-07,40884
1.63526e-07,2.29976e-07,40906
-9.49762e-08,-1.3357e-07,40908
-1.36691e-07,-1.92234e-07,40914
9.03969e-08,1.27131e-07,40916
7.95293e-08,1.11846e-07,40930
-5.12335e-08,-7.20552e-08,40932
-3.0836e-06,-4.33665e-06,41663
2.05626e-05,2.89184e-05,41695
-2.24729e-05,-3.16049e-05,41711
7.50859e-06,1.05598e-05,41719
-6.71795e-06,-9.44784e-06,41723
4.29157e-06,6.03548e-06,41725
-3.4103e-07,-4.7961e-07,41726
3.41942e-06,4.80892e-06,41791
-2.82458e-05,-3.97237e-05,41823
3.20152e-05,4.50249e-05,41839
-1.18755e-05,-1.67012e-05,41847
1.18895e-05,1.67208e-05,41851
-7.82252e-06,-1.10013e-05,41853
6.05988e-07,8.52234e-07,41854
1.12831e-05,1.58681e-05,41887
-1.73123e-05,-2.43473e-05,41903
1.14398e-05,1.60884e-05,41911
-1.80141e-05,-2.53342e-05,41915
1.29577e-05,1.82232e-05,41917
-9.35797e-07,-1.31607e-06,41918
4.44953e-06,6.25763e-06,41935
-2.51004e-05,-3.53001e-05,41943
6.59851e-05,9.27987e-05,41947
-5.10771e-05,-7.18326e-05,41949
3.5379e-06,4.97555e-06,41950
1.77884e-05,2.50169e-05,41959
-6.18932e-05,-8.70439e-05,41963
4.92606e-05,6.9278e-05,41965
-3.37225e-06,-4.74259e-06,41966
8.11762e-06,1.14163e-05,41971
-7.97663e-06,-1.1218e-05,41973
6.24317e-07,8.7801e-07,41974
-3.60488e-07,-5.06974e-07,41978
2.16055e-07,3.0385e-07,41980
-8.91414e-07,-1.25365e-06,42111
1.88882e-05,2.65636e-05,42175
-0.000153247,-0.00021552,42207
0.000181141,0.000254749,42223
-8.18019e-05,-0.000115043,42231
0.000101611,0.000142902,42235
-7.07654e-05,-9.95215e-05,42237
5.36776e-06,7.549e-06,42238
-2.65607e-05,-3.73539e-05,42303
0.000258764,0.000363915,42335
-0.000313084,-0.000440309,42351
0.000147175,0.000206981,42359
-0.000185537,-0.000260932,42363
0.000129337,0.000181894,42365
-9.75872e-06,-1.37243e-05,42366
-0.000152782,-0.000214866,42399
0.000245408,0.000345132,42415
-0.000187286,-0.000263392,42423
0.000323041,0.000454311,42427
-0.000236757,-0.000332965,42429
1.71087e-05,2.40609e-05,42430
-7.9197e-05,-0.000111379,42447
0.000491893,0.000691778,42455
-0.00134764,-0.00189527,42459
0.00105058,0.00147749,42461
-7.31667e-05,-0.000102899,42462
-0.000355789,-0.000500367,42471
0.0012798,0.00179986,42475
-0.00102414,-0.0014403,42477
7.05718e-05,9.92492e-05,42478
-0.000168331,-0.000236734,42483
0.000166364,0.000233968,42485
-1.31677e-05,-1.85186e-05,42486
7.60888e-06,1.07008e-05,42490
-4.55556e-06,-6.40675e-06,42492
-0.000134563,-0.000189244,42591
0.000182237,0.00025629,42607
-0.000112404,-0.000158081,42615
0.000167325,0.000235318,42619
-0.000120399,-0.000169325,42621
8.92636e-06,1.25537e-05,42622
0.000625093,0.000879105,42655
-0.00107273,-0.00150865,42671
0.00101322,0.00142494,42679
-0.00199045,-0.00279929,42683
0.00149893,0.00210803,42685
-0.000109148,-0.000153501,42686
0.000500804,0.000704309,42703
-0.00352923,-0.00496336,42711
0.0101737,0.0143079,42715
-0.00801911,-0.0112777,42717
0.000567133,0.000797591,42718
0.0026086,0.00366863,42727
-0.00973893,-0.0136964,42731
0.00786029,0.0110544,42733
-0.000550789,-0.000774607,42734
0.00126654,0.00178121,42739
-0.00126222,-0.00177514,42741
0.000101989,0.000143432,42742
-5.82102e-05,-8.18644e-05,42746
3.47899e-05,4.89271e-05,42748
-0.000459537,-0.000646274,42783
0.000799755,0.00112474,42799
-0.000817112,-0.00114915,42807
0.00169222,0.00237987,42811
-0.00128841,-0.00181196,42813
9.4188e-05,0.000132462,42814
-0.000481574,-0.000677265,42831
0.00361035,0.00507745,42839
-0.0107087,-0.0150602,42843
0.00849068,0.0119409,42845
-0.000604834,-0.000850613,42846
-0.00272395,-0.00383085,42855
0.0104317,0.0146706,42859
-0.00846597,-0.0119062,42861
0.000598801,0.000842129,42862
-0.00137736,-0.00193706,42867
0.00138432,0.00194685,42869
-0.000114164,-0.000160555,42870
6.58107e-05,9.25534e-05,42874
-3.91949e-05,-5.5122e-05,42876
5.19493e-05,7.30594e-05,42895
-0.000521982,-0.000734093,42903
0.00188104,0.00264542,42907
-0.00153376,-0.00215702,42909
0.000111984,0.00015749,42910
0.000492258,0.00069229,42919
-0.00229108,-0.00322207,42923
0.00191437,0.00269229,42925
-0.000140734,-0.000197922,42926
0.000388529,0.000546411,42931
-0.000409213,-0.0005755,42933
3.77205e-05,5.30485e-05,42934
-2.51718e-05,-3.54005e-05,42938
1.46729e-05,2.06354e-05,42940
0.000218329,0.000307048,42955
-0.000192936,-0.000271337,42957
1.54416e-05,2.17164e-05,42958
-0.000259557,-0.000365031,42963
0.000288805,0.000406162,42965
-3.14307e-05,-4.42028e-05,42966
2.84921e-05,4.007e-05,42970
-1.62972e-05,-2.29197e-05,42972
0.000143953,0.000202449,42979
-0.000159416,-0.000224196,42981
1.791e-05,2.51878e-05,42982
-2.01509e-05,-2.83393e-05,42986
1.15506e-05,1.62443e-05,42988
1.84233e-06,2.59097e-06,42994
-1.19443e-06,-1.6798e-06,42996
8.97603e-07,1.26235e-06,43135
-1.84992e-05,-2.60165e-05,43199
0.000157396,0.000221356,43231
-0.000191591,-0.000269445,43247
9.58157e-05,0.000134751,43255
-0.000130434,-0.000183437,43259
9.28432e-05,0.000130571,43261
-7.02627e-06,-9.88145e-06,43262
2.68e-05,3.76904e-05,43327
-0.000270659,-0.000380643,43359
0.000335423,0.000471725,43375
-0.000171443,-0.00024111,43383
0.000233045,0.000327745,43387
-0.000165518,-0.000232777,43389
1.24902e-05,1.75658e-05,43390
0.000175664,0.000247046,43423
-0.000286103,-0.000402364,43439
0.000229128,0.000322236,43447
-0.000410459,-0.000577252,43451
0.000303681,0.000427084,43453
-2.20914e-05,-3.10685e-05,43454
9.77711e-05,0.000137501,43471
-0.000628666,-0.000884129,43479
0.00176441,0.00248139,43483
-0.00138378,-0.00194609,43485
9.72989e-05,0.000136837,43486
0.000458466,0.000644766,43495
-0.001685,-0.00236972,43499
0.00135576,0.00190668,43501
-9.44317e-05,-0.000132805,43502
0.000223286,0.00031402,43507
-0.00022193,-0.000312113,43509
1.78307e-05,2.50764e-05,43510
-1.02915e-05,-1.44735e-05,43514
6.14972e-06,8.64871e-06,43516
0.000182761,0.000257027,43615
-0.000251484,-0.000353677,43631
0.000162559,0.000228616,43639
-0.000251484,-0.000353677,43643
0.000182761,0.000257027,43645
-1.3617e-05,-1.91503e-05,43646
-0.000916125,-0.0012884,43679
0.00158298,0.00222623,43695
-0.00154234,-0.00216909,43703
0.00311834,0.0043855,43707
-0.00236618,-0.0033277,43709
0.000173653,0.000244218,43710
-0.000766687,-0.00107824,43727
0.0055281,0.00777449,43735
-0.0162574,-0.0228637,43739
0.0128843,0.0181199,43741
-0.0009198,-0.00129357,43742
-0.00410812,-0.00577748,43751
0.0156151,0.0219604,43755
-0.0126661,-0.017813,43757
0.000896649,0.00126101,43758
-0.00204297,-0.00287315,43763
0.00204602,0.00287744,43765
-0.000167481,-0.000235538,43766
9.53322e-05,0.000134071,43770
-5.68838e-05,-7.9999e-05,43772
0.00069157,0.000972595,43807
-0.00121024,-0.00170202,43823
0.00127321,0.00179059,43831
-0.00271241,-0.00381462,43835
0.00208056,0.00292601,43837
-0.00015335,-0.000215665,43838
0.000754672,0.00106134,43855
-0.00578271,-0.00813255,43863
0.0175035,0.0246162,43867
-0.0139548,-0.0196254,43869
0.00100354,0.00141134,43870
0.00438744,0.00617031,43879
-0.0171157,-0.0240708,43883
0.0139618,0.0196353,43885
-0.000997766,-0.00140322,43886
0.00227778,0.00320337,43891
-0.00230107,-0.00323613,43893
0.00019231,0.000270456,43894
-0.000110677,-0.000155651,43898
6.58002e-05,9.25386e-05,43900
-8.4133e-05,-0.000118321,43919
0.000866657,0.00121883,43927
-0.00319747,-0.00449679,43931
0.00262243,0.00368808,43933
-0.000193391,-0.000271977,43934
-0.000824749,-0.00115989,43943
0.00392254,0.0055165,43947
-0.00329573,-0.00463498,43949
0.000244885,0.000344396,43950
-0.000676646,-0.000951606,43955
0.000716824,0.00100811,43957
-6.69514e-05,-9.41576e-05,43958
4.4792e-05,6.29936e-05,43962
-2.60616e-05,-3.66519e-05,43964
-0.000385211,-0.000541744,43979
0.000342302,0.000481398,43981
-2.76994e-05,-3.89552e-05,43982
0.00046561,0.000654814,43987
-0.000522135,-0.000734308,43989
5.75161e-05,8.08882e-05,43990
-5.23925e-05,-7.36826e-05,43994
2.99186e-05,4.20762e-05,43996
-0.000258376,-0.000363368,44003
0.000288805,0.000406162,44005
-3.28757e-05,-4.6235e-05,44006
3.72221e-05,5.23476e-05,44010
-2.12976e-05,-2.99521e-05,44012
-3.37988e-06,-4.75332e-06,44018
2.18807e-06,3.07722e-06,44020
-3.09837e-05,-4.35742e-05,44127
4.52599e-05,6.36516e-05,44143
-3.51729e-05,-4.94657e-05,44151
6.40644e-05,9.00974e-05,44155
-4.85535e-05,-6.82836e-05,44157
3.71545e-06,5.22526e-06,44158
0.000232636,0.00032717,44191
-0.000411036,-0.000578063,44207
0.000462484,0.000650418,44215
-0.00107195,-0.00150754,44219
0.000842446,0.00118478,44221
-6.41767e-05,-9.02553e-05,44222
0.000256189,0.000360294,44239
-0.00207616,-0.00291983,44247
0.00672234,0.00945401,44251
-0.00546741,-0.00768914,44253
0.000408303,0.000574221,44254
0.0015944,0.0022423,44263
-0.00662076,-0.00931116,44267
0.00550469,0.00774157,44269
-0.000409987,-0.000576589,44270
0.000910474,0.00128045,44275
-0.000939116,-0.00132073,44277
8.30872e-05,0.00011685,44278
-4.79263e-05,-6.74014e-05,44282
2.82547e-05,3.97362e-05,44284
-0.000231949,-0.000326203,44319
0.000412121,0.000579589,44335
-0.000498694,-0.000701342,44343
0.00122048,0.00171643,44347
-0.000969917,-0.00136405,44349
7.44152e-05,0.000104654,44350
-0.00032892,-0.000462579,44367
0.00282729,0.00397618,44375
-0.00945682,-0.0132997,44379
0.00774328,0.0108898,44381
-0.000583308,-0.000820339,44382
-0.00222158,-0.00312433,44391
0.00951166,0.0133768,44395
-0.00796103,-0.0111961,44397
0.000599473,0.000843074,44398
-0.00134736,-0.00189486,44403
0.00140396,0.00197447,44405
-0.000127137,-0.0001788,44406
7.45572e-05,0.000104854,44410
-4.3773e-05,-6.15605e-05,44412
5.22885e-05,7.35363e-05,44431
-0.000614289,-0.000863909,44439
0.00256384,0.00360568,44443
-0.00216871,-0.00304998,44445
0.000169128,0.000237854,44446
0.000619107,0.000870686,44455
-0.00330632,-0.00464987,44459
0.00286385,0.0040276,44461
-0.000226477,-0.000318508,44462
0.000649256,0.000913086,44467
-0.000714734,-0.00100517,44469
7.31907e-05,0.000102932,44470
-5.14933e-05,-7.2418e-05,44474
2.95867e-05,4.16095e-05,44476
0.00042488,0.000597534,44491
-0.000392006,-0.0005513,44493
3.44795e-05,4.84905e-05,44494
-0.000603028,-0.000848073,44499
0.000716824,0.00100811,44501
-8.82505e-05,-0.000124112,44502
8.78499e-05,0.000123548,44506
-4.97716e-05,-6.99966e-05,44508
0.000341087,0.00047969,44515
-0.000409213,-0.0005755,44517
5.27848e-05,7.42344e-05,44518
-6.66228e-05,-9.36956e-05,44522
3.78957e-05,5.3295e-05,44524
5.88385e-06,8.27479e-06,44530
-3.84226e-06,-5.4036e-06,44532
-0.000320152,-0.000450249,44631
0.00170122,0.00239252,44635
-0.00143055,-0.00201187,44637
0.000112272,0.000157894,44638
0.000381592,0.000536655,44647
-0.00183728,-0.00258388,44651
0.00158183,0.00222462,44653
-0.000125442,-0.000176416,44654
0.000305968,0.0004303,44659
-0.000333272,-0.000468699,44661
3.35416e-05,4.71715e-05,44662
-2.14619e-05,-3.01832e-05,44666
1.23828e-05,1.74146e-05,44668
-5.35034e-05,-7.52448e-05,44687
0.000728783,0.00102493,44695
-0.00349572,-0.00491623,44699
0.00305812,0.00430081,44701
-0.000253761,-0.000356879,44702
-0.000803978,-0.00113068,44711
0.0049095,0.00690451,44715
-0.00440253,-0.00619153,44717
0.000373919,0.000525864,44718
-0.00121269,-0.00170548,44723
0.00140396,0.00197447,44725
-0.000161398,-0.000226984,44726
0.000126394,0.000177755,44730
-7.1756e-05,-0.000100915,44732
-0.00098128,-0.00138003,44747
0.000950229,0.00133636,44749
-9.29501e-05,-0.000130721,44750
0.00181567,0.00255349,44755
-0.00230107,-0.00323613,44757
0.000320295,0.00045045,44758
-0.000356272,-0.000501046,44762
0.00020114,0.000282874,44764
-0.00107091,-0.00150609,44771
0.00138432,0.00194685,44773
-0.000203657,-0.000286414,44774
0.000289433,0.000407046,44778
-0.000164503,-0.00023135,44780
-2.51394e-05,-3.53551e-05,44786
1.66656e-05,2.34378e-05,44788
3.09342e-05,4.35045e-05,44815
-0.000425164,-0.000597933,44823
0.00209347,0.00294417,44827
-0.00184688,-0.00259737,44829
0.000156089,0.000219516,44830
0.000477608,0.000671688,44839
-0.00300101,-0.00422049,44843
0.00271556,0.00381904,44845
-0.0002354,-0.000331057,44846
0.000799504,0.00112439,44851
-0.000939116,-0.00132073,44853
0.000111534,0.000156857,44854
-9.07087e-05,-0.000127569,44858
5.13919e-05,7.22754e-05,44860
0.000772898,0.00108697,44875
-0.000760375,-0.00106936,44877
7.68921e-05,0.000108138,44878
-0.00158744,-0.00223251,44883
0.00204602,0.00287744,44885
-0.000293807,-0.000413198,44886
0.000337776,0.000475033,44890
-0.000190703,-0.000268196,44892
0.000957782,0.00134698,44899
-0.00126222,-0.00177514,44901
0.00019182,0.000269767,44902
-0.000281914,-0.000396472,44906
0.000160343,0.0002255,44908
2.44029e-05,3.43192e-05,44914
-1.62756e-05,-2.28893e-05,44916
-5.95897e-05,-8.38044e-05,44939
6.04801e-05,8.50566e-05,44941
-6.50433e-06,-9.14741e-06,44942
0.000166967,0.000234815,44947
-0.00022193,-0.000312113,44949
3.38575e-05,4.76158e-05,44950
-4.53889e-05,-6.38331e-05,44954
2.5736e-05,3.6194e-05,44956
-0.000121737,-0.000171206,44963
0.000166364,0.000233968,44965
-2.70496e-05,-3.80414e-05,44966
4.688e-05,6.593e-05,44970
-2.6851e-05,-3.77621e-05,44972
-4.72448e-06,-6.64431e-06,44978
3.22958e-06,4.54194e-06,44980
1.81252e-06,2.54906e-06,45004
2.59929e-06,3.65553e-06,45010
-1.75231e-06,-2.46438e-06,45012
-1.50572e-06,-2.11758e-06,45026
9.88391e-07,1.39003e-06,45028
0.00021481,0.000302099,45775
-0.00171236,-0.00240819,45783
0.00555782,0.00781629,45787
-0.0045338,-0.00637615,45789
0.000342448,0.000481605,45790
0.00130515,0.00183551,45799
-0.00542871,-0.00763471,45803
0.00452487,0.00636359,45805
-0.000340475,-0.00047883,45806
0.000738069,0.00103799,45811
-0.000760375,-0.00106936,45813
6.73077e-05,9.46586e-05,45814
-3.80147e-05,-5.34623e-05,45818
2.24349e-05,3.15515e-05,45820
-0.000180856,-0.000254349,45855
0.000321442,0.000452063,45871
-0.000381473,-0.000536487,45879
0.000929969,0.00130787,45883
-0.000740632,-0.00104159,45885
5.75062e-05,8.08743e-05,45886
-0.000230221,-0.000323773,45903
0.00195015,0.00274261,45911
-0.00653919,-0.00919644,45915
0.00537083,0.00755331,45917
-0.000409377,-0.00057573,45918
-0.00152105,-0.00213915,45927
0.00652296,0.00917362,45931
-0.00547388,-0.00769824,45933
0.000416664,0.000585979,45934
-0.000912478,-0.00128327,45939
0.000950229,0.00133636,45941
-8.62596e-05,-0.000121312,45942
4.96568e-05,6.98352e-05,45946
-2.91712e-05,-4.10251e-05,45948
3.07398e-05,4.32311e-05,45967
-0.000354965,-0.000499208,45975
0.00147251,0.00207088,45979
-0.00124697,-0.00175368,45981
9.80971e-05,0.00013796,45982
0.000353166,0.000496677,45991
-0.00187366,-0.00263504,45995
0.00162406,0.002284,45997
-0.000129391,-0.00018197,45998
0.000356994,0.000502061,46003
-0.000392006,-0.0005513,46005
4.01005e-05,5.63957e-05,46006
-2.77295e-05,-3.89976e-05,46010
1.59473e-05,2.24276e-05,46012
-0.000197638,-0.00027795,46029
1.73763e-05,2.44373e-05,46030
-0.000290555,-0.000408625,46035
0.000342302,0.000481398,46037
-4.18021e-05,-5.87887e-05,46038
4.0831e-05,5.7423e-05,46042
-2.31817e-05,-3.26017e-05,46044
0.000162879,0.000229067,46051
-0.000192936,-0.000271337,46053
2.46032e-05,3.46009e-05,46054
-3.04252e-05,-4.27887e-05,46058
1.73543e-05,2.44063e-05,46060
2.7497e-06,3.86706e-06,46066
-1.79825e-06,-2.52898e-06,46068
4.37098e-05,6.14717e-05,46175
-6.72545e-05,-9.45839e-05,46191
6.24124e-05,8.77741e-05,46199
-0.000134636,-0.000189347,46203
0.000106686,0.000150039,46205
-8.56302e-06,-1.20427e-05,46206
-0.000417345,-0.000586936,46239
0.000748682,0.00105291,46255
-0.000953711,-0.00134126,46263
0.00252631,0.0035529,46267
-0.00205761,-0.00289374,46269
0.000164993,0.000232039,46270
-0.000539493,-0.00075872,46287
0.00483706,0.00680264,46295
-0.0172814,-0.0243038,46299
0.0144529,0.0203259,46301
-0.00114043,-0.00160385,46302
-0.00382669,-0.00538169,46311
0.0174162,0.0244934,46315
-0.0148766,-0.0209218,46317
0.00117671,0.00165488,46318
-0.0025508,-0.00358733,46323
0.00271556,0.00381904,46325
-0.000261422,-0.000367653,46326
0.000154108,0.000216731,46330
-8.97344e-05,-0.000126199,46332
0.000465587,0.000654781,46367
-0.000833504,-0.0011722,46383
0.00112517,0.0015824,46391
-0.00312657,-0.00439708,46395
0.00257058,0.00361515,46397
-0.000207581,-0.000291934,46398
0.000754672,0.00106134,46415
-0.00713584,-0.0100355,46423
0.0262642,0.0369368,46427
-0.0220927,-0.0310703,46429
0.00175608,0.00246968,46430
0.0057772,0.00812481,46439
-0.0270509,-0.0380432,46443
0.0232421,0.0326867,46445
-0.0018556,-0.00260963,46446
0.00409761,0.00576271,46451
-0.00440253,-0.00619153,46453
0.000432303,0.000607973,46454
-0.000259642,-0.00036515,46458
0.000150675,0.000211903,46460
-0.000147278,-0.000207125,46479
0.00191293,0.00269027,46487
-0.00879409,-0.0123676,46491
0.00763534,0.010738,46493
-0.000629285,-0.000885,46494
-0.00200918,-0.00282562,46503
0.0117235,0.0164875,46507
-0.0104159,-0.0146485,46509
0.000873766,0.00122883,46510
-0.00252569,-0.00355202,46515
0.00286385,0.0040276,46517
-0.000316279,-0.000444802,46518
0.000231894,0.000326126,46522
-0.000132283,-0.000186038,46524
0.00162406,0.002284,46541
-0.000152997,-0.000215169,46542
0.00267842,0.00376682,46547
-0.00329573,-0.00463498,46549
0.000439363,0.000617901,46550
-0.000465801,-0.000655082,46554
0.000264084,0.000371397,46556
-0.00153427,-0.00215773,46563
0.00191437,0.00269229,46565
-0.000269012,-0.000378327,46566
0.000365572,0.000514124,46570
-0.000208752,-0.00029358,46572
-3.29104e-05,-4.62838e-05,46578
2.18347e-05,3.07074e-05,46580
-0.00495609,-0.00697004,46683
0.00603905,0.00849306,46685
-0.000497687,-0.000699926,46686
-0.00148874,-0.0020937,46695
0.00781097,0.010985,46699
-0.00688667,-0.00968512,46701
0.000575745,0.000809703,46702
-0.00141305,-0.00198725,46707
0.00158183,0.00222462,46709
-0.000170586,-0.000239905,46710
0.000112884,0.000158755,46714
-6.4623e-05,-9.0883e-05,46716
0.000224083,0.00031514,46735
-0.00338162,-0.00475577,46743
0.0175845,0.0247301,46747
-0.0157048,-0.0220866,46749
0.00136357,0.00191767,46750
0.003887,0.00546651,46759
-0.0254245,-0.0357559,46763
0.0232421,0.0326867,46765
-0.00206697,-0.0029069,46766
0.00674342,0.00948366,46771
-0.00796103,-0.0111961,46773
0.000962876,0.00135415,46774
-0.000777889,-0.00109399,46778
0.000440745,0.000619845,46780
-0.00547388,-0.00769824,46797
0.000559772,0.00078724,46798
-0.0108377,-0.0152418,46803
0.0139618,0.0196353,46805
-0.0020316,-0.00285716,46806
0.00234125,0.00329263,46810
-0.00132656,-0.00186562,46812
0.00643703,0.00905276,46819
-0.00846597,-0.0119062,46821
0.00130411,0.00183404,46822
-0.00192808,-0.00271157,46826
0.00110203,0.00154985,46828
0.000170842,0.000240265,46834
-0.000114659,-0.000161251,46836
-0.000133037,-0.000187097,46863
0.00204104,0.00287043,46871
-0.0109156,-0.0153512,46875
0.00982844,0.0138223,46877
-0.000868323,-0.00122117,46878
-0.00240002,-0.00337529,46887
0.0161399,0.0226985,46891
-0.0148766,-0.0209218,46893
0.00134758,0.00189518,46894
-0.00460496,-0.00647622,46899
0.00550469,0.00774157,46901
-0.000684582,-0.000962767,46902
0.000573246,0.000806189,46906
-0.000324496,-0.000456358,46908
0.00452487,0.00636359,46925
-0.000475753,-0.000669079,46926
0.00970031,0.0136421,46931
-0.0126661,-0.017813,46933
0.00188997,0.00265797,46934
-0.00224128,-0.00315204,46938
0.00127052,0.00178681,46940
-0.0058852,-0.00827669,46947
0.00786029,0.0110544,46949
-0.00124271,-0.00174769,46950
0.00189023,0.00265834,46954
-0.00108139,-0.00152082,46956
-0.00016693,-0.000234763,46962
0.000112639,0.000158411,46964
-0.000353319,-0.000496893,46989
3.96732e-05,5.57948e-05,46990
-0.00100727,-0.00141658,46995
0.00135576,0.00190668,46997
-0.000215069,-0.000302464,46998
0.000297817,0.000418837,47002
-0.000169733,-0.000238705,47004
0.000740518,0.00104143,47011
-0.00102414,-0.0014403,47013
0.000173164,0.000243531,47014
-0.000310493,-0.000436664,47018
0.000179026,0.000251774,47020
3.196e-05,4.49472e-05,47026
-2.20932e-05,-3.10709e-05,47028
-1.2179e-05,-1.71281e-05,47052
-1.73245e-05,-2.43645e-05,47058
1.17826e-05,1.65706e-05,47060
1.00117e-05,1.40801e-05,47074
-6.62203e-06,-9.31294e-06,47076
-2.554e-05,-3.59183e-05,47199
3.96301e-05,5.57341e-05,47215
-3.79733e-05,-5.34041e-05,47223
8.471e-05,0.000119133,47227
-6.76992e-05,-9.52092e-05,47229
5.48423e-06,7.71279e-06,47230
0.00025264,0.000355302,47263
-0.000453797,-0.000638202,47279
0.000589863,0.000829558,47287
-0.00160121,-0.00225188,47291
0.00131251,0.00184586,47293
-0.000106208,-0.000149367,47294
0.000336267,0.000472911,47311
-0.00308228,-0.00433479,47319
0.0112482,0.015819,47323
-0.00946005,-0.0133042,47325
0.000754293,0.00106081,47326
0.00246074,0.00346069,47335
-0.0114391,-0.0160874,47339
0.00982844,0.0138223,47341
-0.000787078,-0.00110691,47342
0.00171945,0.00241817,47347
-0.00184688,-0.00259737,47349
0.000181946,0.000255881,47350
-0.000109285,-0.000153693,47354
6.34201e-05,8.91913e-05,47356
-0.000289682,-0.000407396,47391
0.000518527,0.000729235,47407
-0.000713,-0.00100273,47415
0.00203094,0.00285623,47419
-0.00168059,-0.00236351,47421
0.000137007,0.000192681,47422
-0.000481574,-0.000677265,47439
0.004654,0.00654519,47447
-0.0174936,-0.0246022,47451
0.0147966,0.0208093,47453
-0.00118836,-0.00167126,47454
-0.00380196,-0.00534692,47463
0.0181746,0.02556,47467
-0.0157048,-0.0220866,47469
0.00126904,0.00178473,47470
-0.00282287,-0.00396997,47475
0.00305812,0.00430081,47477
-0.000306735,-0.000431379,47478
0.000187262,0.000263358,47482
-0.000108353,-0.000152383,47484
0.000100883,0.000141878,47503
-0.00134605,-0.00189303,47511
0.00633683,0.00891185,47515
-0.00553498,-0.00778417,47517
0.000461776,0.000649422,47518
0.00143208,0.00201402,47527
-0.00854235,-0.0120136,47531
0.00763534,0.010738,47533
-0.00064921,-0.000913021,47534
0.00189762,0.00266873,47539
-0.00216871,-0.00304998,47541
0.000244292,0.000343562,47542
-0.000182168,-0.000256193,47546
0.000103779,0.00014595,47548
-0.00124697,-0.00175368,47565
0.000119606,0.000168208,47566
-0.002111,-0.00296882,47571
0.00262243,0.00368808,47573
-0.000357422,-0.000502663,47574
0.000387399,0.000544822,47578
-0.000219872,-0.000309218,47580
0.00121583,0.0017099,47587
-0.00153376,-0.00215702,47589
0.000220781,0.000310497,47590
-0.000307604,-0.000432601,47594
0.000176005,0.000247527,47596
2.78707e-05,3.91962e-05,47602
-1.85975e-05,-2.61547e-05,47604
-0.0037007,-0.00520451,47709
0.000435967,0.000613125,47710
0.00126837,0.00178378,47719
-0.00680982,-0.00957705,47723
0.00603905,0.00849306,47725
-0.000511061,-0.000718734,47726
0.00126837,0.00178378,47731
-0.00143055,-0.00201187,47733
0.000157136,0.000220989,47734
-0.000105567,-0.000148465,47738
6.03332e-05,8.48501e-05,47740
-0.000200404,-0.000281839,47759
0.00310789,0.0043708,47767
-0.0164872,-0.0231869,47771
0.0147966,0.0208093,47773
-0.00129824,-0.00182578,47774
-0.00361615,-0.0050856,47783
0.0240571,0.0338329,47787
-0.0220927,-0.0310703,47789
0.00198616,0.00279325,47790
-0.0065254,-0.00917704,47795
0.00774328,0.0108898,47797
-0.000949457,-0.00133528,47798
0.000777056,0.00109282,47802
-0.00044036,-0.000619303,47804
0.00537083,0.00755331,47821
-0.000555901,-0.000781796,47822
0.0107819,0.0151632,47827
-0.0139548,-0.0196254,47829
0.00205833,0.00289475,47830
-0.00240735,-0.0033856,47834
0.00136687,0.00192231,47836
-0.0064234,-0.0090336,47843
0.00849068,0.0119409,47845
-0.00132698,-0.00186621,47846
0.00199399,0.00280426,47850
-0.00114293,-0.00160737,47852
-0.000178044,-0.000250393,47858
0.000120144,0.000168965,47860
0.000121187,0.000170432,47887
-0.00191477,-0.00269285,47895
0.010455,0.0147035,47899
-0.00946005,-0.0133042,47901
0.00084474,0.00118801,47902
0.0022824,0.00320987,47911
-0.0156105,-0.0219539,47915
0.0144529,0.0203259,47917
-0.0013233,-0.00186104,47918
0.00455225,0.0064021,47923
-0.00546741,-0.00768914,47925
0.000688865,0.00096879,47926
-0.000584407,-0.000821885,47930
0.000331023,0.000465537,47932
-0.0045338,-0.00637615,47949
0.000482052,0.000677938,47950
-0.00982907,-0.0138232,47955
0.0128843,0.0181199,47957
-0.00194717,-0.00273842,47958
0.00234309,0.00329522,47962
-0.00133154,-0.00187262,47964
0.00597944,0.00840923,47971
-0.00801911,-0.0112777,47973
0.0012852,0.00180745,47974
-0.00198655,-0.00279379,47978
0.00114017,0.00160349,47980
0.000177078,0.000249035,47986
-0.000120199,-0.000169043,47988
0.000353232,0.00049677,48013
-4.02754e-05,-5.66417e-05,48014
0.00102344,0.00143933,48019
-0.00138378,-0.00194609,48021
0.000223108,0.00031377,48022
-0.000315369,-0.000443522,48026
0.000180474,0.000253811,48028
-0.000756259,-0.00106357,48035
0.00105058,0.00147749,48037
-0.000180737,-0.00025418,48038
0.000331407,0.000466077,48042
-0.00019207,-0.00027012,48044
-3.47669e-05,-4.88947e-05,48050
2.42562e-05,3.41129e-05,48052
1.34172e-05,1.88694e-05,48076
1.9105e-05,2.68685e-05,48082
-1.31855e-05,-1.85435e-05,48084
-1.10097e-05,-1.54836e-05,48098
7.39452e-06,1.03993e-05,48100
-2.61786e-05,-3.68165e-05,48222
-0.000103011,-0.00014487,48231
0.000579937,0.000815599,48235
-0.000520167,-0.00073154,48237
4.50664e-05,6.33795e-05,48238
-0.000116743,-0.000164182,48243
0.000133929,0.000188351,48245
-1.53555e-05,-2.15953e-05,48246
1.08457e-05,1.5253e-05,48250
-6.18611e-06,-8.69989e-06,48252
2.0532e-05,2.88753e-05,48271
-0.000334827,-0.000470887,48279
0.00185216,0.00260479,48283
-0.00168059,-0.00236351,48285
0.000151307,0.000212791,48286
0.000401305,0.000564378,48295
-0.00276949,-0.0038949,48299
0.00257058,0.00361515,48301
-0.000237472,-0.00033397,48302
0.000805673,0.00113306,48307
-0.000969917,-0.00136405,48309
0.000123902,0.00017425,48310
-0.000106871,-0.000150299,48314
6.07626e-05,8.54539e-05,48316
-0.000740632,-0.00104159,48333
7.97207e-05,0.000112116,48334
-0.00158278,-0.00222595,48339
0.00208056,0.00292601,48341
-0.000321687,-0.000452407,48342
0.0003995,0.00056184,48346
-0.000228995,-0.000322049,48348
0.000958145,0.0013475,48355
-0.00128841,-0.00181196,48357
0.000211908,0.000298018,48358
-0.000339694,-0.000477731,48362
0.000197067,0.000277146,48364
3.11575e-05,4.38186e-05,48370
-2.15095e-05,-3.025e-05,48372
-1.50443e-05,-2.11576e-05,48399
0.000250491,0.000352279,48407
-0.00143254,-0.00201466,48411
0.00131251,0.00184586,48413
-0.000120841,-0.000169946,48414
-0.000308753,-0.000434217,48423
0.00219649,0.00308906,48427
-0.00205761,-0.00289374,48429
0.000194347,0.000273322,48430
-0.000690907,-0.000971662,48435
0.000842446,0.00118478,48437
-0.000110989,-0.000156091,48438
9.98901e-05,0.000140481,48442
-5.68727e-05,-7.99834e-05,48444
0.000772898,0.00108697,48461
-8.56607e-05,-0.00012047,48462
0.00177863,0.00250138,48467
-0.00236618,-0.0033277,48469
0.000375829,0.000528549,48470
-0.000482904,-0.000679136,48474
0.000277669,0.000390501,48476
-0.00109999,-0.00154698,48483
0.00149893,0.00210803,48485
-0.000253547,-0.000356578,48486
0.000420757,0.000591735,48490
-0.000245056,-0.000344637,48492
-3.90125e-05,-5.48655e-05,48498
2.71977e-05,3.82496e-05,48500
-7.12073e-05,-0.000100143,48525
8.61277e-06,1.21126e-05,48526
-0.000220809,-0.000310537,48531
0.000303681,0.000427084,48533
-5.24956e-05,-7.38276e-05,48534
8.21751e-05,0.000115568,48538
-4.80639e-05,-6.7595e-05,48540
0.000167511,0.000235581,48547
-0.000236757,-0.000332965,48549
4.39958e-05,6.18738e-05,48550
-9.02285e-05,-0.000126894,48554
5.37088e-05,7.55338e-05,48556
1.05362e-05,1.48177e-05,48562
-7.70519e-06,-1.08362e-05,48564
-4.68291e-06,-6.58584e-06,48588
-6.91767e-06,-9.72872e-06,48594
5.20874e-06,7.32535e-06,48596
3.93374e-06,5.53224e-06,48610
-2.91126e-06,-4.09427e-06,48612
8.64249e-05,0.000121544,48739
-0.000120399,-0.000169325,48741
2.18679e-05,3.07541e-05,48742
-4.01923e-05,-5.65248e-05,48746
2.3885e-05,3.35908e-05,48748
4.06114e-06,5.71142e-06,48754
-2.94762e-06,-4.1454e-06,48756
4.00211e-05,5.6284e-05,48781
-4.88019e-06,-6.8633e-06,48782
0.000120006,0.000168771,48787
-0.000165518,-0.000232777,48789
2.99154e-05,4.20718e-05,48790
-5.13664e-05,-7.22395e-05,48794
3.0878e-05,4.34255e-05,48796
-9.09642e-05,-0.000127928,48803
0.000129337,0.000181894,48805
-2.56246e-05,-3.60374e-05,48806
5.91242e-05,8.31497e-05,48810
-3.64437e-05,-5.12529e-05,48812
-8.14503e-06,-1.14548e-05,48818
6.37127e-06,8.96029e-06,48820
4.49332e-06,6.31921e-06,48844
7.68834e-06,1.08125e-05,48850
-6.61976e-06,-9.30975e-06,48852
-4.38813e-06,-6.17129e-06,48866
3.79818e-06,5.3416e-06,48868
-2.34875e-05,-3.30318e-05,48909
2.82859e-06,3.97801e-06,48910
-6.76138e-05,-9.50891e-05,48915
9.28432e-05,0.000130571,48917
-1.6635e-05,-2.33947e-05,48918
2.82849e-05,3.97786e-05,48922
-1.70611e-05,-2.39941e-05,48924
4.9953e-05,7.02518e-05,48931
-7.07654e-05,-9.95215e-05,48933
1.39752e-05,1.96542e-05,48934
-3.22918e-05,-4.54139e-05,48938
2.00298e-05,2.81691e-05,48940
4.60265e-06,6.47297e-06,48946
-3.66693e-06,-5.15702e-06,48948
-2.94993e-06,-4.14866e-06,48972
-5.52479e-06,-7.76982e-06,48978
4.9735e-06,6.99452e-06,48980
3.19669e-06,4.49569e-06,48994
-2.91811e-06,-4.1039e-06,48996
2.37298e-07,3.33727e-07,49036
5.52726e-07,7.77332e-07,49042
-5.16941e-07,-7.27002e-07,49044
-3.70276e-07,-5.2074e-07,49058
3.5826e-07,5.03845e-07,49060
-2.0277e-06,-2.85167e-06,49983
1.68847e-05,2.37459e-05,50015
-1.931e-05,-2.71568e-05,50031
7.49597e-06,1.0542e-05,50039
-8.01961e-06,-1.12784e-05,50043
5.40673e-06,7.6038e-06,50045
-4.25318e-07,-5.98146e-07,50046
-7.02132e-06,-9.87449e-06,50079
1.08828e-05,1.53051e-05,50095
-7.52714e-06,-1.05859e-05,50103
1.25074e-05,1.75899e-05,50107
-9.1562e-06,-1.28769e-05,50109
6.77701e-07,9.5309e-07,50110
-2.92629e-06,-4.11541e-06,50127
1.72101e-05,2.42035e-05,50135
-4.71998e-05,-6.63798e-05,50139
3.70367e-05,5.20868e-05,50141
-2.64541e-06,-3.7204e-06,50142
-1.23167e-05,-1.73217e-05,50151
4.45677e-05,6.26781e-05,50155
-3.59271e-05,-5.05263e-05,50157
2.54245e-06,3.57559e-06,50158
-5.92155e-06,-8.32781e-06,50163
5.89463e-06,8.28996e-06,50165
-4.80518e-07,-6.7578e-07,50166
2.75268e-07,3.87127e-07,50170
-1.64155e-07,-2.30861e-07,50172
5.42536e-07,7.63e-07,50303
-1.15134e-05,-1.6192e-05,50367
9.44018e-05,0.000132763,50399
-0.000112799,-0.000158636,50415
5.34194e-05,7.51268e-05,50423
-7.03567e-05,-9.89467e-05,50427
4.9953e-05,7.02518e-05,50429
-3.86028e-06,-5.42893e-06,50430
1.63026e-05,2.29273e-05,50495
-0.000160171,-0.000225257,50527
0.000195771,0.000275324,50543
-9.61986e-05,-0.00013529,50551
0.000128111,0.00018017,50555
-9.09642e-05,-0.000127928,50557
6.99543e-06,9.83808e-06,50558
9.77161e-05,0.000137424,50591
-0.000158193,-0.000222476,50607
0.000125132,0.00017598,50615
-0.000225306,-0.000316861,50619
0.000167511,0.000235581,50621
-1.23927e-05,-1.74286e-05,50622
5.27938e-05,7.4247e-05,50639
-0.000338142,-0.000475548,50647
0.000958876,0.00134852,50651
-0.000756259,-0.00106357,50653
5.41604e-05,7.61689e-05,50654
0.000246385,0.000346505,50663
-0.000915209,-0.00128711,50667
0.000740518,0.00104143,50669
-5.25788e-05,-7.39445e-05,50670
0.000121796,0.000171288,50675
-0.000121737,-0.000171206,50677
9.99152e-06,1.40516e-05,50678
-5.73762e-06,-8.06914e-06,50682
3.4195e-06,4.80904e-06,50684
-0.000118201,-0.000166233,50799
7.57663e-05,0.000106555,50807
-0.000118201,-0.000166233,50811
8.64249e-05,0.000121544,50813
-6.55431e-06,-9.21771e-06,50814
-0.000416228,-0.000585365,50847
0.000718295,0.00101018,50863
-0.000701175,-0.000986103,50871
0.00143914,0.00202395,50875
-0.00109999,-0.00154698,50877
8.23235e-05,0.000115776,50878
-0.000345615,-0.000486059,50895
0.00250597,0.00352429,50903
-0.00749039,-0.0105342,50907
0.00597944,0.00840923,50909
-0.000436241,-0.000613511,50910
-0.00186521,-0.00262315,50919
0.00720374,0.010131,50923
-0.0058852,-0.00827669,50925
0.00042628,0.000599501,50926
-0.000949216,-0.00133494,50931
0.000957782,0.00134698,50933
-8.05304e-05,-0.000113255,50934
4.5632e-05,6.41749e-05,50938
-2.71293e-05,-3.81535e-05,50940
0.000310036,0.000436022,50975
-0.000542006,-0.000762254,50991
0.000572062,0.000804523,50999
-0.00123937,-0.001743,51003
0.000958145,0.0013475,51005
-7.21127e-05,-0.000101416,51006
0.000336267,0.000472911,51023
-0.00259468,-0.00364905,51031
0.00799423,0.0112428,51035
-0.0064234,-0.0090336,51037
0.000472801,0.000664927,51038
0.00197252,0.00277407,51047
-0.00783014,-0.011012,51051
0.00643703,0.00905276,51053
-0.000471514,-0.000663118,51054
0.00105116,0.00147831,51059
-0.00107091,-0.00150609,51061
9.22087e-05,0.000129678,51062
-5.29301e-05,-7.44387e-05,51066
3.13387e-05,4.40734e-05,51068
-3.74336e-05,-5.2645e-05,51087
0.000389294,0.000547487,51095
-0.0014682,-0.00206482,51099
0.00121583,0.0017099,51101
-9.23381e-05,-0.00012986,51102
-0.000371793,-0.000522874,51111
0.00180795,0.00254262,51115
-0.00153427,-0.00215773,51117
0.000117706,0.000165536,51118
-0.000317916,-0.000447104,51123
0.000341087,0.00047969,51125
-3.32465e-05,-4.67565e-05,51126
2.25367e-05,3.16947e-05,51130
-1.30508e-05,-1.83541e-05,51132
0.000162879,0.000229067,51149
-1.37687e-05,-1.93637e-05,51150
0.000225895,0.000317689,51155
-0.000258376,-0.000363368,51157
3.02485e-05,4.25402e-05,51158
-2.88306e-05,-4.05462e-05,51162
1.64608e-05,2.31497e-05,51164
-0.000125903,-0.000177065,51171
0.000143953,0.000202449,51173
-1.75348e-05,-2.46603e-05,51174
2.108e-05,2.9646e-05,51178
-1.20971e-05,-1.70129e-05,51180
-1.95e-06,-2.7424e-06,51186
1.28081e-06,1.80128e-06,51188
-5.61934e-07,-7.90283e-07,51327
1.1575e-05,1.62786e-05,51391
-9.9718e-05,-0.000140239,51423
0.000122877,0.000172809,51439
-6.46138e-05,-9.08701e-05,51447
9.32328e-05,0.000131119,51451
-6.76138e-05,-9.50891e-05,51453
5.22423e-06,7.34714e-06,51454
-1.6889e-05,-2.3752e-05,51519
0.000172165,0.000242125,51551
-0.000215755,-0.000303429,51567
0.000115515,0.000162455,51575
-0.00016593,-0.000233358,51579
0.000120006,0.000168771,51581
-9.24673e-06,-1.30042e-05,51582
-0.000115436,-0.000162345,51615
0.000189467,0.000266459,51631
-0.000157265,-0.000221171,51639
0.000294168,0.000413706,51643
-0.000220809,-0.000310537,51645
1.64616e-05,2.31509e-05,51646
-6.6952e-05,-9.41585e-05,51663
0.000443823,0.000624174,51671
-0.00128961,-0.00181366,51675
0.00102344,0.00143933,51677
-7.40576e-05,-0.000104151,51678
-0.000326073,-0.000458575,51687
0.00123787,0.00174088,51691
-0.00100727,-0.00141658,51693
7.23458e-05,0.000101744,51694
-0.000166059,-0.000233539,51699
0.000166967,0.000234815,51701
-1.39211e-05,-1.9578e-05,51702
7.98883e-06,1.12351e-05,51706
-4.75098e-06,-6.68158e-06,51708
0.000167325,0.000235318,51823
-0.000112404,-0.000158081,51831
0.000182237,0.00025629,51835
-0.000134563,-0.000189244,51837
1.02642e-05,1.44351e-05,51838
0.000625444,0.000879597,51871
-0.00108651,-0.00152802,51887
0.00109377,0.00153823,51895
-0.00230974,-0.00324832,51899
0.00177863,0.00250138,51901
-0.0001342,-0.000188733,51902
0.000542068,0.000762342,51919
-0.0040191,-0.00565229,51927
0.0122479,0.017225,51931
-0.00982907,-0.0138232,51933
0.000723782,0.0010179,51934
0.00300705,0.00422898,51943
-0.0118163,-0.016618,51947
0.00970031,0.0136421,51949
-0.000709656,-0.00099803,51950
0.00156589,0.0022022,51955
-0.00158744,-0.00223251,51957
0.000135111,0.000190014,51958
-7.63616e-05,-0.000107392,51962
4.53277e-05,6.37469e-05,51964
-0.000478326,-0.000672698,51999
0.000840571,0.00118214,52015
-0.000912906,-0.00128387,52023
0.00203282,0.00285887,52027
-0.00158278,-0.00222595,52029
0.000120102,0.000168907,52030
-0.000539493,-0.00075872,52047
0.00425084,0.0059782,52055
-0.0133496,-0.0187743,52059
0.0107819,0.0151632,52061
-0.000800759,-0.00112615,52062
-0.00324869,-0.00456882,52071
0.0131206,0.0184523,52075
-0.0108377,-0.0152418,52077
0.000801524,0.00112723,52078
-0.00177392,-0.00249477,52083
0.00181567,0.00255349,52085
-0.000158177,-0.000222454,52086
9.06462e-05,0.000127481,52090
-5.35862e-05,-7.53614e-05,52092
6.19778e-05,8.71629e-05,52111
-0.000659186,-0.000927052,52119
0.00253686,0.00356773,52123
-0.002111,-0.00296882,52125
0.000161616,0.00022729,52126
0.000634553,0.000892408,52135
-0.00314219,-0.00441904,52139
0.00267842,0.00376682,52141
-0.000207181,-0.00029137,52142
0.000559723,0.000787171,52147
-0.000603028,-0.000848073,52149
5.92801e-05,8.3369e-05,52150
-4.01998e-05,-5.65353e-05,52154
2.32514e-05,3.26998e-05,52156
-0.000290555,-0.000408625,52173
2.4715e-05,3.47581e-05,52174
-0.000405359,-0.000570079,52179
0.00046561,0.000654814,52181
-5.47293e-05,-7.6969e-05,52182
5.20768e-05,7.32387e-05,52186
-2.9699e-05,-4.17674e-05,52188
0.000225895,0.000317689,52195
-0.000259557,-0.000365031,52197
3.17366e-05,4.4633e-05,52198
-3.80661e-05,-5.35346e-05,52202
2.18132e-05,3.06772e-05,52204
3.50264e-06,4.92596e-06,52210
-2.29555e-06,-3.22837e-06,52212
-3.23394e-05,-4.54808e-05,52335
2.63151e-05,3.70084e-05,52343
-5.05639e-05,-7.11109e-05,52347
3.89897e-05,5.48334e-05,52349
-3.06866e-06,-4.31564e-06,52350
-0.000172225,-0.00024221,52383
0.000305694,0.000429916,52399
-0.000356339,-0.000501141,52407
0.000865661,0.00121743,52411
-0.000690907,-0.000971662,52413
5.4277e-05,7.63329e-05,52414
-0.000196901,-0.000276913,52431
0.00164347,0.0023113,52439
-0.00552421,-0.00776902,52443
0.00455225,0.0064021,52445
-0.000351361,-0.000494139,52446
-0.00127177,-0.00178856,52455
0.0054689,0.00769123,52459
-0.00460496,-0.00647622,52461
0.000355123,0.00049943,52462
-0.000764853,-0.00107566,52467
0.000799504,0.00112439,52469
-7.37273e-05,-0.000103687,52470
4.24742e-05,5.97339e-05,52474
-2.48981e-05,-3.50156e-05,52476
0.000175007,0.000246122,52511
-0.000311787,-0.000438483,52527
0.000389661,0.000548003,52535
-0.000998532,-0.00140429,52539
0.000805673,0.00113306,52541
-6.37851e-05,-8.97046e-05,52542
0.000256189,0.000360294,52559
-0.00226572,-0.00318641,52567
0.00786587,0.0110622,52571
-0.0065254,-0.00917704,52573
0.000508185,0.00071469,52574
0.00179427,0.00252338,52583
-0.00795521,-0.0111879,52587
0.00674342,0.00948366,52589
-0.000525911,-0.00073962,52590
0.00114818,0.00161475,52595
-0.00121269,-0.00170548,52597
0.0001145,0.000161027,52598
-6.72099e-05,-9.45212e-05,52602
3.92359e-05,5.51797e-05,52604
-4.22094e-05,-5.93615e-05,52623
0.000510844,0.00071843,52631
-0.00221392,-0.00311357,52635
0.00189762,0.00266873,52637
-0.000153355,-0.000215672,52638
-0.000520318,-0.000731753,52647
0.00287821,0.00404779,52651
-0.00252569,-0.00355202,52653
0.000207343,0.000291598,52654
-0.000581307,-0.000817526,52659
0.000649256,0.000913086,52661
-6.94621e-05,-9.76885e-05,52662
4.95366e-05,6.96661e-05,52666
-2.83464e-05,-3.98651e-05,52668
0.000356994,0.000502061,52685
-3.27605e-05,-4.6073e-05,52686
0.000559723,0.000787171,52691
-0.000676646,-0.000951606,52693
8.74144e-05,0.000122936,52694
-8.96946e-05,-0.000126143,52698
5.08517e-05,7.15157e-05,52700
-0.000317916,-0.000447104,52707
0.000388529,0.000546411,52709
-5.27459e-05,-7.41795e-05,52710
6.91075e-05,9.71899e-05,52714
-3.94248e-05,-5.54454e-05,52716
-6.20664e-06,-8.72876e-06,52722
4.09484e-06,5.75881e-06,52724
-0.000229658,-0.000322982,52839
0.00162023,0.00227862,52843
-0.00141305,-0.00198725,52845
0.00011618,0.00016339,52846
-0.000276947,-0.000389486,52851
0.000305968,0.0004303,52853
-3.21389e-05,-4.51988e-05,52854
2.07808e-05,2.92252e-05,52858
-1.19336e-05,-1.67829e-05,52860
4.55133e-05,6.40079e-05,52879
-0.000640286,-0.000900471,52887
0.0031852,0.00447953,52891
-0.00282287,-0.00396997,52893
0.000242922,0.000341636,52894
0.000714812,0.00100528,52903
-0.00451182,-0.00634523,52907
0.00409761,0.00576271,52909
-0.00036133,-0.000508159,52910
0.00114818,0.00161475,52915
-0.00134736,-0.00189486,52917
0.000161444,0.000227048,52918
-0.000128778,-0.000181108,52922
7.29794e-05,0.000102635,52924
-0.000912478,-0.00128327,52941
9.2924e-05,0.000130684,52942
-0.00177392,-0.00249477,52947
0.00227778,0.00320337,52949
-0.000330495,-0.000464794,52950
0.000377861,0.000531407,52954
-0.000213902,-0.000300823,52956
0.00105116,0.00147831,52963
-0.00137736,-0.00193706,52965
0.000211513,0.000297463,52966
-0.000310195,-0.000436245,52970
0.000177103,0.000249071,52972
2.74424e-05,3.85939e-05,52978
-1.83801e-05,-2.5849e-05,52980
-2.64602e-05,-3.72125e-05,53007
0.000376248,0.000529139,53015
-0.00192342,-0.00270501,53019
0.00171945,0.00241817,53021
-0.000150813,-0.000212097,53022
-0.000428291,-0.00060233,53031
0.00278299,0.00391388,53035
-0.0025508,-0.00358733,53037
0.000229676,0.000323006,53038
-0.000764853,-0.00107566,53043
0.000910474,0.00128045,53045
-0.000112673,-0.000158458,53046
9.34842e-05,0.000131472,53050
-5.29101e-05,-7.44105e-05,53052
0.000738069,0.00103799,53069
-7.76621e-05,-0.000109221,53070
0.00156589,0.0022022,53075
-0.00204297,-0.00287315,53077
0.000305428,0.000429542,53078
-0.00036086,-0.000507498,53082
0.000204392,0.000287448,53084
-0.000949216,-0.00133494,53091
0.00126654,0.00178121,53093
-0.000200612,-0.000282132,53094
0.000304045,0.000427596,53098
-0.00017379,-0.000244411,53100
-2.6835e-05,-3.77397e-05,53106
1.80855e-05,2.54347e-05,53108
-5.91527e-05,-8.31899e-05,53133
6.62971e-06,9.32375e-06,53134
-0.000166059,-0.000233539,53139
0.000223286,0.00031402,53141
-3.54825e-05,-4.9901e-05,53142
4.90317e-05,6.89562e-05,53146
-2.7935e-05,-3.92866e-05,53148
0.000121796,0.000171288,53155
-0.000168331,-0.000236734,53157
2.85343e-05,4.01294e-05,53158
-5.11145e-05,-7.18852e-05,53162
2.94657e-05,4.14394e-05,53164
5.27462e-06,7.418e-06,53170
-3.64745e-06,-5.12962e-06,53172
-2.9008e-06,-4.07956e-06,53202
1.98186e-06,2.7872e-06,53204
1.67529e-06,2.35606e-06,53218
-1.1143e-06,-1.5671e-06,53220
0.00021481,0.000302099,54095
-0.00187366,-0.00263504,54103
0.00652296,0.00917362,54107
-0.00542871,-0.00763471,54109
0.000427858,0.000601721,54110
0.00147251,0.00207088,54119
-0.00653919,-0.00919644,54123
0.00555782,0.00781629,54125
-0.000438149,-0.000616194,54126
0.000929969,0.00130787,54131
-0.00098128,-0.00138003,54133
9.2776e-05,0.000130476,54134
-5.33195e-05,-7.49864e-05,54138
3.11473e-05,4.38042e-05,54140
-2.96858e-05,-4.17488e-05,54159
0.000353166,0.000496677,54167
-0.00152105,-0.00213915,54171
0.00130515,0.00183551,54173
-0.000106368,-0.000149591,54174
-0.000354965,-0.000499208,54183
0.00195015,0.00274261,54187
-0.00171236,-0.00240819,54189
0.000141567,0.000199094,54190
-0.000381473,-0.000536487,54195
0.00042488,0.000597534,54197
-4.53807e-05,-6.38214e-05,54198
3.17781e-05,4.46914e-05,54202
-1.82003e-05,-2.55961e-05,54204
-1.96941e-05,-2.76969e-05,54222
0.000321442,0.000452063,54227
-0.000385211,-0.000541744,54229
4.93914e-05,6.9462e-05,54230
-4.97927e-05,-7.00263e-05,54234
2.82891e-05,3.97846e-05,54236
-0.000180856,-0.000254349,54243
0.000218329,0.000307048,54245
-2.93343e-05,-4.12545e-05,54246
3.77426e-05,5.30795e-05,54250
-2.15928e-05,-3.03673e-05,54252
-3.4636e-06,-4.87106e-06,54258
2.28895e-06,3.21908e-06,54260
6.27988e-05,8.83176e-05,54383
-6.1291e-05,-8.61971e-05,54391
0.000139387,0.000196027,54395
-0.000112276,-0.0001579,54397
9.2848e-06,1.30578e-05,54398
0.000406176,0.000571229,54431
-0.000731143,-0.00102825,54447
0.000961354,0.00135201,54455
-0.00265869,-0.00373907,54459
0.00219649,0.00308906,54461
-0.000181644,-0.000255456,54462
0.000542068,0.000762342,54479
-0.00498879,-0.00701602,54487
0.0184383,0.0259309,54491
-0.0156105,-0.0219539,54493
0.00127197,0.00178885,54494
0.00397435,0.00558936,54503
-0.0186709,-0.026258,54507
0.0161399,0.0226985,54509
-0.00132038,-0.00185693,54510
0.00278299,0.00391388,54515
-0.00300101,-0.00422049,54517
0.000300632,0.000422796,54518
-0.000178037,-0.000250384,54522
0.000103142,0.000145055,54524
-0.000461825,-0.000649491,54559
0.000827836,0.00116423,54575
-0.00114775,-0.00161414,54583
0.00332243,0.00467253,54587
-0.00276949,-0.0038949,54589
0.000230674,0.000324411,54590
-0.000766687,-0.00107824,54607
0.00742867,0.0104474,54615
-0.0282574,-0.03974,54619
0.0240571,0.0338329,54621
-0.00197443,-0.00277676,54622
-0.00605572,-0.00851651,54631
0.0292446,0.0411284,54635
-0.0254245,-0.0357559,54637
0.00209911,0.0029521,54638
-0.00451182,-0.00634523,54643
0.0049095,0.00690451,54645
-0.000501482,-0.000705263,54646
0.000302963,0.000426074,54650
-0.000174961,-0.000246058,54652
0.00015409,0.000216706,54671
-0.00204965,-0.00288254,54679
0.00972263,0.0136735,54683
-0.00854235,-0.0120136,54685
0.000728323,0.00102428,54686
0.00217057,0.0030526,54695
-0.0130409,-0.0183401,54699
0.0117235,0.0164875,54701
-0.00101885,-0.00143287,54702
0.00287821,0.00404779,54707
-0.00330632,-0.00464987,54709
0.000380324,0.000534872,54710
-0.000283448,-0.00039863,54714
0.000161276,0.000226811,54716
0.000183733,0.000258394,54734
-0.00314219,-0.00441904,54739
0.00392254,0.0055165,54741
-0.000546848,-0.000769064,54742
0.00059797,0.000840959,54746
-0.000339821,-0.000477909,54748
0.00180795,0.00254262,54755
-0.00229108,-0.00322207,54757
0.000337508,0.000474656,54758
-0.000475737,-0.000669057,54762
0.000272877,0.000383763,54764
4.36123e-05,6.13345e-05,54770
-2.92503e-05,-4.11363e-05,54772
-0.00619165,-0.00870767,54891
0.00781097,0.010985,54893
-0.000675929,-0.000950598,54894
0.00162023,0.00227862,54899
-0.00183728,-0.00258388,54901
0.000206263,0.000290079,54902
-0.000138322,-0.00019453,54906
7.89109e-05,0.000110977,54908
-0.000243437,-0.00034236,54927
0.00375576,0.00528194,54935
-0.0201103,-0.0282823,54939
0.0181746,0.02556,54941
-0.001635,-0.00229939,54942
-0.00435114,-0.00611926,54951
0.0292446,0.0411284,54955
-0.0270509,-0.0380432,54957
0.00249541,0.00350944,54958
-0.00795521,-0.0111879,54963
0.00951166,0.0133768,54965
-0.00119824,-0.00168516,54966
0.000988452,0.00139012,54970
-0.000559667,-0.000787092,54972
-0.000694488,-0.000976698,54990
0.0131206,0.0184523,54995
-0.0171157,-0.0240708,54997
0.00259804,0.00365377,54998
-0.00308563,-0.00433951,55002
0.00175482,0.0024679,55004
-0.00783014,-0.011012,55011
0.0104317,0.0146706,55013
-0.00167879,-0.00236097,55014
0.00256759,0.00361095,55018
-0.00147564,-0.00207528,55020
-0.000231983,-0.000326251,55026
0.0001574,0.000221361,55028
0.000145273,0.000204306,55055
-0.00227846,-0.00320432,55063
0.012552,0.0176526,55067
-0.0114391,-0.0160874,55069
0.001048,0.00147386,55070
0.00270148,0.00379924,55079
-0.0186709,-0.026258,55083
0.0174162,0.0244934,55085
-0.00163755,-0.00230298,55086
0.0054689,0.00769123,55091
-0.00662076,-0.00931116,55093
0.000857758,0.00120631,55094
-0.000734552,-0.00103304,55098
0.000415804,0.000584769,55100
0.000594303,0.000835803,55118
-0.0118163,-0.016618,55123
0.0156151,0.0219604,55125
-0.00242921,-0.00341634,55126
0.00296901,0.0041755,55130
-0.00168998,-0.00237672,55132
0.00720374,0.010131,55139
-0.00973893,-0.0136964,55141
0.00160735,0.0022605,55142
-0.0025282,-0.00355556,55146
0.0014548,0.00204597,55148
0.000227887,0.000320491,55154
-0.000155475,-0.000218653,55156
-5.00735e-05,-7.04213e-05,55182
0.00123787,0.00174088,55187
-0.001685,-0.00236972,55189
0.000278765,0.000392043,55190
-0.000398915,-0.000561017,55194
0.000228632,0.000321538,55196
-0.000915209,-0.00128711,55203
0.0012798,0.00179986,55205
-0.000225942,-0.000317755,55206
0.000419759,0.000590332,55210
-0.000243772,-0.00034283,55212
-4.42556e-05,-6.22392e-05,55218
3.09562e-05,4.35355e-05,55220
2.39396e-05,3.36677e-05,55250
-1.64998e-05,-2.32046e-05,55252
-1.37895e-05,-1.93929e-05,55266
9.24078e-06,1.29958e-05,55268
-3.76911e-05,-5.30072e-05,55407
3.80984e-05,5.358e-05,55415
-8.97254e-05,-0.000126186,55419
7.29074e-05,0.000102534,55421
-6.08991e-06,-8.56459e-06,55422
-0.0002514,-0.000353558,55455
0.000453043,0.000637141,55471
-0.000607845,-0.000854848,55479
0.00172288,0.00242298,55483
-0.00143254,-0.00201466,55485
0.000119602,0.000168203,55486
-0.000345615,-0.000486059,55503
0.00325242,0.00457407,55511
-0.0122791,-0.0172688,55515
0.010455,0.0147035,55517
-0.000861188,-0.00121114,55518
-0.00261551,-0.00367834,55527
0.012552,0.0176526,55531
-0.0109156,-0.0153512,55533
0.000904571,0.00127215,55534
-0.00192342,-0.00270501,55539
0.00209347,0.00294417,55541
-0.000214886,-0.000302207,55542
0.000130112,0.000182984,55546
-7.51385e-05,-0.000105672,55548
0.000294327,0.000413929,55583
-0.00052737,-0.00074167,55599
0.000744225,0.00104665,55607
-0.00220774,-0.00310487,55611
0.00185216,0.00260479,55613
-0.000155799,-0.000219109,55614
0.000500804,0.000704309,55631
-0.00495872,-0.00697373,55639
0.0192591,0.0270851,55643
-0.0164872,-0.0231869,55645
0.0013677,0.00192347,55646
0.00407938,0.00573706,55655
-0.0201103,-0.0282823,55659
0.0175845,0.0247301,55661
-0.00147008,-0.00206745,55662
0.0031852,0.00447953,55667
-0.00349572,-0.00491623,55669
0.000365098,0.000513458,55670
-0.000224835,-0.000316199,55674
0.000129491,0.000182111,55676
-0.000108116,-0.000152049,55695
0.00147646,0.00207643,55703
-0.0071688,-0.0100819,55707
0.00633683,0.00891185,55709
-0.000547244,-0.000769621,55710
-0.00158357,-0.00222706,55719
0.00972263,0.0136735,55723
-0.00879409,-0.0123676,55725
0.000775162,0.00109015,55726
-0.00221392,-0.00311357,55731
0.00256384,0.00360568,55733
-0.000301091,-0.000423441,55734
0.000228696,0.000321629,55738
-0.000130003,-0.000182831,55740
-0.000147172,-0.000206977,55758
0.00253686,0.00356773,55763
-0.00319747,-0.00449679,55765
0.000456238,0.000641633,55766
-0.000510995,-0.000718642,55770
0.000290875,0.000409074,55772
-0.0014682,-0.00206482,55779
0.00188104,0.00264542,55781
-0.000284172,-0.000399647,55782
0.000411356,0.000578514,55786
-0.000236563,-0.000332693,55788
-3.79933e-05,-5.34321e-05,55794
2.56416e-05,3.60613e-05,55796
-0.00495609,-0.00697004,55917
0.000614372,0.000864027,55918
-0.00148874,-0.0020937,55923
0.00170122,0.00239252,55925
-0.000194728,-0.000273858,55926
0.000132841,0.000186822,55930
-7.56816e-05,-0.000106435,55932
0.000222787,0.000313318,55951
-0.00352702,-0.00496025,55959
0.0192591,0.0270851,55963
-0.0174936,-0.0246022,55965
0.00159205,0.002239,55966
0.00413423,0.00581421,55975
-0.0282574,-0.03974,55979
0.0262642,0.0369368,55981
-0.00245212,-0.00344856,55982
0.00786587,0.0110622,55987
-0.00945682,-0.0132997,55989
0.00120971,0.00170129,55990
-0.00101318,-0.00142489,55994
0.000574007,0.000807259,55996
0.000705887,0.00099273,56014
-0.0133496,-0.0187743,56019
0.0175035,0.0246162,56021
-0.0026988,-0.00379547,56022
0.00326105,0.00458621,56026
-0.00185943,-0.00261502,56028
0.00799423,0.0112428,56035
-0.0107087,-0.0150602,56037
0.00175232,0.00246439,56038
-0.00273072,-0.00384038,56042
0.00157469,0.00221458,56044
0.000248906,0.00035005,56050
-0.000169903,-0.000238945,56052
-0.000135463,-0.000190509,56079
0.00218404,0.00307155,56087
-0.0122791,-0.0172688,56091
0.0112482,0.015819,56093
-0.00104292,-0.00146672,56094
-0.00262338,-0.00368941,56103
0.0184383,0.0259309,56107
-0.0172814,-0.0243038,56109
0.00164465,0.00231297,56110
-0.00552421,-0.00776902,56115
0.00672234,0.00945401,56117
-0.000883974,-0.00124318,56118
0.000768812,0.00108122,56122
-0.000435659,-0.000612692,56124
-0.000616501,-0.00086702,56142
0.0122479,0.017225,56147
-0.0162574,-0.0228637,56149
0.00256755,0.0036109,56150
-0.00319296,-0.00449044,56154
0.00182298,0.00256376,56156
-0.00749039,-0.0105342,56163
0.0101737,0.0143079,56165
-0.00170636,-0.00239975,56166
0.00273505,0.00384645,56170
-0.00157984,-0.00222182,56172
-0.000249173,-0.000350426,56178
0.000171119,0.000240655,56180
5.21887e-05,7.33959e-05,56206
-0.00128961,-0.00181366,56211
0.00176441,0.00248139,56213
-0.000297518,-0.000418417,56214
0.000436143,0.000613373,56218
-0.000251184,-0.000353255,56220
0.000958876,0.00134852,56227
-0.00134764,-0.00189527,56229
0.00024282,0.000341491,56230
-0.000463029,-0.000651184,56234
0.000270502,0.000380422,56236
4.98745e-05,7.01414e-05,56242
-3.52398e-05,-4.95597e-05,56244
-2.74295e-05,-3.85757e-05,56274
1.92162e-05,2.70249e-05,56276
1.57497e-05,2.21497e-05,56290
-1.07381e-05,-1.51016e-05,56292
-3.91678e-05,-5.50839e-05,56430
0.000140118,0.000197056,56435
-0.000163179,-0.000229488,56437
1.962e-05,2.75927e-05,56438
-1.41916e-05,-1.99585e-05,56442
8.07738e-06,1.13597e-05,56444
-2.31997e-05,-3.2627e-05,56463
0.000386487,0.000543539,56471
-0.00220774,-0.00310487,56475
0.00203094,0.00285623,56477
-0.000190747,-0.000268258,56478
-0.000467045,-0.000656833,56487
0.00332243,0.00467253,56491
-0.00312657,-0.00439708,56493
0.000301721,0.000424328,56494
-0.000998532,-0.00140429,56499
0.00122048,0.00171643,56501
-0.000163854,-0.000230438,56502
0.000146033,0.000205375,56506
-8.31396e-05,-0.000116924,56508
-0.000105185,-0.000147927,56526
0.00203282,0.00285887,56531
-0.00271241,-0.00381462,56533
0.000441956,0.000621548,56534
-0.000572322,-0.00080489,56538
0.000330051,0.00046417,56540
-0.00123937,-0.001743,56547
0.00169222,0.00237987,56549
-0.000293873,-0.000413291,56550
0.000492973,0.000693297,56554
-0.000288247,-0.000405379,56556
-4.6366e-05,-6.52072e-05,56562
3.24361e-05,4.56167e-05,56564
1.7173e-05,2.41514e-05,56591
-0.000291578,-0.000410063,56599
0.00172288,0.00242298,56603
-0.00160121,-0.00225188,56605
0.000154108,0.000216731,56606
0.000362377,0.000509631,56615
-0.00265869,-0.00373907,56619
0.00252631,0.0035529,56621
-0.000249711,-0.000351183,56622
0.000865661,0.00121743,56627
-0.00107195,-0.00150754,56629
0.000148617,0.000209008,56630
-0.000138605,-0.000194929,56634
7.90981e-05,0.00011124,56636
0.000114413,0.000160906,56654
-0.00230974,-0.00324832,56659
0.00311834,0.0043855,56661
-0.000522268,-0.000734496,56662
0.000700601,0.000985296,56666
-0.000405521,-0.000570307,56668
0.00143914,0.00202395,56675
-0.00199045,-0.00279929,56677
0.000355671,0.0005002,56678
-0.000618192,-0.000869398,56682
0.000363057,0.000510588,56684
5.88854e-05,8.2814e-05,56690
-4.16058e-05,-5.85126e-05,56692
-1.18461e-05,-1.66598e-05,56718
0.000294168,0.000413706,56723
-0.000410459,-0.000577252,56725
7.50928e-05,0.000105607,56726
-0.000123614,-0.000173845,56730
7.29479e-05,0.000102591,56732
-0.000225306,-0.000316861,56739
0.000323041,0.000454311,56741
-6.36831e-05,-8.95613e-05,56742
0.000137687,0.000193637,56746
-8.28062e-05,-0.000116455,56748
-1.66546e-05,-2.34223e-05,56754
1.23511e-05,1.737e-05,56756
1.11215e-05,1.56409e-05,56786
-8.52143e-06,-1.19842e-05,56788
-6.30073e-06,-8.86108e-06,56802
4.75177e-06,6.68269e-06,56804
-6.57241e-06,-9.24316e-06,56946
4.83777e-06,6.80363e-06,56948
6.93728e-06,9.75629e-06,56974
-0.00016593,-0.000233358,56979
0.000233045,0.000327745,56981
-4.5202e-05,-6.35702e-05,56982
8.30663e-05,0.000116821,56986
-5.04659e-05,-7.09731e-05,56988
0.000128111,0.00018017,56995
-0.000185537,-0.000260932,56997
3.96055e-05,5.56995e-05,56998
-9.78979e-05,-0.000137679,57002
6.10233e-05,8.58205e-05,57004
1.41475e-05,1.98964e-05,57010
-1.11965e-05,-1.57462e-05,57012
-1.38723e-05,-1.95094e-05,57042
1.20488e-05,1.69449e-05,57044
7.89996e-06,1.11102e-05,57058
-6.90679e-06,-9.71342e-06,57060
-4.00362e-06,-5.63052e-06,57102
9.32328e-05,0.000131119,57107
-0.000130434,-0.000183437,57109
2.51371e-05,3.53517e-05,57110
-4.59786e-05,-6.46623e-05,57114
2.80429e-05,3.94383e-05,57116
-7.03567e-05,-9.89467e-05,57123
0.000101611,0.000142902,57125
-2.16965e-05,-3.05131e-05,57126
5.40119e-05,7.59601e-05,57130
-3.38898e-05,-4.76612e-05,57132
-8.12845e-06,-1.14315e-05,57138
6.54621e-06,9.20631e-06,57140
1.02233e-05,1.43777e-05,57170
-9.23761e-06,-1.29914e-05,57172
-5.90384e-06,-8.30291e-06,57186
5.41374e-06,7.61365e-06,57188
-1.00996e-06,-1.42037e-06,57234
9.48909e-07,1.3345e-06,57236
6.78614e-07,9.54374e-07,57250
-6.59103e-07,-9.26932e-07,57252
3.01258e-06,4.23676e-06,58255
-3.85384e-05,-5.41988e-05,58263
0.000180912,0.000254427,58267
-0.000159828,-0.000224775,58269
1.4046e-05,1.97537e-05,58270
3.98151e-05,5.59942e-05,58279
-0.000237179,-0.000333559,58283
0.000214422,0.000301554,58285
-1.92168e-05,-2.70257e-05,58286
5.01553e-05,7.05363e-05,58291
-5.78397e-05,-8.13432e-05,58293
6.86095e-06,9.64894e-06,58294
-5.11248e-06,-7.18998e-06,58298
2.91174e-06,4.09495e-06,58300
-4.74849e-05,-6.67807e-05,58323
5.94628e-05,8.3626e-05,58325
-8.67414e-06,-1.21989e-05,58326
9.82567e-06,1.38184e-05,58330
-5.63916e-06,-7.93068e-06,58332
2.71294e-05,3.81536e-05,58339
-3.4412e-05,-4.83956e-05,58341
5.32289e-06,7.48589e-06,58342
-7.85659e-06,-1.10492e-05,58346
4.56969e-06,6.42662e-06,58348
7.57074e-07,1.06472e-06,58354
-5.19109e-07,-7.30052e-07,58356
7.18636e-06,1.01066e-05,58487
-1.84287e-05,-2.59173e-05,58491
1.53869e-05,2.16395e-05,58493
-1.35513e-06,-1.90579e-06,58494
-4.68021e-05,-6.58205e-05,58527
8.46863e-05,0.000119099,58543
-0.000119028,-0.000167396,58551
0.000362377,0.000509631,58555
-0.000308753,-0.000434217,58557
2.72218e-05,3.82835e-05,58558
-6.6952e-05,-9.41585e-05,58575
0.000656069,0.000922668,58583
-0.00262338,-0.00368941,58587
0.0022824,0.00320987,58589
-0.000199097,-0.000280001,58590
-0.000533277,-0.000749978,58599
0.00270148,0.00379924,58603
-0.00240002,-0.00337529,58605
0.00021141,0.000297319,58606
-0.000428291,-0.00060233,58611
0.000477608,0.000671688,58613
-5.29885e-05,-7.45208e-05,58614
3.30177e-05,4.64347e-05,58618
-1.89317e-05,-2.66247e-05,58620
5.59417e-05,7.86741e-05,58655
-0.000100314,-0.000141078,58671
0.000147042,0.000206794,58679
-0.000467045,-0.000656833,58683
0.000401305,0.000564378,58685
-3.5682e-05,-5.01817e-05,58686
9.77711e-05,0.000137501,58703
-0.00100593,-0.0014147,58711
0.00413423,0.00581421,58715
-0.00361615,-0.0050856,58717
0.000317894,0.000447072,58718
0.000836584,0.00117654,58727
-0.00435114,-0.00611926,58731
0.003887,0.00546651,58733
-0.000345677,-0.000486145,58734
0.000714812,0.00100528,58739
-0.000803978,-0.00113068,58741
9.08418e-05,0.000127756,58742
-5.77484e-05,-8.12148e-05,58746
3.3036e-05,4.64604e-05,58748
-2.1717e-05,-3.05419e-05,58767
0.000308249,0.000433508,58775
-0.00158357,-0.00222706,58779
0.00143208,0.00201402,58781
-0.000132242,-0.000185979,58782
-0.000335035,-0.000471179,58791
0.00217057,0.0030526,58795
-0.00200918,-0.00282562,58797
0.000190153,0.000267422,58798
-0.000520318,-0.000731753,58803
0.000619107,0.000870686,58805
-7.94735e-05,-0.000111768,58806
6.4006e-05,9.00153e-05,58810
-3.63807e-05,-5.11642e-05,58812
0.000634553,0.000892408,58835
-0.000824749,-0.00115989,58837
0.000130688,0.000183794,58838
-0.00016073,-0.000226043,58842
9.26624e-05,0.000130316,58844
-0.000371793,-0.000522874,58851
0.000492258,0.00069229,58853
-8.31724e-05,-0.00011697,58854
0.000133785,0.00018815,58858
-7.82909e-05,-0.000110105,58860
-1.2992e-05,-1.82714e-05,58866
9.04593e-06,1.27218e-05,58868
-0.000229658,-0.000322982,58995
0.000381592,0.000536655,58997
-4.77911e-05,-6.72114e-05,58998
3.43611e-05,4.8324e-05,59002
-1.9519e-05,-2.74508e-05,59004
4.27616e-05,6.01381e-05,59023
-0.000703573,-0.000989475,59031
0.00407938,0.00573706,59035
-0.00380196,-0.00534692,59037
0.000374373,0.000526502,59038
0.000836584,0.00117654,59047
-0.00605572,-0.00851651,59051
0.0057772,0.00812481,59053
-0.000585744,-0.000823766,59054
0.00179427,0.00252338,59059
-0.00222158,-0.00312433,59061
0.000313589,0.000441018,59062
-0.000282754,-0.000397653,59066
0.000160959,0.000226366,59068
-0.00324869,-0.00456882,59091
0.00438744,0.00617031,59093
-0.000753218,-0.00105929,59094
0.00100146,0.00140841,59098
-0.000580001,-0.000815689,59100
0.00197252,0.00277407,59107
-0.00272395,-0.00383085,59109
0.000498816,0.000701514,59110
-0.000862295,-0.0012127,59114
0.000507105,0.000713171,59116
8.29425e-05,0.000116647,59122
-5.84327e-05,-8.21772e-05,59124
-2.61571e-05,-3.67863e-05,59151
0.00043753,0.000615324,59159
-0.00261551,-0.00367834,59163
0.00246074,0.00346069,59165
-0.000247808,-0.000348506,59166
-0.000533277,-0.000749978,59175
0.00397435,0.00558936,59179
-0.00382669,-0.00538169,59181
0.000396815,0.000558064,59182
-0.00127177,-0.00178856,59187
0.0015944,0.0022423,59189
-0.000231878,-0.000326103,59190
0.000218172,0.000306828,59194
-0.000124461,-0.000175037,59196
0.00300705,0.00422898,59219
-0.00410812,-0.00577748,59221
0.000722627,0.00101627,59222
-0.000989872,-0.00139211,59226
0.000574667,0.000808187,59228
-0.00186521,-0.00262315,59235
0.0026086,0.00366863,59237
-0.000489577,-0.00068852,59238
0.00087072,0.00122454,59242
-0.000513393,-0.000722014,59244
-8.39967e-05,-0.000118129,59250
5.95667e-05,8.37721e-05,59252
-0.000326073,-0.000458575,59283
0.000458466,0.000644766,59285
-8.64689e-05,-0.000121606,59286
0.000141079,0.000198408,59290
-8.30052e-05,-0.000116735,59292
0.000246385,0.000346505,59299
-0.000355789,-0.000500367,59301
7.2092e-05,0.000101387,59302
-0.000153972,-0.00021654,59306
9.22279e-05,0.000129705,59308
1.78402e-05,2.50897e-05,59314
-1.30696e-05,-1.83806e-05,59316
-9.95665e-06,-1.40026e-05,59346
7.31107e-06,1.0282e-05,59348
5.66065e-06,7.9609e-06,59362
-4.05205e-06,-5.69863e-06,59364
-5.53559e-06,-7.78502e-06,59511
1.48423e-05,2.08736e-05,59515
-1.25326e-05,-1.76253e-05,59517
1.12172e-06,1.57754e-06,59518
3.57347e-05,5.02558e-05,59551
-6.46918e-05,-9.09797e-05,59567
9.29399e-05,0.000130707,59575
-0.000291578,-0.000410063,59579
0.000250491,0.000352279,59581
-2.24092e-05,-3.15153e-05,59582
5.27938e-05,7.4247e-05,59599
-0.000531624,-0.000747653,59607
0.00218404,0.00307155,59611
-0.00191477,-0.00269285,59613
0.000169812,0.000238816,59614
0.00043753,0.000615324,59623
-0.00227846,-0.00320432,59627
0.00204104,0.00287043,59629
-0.000183364,-0.000257875,59630
0.000376248,0.000529139,59635
-0.000425164,-0.000597933,59637
4.89248e-05,6.88058e-05,59638
-3.17378e-05,-4.46348e-05,59642
1.81585e-05,2.55373e-05,59644
-4.42184e-05,-6.21869e-05,59679
7.91778e-05,0.000111352,59695
-0.000118145,-0.000166154,59703
0.000386487,0.000543539,59707
-0.000334827,-0.000470887,59709
3.02219e-05,4.25028e-05,59710
-7.9197e-05,-0.000111379,59727
0.000836215,0.00117602,59735
-0.00352702,-0.00496025,59739
0.00310789,0.0043708,59741
-0.000277667,-0.0003905,59742
-0.000703573,-0.000989475,59751
0.00375576,0.00528194,59755
-0.00338162,-0.00475577,59757
0.000306468,0.000431004,59758
-0.000640286,-0.000900471,59763
0.000728783,0.00102493,59765
-8.50923e-05,-0.00011967,59766
5.59597e-05,7.86994e-05,59770
-3.19569e-05,-4.49428e-05,59772
1.91124e-05,2.68789e-05,59791
-0.000279518,-0.000393102,59799
0.00147646,0.00207643,59803
-0.00134605,-0.00189303,59805
0.000126744,0.000178248,59806
0.000308249,0.000433508,59815
-0.00204965,-0.00288254,59819
0.00191293,0.00269027,59821
-0.000184924,-0.00026007,59822
0.000510844,0.00071843,59827
-0.000614289,-0.000863909,59829
8.11935e-05,0.000114187,59830
-6.73062e-05,-9.46566e-05,59834
3.82826e-05,5.3839e-05,59836
-0.000659186,-0.000927052,59859
0.000866657,0.00121883,59861
-0.000141683,-0.000199257,59862
0.000179906,0.000253012,59866
-0.000104095,-0.000146395,59868
0.000389294,0.000547487,59875
-0.000521982,-0.000734093,59877
9.11622e-05,0.000128207,59878
-0.000151653,-0.000213279,59882
8.91477e-05,0.000125374,59884
1.48923e-05,2.09439e-05,59890
-1.0451e-05,-1.46979e-05,59892
-0.000320152,-0.000450249,60021
5.82491e-05,8.19191e-05,60022
-4.29732e-05,-6.04356e-05,60026
2.44098e-05,3.43289e-05,60028
-4.95672e-05,-6.97092e-05,60047
0.000836215,0.00117602,60055
-0.00495872,-0.00697373,60059
0.004654,0.00654519,60061
-0.000466828,-0.000656526,60062
-0.00100593,-0.0014147,60071
0.00742867,0.0104474,60075
-0.00713584,-0.0100355,60077
0.000737468,0.00103714,60078
-0.00226572,-0.00318641,60083
0.00282729,0.00397618,60085
-0.000408599,-0.000574637,60086
0.000377446,0.000530824,60090
-0.000215331,-0.000302832,60092
0.00425084,0.0059782,60115
-0.00578271,-0.00813255,60117
0.00101709,0.0014304,60118
-0.00138707,-0.00195071,60122
0.000806711,0.00113452,60124
-0.00259468,-0.00364905,60131
0.00361035,0.00507745,60133
-0.000678127,-0.000953689,60134
0.00120359,0.00169268,60138
-0.000711278,-0.00100031,60140
-0.000117108,-0.000164695,60146
8.31028e-05,0.000116872,60148
3.09894e-05,4.35821e-05,60175
-0.000531624,-0.000747653,60183
0.00325242,0.00457407,60187
-0.00308228,-0.00433479,60189
0.000316533,0.000445158,60190
0.000656069,0.000922668,60199
-0.00498879,-0.00701602,60203
0.00483706,0.00680264,60205
-0.000511628,-0.000719533,60206
0.00164347,0.0023113,60211
-0.00207616,-0.00291983,60213
0.000309182,0.000434821,60214
-0.0002983,-0.000419517,60218
0.000170642,0.000239984,60220
-0.0040191,-0.00565229,60243
0.0055281,0.00777449,60245
-0.000996285,-0.00140113,60246
0.00140073,0.00196992,60250
-0.000816982,-0.00114897,60252
0.00250597,0.00352429,60259
-0.00352923,-0.00496336,60261
0.000679437,0.000955532,60262
-0.0012416,-0.00174613,60266
0.000735995,0.00103507,60268
0.00012143,0.000170774,60274
-8.67856e-05,-0.000122052,60276
0.000443823,0.000624174,60307
-0.000628666,-0.000884129,60309
0.000122121,0.000171746,60310
-0.000206225,-0.000290026,60314
0.000122157,0.000171796,60316
-0.000338142,-0.000475548,60323
0.000491893,0.000691778,60325
-0.000102841,-0.000144631,60326
0.000227653,0.000320162,60330
-0.000137406,-0.000193242,60332
-2.70871e-05,-3.80942e-05,60338
2.00611e-05,2.8213e-05,60340
1.55181e-05,2.1824e-05,60370
-1.15994e-05,-1.63129e-05,60372
-8.79254e-06,-1.23655e-05,60386
6.4189e-06,9.02727e-06,60388
-5.71902e-06,-8.04299e-06,60534
6.55442e-06,9.21785e-06,60538
-3.74184e-06,-5.26237e-06,60540
6.64473e-06,9.34486e-06,60559
-0.000118145,-0.000166154,60567
0.000744225,0.00104665,60571
-0.000713,-0.00100273,60573
7.57979e-05,0.000106599,60574
0.000147042,0.000206794,60583
-0.00114775,-0.00161414,60587
0.00112517,0.0015824,60589
-0.000123457,-0.000173625,60590
0.000389661,0.000548003,60595
-0.000498694,-0.000701342,60597
7.8015e-05,0.000109717,60598
-7.96545e-05,-0.000112023,60602
4.59957e-05,6.46864e-05,60604
-0.000912906,-0.00128387,60627
0.00127321,0.00179059,60629
-0.000243876,-0.000342977,60630
0.000367295,0.000516549,60634
-0.000217374,-0.000305705,60636
0.000572062,0.000804523,60643
-0.000817112,-0.00114915,60645
0.000167902,0.00023613,60646
-0.000329764,-0.000463766,60650
0.000198706,0.000279452,60652
3.35649e-05,4.72042e-05,60658
-2.45269e-05,-3.44936e-05,60660
-5.16482e-06,-7.26359e-06,60687
9.29399e-05,0.000130707,60695
-0.000607845,-0.000854848,60699
0.000589863,0.000829558,60701
-6.4887e-05,-9.12544e-05,60702
-0.000119028,-0.000167396,60711
0.000961354,0.00135201,60715
-0.000953711,-0.00134126,60717
0.000108069,0.000151983,60718
-0.000356339,-0.000501141,60723
0.000462484,0.000650418,60725
-7.51085e-05,-0.000105629,60726
8.09246e-05,0.000113809,60730
-4.69857e-05,-6.60787e-05,60732
0.00109377,0.00153823,60755
-0.00154234,-0.00216909,60757
0.000304357,0.000428035,60758
-0.000476272,-0.000669809,60762
0.000283337,0.000398473,60764
-0.000701175,-0.000986103,60771
0.00101322,0.00142494,60773
-0.000214648,-0.000301871,60774
0.000437765,0.000615654,60778
-0.000265272,-0.000373068,60780
-4.54341e-05,-6.38966e-05,60786
3.35437e-05,4.71745e-05,60788
-0.000157265,-0.000221171,60819
0.000229128,0.000322236,60821
-5.01789e-05,-7.05695e-05,60822
9.86673e-05,0.000138761,60826
-6.02406e-05,-8.47198e-05,60828
0.000125132,0.00017598,60835
-0.000187286,-0.000263392,60837
4.45697e-05,6.26809e-05,60838
-0.000115475,-0.000162399,60842
7.20618e-05,0.000101345,60844
1.57341e-05,2.21278e-05,60850
-1.22267e-05,-1.71951e-05,60852
-1.14852e-05,-1.61524e-05,60882
9.35979e-06,1.31632e-05,60884
6.44639e-06,9.06593e-06,60898
-5.20689e-06,-7.32275e-06,60900
0.000115515,0.000162455,61075
-0.000171443,-0.00024111,61077
4.15509e-05,5.84354e-05,61078
-9.53278e-05,-0.000134065,61082
6.01061e-05,8.45306e-05,61084
-9.61986e-05,-0.00013529,61091
0.000147175,0.000206981,61093
-3.9541e-05,-5.56088e-05,61094
0.000120902,0.000170032,61098
-7.8199e-05,-0.000109976,61100
-2.01812e-05,-2.8382e-05,61106
1.65943e-05,2.33375e-05,61108
2.25384e-05,3.1697e-05,61138
-2.02411e-05,-2.84662e-05,61140
-1.28077e-05,-1.80123e-05,61154
1.16307e-05,1.63569e-05,61156
-6.46138e-05,-9.08701e-05,61203
9.58157e-05,0.000134751,61205
-2.3345e-05,-3.28315e-05,61206
5.43544e-05,7.64417e-05,61210
-3.44684e-05,-4.84749e-05,61212
5.34194e-05,7.51268e-05,61219
-8.18019e-05,-0.000115043,61221
2.22785e-05,3.13316e-05,61222
-6.97489e-05,-9.80919e-05,61226
4.54478e-05,6.39158e-05,61228
1.23193e-05,1.73254e-05,61234
-1.02849e-05,-1.44642e-05,61236
-1.79326e-05,-2.52197e-05,61266
1.65583e-05,2.32869e-05,61268
1.03463e-05,1.45506e-05,61282
-9.72202e-06,-1.36726e-05,61284
1.71796e-06,2.41607e-06,61330
-1.65372e-06,-2.32573e-06,61332
-1.17034e-06,-1.64592e-06,61346
1.16299e-06,1.63557e-06,61348
-4.34997e-06,-6.11762e-06,62418
3.51581e-06,4.94448e-06,62420
2.43927e-06,3.43049e-06,62434
-1.94566e-06,-2.73629e-06,62436
-4.22185e-06,-5.93743e-06,62586
3.46035e-06,4.86648e-06,62588
7.91778e-05,0.000111352,62615
-0.00052737,-0.00074167,62619
0.000518527,0.000729235,62621
-6.02167e-05,-8.46862e-05,62622
-0.000100314,-0.000141078,62631
0.000827836,0.00116423,62635
-0.000833504,-0.0011722,62637
0.000100263,0.000141005,62638
-0.000311787,-0.000438483,62643
0.000412121,0.000579589,62645
-7.2501e-05,-0.000101962,62646
8.48619e-05,0.000119346,62650
-5.01059e-05,-7.04668e-05,62652
0.000840571,0.00118214,62675
-0.00121024,-0.00170202,62677
0.000263529,0.000370616,62678
-0.000454844,-0.000639673,62682
0.000276624,0.000389032,62684
-0.000542006,-0.000762254,62691
0.000799755,0.00112474,62693
-0.000187973,-0.000264357,62694
0.000423895,0.000596148,62698
-0.000263049,-0.000369941,62700
-4.65204e-05,-6.54243e-05,62706
3.53799e-05,4.97569e-05,62708
-6.46918e-05,-9.09797e-05,62743
0.000453043,0.000637141,62747
-0.000453797,-0.000638202,62749
5.55648e-05,7.81439e-05,62750
8.46863e-05,0.000119099,62759
-0.000731143,-0.00102825,62763
0.000748682,0.00105291,62765
-9.4544e-05,-0.000132963,62766
0.000305694,0.000429916,62771
-0.000411036,-0.000578063,62773
7.59057e-05,0.00010675,62774
-9.47232e-05,-0.000133215,62778
5.63878e-05,7.93013e-05,62780
-0.00108651,-0.00152802,62803
0.00158298,0.00222623,62805
-0.000357415,-0.000502654,62806
0.000644476,0.000906363,62810
-0.000394568,-0.000554903,62812
0.000718295,0.00101018,62819
-0.00107273,-0.00150865,62821
0.000261589,0.000367888,62822
-0.000615683,-0.00086587,62826
0.000384732,0.000541071,62828
6.95354e-05,9.77916e-05,62834
-5.34853e-05,-7.52194e-05,62836
0.000189468,0.000266459,62867
-0.000286103,-0.000402364,62869
7.36309e-05,0.000103551,62870
-0.000171897,-0.000241749,62874
0.000108693,0.000152861,62876
-0.000158193,-0.000222476,62883
0.000245408,0.000345132,62885
-6.91808e-05,-9.7293e-05,62886
0.000212317,0.000298593,62890
-0.000137401,-0.000193235,62892
-3.29049e-05,-4.6276e-05,62898
2.67776e-05,3.76588e-05,62900
2.78916e-05,3.92256e-05,62930
-2.42564e-05,-3.41131e-05,62932
-1.56395e-05,-2.19948e-05,62946
1.36166e-05,1.91499e-05,62948
-0.000215755,-0.000303429,63123
0.000335423,0.000471725,63125
-9.89784e-05,-0.000139199,63126
0.000275121,0.000386919,63130
-0.000179704,-0.000252728,63132
0.000195771,0.000275324,63139
-0.000313084,-0.000440309,63141
0.000102206,0.000143739,63142
-0.000371592,-0.000522591,63146
0.000248618,0.000349646,63148
7.04929e-05,9.91382e-05,63154
-6.01798e-05,-8.46343e-05,63156
-8.9456e-05,-0.000125807,63186
8.34614e-05,0.000117377,63188
5.10693e-05,7.18217e-05,63202
-4.84038e-05,-6.8073e-05,63204
0.000122877,0.000172809,63251
-0.000191591,-0.000269445,63253
5.7578e-05,8.09752e-05,63254
-0.000164735,-0.000231676,63258
0.000108346,0.000152373,63260
-0.000112799,-0.000158636,63267
0.000181141,0.000254749,63269
-6.05383e-05,-8.51385e-05,63270
0.000227126,0.000319421,63274
-0.000153103,-0.000215318,63276
-4.58525e-05,-6.4485e-05,63282
3.96671e-05,5.57862e-05,63284
7.56813e-05,0.000106435,63314
-7.20639e-05,-0.000101348,63316
-4.38978e-05,-6.1736e-05,63330
4.26659e-05,6.00036e-05,63332
-7.13995e-06,-1.00413e-05,63378
7.09245e-06,9.97452e-06,63380
4.94394e-06,6.95295e-06,63394
-5.06897e-06,-7.12878e-06,63396
-1.42318e-06,-2.00151e-06,63612
-4.42184e-05,-6.21869e-05,63639
0.000294327,0.000413929,63643
-0.000289682,-0.000407396,63645
3.38754e-05,4.76409e-05,63646
5.59417e-05,7.86741e-05,63655
-0.000461825,-0.000649491,63659
0.000465587,0.000654781,63661
-5.64418e-05,-7.93773e-05,63662
0.000175007,0.000246122,63667
-0.000231949,-0.000326203,63669
4.13624e-05,5.81703e-05,63670
-4.94421e-05,-6.95333e-05,63674
2.93225e-05,4.12379e-05,63676
-0.000478326,-0.000672698,63699
0.00069157,0.000972595,63701
-0.000153681,-0.00021613,63702
0.000272103,0.000382674,63706
-0.000166411,-0.000234034,63708
0.000310036,0.000436022,63715
-0.000459537,-0.000646274,63717
0.000110459,0.000155345,63718
-0.000255903,-0.000359891,63722
0.00015978,0.000224708,63724
2.87016e-05,4.03647e-05,63730
-2.20331e-05,-3.09864e-05,63732
3.57347e-05,5.02558e-05,63767
-0.0002514,-0.000353558,63771
0.00025264,0.000355302,63773
-3.13815e-05,-4.41336e-05,63774
-4.68021e-05,-6.58205e-05,63783
0.000406176,0.000571229,63787
-0.000417345,-0.000586936,63789
5.34836e-05,7.5217e-05,63790
-0.000172225,-0.00024221,63795
0.000232636,0.00032717,63797
-4.38171e-05,-6.16225e-05,63798
5.61678e-05,7.8992e-05,63802
-3.36178e-05,-4.72787e-05,63804
0.000625444,0.000879597,63827
-0.000916125,-0.0012884,63829
0.000212021,0.000298178,63830
-0.000393569,-0.000553499,63834
0.000242451,0.000340972,63836
-0.000416228,-0.000585365,63843
0.000625093,0.000879105,63845
-0.000156547,-0.000220161,63846
0.000379684,0.000533972,63850
-0.000238851,-0.00033591,63852
-4.39124e-05,-6.17566e-05,63858
3.41049e-05,4.79637e-05,63860
-0.000115436,-0.000162345,63891
0.000175664,0.000247046,63893
-4.68688e-05,-6.59143e-05,63894
0.000113906,0.000160193,63898
-7.26128e-05,-0.00010212,63900
9.77161e-05,0.000137424,63907
-0.000152782,-0.000214866,63909
4.47383e-05,6.2918e-05,63910
-0.000142788,-0.000200811,63914
9.31805e-05,0.000131045,63916
2.29248e-05,3.22405e-05,63922
-1.88633e-05,-2.65285e-05,63924
-2.04055e-05,-2.86974e-05,63954
1.80311e-05,2.53582e-05,63956
1.14624e-05,1.61203e-05,63970
-1.01691e-05,-1.43014e-05,63972
0.000172165,0.000242125,64147
-0.000270659,-0.000380643,64149
8.36313e-05,0.000117616,64150
-0.000242819,-0.000341491,64154
0.000159852,0.000224809,64156
-0.000160171,-0.000225257,64163
0.000258764,0.000363915,64165
-8.8223e-05,-0.000124073,64166
0.000333064,0.000468407,64170
-0.000224478,-0.000315696,64172
-6.51821e-05,-9.16694e-05,64178
5.61134e-05,7.89155e-05,64180
8.57532e-05,0.0001206,64210
-8.07173e-05,-0.000113517,64212
-4.90625e-05,-6.89995e-05,64226
4.69699e-05,6.60565e-05,64228
-9.9718e-05,-0.000140239,64275
0.000157396,0.000221356,64277
-4.96926e-05,-6.98856e-05,64278
0.000148937,0.000209459,64282
-9.87426e-05,-0.000138867,64284
9.44018e-05,0.000132763,64291
-0.000153247,-0.00021552,64293
5.35743e-05,7.53447e-05,64294
-0.000208906,-0.000293796,64298
0.000141842,0.00019948,64300
4.35272e-05,6.12148e-05,64306
-3.79526e-05,-5.33749e-05,64308
-7.43516e-05,-0.000104565,64338
7.13178e-05,0.000100298,64340
4.32249e-05,6.07897e-05,64354
-4.23544e-05,-5.95654e-05,64356
7.00661e-06,9.8538e-06,64402
-7.01926e-06,-9.87158e-06,64404
-4.88188e-06,-6.86568e-06,64418
5.0484e-06,7.09985e-06,64420
-1.6889e-05,-2.3752e-05,64659
2.68e-05,3.76905e-05,64661
-8.63503e-06,-1.21439e-05,64662
2.64323e-05,3.71733e-05,64666
-1.75795e-05,-2.4723e-05,64668
1.63026e-05,2.29273e-05,64675
-2.65607e-05,-3.73539e-05,64677
9.42262e-06,1.32516e-05,64678
-3.72517e-05,-5.23892e-05,64682
2.53555e-05,3.56589e-05,64684
7.75127e-06,1.09011e-05,64690
-6.7715e-06,-9.52314e-06,64692
-1.20126e-05,-1.6894e-05,64722
1.15358e-05,1.62234e-05,64724
6.94783e-06,9.77113e-06,64738
-6.81085e-06,-9.57848e-06,64740
1.1575e-05,1.62786e-05,64787
-1.84992e-05,-2.60165e-05,64789
6.15535e-06,8.65663e-06,64790
-1.96339e-05,-2.76123e-05,64794
1.31712e-05,1.85234e-05,64796
-1.15134e-05,-1.6192e-05,64803
1.88882e-05,2.65636e-05,64805
-6.9203e-06,-9.73241e-06,64806
2.84171e-05,3.99646e-05,64810
-1.95068e-05,-2.74335e-05,64812
-6.33857e-06,-8.9143e-06,64818
5.61444e-06,7.8959e-06,64820
1.28487e-05,1.80699e-05,64850
-1.25608e-05,-1.7665e-05,64852
-7.56229e-06,-1.06353e-05,64866
7.57402e-06,1.06518e-05,64868
-1.41786e-06,-1.99402e-06,64914
1.45347e-06,2.0441e-06,64916
1.01293e-06,1.42455e-06,64930
-1.07283e-06,-1.50878e-06,64932
7.7e-07,1.08289e-06,65170
-7.88687e-07,-1.10917e-06,65172
-5.44208e-07,-7.65353e-07,65186
5.77958e-07,8.12814e-07,65188
-4.41342e-07,-6.20684e-07,65298
4.49345e-07,6.3194e-07,65300
3.0369e-07,4.27096e-07,65314
-3.20701e-07,-4.5102e-07,65316
-1.63614e-05,-2.301e-05,74943
0.000132805,0.000186772,74975
-0.000159485,-0.000224293,74991
8.06015e-05,0.000113355,74999
-0.000126718,-0.000178211,75003
9.84676e-05,0.000138481,75005
-9.73675e-06,-1.36934e-05,75006
2.31258e-05,3.25232e-05,75071
-0.000224779,-0.00031612,75103
0.000276298,0.000388574,75119
-0.000145029,-0.000203962,75127
0.000229988,0.000323445,75131
-0.00017856,-0.000251119,75133
1.75764e-05,2.47187e-05,75134
0.000138328,0.000194539,75167
-0.000225711,-0.000317431,75183
0.000193099,0.000271566,75191
-0.000413153,-0.00058104,75195
0.000333932,0.000469627,75197
-3.21502e-05,-4.52147e-05,75198
-0.000554286,-0.000779525,75223
0.00184073,0.00258872,75227
-0.0015658,-0.00220207,75229
0.000148429,0.000208745,75230
0.000412887,0.000580667,75239
-0.00178292,-0.00250742,75243
0.0015523,0.0021831,75245
-0.000147033,-0.000206781,75246
0.00025063,0.000352475,75251
-0.000269292,-0.00037872,75253
2.99647e-05,4.2141e-05,75254
9.36891e-06,1.3176e-05,75260
-0.000596992,-0.000839584,75423
0.00103868,0.00146076,75439
-0.00110711,-0.00155699,75447
0.00272525,0.00383267,75451
-0.00226591,-0.00318668,75453
0.000222508,0.000312926,75454
0.00418487,0.00588543,75479
-0.0147118,-0.02069,75483
0.0126801,0.0178327,75485
-0.00122797,-0.00172696,75486
-0.00318209,-0.00447516,75495
0.0143347,0.0201598,75499
-0.0126152,-0.0177415,75501
0.00122119,0.00171744,75502
-0.00199715,-0.00280871,75507
0.00216712,0.00304775,75509
-0.00024683,-0.000347131,75510
-7.57779e-05,-0.000106571,75516
0.000451192,0.000634537,75551
-0.000793502,-0.00111595,75567
0.00091427,0.00128579,75575
-0.00238118,-0.0033488,75579
0.00200238,0.00281606,75581
-0.000198296,-0.000278875,75582
-0.00438175,-0.00616231,75607
0.015908,0.0223724,75611
-0.0138054,-0.0194153,75613
0.00135054,0.00189934,75614
0.00340562,0.00478952,75623
-0.0157994,-0.0222195,75627
0.0139982,0.0196865,75629
-0.00137193,-0.00192943,75630
0.00225541,0.00317192,75635
-0.00247341,-0.00347849,75637
0.000288978,0.000406406,75638
9.06749e-05,0.000127521,75644
0.000691554,0.000972573,75671
-0.00308405,-0.00433727,75675
0.00275833,0.0038792,75677
-0.000280205,-0.000394069,75678
-0.000680093,-0.000956454,75687
0.00387664,0.00545194,75691
-0.00354806,-0.00498983,75693
0.000366294,0.00051514,75694
-0.00074711,-0.0010507,75699
0.000865505,0.00121721,75701
-0.000115159,-0.000161954,75702
-4.53341e-05,-6.37559e-05,75708
0.000581162,0.000817321,75731
-0.000723527,-0.00101754,75733
0.000117499,0.000165245,75734
7.21988e-05,0.000101537,75740
-0.000326505,-0.000459183,75747
0.000408829,0.00057496,75749
-6.99814e-05,-9.84189e-05,75750
-5.70154e-05,-8.01841e-05,75756
6.63499e-06,9.33117e-06,75764
1.62941e-05,2.29153e-05,75967
-0.000138793,-0.000195193,75999
0.000172269,0.000242272,76015
-9.78472e-05,-0.000137608,76023
0.000170413,0.000239662,76027
-0.000135372,-0.000190381,76029
1.34865e-05,1.89669e-05,76030
-2.37306e-05,-3.33737e-05,76095
0.000238994,0.000336111,76127
-0.000301836,-0.000424489,76143
0.000174535,0.000245458,76151
-0.000301836,-0.000424489,76155
0.000238994,0.000336111,76157
-2.37306e-05,-3.33737e-05,76158
-0.00016222,-0.000228139,76191
0.000268678,0.000377858,76207
-0.000242896,-0.000341599,76215
0.000543882,0.000764892,76219
-0.000444409,-0.000624997,76221
4.32655e-05,6.08468e-05,76222
0.000730094,0.00102677,76247
-0.00249547,-0.00350952,76251
0.00213808,0.00300691,76253
-0.000205168,-0.00028854,76254
-0.000548879,-0.000771921,76263
0.00243141,0.00341943,76267
-0.00213091,-0.00299682,76269
0.000204479,0.00028757,76270
-0.000345182,-0.00048545,76275
0.000373387,0.000525116,76277
-4.22342e-05,-5.93964e-05,76278
-1.32107e-05,-1.8579e-05,76284
0.000893966,0.00125724,76447
-0.00156656,-0.00220315,76463
0.00173141,0.00243498,76471
-0.00441128,-0.00620384,76475
0.00369886,0.00520192,76477
-0.000366963,-0.000516081,76478
-0.00674282,-0.00948281,76503
0.024256,0.0341127,76507
-0.0210321,-0.0295786,76509
0.00205805,0.00289435,76510
0.00515753,0.00725334,76519
-0.0237107,-0.0333457,76523
0.0209815,0.0295075,76525
-0.00205309,-0.00288738,76526
0.00332553,0.00467688,76531
-0.00362717,-0.0051011,76533
0.000418167,0.000588092,76534
0.000128021,0.000180044,76540
-0.000695224,-0.000977734,76575
0.00122922,0.00172873,76591
-0.00146423,-0.00205923,76599
0.00394078,0.00554214,76603
-0.00334031,-0.00469766,76605
0.000334097,0.000469859,76606
0.00721802,0.0101511,76631
-0.0267987,-0.0376886,76635
0.0233905,0.0328954,76637
-0.00231079,-0.00324979,76638
-0.00564386,-0.00793728,76647
0.0267101,0.037564,76651
-0.0237907,-0.0334582,76653
0.00235547,0.00331264,76654
-0.00384377,-0.00540571,76659
0.00423631,0.00595776,76661
-0.000500592,-0.000704011,76662
-0.000156823,-0.000220549,76668
-0.00118089,-0.00166076,76695
0.00538184,0.0075688,76699
-0.00483736,-0.00680306,76701
0.00049538,0.000696681,76702
0.00117122,0.00164716,76711
-0.006804,-0.00956886,76715
0.00625531,0.00879721,76717
-0.000650917,-0.000915422,76718
0.00132848,0.00186831,76723
-0.00154503,-0.00217287,76725
0.000207028,0.000291155,76726
8.14827e-05,0.000114594,76732
-0.00105257,-0.00148028,76755
0.00131481,0.0018491,76757
-0.000213925,-0.000300855,76758
-0.000130865,-0.000184043,76764
0.000591453,0.000831795,76771
-0.000743437,-0.00104554,76773
0.000127423,0.000179203,76774
0.000103228,0.000145175,76780
-1.19534e-05,-1.68107e-05,76788
-0.000253317,-0.000356254,76959
0.000453019,0.000637106,76975
-0.00058864,-0.000827838,76983
0.00175659,0.0024704,76987
-0.00152885,-0.00215011,76989
0.000158746,0.000223254,76990
0.00289513,0.00407159,77015
-0.0116092,-0.0163267,77019
0.0103478,0.0145527,77021
-0.00106228,-0.00149395,77022
-0.00229828,-0.0032322,77031
0.0116636,0.0164032,77035
-0.0105985,-0.0149053,77037
0.00109307,0.00153724,77038
-0.00174553,-0.00245484,77043
0.00196581,0.00276463,77045
-0.000245133,-0.000344745,77046
-7.79613e-05,-0.000109641,77052
0.000264763,0.000372352,77087
-0.000473004,-0.000665213,77103
0.000655181,0.000921419,77111
-0.00206058,-0.00289791,77115
0.00181141,0.00254749,77117
-0.000189742,-0.000266845,77118
-0.0040535,-0.00570066,77143
0.0167796,0.0235981,77147
-0.0150498,-0.0211654,77149
0.00155855,0.00219188,77150
0.00329553,0.00463469,77159
-0.0172357,-0.0242396,77163
0.015762,0.022167,77165
-0.00164327,-0.00231103,77166
0.00267488,0.00376183,77171
-0.00304352,-0.00428028,77173
0.000388269,0.000546045,77174
0.000126884,0.000178444,77180
0.000980041,0.00137829,77207
-0.00502699,-0.00706975,77211
0.00464614,0.00653414,77213
-0.000500265,-0.000703551,77214
-0.00103118,-0.0014502,77223
0.00667265,0.00938413,77227
-0.00630375,-0.00886532,77229
0.000692319,0.000973648,77230
-0.00148433,-0.0020875,77235
0.00178401,0.00250895,77237
-0.000257355,-0.000361933,77238
-0.000107997,-0.000151882,77244
0.00156731,0.0022042,77267
-0.00204166,-0.0028713,77269
0.00035793,0.000503378,77270
0.000234793,0.000330203,77276
-0.000901906,-0.0012684,77283
0.00119177,0.00167606,77285
-0.000221369,-0.000311324,77286
-0.000192809,-0.000271158,77292
2.19872e-05,3.09219e-05,77300
-0.00094442,-0.00132819,77463
0.007787,0.0109513,77467
-0.00741879,-0.0104335,77469
0.000848172,0.00119283,77470
0.00154416,0.00217164,77479
-0.0112774,-0.0158601,77483
0.0109933,0.0154605,77485
-0.00129131,-0.00181605,77486
0.00318999,0.00448627,77491
-0.00400967,-0.00563903,77493
0.000642209,0.000903175,77494
0.000310487,0.000436655,77500
-0.00539656,-0.00758949,77523
0.00738473,0.0103856,77525
-0.00143032,-0.00201154,77526
-0.00105122,-0.00147839,77532
0.00325063,0.00457154,77539
-0.00454175,-0.00638733,77541
0.000935311,0.00131538,77542
0.000908728,0.001278,77548
-0.000102929,-0.000144756,77556
0.000796999,0.00112087,77591
-0.00477573,-0.00671638,77595
0.00458957,0.00645457,77597
-0.000535374,-0.000752927,77598
-0.000941517,-0.00132411,77607
0.00707284,0.00994695,77611
-0.0069567,-0.00978361,77613
0.000834696,0.00117388,77614
-0.00216926,-0.00305075,77619
0.00276274,0.00388541,77621
-0.0004564,-0.000641862,77622
-0.00023179,-0.000325979,77628
0.00485843,0.00683269,77651
-0.00673557,-0.00947261,77653
0.00133975,0.00188416,77654
0.0010205,0.00143519,77660
-0.00299536,-0.00421254,77667
0.00424613,0.00597158,77669
-0.00089833,-0.00126337,77670
-0.000902969,-0.0012699,77676
0.000102572,0.000144253,77684
-0.000530633,-0.000746259,77715
0.000755339,0.00106228,77717
-0.00015966,-0.000224539,77718
-0.000145081,-0.000204035,77724
0.000396996,0.000558319,77731
-0.000579929,-0.000815587,77733
0.000131208,0.000184525,77734
0.000158654,0.000223124,77740
-2.14416e-05,-3.01546e-05,77748
1.16046e-05,1.63202e-05,77780
-6.47183e-06,-9.1017e-06,77796
-0.00872089,-0.0122647,79063
0.0386708,0.054385,79067
-0.035377,-0.0497527,79069
0.00381845,0.00537011,79070
0.00715052,0.0100562,79079
-0.0397859,-0.0559532,79083
0.037077,0.0521435,79085
-0.00403625,-0.00567642,79086
0.0063941,0.00899239,79091
-0.00741862,-0.0104332,79093
0.000998776,0.00140464,79094
0.000334219,0.000470031,79100
-0.000686006,-0.000964769,79135
0.00122922,0.00172873,79151
-0.00190706,-0.00268201,79159
0.00684395,0.00962505,79163
-0.0062081,-0.00873081,79165
0.000682887,0.000960383,79166
0.0131914,0.0185519,79191
-0.0600357,-0.0844316,79195
0.0551775,0.0775993,79197
-0.00599369,-0.00842927,79198
-0.0110715,-0.0155704,79207
0.0631615,0.0888276,79211
-0.0591504,-0.0831866,79213
0.006492,0.00913007,79214
-0.0105401,-0.0148231,79219
0.0123313,0.0173423,79221
-0.00169023,-0.00237707,79222
-0.000580684,-0.00081665,79228
-0.0039317,-0.00552938,79255
0.0219574,0.03088,79259
-0.0207418,-0.0291704,79261
0.00234211,0.00329385,79262
0.00430374,0.0060526,79271
-0.0300497,-0.0422606,79275
0.0289981,0.0407817,79277
-0.0033491,-0.00471003,79278
0.00730504,0.0102735,79283
-0.00899576,-0.0126513,79285
0.00138548,0.00194848,79286
0.000619781,0.000871634,79292
0.0116597,0.0163977,79317
-0.00219351,-0.00308486,79318
-0.00156104,-0.00219538,79324
0.00509367,0.00716352,79331
-0.00692929,-0.00974505,79333
0.00138842,0.00195261,79334
0.00132119,0.00185807,79340
-0.000154739,-0.000217619,79348
-0.0341663,-0.0480501,79515
0.0467839,0.0657949,79517
-0.00556691,-0.00782907,79518
-0.00931062,-0.0130941,79527
0.0716527,0.100769,79531
-0.0709155,-0.0997325,79533
0.00867631,0.012202,79534
-0.0215613,-0.030323,79539
0.0275213,0.0387048,79541
-0.00462526,-0.00650477,79542
-0.0023538,-0.00331028,79548
-0.0535959,-0.075375,79573
0.0108886,0.0153133,79574
0.00847168,0.0119142,79580
-0.0234662,-0.0330019,79587
0.0332259,0.0467275,79589
-0.0071962,-0.0101204,79590
-0.00743028,-0.0104496,79596
0.000863273,0.00121407,79604
-0.00479704,-0.00674635,79639
0.0305835,0.0430113,79643
-0.0298584,-0.0419916,79645
0.00362429,0.00509704,79646
0.00587421,0.00826124,79655
-0.0464064,-0.065264,79659
0.0463065,0.0651234,79661
-0.00578065,-0.00812966,79662
0.0150785,0.0212057,79667
-0.0194689,-0.0273802,79669
0.00336468,0.00473195,79670
0.00179493,0.00252431,79676
0.0495615,0.0697012,79701
-0.0103017,-0.0144879,79702
-0.00827335,-0.0116353,79708
0.0219389,0.0308539,79715
-0.0314351,-0.044209,79717
0.00696641,0.00979726,79718
0.00740851,0.010419,79724
-0.000863133,-0.00121387,79732
-0.00549063,-0.0077218,79765
0.00121513,0.00170891,79766
0.00116679,0.00164092,79772
-0.00287852,-0.00404822,79779
0.00424613,0.00597158,79781
-0.00100767,-0.00141714,79782
-0.00128984,-0.00181398,79788
0.000178903,0.000251601,79796
-9.53106e-05,-0.000134041,79828
5.29175e-05,7.44209e-05,79844
-0.000364486,-0.000512597,80031
0.000660153,0.000928411,80047
-0.00100215,-0.00140938,80055
0.00353586,0.00497268,80059
-0.00320172,-0.00450277,80061
0.000352959,0.000496386,80062
0.00575827,0.00809818,80087
-0.0260644,-0.0366558,80091
0.0239652,0.0337036,80093
-0.00261336,-0.00367532,80094
-0.00477103,-0.00670977,80103
0.0270977,0.038109,80107
-0.0253909,-0.0357087,80109
0.00279864,0.00393589,80110
-0.00449713,-0.00632457,80115
0.00526571,0.00740547,80117
-0.000727246,-0.00102277,80118
-0.000252525,-0.00035514,80124
0.00044356,0.000623804,80159
-0.000793502,-0.00111595,80175
0.00125096,0.0017593,80183
-0.00459845,-0.00646707,80187
0.00419522,0.00589998,80189
-0.000465933,-0.000655269,80190
-0.00891868,-0.0125429,80215
0.0413997,0.0582228,80219
-0.0382349,-0.0537719,80221
0.00419522,0.00589998,80222
0.00756054,0.0106328,80231
-0.0439788,-0.0618499,80235
0.0413997,0.0582228,80237
-0.00459845,-0.00646707,80238
0.00756054,0.0106328,80243
-0.00891868,-0.0125429,80245
0.00125096,0.0017593,80246
0.00044356,0.000623804,80252
0.00287738,0.00404663,80279
-0.0164029,-0.0230684,80283
0.0155762,0.0219057,80285
-0.00178109,-0.00250485,80286
-0.00319005,-0.00448635,80295
0.0227003,0.0319248,80299
-0.022024,-0.0309736,80301
0.00257956,0.00362779,80302
-0.00570092,-0.00801753,80307
0.00707229,0.00994617,80309
-0.00111319,-0.00156555,80310
-0.000512636,-0.000720949,80316
-0.00964084,-0.0135585,80341
0.00186024,0.00261617,80342
0.00136909,0.00192543,80348
-0.00420492,-0.00591363,80355
0.00577467,0.00812126,80357
-0.00118924,-0.0016725,80358
-0.00117262,-0.00164912,80364
0.000138848,0.00019527,80372
-0.0321716,-0.0452448,80541
0.00548259,0.00771048,80542
0.00896553,0.0126087,80551
-0.0699647,-0.0983953,80555
0.0695423,0.0978013,80557
-0.00862192,-0.0121255,80558
0.0215504,0.0303076,80563
-0.0276496,-0.0388852,80565
0.00473308,0.00665641,80566
0.00247128,0.0034755,80572
0.0554119,0.077929,80597
-0.0114932,-0.0161635,80598
-0.0092008,-0.0129396,80604
0.0242406,0.034091,80611
-0.0345018,-0.0485219,80613
0.00764049,0.0107453,80614
0.00812953,0.011433,80620
-0.000955871,-0.0013443,80628
0.00466625,0.00656242,80663
-0.0302512,-0.042544,80667
0.0296689,0.0417251,80669
-0.0036505,-0.0051339,80670
-0.00578065,-0.00812966,80679
0.0463065,0.0651234,80683
-0.0464064,-0.065264,80685
0.00587421,0.00826124,80686
-0.0153935,-0.0216487,80691
0.0199739,0.0280905,80693
-0.0035171,-0.00494629,80694
-0.00192727,-0.00271043,80700
-0.0521755,-0.0733773,80725
0.0110758,0.0155765,80726
0.00916298,0.0128864,80732
-0.0230803,-0.0324591,80739
0.0332259,0.0467275,80741
-0.00753203,-0.0105927,80742
-0.00826537,-0.0116241,80748
0.000976832,0.00137377,80756
0.00583445,0.00820533,80789
-0.00132676,-0.00186589,80790
-0.00132698,-0.0018662,80796
0.00306261,0.00430712,80803
-0.00454175,-0.00638733,80805
0.0011101,0.0015612,80806
0.00148376,0.0020867,80812
-0.000211775,-0.000297831,80820
0.000116644,0.000164044,80852
-6.46449e-05,-9.09139e-05,80868
-0.000486417,-0.000684076,81054
-0.00105546,-0.00148435,81063
0.00853908,0.012009,81067
-0.00859482,-0.0120874,81069
0.00111175,0.00156351,81070
-0.00286068,-0.00402314,81075
0.00373398,0.00525132,81077
-0.000681296,-0.000958146,81078
-0.000395083,-0.000555627,81084
-0.00906771,-0.0127524,81109
0.00202914,0.0028537,81110
0.00181464,0.00255203,81116
-0.00397917,-0.00559614,81123
0.00577467,0.00812126,81125
-0.00138757,-0.00195142,81126
-0.0016549,-0.00232739,81132
0.000203567,0.000286288,81140
-0.000652237,-0.000917279,81175
0.00442337,0.00622084,81179
-0.00440362,-0.00619306,81181
0.000569392,0.000800769,81182
0.000834696,0.00117388,81191
-0.0069567,-0.00978361,81195
0.00707284,0.00994695,81197
-0.000941517,-0.00132411,81198
0.00253479,0.00356482,81203
-0.00335061,-0.00471215,81205
0.000633845,0.000891413,81206
0.000390932,0.00054979,81212
0.0106311,0.0149511,81237
-0.00245245,-0.00344903,81238
-0.00229321,-0.00322507,81244
0.0047218,0.00664054,81251
-0.00692929,-0.00974505,81253
0.00171799,0.00241611,81254
0.00214059,0.00301043,81260
-0.00026867,-0.000377846,81268
-0.00147602,-0.00207582,81301
0.000377715,0.000531202,81302
0.000453386,0.000637622,81308
-0.00078556,-0.00110478,81315
0.00119177,0.00167606,81317
-0.000331762,-0.000466576,81318
-0.000537113,-0.000755373,81324
8.85022e-05,0.000124466,81332
-6.44332e-05,-9.06162e-05,81364
3.58339e-05,5.03953e-05,81380
0.000481751,0.000677515,81571
-0.000743437,-0.00104554,81573
0.000235119,0.000330661,81574
0.000465987,0.000655344,81580
-9.56879e-05,-0.000134571,81588
0.000112388,0.000158058,81620
-6.46449e-05,-9.09139e-05,81636
-0.000499247,-0.00070212,81685
0.00014144,0.000198916,81686
0.000205774,0.000289391,81692
-0.000265152,-0.000372898,81699
0.000408829,0.00057496,81701
-0.00013053,-0.000183572,81702
-0.000265152,-0.000372898,81708
5.78665e-05,8.13809e-05,81716
-8.9942e-05,-0.000126491,81748
5.29175e-05,7.44209e-05,81764
9.21627e-06,1.29614e-05,81812
-6.47183e-06,-9.1017e-06,81828
-1.65615e-05,-2.32914e-05,83263
0.000162295,0.000228245,83295
-0.000203119,-0.000285658,83311
0.000115982,0.000163112,83319
-0.000203119,-0.000285658,83323
0.000162295,0.000228245,83325
-1.65615e-05,-2.32914e-05,83326
-0.000105065,-0.000147759,83359
0.000173827,0.000244463,83375
-0.000159311,-0.000224048,83383
0.000368576,0.00051835,83387
-0.00030475,-0.000428588,83389
3.04577e-05,4.28344e-05,83390
0.000478891,0.000673492,83415
-0.00168574,-0.00237075,83419
0.00145938,0.00205241,83421
-0.000143688,-0.000202076,83422
-0.000361166,-0.000507929,83431
0.00164418,0.00231231,83435
-0.00145525,-0.0020466,83437
0.000143311,0.000201547,83438
-0.000235344,-0.000330978,83443
0.000256845,0.000361215,83445
-2.98163e-05,-4.19323e-05,83446
-9.28176e-06,-1.30535e-05,83452
-0.000846352,-0.00119027,83631
0.000960663,0.00135104,83639
-0.0025517,-0.0035886,83643
0.00216862,0.00304986,83645
-0.000221277,-0.000311195,83646
-0.00378417,-0.0053219,83671
0.0141026,0.0198332,83675
-0.0123738,-0.0174019,83677
0.00124583,0.00175208,83678
0.00291084,0.00409368,83687
-0.0138279,-0.019447,83691
0.0123759,0.017405,83693
-0.00124692,-0.00175362,83694
0.00196404,0.00276215,83699
-0.00216572,-0.00304578,83701
0.000257723,0.00036245,83702
7.87377e-05,0.000110733,83708
-0.000372695,-0.000524143,83743
0.000660153,0.000928411,83759
-0.000807854,-0.00113613,83767
0.00227006,0.00319252,83771
-0.00195085,-0.0027436,83773
0.000200847,0.000282463,83774
0.00403529,0.00567506,83799
-0.0155445,-0.0218611,83803
0.0137348,0.0193161,83805
-0.00139761,-0.00196554,83806
-0.00317537,-0.00446571,83815
0.0155525,0.0218724,83819
-0.0140175,-0.0197137,83821
0.00143086,0.0020123,83822
-0.00227337,-0.00319717,83827
0.00253529,0.00356553,83829
-0.000310081,-0.000436084,83830
-9.7388e-05,-0.000136962,83836
-0.000674662,-0.000948817,83863
0.00320032,0.0045008,83867
-0.00291488,-0.00409937,83869
0.000308708,0.000434153,83870
0.000675968,0.000950652,83879
-0.00407777,-0.00573481,83883
0.00379852,0.00534207,83885
-0.000409496,-0.000575897,83886
0.000821567,0.00115542,83891
-0.000969665,-0.0013637,83893
0.000135757,0.000190922,83894
5.48987e-05,7.72072e-05,83900
0.000873943,0.00122908,83925
-0.000150476,-0.000211623,83926
-9.7388e-05,-0.000136962,83932
0.000388378,0.000546199,83939
-0.000499247,-0.00070212,83941
9.1045e-05,0.000128042,83942
7.87377e-05,0.000110733,83948
-9.28176e-06,-1.30535e-05,83956
-1.19534e-05,-1.68108e-05,84159
0.000103228,0.000145175,84191
-0.000130865,-0.000184043,84207
8.14827e-05,0.000114594,84215
-0.000156823,-0.000220549,84219
0.000128021,0.000180044,84221
-1.32107e-05,-1.8579e-05,84222
1.75764e-05,2.47187e-05,84287
-0.00017856,-0.000251119,84319
0.000229988,0.000323445,84335
-0.000145029,-0.000203962,84343
0.000276298,0.000388574,84347
-0.000224779,-0.00031612,84349
2.31258e-05,3.25232e-05,84350
0.000127423,0.000179203,84383
-0.000213925,-0.000300855,84399
0.000207028,0.000291155,84407
-0.000500592,-0.000704011,84411
0.000418167,0.000588092,84413
-4.22342e-05,-5.93964e-05,84414
-0.000650917,-0.000915422,84439
0.00235547,0.00331264,84443
-0.00205309,-0.00288738,84445
0.000204479,0.00028757,84446
0.00049538,0.000696681,84455
-0.00231079,-0.00324979,84459
0.00205805,0.00289435,84461
-0.000205168,-0.00028854,84462
0.000334097,0.000469859,84467
-0.000366963,-0.000516081,84469
4.32655e-05,6.08468e-05,84470
1.34865e-05,1.89669e-05,84476
0.00131481,0.0018491,84655
-0.00154503,-0.00217287,84663
0.00423631,0.00595776,84667
-0.00362717,-0.0051011,84669
0.000373387,0.000525116,84670
0.00625531,0.00879721,84695
-0.0237907,-0.0334582,84699
0.0209815,0.0295075,84701
-0.00213091,-0.00299682,84702
-0.00483736,-0.00680306,84711
0.0233905,0.0328954,84715
-0.0210321,-0.0295786,84717
0.00213808,0.00300691,84718
-0.00334031,-0.00469766,84723
0.00369886,0.00520192,84725
-0.000444409,-0.000624997,84726
-0.000135372,-0.000190381,84732
0.000591453,0.000831795,84767
-0.00105257,-0.00148028,84783
0.00132848,0.00186831,84791
-0.00384377,-0.00540571,84795
0.00332553,0.00467688,84797
-0.000345182,-0.00048545,84798
-0.006804,-0.00956886,84823
0.0267101,0.037564,84827
-0.0237107,-0.0333457,84829
0.00243141,0.00341943,84830
0.00538184,0.0075688,84839
-0.0267987,-0.0376886,84843
0.024256,0.0341127,84845
-0.00249547,-0.00350952,84846
0.00394078,0.00554214,84851
-0.00441128,-0.00620384,84853
0.000543882,0.000764892,84854
0.000170413,0.000239662,84860
0.00117122,0.00164716,84887
-0.00564386,-0.00793728,84891
0.00515753,0.00725334,84893
-0.000548879,-0.000771921,84894
-0.00118089,-0.00166076,84903
0.00721802,0.0101511,84907
-0.00674282,-0.00948281,84909
0.000730094,0.00102677,84910
-0.00146423,-0.00205923,84915
0.00173141,0.00243498,84917
-0.000242896,-0.000341599,84918
-9.78472e-05,-0.000137608,84924
-0.00156656,-0.00220315,84949
0.000268678,0.000377858,84950
0.000172269,0.000242272,84956
-0.000695224,-0.000977734,84963
0.000893966,0.00125724,84965
-0.00016222,-0.000228139,84966
-0.000138793,-0.000195193,84972
1.62941e-05,2.29153e-05,84980
-0.000423182,-0.000595145,85167
0.000582405,0.00081907,85175
-0.00185823,-0.00261333,85179
0.00164668,0.00231582,85181
-0.000176766,-0.000248596,85182
-0.00296985,-0.00417667,85207
0.012509,0.0175921,85211
-0.0113137,-0.0159111,85213
0.00120022,0.00168794,85214
0.00238288,0.00335118,85223
-0.0126417,-0.0177788,85227
0.0116475,0.0163806,85229
-0.00124238,-0.00174723,85230
0.00193021,0.00271456,85235
-0.00220321,-0.0030985,85237
0.000285123,0.000400984,85238
9.1045e-05,0.000128042,85244
-0.00025285,-0.000355598,85279
0.000453019,0.000637106,85295
-0.000659705,-0.000927781,85303
0.00221008,0.00310816,85307
-0.00197629,-0.00277937,85309
0.000213879,0.00030079,85310
0.00421891,0.0059333,85335
-0.0183087,-0.0257486,85339
0.0166535,0.0234208,85341
-0.00178086,-0.00250453,85342
-0.00346674,-0.00487548,85351
0.0189224,0.0266117,85355
-0.0175374,-0.0246639,85357
0.0018895,0.00265731,85358
-0.00300011,-0.00421923,85363
0.0034584,0.00486374,85365
-0.000457499,-0.000643407,85366
-0.000150476,-0.000211623,85372
-0.00106738,-0.00150112,85399
0.00570549,0.00802395,85403
-0.00533958,-0.00750935,85405
0.00059313,0.000834152,85406
0.00113732,0.00159948,85415
-0.00763518,-0.0107378,85419
0.00730006,0.0102665,85421
-0.000827641,-0.00116396,85422
0.00174651,0.00245622,85427
-0.00212422,-0.00298741,85429
0.000317321,0.000446267,85430
0.000135757,0.000190922,85436
0.00251465,0.00353649,85461
-0.000457499,-0.000643407,85462
-0.000310081,-0.000436084,85468
0.00110243,0.00155041,85475
-0.00147602,-0.00207582,85477
0.000285123,0.000400984,85478
0.000257723,0.00036245,85484
-2.98163e-05,-4.19323e-05,85492
-0.00127752,-0.00179665,85671
0.0135861,0.0191069,85675
-0.0133794,-0.0188162,85677
0.00161877,0.00227657,85678
-0.0039439,-0.00554654,85683
0.00500582,0.00703997,85685
-0.000827641,-0.00116396,85686
-0.000409496,-0.000575897,85692
-0.00944636,-0.013285,85717
0.0018895,0.00265731,85718
0.00143086,0.0020123,85724
-0.00413919,-0.00582119,85731
0.00583445,0.00820533,85733
-0.00124238,-0.00174723,85734
-0.00124692,-0.00175362,85740
0.000143311,0.000201547,85748
-0.000929185,-0.00130677,85783
0.00575763,0.00809729,85787
-0.00559237,-0.00786487,85789
0.000671983,0.000945049,85790
0.00111175,0.00156351,85799
-0.00859482,-0.0120874,85803
0.00853908,0.012009,85805
-0.00105546,-0.00148435,85806
0.00270615,0.00380581,85811
-0.00347899,-0.0048927,85813
0.00059313,0.000834152,85814
0.000308708,0.000434153,85820
0.00867512,0.0122003,85845
-0.00178086,-0.00250453,85846
-0.00139761,-0.00196554,85852
0.0038425,0.00540393,85859
-0.00549063,-0.0077218,85861
0.00120022,0.00168794,85862
0.00124583,0.00175208,85868
-0.000143688,-0.000202076,85876
-0.000979346,-0.00137731,85909
0.000213879,0.00030079,85910
0.000200847,0.000282463,85916
-0.000513339,-0.000721938,85923
0.000755339,0.00106228,85925
-0.000176766,-0.000248596,85926
-0.000221277,-0.000311195,85932
3.04577e-05,4.28344e-05,85940
9.21627e-06,1.29614e-05,85988
-0.0178025,-0.0250367,87383
0.0838329,0.117899,87387
-0.0778495,-0.109484,87389
0.00867512,0.0122003,87390
0.0150642,0.0211856,87399
-0.0886314,-0.124647,87403
0.0838329,0.117899,87405
-0.00944636,-0.013285,87406
0.0150642,0.0211856,87411
-0.0178025,-0.0250367,87413
0.00251465,0.00353649,87414
0.000873943,0.00122908,87420
0.00548021,0.00770713,87447
-0.0314968,-0.0442958,87451
0.0300313,0.0422347,87453
-0.00347899,-0.0048927,87454
-0.00605193,-0.00851118,87463
0.0433549,0.0609725,87467
-0.0422178,-0.0593734,87469
0.00500582,0.00703997,87470
-0.0107719,-0.0151491,87475
0.0133881,0.0188284,87477
-0.00212422,-0.00298741,87478
-0.000969665,-0.0013637,87484
0.0034584,0.00486374,87510
0.00253529,0.00356553,87516
-0.0077375,-0.0108817,87523
0.0106311,0.0149511,87525
-0.00220321,-0.0030985,87526
-0.00216572,-0.00304578,87532
0.000256845,0.000361215,87540
-0.075512,-0.106197,87723
0.106565,0.149868,87725
-0.0133794,-0.0188162,87726
0.0328051,0.0461356,87731
-0.0422178,-0.0593734,87733
0.00730006,0.0102665,87734
0.00379852,0.00534207,87740
-0.0175374,-0.0246639,87766
-0.0140175,-0.0197137,87772
0.0365693,0.0514296,87779
-0.0521755,-0.0733773,87781
0.0116475,0.0163806,87782
0.0123759,0.017405,87788
-0.00145525,-0.0020466,87796
0.00698677,0.0098259,87831
-0.0455994,-0.064129,87835
0.0448968,0.063141,87837
-0.00559237,-0.00786487,87838
-0.00862192,-0.0121255,87847
0.0695423,0.0978013,87851
-0.0699647,-0.0983953,87853
0.00896553,0.0126087,87854
-0.0230733,-0.0324493,87859
0.0300313,0.0422347,87861
-0.00533958,-0.00750935,87862
-0.00291488,-0.00409937,87868
0.0166535,0.0234208,87894
0.0137348,0.0193161,87900
-0.0343449,-0.0483012,87907
0.0495615,0.0697012,87909
-0.0113137,-0.0159111,87910
-0.0123738,-0.0174019,87916
0.00145938,0.00205241,87924
-0.00197629,-0.00277937,87958
-0.00195085,-0.0027436,87964
0.00453708,0.00638076,87971
-0.00673557,-0.00947261,87973
0.00164668,0.00231582,87974
0.00216862,0.00304986,87980
-0.00030475,-0.000428588,87988
-8.9942e-05,-0.000126491,88036
-0.000846352,-0.00119027,88239
0.00133714,0.00188049,88247
-0.0049478,-0.00695838,88251
0.00453708,0.00638076,88253
-0.000513339,-0.000721938,88254
-0.00788738,-0.0110925,88279
0.0369654,0.0519866,88283
-0.0343449,-0.0483012,88285
0.0038425,0.00540393,88286
0.00659174,0.00927034,88295
-0.0386362,-0.0543364,88299
0.0365693,0.0514296,88301
-0.00413919,-0.00582119,88302
0.00653946,0.00919682,88307
-0.0077375,-0.0108817,88309
0.00110243,0.00155041,88310
0.000388378,0.000546199,88316
-0.000580684,-0.00081665,88351
0.00103868,0.00146076,88367
-0.00169023,-0.00237707,88375
0.006492,0.00913007,88379
-0.00599369,-0.00842927,88381
0.000682887,0.000960383,88382
0.0123313,0.0173423,88407
-0.0591504,-0.0831866,88411
0.0551775,0.0775993,88413
-0.0062081,-0.00873081,88414
-0.0105401,-0.0148231,88423
0.0631615,0.0888276,88427
-0.0600357,-0.0844316,88429
0.00684395,0.00962505,88430
-0.0110715,-0.0155704,88435
0.0131914,0.0185519,88437
-0.00190706,-0.00268201,88438
-0.000686006,-0.000964769,88444
-0.00410979,-0.00577984,88471
0.0240791,0.0338639,88475
-0.0230733,-0.0324493,88477
0.00270615,0.00380581,88478
0.00459558,0.00646302,88487
-0.0335151,-0.0471343,88491
0.0328051,0.0461356,88493
-0.0039439,-0.00554654,88494
0.00860442,0.0121009,88499
-0.0107719,-0.0151491,88501
0.00174651,0.00245622,88502
0.000821567,0.00115542,88508
-0.00300011,-0.00421923,88534
-0.00227337,-0.00319717,88540
0.00653946,0.00919682,88547
-0.00906771,-0.0127524,88549
0.00193021,0.00271456,88550
0.00196404,0.00276215,88556
-0.000235344,-0.000330978,88564
-0.075512,-0.106197,88749
0.0135861,0.0191069,88750
-0.0335151,-0.0471343,88755
0.0433549,0.0609725,88757
-0.00763518,-0.0107378,88758
-0.00407777,-0.00573481,88764
0.0189224,0.0266117,88790
0.0155525,0.0218724,88796
-0.0386362,-0.0543364,88803
0.0554119,0.077929,88805
-0.0126417,-0.0177788,88806
-0.0138279,-0.019447,88812
0.00164418,0.00231231,88820
-0.00695396,-0.00977976,88855
0.0461057,0.0648411,88859
-0.0455994,-0.064129,88861
0.00575763,0.00809729,88862
0.00867631,0.012202,88871
-0.0709155,-0.0997325,88875
0.0716527,0.100769,88877
-0.00931062,-0.0130941,88878
0.0240791,0.0338639,88883
-0.0314968,-0.0442958,88885
0.00570549,0.00802395,88886
0.00320032,0.0045008,88892
-0.0183087,-0.0257486,88918
-0.0155445,-0.0218611,88924
0.0369654,0.0519866,88931
-0.0535959,-0.075375,88933
0.012509,0.0175921,88934
0.0141026,0.0198332,88940
-0.00168574,-0.00237075,88948
0.00221008,0.00310816,88982
0.00227006,0.00319252,88988
-0.0049478,-0.00695838,88995
0.00738473,0.0103856,88997
-0.00185823,-0.00261333,88998
-0.0025517,-0.0035886,89004
0.000368576,0.00051835,89012
0.000112388,0.000158058,89060
-0.00127752,-0.00179665,89262
0.00459558,0.00646302,89267
-0.00605193,-0.00851118,89269
0.00113732,0.00159948,89270
0.000675968,0.000950652,89276
-0.00346674,-0.00487548,89302
-0.00317537,-0.00446571,89308
0.00659174,0.00927034,89315
-0.00964084,-0.0135585,89317
0.00238288,0.00335118,89318
0.00291084,0.00409368,89324
-0.000361166,-0.000507929,89332
0.00100176,0.00140883,89367
-0.00695396,-0.00977976,89371
0.00698677,0.0098259,89373
-0.000929185,-0.00130677,89374
-0.00129131,-0.00181605,89383
0.0109933,0.0154605,89387
-0.0112774,-0.0158601,89389
0.00154416,0.00217164,89390
-0.00410979,-0.00577984,89395
0.00548021,0.00770713,89397
-0.00106738,-0.00150112,89398
-0.000674662,-0.000948817,89404
0.00421891,0.0059333,89430
0.00403529,0.00567506,89436
-0.00788738,-0.0110925,89443
0.0116597,0.0163977,89445
-0.00296985,-0.00417667,89446
-0.00378417,-0.0053219,89452
0.000478891,0.000673492,89460
-0.000659705,-0.000927781,89494
-0.000807854,-0.00113613,89500
0.00133714,0.00188049,89507
-0.00204166,-0.0028713,89509
0.000582405,0.00081907,89510
0.000960663,0.00135104,89516
-0.000159311,-0.000224048,89524
-6.44332e-05,-9.06162e-05,89572
0.000173827,0.000244463,89780
0.000116644,0.000164044,89828
-0.00025285,-0.000355598,89878
-0.000372695,-0.000524143,89884
0.000465987,0.000655344,89891
-0.000723527,-0.00101754,89893
0.000235119,0.000330661,89894
0.000481751,0.000677515,89900
-0.000105065,-0.000147759,89908
-9.53106e-05,-0.000134041,89956
1.16046e-05,1.63202e-05,90020
-0.00121132,-0.00170355,91543
0.00746098,0.0104928,91547
-0.00727943,-0.0102375,91549
0.00090832,0.00127742,91550
0.00137737,0.00193708,91559
-0.0105187,-0.014793,91563
0.0104858,0.0147468,91565
-0.00134679,-0.00189407,91566
0.00285534,0.00401563,91571
-0.00365388,-0.00513867,91573
0.000646924,0.000909807,91574
0.000332743,0.000467956,91580
-0.00102916,-0.00144737,91612
0.00235496,0.00331192,91619
-0.00335061,-0.00471215,91621
0.000796798,0.00112058,91622
0.000914798,0.00128653,91628
-0.000114454,-0.000160963,91636
-0.00774704,-0.0108951,91827
0.0144911,0.0203796,91829
-0.00280428,-0.00394382,91830
-0.00165347,-0.00232537,91836
0.00684713,0.00962951,91868
-0.0136155,-0.0191482,91875
0.0199739,0.0280905,91877
-0.00507988,-0.00714412,91878
-0.00622647,-0.00875664,91884
0.000772681,0.00108667,91892
-0.00203509,-0.00286206,91927
0.0141437,0.0198911,91931
-0.0142682,-0.0200662,91933
0.00194291,0.00273242,91934
0.00257956,0.00362779,91943
-0.022024,-0.0309736,91947
0.0227003,0.0319248,91949
-0.00319005,-0.00448635,91950
0.00795603,0.011189,91955
-0.0106418,-0.0149662,91957
0.00212261,0.00298514,91958
0.0013191,0.00185513,91964
-0.00690142,-0.00970587,91996
0.0131397,0.0184791,92003
-0.0194689,-0.0273802,92005
0.00506551,0.00712391,92006
0.00639671,0.00899606,92012
-0.000799705,-0.00112467,92020
0.00105054,0.00147744,92060
-0.0018133,-0.00255015,92067
0.00276274,0.00388541,92069
-0.000779723,-0.00109657,92070
-0.00120813,-0.00169906,92076
0.000184836,0.000259945,92084
5.78664e-05,8.13809e-05,92132
-0.000295089,-0.000415001,92343
0.00120911,0.00170044,92347
-0.00113969,-0.00160282,92349
0.000137614,0.000193534,92350
0.00188242,0.00264735,92375
-0.00955824,-0.0134423,92379
0.0090957,0.0127918,92381
-0.00108869,-0.00153109,92382
-0.00161972,-0.0022779,92391
0.0102451,0.0144083,92395
-0.00993881,-0.0139775,92397
0.00121244,0.00170512,92398
-0.00189925,-0.00267103,92403
0.00232369,0.00326794,92405
-0.000371601,-0.000522604,92406
-0.000148319,-0.00020859,92412
0.000126884,0.000178444,92447
-0.000225711,-0.000317431,92463
0.000388269,0.000546045,92471
-0.00164327,-0.00231103,92475
0.00155855,0.00219188,92477
-0.000189742,-0.000266845,92478
-0.00304352,-0.00428028,92503
0.015762,0.022167,92507
-0.0150498,-0.0211654,92509
0.00181141,0.00254749,92510
0.00267488,0.00376183,92519
-0.0172357,-0.0242396,92523
0.0167796,0.0235981,92525
-0.00206058,-0.00289791,92526
0.00329553,0.00463469,92531
-0.0040535,-0.00570066,92533
0.000655181,0.000921419,92534
0.000264763,0.000372352,92540
0.00116806,0.00164272,92567
-0.00734482,-0.0103294,92571
0.00720912,0.0101386,92573
-0.000915519,-0.00128755,92574
-0.00134679,-0.00189407,92583
0.0104858,0.0147468,92587
-0.0105187,-0.014793,92589
0.00137737,0.00193708,92590
-0.00295927,-0.0041618,92595
0.00381949,0.00537157,92597
-0.000695404,-0.000977987,92598
-0.000371601,-0.000522604,92604
0.00121244,0.00170512,92636
-0.00259946,-0.00365577,92643
0.00373398,0.00525132,92645
-0.000915519,-0.00128755,92646
-0.00108869,-0.00153109,92652
0.000137614,0.000193534,92660
-0.0136379,-0.0191798,92853
0.00381949,0.00537157,92854
0.00232369,0.00326794,92860
-0.00993881,-0.0139775,92892
0.0187352,0.0263484,92899
-0.0276496,-0.0388852,92901
0.00720912,0.0101386,92902
0.0090957,0.0127918,92908
-0.00113969,-0.00160282,92916
0.00261543,0.00367823,92951
-0.0184697,-0.025975,92955
0.0187352,0.0263484,92957
-0.00259946,-0.00365577,92958
-0.0033491,-0.00471003,92967
0.0289981,0.0407817,92971
-0.0300497,-0.0422606,92973
0.00430374,0.0060526,92974
-0.010767,-0.0151423,92979
0.0144911,0.0203796,92981
-0.00295927,-0.0041618,92982
-0.00189925,-0.00267103,92988
0.0102451,0.0144083,93020
-0.0184697,-0.025975,93027
0.0275213,0.0387048,93029
-0.00734482,-0.0103294,93030
-0.00955824,-0.0134423,93036
0.00120911,0.00170044,93044
-0.00161972,-0.0022779,93084
0.00261543,0.00367823,93091
-0.00400967,-0.00563903,93093
0.00116806,0.00164272,93094
0.00188242,0.00264735,93100
-0.000295089,-0.000415001,93108
-9.56879e-05,-0.000134571,93156
-0.000582332,-0.000818967,93366
-0.000571558,-0.000803815,93372
0.00302929,0.00426027,93404
-0.0046851,-0.00658893,93411
0.00707229,0.00994617,93413
-0.00202159,-0.00284307,93414
-0.00285772,-0.00401898,93420
0.000374224,0.000526292,93428
-0.000522267,-0.000734494,93463
0.00389757,0.00548137,93467
-0.00404197,-0.00568445,93469
0.000605831,0.000852015,93470
0.000692319,0.000973648,93479
-0.00630375,-0.00886532,93483
0.00667265,0.00938413,93485
-0.00103118,-0.0014502,93486
0.00264842,0.00372463,93491
-0.00365388,-0.00513867,93493
0.000818886,0.00115165,93494
0.000605831,0.000852015,93500
-0.00404197,-0.00568445,93532
0.00590291,0.0083016,93539
-0.00899576,-0.0126513,93541
0.00264842,0.00372463,93542
0.00389757,0.00548137,93548
-0.000522267,-0.000734494,93556
0.000922973,0.00129803,93596
-0.00113424,-0.00159514,93603
0.00178401,0.00250895,93605
-0.000592974,-0.000833934,93606
-0.00113424,-0.00159514,93612
0.000202828,0.000285248,93620
8.85022e-05,0.000124466,93668
-0.000211775,-0.000297831,93924
0.000579749,0.000815335,93980
-0.000537113,-0.000755373,93987
0.000865505,0.00121721,93989
-0.000331762,-0.000466576,93990
-0.00078556,-0.00110478,93996
0.000184836,0.000259945,94004
0.000178903,0.000251601,94052
-2.14416e-05,-3.01546e-05,94116
-0.00026867,-0.000377846,95716
0.000976832,0.00137377,95972
-0.00214277,-0.0030135,96028
0.00148376,0.0020867,96035
-0.00247341,-0.00347849,96037
0.0011101,0.0015612,96038
0.00306261,0.00430712,96044
-0.000799705,-0.00112467,96052
-0.000863133,-0.00121387,96100
0.000102572,0.000144253,96164
-0.000337786,-0.000475048,96444
0.00295572,0.00415681,96476
-0.00338478,-0.00476021,96483
0.00526571,0.00740547,96485
-0.00173746,-0.00244349,96486
-0.00290101,-0.00407986,96492
0.000414676,0.000583182,96500
0.00214059,0.00301043,96539
-0.00229321,-0.00322507,96541
0.000390932,0.00054979,96542
0.000366294,0.00051514,96551
-0.00354806,-0.00498983,96555
0.00387664,0.00545194,96557
-0.000680093,-0.000956454,96558
0.00171799,0.00241611,96563
-0.00245245,-0.00344903,96565
0.000633845,0.000891413,96566
0.000569392,0.000800769,96572
-0.00440362,-0.00619306,96604
0.0047218,0.00664054,96611
-0.00741862,-0.0104332,96613
0.00253479,0.00356482,96614
0.00442337,0.00622084,96620
-0.000652237,-0.000917279,96628
0.00139248,0.00195832,96668
-0.00120813,-0.00169906,96675
0.00196581,0.00276463,96677
-0.000779723,-0.00109657,96678
-0.0018133,-0.00255015,96684
0.000374224,0.000526292,96692
0.000203567,0.000286288,96740
-0.000955871,-0.0013443,96996
0.00198626,0.00279339,97052
-0.00128984,-0.00181398,97059
0.00216712,0.00304775,97061
-0.00100767,-0.00141714,97062
-0.00287852,-0.00404822,97068
0.000772681,0.00108667,97076
0.000863273,0.00121407,97124
-0.000102929,-0.000144756,97188
0.000138848,0.00019527,97508
-0.000266047,-0.000374157,97564
0.000158654,0.000223124,97571
-0.000269292,-0.00037872,97573
0.000131208,0.000184525,97574
0.000396996,0.000558319,97580
-0.000114454,-0.000160963,97588
-0.000154739,-0.000217619,97636
2.19872e-05,3.09219e-05,97700
6.63499e-06,9.33117e-06,98084
-0.00826537,-0.0116241,112356
0.0159243,0.0223953,112412
0.0139982,0.0196865,112421
-0.00753203,-0.0105927,112422
-0.0230803,-0.0324591,112428
0.00639671,0.00899606,112436
0.00740851,0.010419,112484
-0.000902969,-0.0012699,112548
-0.01375,-0.0193374,112860
-0.0253909,-0.0357087,112869
0.0102519,0.0144179,112870
0.0193991,0.027282,112876
-0.00290101,-0.00407986,112884
0.00916298,0.0128864,112925
-0.00192727,-0.00271043,112926
-0.00137193,-0.00192943,112935
-0.0157994,-0.0222195,112941
0.00340562,0.00478952,112942
0.0110758,0.0155765,112949
-0.0035171,-0.00494629,112950
-0.0036505,-0.0051339,112956
0.0296689,0.0417251,112988
0.037077,0.0521435,112997
-0.0153935,-0.0216487,112998
-0.0302512,-0.042544,113004
0.00466625,0.00656242,113012
-0.00994665,-0.0139885,113052
-0.0105985,-0.0149053,113061
0.00506551,0.00712391,113062
0.0131397,0.0184791,113068
-0.00285772,-0.00401898,113076
-0.0016549,-0.00232739,113124
0.00812953,0.011433,113380
-0.0149653,-0.0210466,113436
-0.0126152,-0.0177415,113445
0.00696641,0.00979726,113446
0.0219389,0.0308539,113452
-0.00622647,-0.00875664,113460
-0.00743028,-0.0104496,113508
0.000908728,0.001278,113572
-0.00117262,-0.00164912,113892
0.00198626,0.00279339,113948
0.0015523,0.0021831,113957
-0.00089833,-0.00126337,113958
-0.00299536,-0.00421254,113964
0.000914798,0.00128653,113972
0.00132119,0.00185807,114020
-0.000192809,-0.000271158,114084
-5.70154e-05,-8.01841e-05,114468
-0.0166308,-0.0233889,116509
0.0028251,0.0039731,116510
0.00279864,0.00393589,116519
0.0270977,0.038109,116525
-0.00477103,-0.00670977,116526
-0.0142682,-0.0200662,116533
0.00369026,0.00518982,116534
0.0028251,0.0039731,116540
-0.0298584,-0.0419916,116581
0.0102519,0.0144179,116582
0.0159243,0.0223953,116588
-0.00214277,-0.0030135,116596
0.00458957,0.00645457,116645
-0.00173746,-0.00244349,116646
-0.00338478,-0.00476021,116652
0.000579749,0.000815335,116660
0.000205774,0.000289391,116708
-0.00132698,-0.0018662,116967
-0.0092008,-0.0129396,116973
0.00136909,0.00192543,116974
0.00247128,0.0034755,116981
-0.000512636,-0.000720949,116982
-0.000252525,-0.00035514,116988
9.06749e-05,0.000127521,117023
-0.000159485,-0.000224293,117039
0.000288978,0.000406406,117047
0.00135054,0.00189934,117053
-0.000198296,-0.000278875,117054
-0.0138054,-0.0194153,117085
0.00200238,0.00281606,117086
0.00225541,0.00317192,117095
0.015908,0.0223724,117101
-0.00238118,-0.0033488,117102
-0.00438175,-0.00616231,117109
0.00091427,0.00128579,117110
0.000451192,0.000634537,117116
0.00764049,0.0107453,117149
-0.00118924,-0.0016725,117150
-0.00132676,-0.00186589,117159
-0.0114932,-0.0161635,117165
0.00186024,0.00261617,117166
0.00473308,0.00665641,117173
-0.00111319,-0.00156555,117174
-0.000727246,-0.00102277,117180
0.00548259,0.00771048,117221
-0.00178109,-0.00250485,117222
-0.00261336,-0.00367532,117228
0.000352959,0.000496386,117236
-0.0321716,-0.0452448,117477
0.0155762,0.0219057,117478
0.0239652,0.0337036,117484
-0.00320172,-0.00450277,117492
0.0242406,0.034091,117533
-0.00420492,-0.00591363,117534
-0.00403625,-0.00567642,117543
-0.0397859,-0.0559532,117549
0.00715052,0.0100562,117550
0.0215504,0.0303076,117557
-0.00570092,-0.00801753,117558
-0.00449713,-0.00632457,117564
0.0467839,0.0657949,117605
-0.0164029,-0.0230684,117606
-0.0260644,-0.0366558,117612
0.00353586,0.00497268,117620
-0.00741879,-0.0104335,117669
0.00287738,0.00404663,117670
0.00575827,0.00809818,117676
-0.00100215,-0.00140938,117684
-0.000364486,-0.000512597,117732
-0.0041105,-0.00578084,117990
-0.00994665,-0.0139885,117996
0.00139248,0.00195832,118004
-0.00690142,-0.00970587,118045
0.0013191,0.00185513,118046
0.00109307,0.00153724,118055
0.0116636,0.0164032,118061
-0.00229828,-0.0032322,118062
-0.00727943,-0.0102375,118069
0.00212261,0.00298514,118070
0.00194291,0.00273242,118076
-0.0207418,-0.0291704,118117
0.00795603,0.011189,118118
0.0141437,0.0198911,118124
-0.00203509,-0.00286206,118132
0.00464614,0.00653414,118181
-0.00202159,-0.00284307,118182
-0.0046851,-0.00658893,118188
0.000922973,0.00129803,118196
0.000453386,0.000637622,118244
0.00275833,0.0038792,118565
-0.00138757,-0.00195142,118566
-0.00397917,-0.00559614,118572
0.00105054,0.00147744,118580
0.00116679,0.00164092,118628
-0.000145081,-0.000204035,118692
-0.00827335,-0.0116353,120676
0.0010205,0.00143519,120740
-0.01375,-0.0193374,121068
0.00295572,0.00415681,121076
0.00179493,0.00252431,121118
0.00122119,0.00171744,121127
0.0143347,0.0201598,121133
-0.00318209,-0.00447516,121134
-0.0103017,-0.0144879,121141
0.00336468,0.00473195,121142
0.00362429,0.00509704,121148
-0.035377,-0.0497527,121189
0.0150785,0.0212057,121190
0.0305835,0.0430113,121196
-0.00479704,-0.00674635,121204
0.0103478,0.0145527,121253
-0.00507988,-0.00714412,121254
-0.0136155,-0.0191482,121260
0.00302929,0.00426027,121268
0.00181464,0.00255203,121316
0.0126801,0.0178327,121637
-0.0071962,-0.0101204,121638
-0.0234662,-0.0330019,121644
0.00684713,0.00962951,121652
0.00847168,0.0119142,121700
-0.00105122,-0.00147839,121764
-0.0015658,-0.00220207,122149
0.000935311,0.00131538,122150
0.00325063,0.00457154,122156
-0.00102916,-0.00144737,122164
-0.00156104,-0.00219538,122212
0.000234793,0.000330203,122276
7.21988e-05,0.000101537,122660
-0.00023179,-0.000325979,124836
-0.000337786,-0.000475048,125172
-0.000147033,-0.000206781,125223
-0.00178292,-0.00250742,125229
0.000412887,0.000580667,125230
0.00133975,0.00188416,125237
-0.0004564,-0.000641862,125238
-0.000535374,-0.000752927,125244
0.00485843,0.00683269,125285
-0.00216926,-0.00305075,125286
-0.00477573,-0.00671638,125292
0.000796999,0.00112087,125300
-0.00152885,-0.00215011,125349
0.000796798,0.00112058,125350
0.00235496,0.00331192,125356
-0.000571558,-0.000803815,125364
-0.000395083,-0.000555627,125412
-0.00226591,-0.00318668,125733
0.00138842,0.00195261,125734
0.00509367,0.00716352,125740
-0.00165347,-0.00232537,125748
-0.0023538,-0.00331028,125796
0.000310487,0.000436655,125860
0.000333932,0.000469627,126245
-0.000221369,-0.000311324,126246
-0.000901906,-0.0012684,126252
0.000332743,0.000467956,126260
0.000619781,0.000871634,126308
-0.000107997,-0.000151882,126372
-4.53341e-05,-6.37559e-05,126756
9.84676e-05,0.000138481,129317
-6.99814e-05,-9.84189e-05,129318
-0.000326505,-0.000459183,129324
0.00014144,0.000198916,129332
0.000334219,0.000470031,129380
-7.79613e-05,-0.000109641,129444
-7.57779e-05,-0.000106571,129828
9.36891e-06,1.3176e-05,130340
-9.73675e-06,-1.36934e-05,149823
-0.000126718,-0.000178211,149871
8.06015e-05,0.000113355,149879
0.000132805,0.000186772,149885
-1.63614e-05,-2.301e-05,149886
0.000117499,0.000165245,149935
-0.000115159,-0.000161954,149943
-0.00024683,-0.000347131,149949
2.99647e-05,4.2141e-05,149950
-0.000280205,-0.000394069,149991
-0.00122797,-0.00172696,149997
0.000148429,0.000208745,149998
0.000222508,0.000312926,150005
-3.21502e-05,-4.52147e-05,150006
0.000581162,0.000817321,150319
-0.00074711,-0.0010507,150327
-0.00199715,-0.00280871,150333
0.00025063,0.000352475,150334
-0.00308405,-0.00433727,150375
-0.0147118,-0.02069,150381
0.00184073,0.00258872,150382
0.00272525,0.00383267,150389
-0.000413153,-0.00058104,150390
0.000691554,0.000972573,150439
0.00418487,0.00588543,150445
-0.000554286,-0.000779525,150446
-0.00110711,-0.00155699,150453
0.000193099,0.000271566,150454
-0.000596992,-0.000839584,150501
0.000138328,0.000194539,150502
-0.000253317,-0.000356254,150831
0.000377715,0.000531202,150839
0.00121513,0.00170891,150845
-0.00015966,-0.000224539,150846
0.00202914,0.0028537,150887
0.0108886,0.0153133,150893
-0.00143032,-0.00201154,150894
-0.00219351,-0.00308486,150901
0.00035793,0.000503378,150902
-0.000681296,-0.000958146,150951
-0.00462526,-0.00650477,150957
0.000642209,0.000903175,150958
0.00138548,0.00194848,150965
-0.000257355,-0.000361933,150966
0.000998776,0.00140464,151013
-0.000245133,-0.000344745,151014
-0.000486417,-0.000684076,151335
-0.00556691,-0.00782907,151341
0.000848172,0.00119283,151342
0.00234211,0.00329385,151349
-0.000500265,-0.000703551,151350
0.00381845,0.00537011,151397
-0.00106228,-0.00149395,151398
-0.000530633,-0.000746259,151461
0.000158746,0.000223254,151462
0.0063941,0.00899239,153959
0.0386708,0.054385,153965
-0.00539656,-0.00758949,153966
-0.00872089,-0.0122647,153973
0.00156731,0.0022042,153974
-0.00286068,-0.00402314,154023
-0.0215613,-0.030323,154029
0.00318999,0.00448627,154030
0.00730504,0.0102735,154037
-0.00148433,-0.0020875,154038
-0.00174553,-0.00245484,154086
-0.0341663,-0.0480501,154413
0.007787,0.0109513,154414
0.0219574,0.03088,154421
-0.00502699,-0.00706975,154422
-0.0116092,-0.0163267,154470
0.00175659,0.0024704,154534
-0.00094442,-0.00132819,154926
-0.0039317,-0.00552938,154933
0.000980041,0.00137829,154934
0.00289513,0.00407159,154982
-0.00058864,-0.000827838,155046
0.00090832,0.00127742,158119
0.00746098,0.0104928,158125
-0.00121132,-0.00170355,158126
-0.00280428,-0.00394382,158133
0.000646924,0.000909807,158134
-0.00774704,-0.0108951,158517
0.00285534,0.00401563,158518
-0.000582332,-0.000818967,159030
! m= 2 ; q= ( 0 0 0  ) 
[ 
energy=  -4.42005 
energy=  -4.17346 
energy=  -4.12332 
energy=  -4.01907 
energy=  -3.96885 
energy=  -3.93888 
energy=  -3.83375 
energy=  -3.76737 
energy=  -3.67368 
energy=  -3.60079 
energy=   -3.4605 
energy=  -3.36103 
energy=  -3.24629 
energy=  -3.11482 
energy=  -2.98709 
energy=  -2.86114 
energy=   -2.7005 
energy=  -2.55186 
energy=  -2.37949 
energy=   -2.2174 
energy=  -2.04977 
energy=   -1.8788 
energy=  -1.69818 
energy=  -1.51209 
energy=  -1.32959 
energy=  -1.14306 
energy=  -0.95703 
energy=  -0.76326 
energy= -0.579131 
energy=  -0.38668 
energy= -0.197885 
energy= 0.000555073 
energy=  0.182985 
energy=   0.37264 
energy=  0.564378 
energy=  0.744238 
energy=   0.92813 
energy=   1.10958 
energy=   1.28436 
energy=   1.45197 
energy=   1.62667 
energy=   1.78458 
energy=   1.95242 
energy=   2.10644 
energy=   2.25045 
energy=   2.38469 
energy=   2.51236 
energy=   2.64757 
energy=   2.77246 
energy=   2.88211 
energy=   2.98294 
energy=   3.07814 
energy=   3.15635 
energy=   3.22748 
energy=   3.31093 
energy=   3.34156 
energy=   3.38461 
energy=   3.41677 
energy=   3.57291 
energy=    3.7455 
] 
! m= 2 ; q= ( 0 0 1  ) 
[ 
energy=  -4.53162 
energy=  -4.17912 
energy=  -4.13031 
energy=   -4.0106 
energy=  -3.96848 
energy=  -3.92099 
energy=  -3.83192 
energy=   -3.6673 
energy=  -3.59649 
energy=  -3.43385 
energy=  -3.33724 
energy=  -3.18148 
energy=   -3.0083 
energy=  -2.84707 
energy=  -2.66796 
energy=  -2.48023 
energy=  -2.29401 
energy=   -2.1029 
energy=  -1.89321 
energy=  -1.69169 
energy=  -1.47573 
energy=  -1.26017 
energy=  -1.04456 
energy=  -0.82077 
energy= -0.595236 
energy= -0.378065 
energy= -0.153228 
energy= 0.0697891 
energy=  0.298755 
energy=  0.513781 
energy=  0.736051 
energy=  0.953811 
energy=   1.14439 
energy=   1.36227 
energy=     1.563 
energy=   1.77191 
energy=   1.93854 
energy=   2.12948 
energy=   2.29394 
energy=    2.4088 
energy=   2.59436 
energy=   2.74783 
energy=   2.86675 
energy=   2.97786 
energy=   3.10356 
energy=   3.16988 
energy=   3.27735 
energy=   3.31225 
energy=   3.40213 
energy=   3.41511 
energy=   3.48755 
energy=   3.66677 
] 
! m= 2 ; q= ( 0 0 2  ) 
[ 
energy=  -4.72729 
energy=  -4.21346 
energy=  -4.14914 
energy=  -3.99789 
energy=  -3.92053 
energy=   -3.8125 
energy=  -3.72246 
energy=  -3.60237 
energy=  -3.44179 
energy=   -3.2841 
energy=   -3.1188 
energy=  -2.93602 
energy=  -2.71761 
energy=  -2.53195 
energy=  -2.31514 
energy=  -2.08322 
energy=  -1.85123 
energy=  -1.62442 
energy=  -1.37352 
energy=  -1.13337 
energy= -0.889624 
energy= -0.631148 
energy= -0.372671 
energy= -0.128506 
energy=  0.128158 
energy=  0.376733 
energy=  0.635686 
energy=   0.87666 
energy=   1.09434 
energy=   1.34528 
energy=   1.57488 
energy=   1.78692 
energy=    1.9978 
energy=   2.21236 
energy=   2.36737 
energy=   2.53908 
energy=   2.74556 
energy=   2.84938 
energy=   3.00479 
energy=   3.11105 
energy=   3.25816 
energy=   3.32974 
energy=   3.39905 
energy=   3.43811 
energy=   3.49927 
energy=   3.59703 
] 
! m= 2 ; q= ( 0 0 3  ) 
[ 
energy=   -4.8227 
energy=  -4.21412 
energy=  -4.16935 
energy=  -4.00066 
energy=  -3.92663 
energy=  -3.83897 
energy=  -3.68263 
energy=   -3.5679 
energy=  -3.39189 
energy=  -3.22084 
energy=  -3.01086 
energy=  -2.80991 
energy=  -2.58666 
energy=  -2.36115 
energy=  -2.10906 
energy=  -1.86517 
energy=  -1.61678 
energy=   -1.3502 
energy=  -1.08513 
energy= -0.820742 
energy= -0.545996 
energy= -0.277833 
energy= -0.00567491 
energy=  0.261515 
energy=  0.532814 
energy=  0.794343 
energy=   1.04577 
energy=   1.31131 
energy=    1.5463 
energy=   1.78306 
energy=    2.0009 
energy=    2.2342 
energy=   2.37393 
energy=   2.59432 
energy=   2.73848 
energy=   2.84802 
energy=    3.0479 
energy=   3.14943 
energy=   3.28234 
energy=   3.40562 
energy=    3.4315 
energy=   3.45305 
energy=    3.5369 
] 
! m= 2 ; q= ( 0 0 4  ) 
[ 
energy=  -4.72729 
energy=  -4.21346 
energy=  -4.14914 
energy=  -3.99227 
energy=  -3.92097 
energy=  -3.81387 
energy=  -3.67579 
energy=  -3.58143 
energy=  -3.39525 
energy=   -3.2261 
energy=   -3.0139 
energy=  -2.83998 
energy=  -2.62869 
energy=  -2.39398 
energy=  -2.18095 
energy=  -1.94295 
energy=  -1.68963 
energy=  -1.43457 
energy=  -1.18185 
energy= -0.926742 
energy= -0.656435 
energy= -0.393564 
energy= -0.130343 
energy=  0.126576 
energy=  0.389613 
energy=  0.652744 
energy=  0.911705 
energy=   1.14772 
energy=   1.38986 
energy=   1.63912 
energy=   1.83212 
energy=   2.06007 
energy=   2.29626 
energy=   2.41879 
energy=   2.65232 
energy=   2.80013 
energy=   2.89611 
energy=   3.03511 
energy=   3.16466 
energy=   3.26796 
energy=   3.33092 
energy=   3.40444 
energy=   3.49927 
energy=   3.59703 
] 
! m= 2 ; q= ( 0 0 5  ) 
[ 
energy=  -4.53162 
energy=  -4.17912 
energy=  -4.13031 
energy=  -4.00231 
energy=  -3.96154 
energy=  -3.92898 
energy=   -3.8232 
energy=  -3.69799 
energy=  -3.62315 
energy=  -3.50042 
energy=  -3.37679 
energy=  -3.22973 
energy=  -3.08833 
energy=  -2.93647 
energy=  -2.76526 
energy=  -2.58892 
energy=  -2.40412 
energy=  -2.23405 
energy=   -2.0334 
energy=  -1.82584 
energy=  -1.63668 
energy=  -1.42968 
energy=  -1.22129 
energy=  -1.00947 
energy= -0.791944 
energy=  -0.57913 
energy= -0.369985 
energy=  -0.15532 
energy= 0.0579617 
energy=  0.280477 
energy=  0.484203 
energy=  0.700941 
energy=  0.912907 
energy=   1.09499 
energy=   1.32395 
energy=    1.5001 
energy=   1.70246 
energy=   1.84942 
energy=   2.04936 
energy=    2.2027 
energy=   2.38235 
energy=   2.52809 
energy=   2.65749 
energy=   2.75903 
energy=   2.89507 
energy=   3.01137 
energy=   3.15977 
energy=   3.18215 
energy=   3.28609 
energy=   3.35439 
energy=   3.40225 
energy=   3.44291 
energy=   3.48755 
energy=   3.66677 
] 
q-vector: ( 0, 0, 0, 3)
Groundstate 
2.02267e-10,9.18005e-11,2047
-3.37627e-10,-1.65005e-10,3071
5.99212e-10,2.79916e-10,3583
-3.39555e-09,-1.61591e-09,3839
4.26524e-09,2.02597e-09,3967
-3.60062e-09,-1.71212e-09,4031
1.20988e-08,5.747e-09,4063
-1.17266e-08,-5.57606e-09,4079
2.59767e-09,1.23212e-09,4087
-1.29618e-09,-6.13757e-10,4091
6.56749e-10,3.13786e-10,4093
-5.49824e-11,-2.26117e-11,4094
4.65743e-10,2.17021e-10,5119
-8.39202e-09,-3.9912e-09,5631
4.8936e-08,2.32625e-08,5887
-6.09107e-08,-2.89548e-08,6015
4.93064e-08,2.34368e-08,6079
-1.5187e-07,-7.21958e-08,6111
1.46341e-07,6.95614e-08,6127
-3.2739e-08,-1.55639e-08,6135
1.62203e-08,7.70899e-09,6139
-8.20616e-09,-3.90118e-09,6141
6.578e-10,3.12309e-10,6142
9.24288e-09,4.3907e-09,6655
-6.58242e-08,-3.12903e-08,6911
8.85787e-08,4.21058e-08,7039
-8.78923e-08,-4.178e-08,7103
2.97017e-07,1.41185e-07,7135
-2.88562e-07,-1.3717e-07,7151
6.43719e-08,3.05984e-08,7159
-3.19752e-08,-1.51999e-08,7163
1.62207e-08,7.70723e-09,7165
-1.29567e-09,-6.15111e-10,7166
4.17448e-08,1.98429e-08,7423
-7.79155e-08,-3.70368e-08,7551
1.35319e-07,6.4323e-08,7615
-5.85956e-07,-2.78539e-07,7647
5.79982e-07,2.75693e-07,7663
-1.28837e-07,-6.12464e-08,7671
6.43705e-08,3.05983e-08,7675
-3.27388e-08,-1.55651e-08,7677
2.59553e-09,1.23536e-09,7678
4.34169e-08,2.0638e-08,7807
-4.95502e-07,-2.35541e-07,7871
2.64602e-06,1.2578e-06,7903
-2.64142e-06,-1.25561e-06,7919
5.79979e-07,2.75694e-07,7927
-2.88564e-07,-1.37169e-07,7931
1.46339e-07,6.95605e-08,7933
-1.17306e-08,-5.57462e-09,7934
4.02374e-07,1.9127e-07,7999
-2.6171e-06,-1.24405e-06,8031
2.64602e-06,1.25779e-06,8047
-5.85955e-07,-2.78539e-07,8055
2.97014e-07,1.41187e-07,8059
-1.51871e-07,-7.21957e-08,8061
1.20953e-08,5.74855e-09,8062
4.02375e-07,1.91268e-07,8095
-4.95501e-07,-2.3554e-07,8111
1.35319e-07,6.43218e-08,8119
-8.78921e-08,-4.17792e-08,8123
4.93059e-08,2.34365e-08,8125
-3.60012e-09,-1.71312e-09,8126
4.34189e-08,2.06363e-08,8143
-7.79124e-08,-3.70398e-08,8151
8.85798e-08,4.21039e-08,8155
-6.0909e-08,-2.89576e-08,8157
4.26727e-09,2.02419e-09,8158
4.17462e-08,1.98419e-08,8167
-6.58245e-08,-3.12912e-08,8171
4.89407e-08,2.32597e-08,8173
-3.39558e-09,-1.61559e-09,8174
9.24144e-09,4.39153e-09,8179
-8.39178e-09,-3.99136e-09,8181
5.9888e-10,2.81731e-10,8182
4.6541e-10,2.2017e-10,8185
-3.40818e-10,-1.5895e-10,8186
2.00843e-10,9.53851e-11,8188
-1.99686e-09,-9.50572e-10,9215
4.46705e-08,2.12362e-08,9727
-3.2223e-07,-1.53175e-07,9983
5.05056e-07,2.4008e-07,10111
-7.13536e-07,-3.39181e-07,10175
2.74568e-06,1.30517e-06,10207
-2.70449e-06,-1.28559e-06,10223
6.08022e-07,2.89024e-07,10231
-3.00786e-07,-1.4298e-07,10235
1.5162e-07,7.20724e-08,10237
-1.22038e-08,-5.8001e-09,10238
-6.57001e-08,-3.12326e-08,10751
5.45164e-07,2.59147e-07,11007
-8.8569e-07,-4.21017e-07,11135
1.30492e-06,6.20299e-07,11199
-5.05251e-06,-2.40174e-06,11231
4.97693e-06,2.36581e-06,11247
-1.11706e-06,-5.31001e-07,11255
5.5327e-07,2.62999e-07,11259
-2.79372e-07,-1.328e-07,11261
2.23843e-08,1.06415e-08,11262
-6.08815e-07,-2.89402e-07,11519
1.1845e-06,5.63058e-07,11647
-2.26676e-06,-1.07752e-06,11711
1.01105e-05,4.80606e-06,11743
-1.0048e-05,-4.77635e-06,11759
2.24508e-06,1.06721e-06,11767
-1.11511e-06,-5.30072e-07,11771
5.63954e-07,2.68078e-07,11773
-4.4905e-08,-2.13455e-08,11774
-7.84506e-07,-3.72919e-07,11903
9.24962e-06,4.39685e-06,11967
-4.98576e-05,-2.37e-05,11999
4.98689e-05,2.37054e-05,12015
-1.10075e-05,-5.23248e-06,12023
5.45347e-06,2.59233e-06,12027
-2.7542e-06,-1.30922e-06,12029
2.21089e-07,1.05097e-07,12030
-7.57619e-06,-3.60138e-06,12095
4.96323e-05,2.35929e-05,12127
-5.02709e-05,-2.38965e-05,12143
1.11952e-05,5.32169e-06,12151
-5.6581e-06,-2.6896e-06,12155
2.88387e-06,1.37086e-06,12157
-2.2973e-07,-1.09203e-07,12158
-7.64763e-06,-3.63534e-06,12191
9.44219e-06,4.48839e-06,12207
-2.60633e-06,-1.23893e-06,12215
1.71235e-06,8.13976e-07,12219
-9.64975e-07,-4.58705e-07,12221
6.99468e-08,3.32503e-08,12222
-8.3825e-07,-3.98466e-07,12239
1.54989e-06,7.36749e-07,12247
-1.85962e-06,-8.83981e-07,12251
1.29412e-06,6.15168e-07,12253
-8.89008e-08,-4.22603e-08,12254
-8.40712e-07,-3.99637e-07,12263
1.41608e-06,6.73141e-07,12267
-1.06219e-06,-5.04918e-07,12269
7.21466e-08,3.42956e-08,12270
-1.9739e-07,-9.38323e-08,12275
1.8093e-07,8.6006e-08,12277
-1.27032e-08,-6.03802e-09,12278
-1.01137e-08,-4.80509e-09,12281
7.23356e-09,3.44095e-09,12282
-4.31013e-09,-2.04528e-09,12284
3.46807e-08,1.64859e-08,12799
-3.53249e-07,-1.6792e-07,13055
6.7004e-07,3.18506e-07,13183
-1.21324e-06,-5.76717e-07,13247
4.97367e-06,2.36426e-06,13279
-4.92324e-06,-2.34028e-06,13295
1.10701e-06,5.2622e-07,13303
-5.46904e-07,-2.59974e-07,13307
2.75083e-07,1.30761e-07,13309
-2.23171e-08,-1.06083e-08,13310
3.712e-06,1.76452e-06,13567
-7.17127e-06,-3.4089e-06,13695
1.44323e-05,6.86047e-06,13759
-6.63382e-05,-3.15342e-05,13791
6.62475e-05,3.1491e-05,13807
-1.49608e-05,-7.11169e-06,13815
7.47019e-06,3.55099e-06,13819
-3.77077e-06,-1.79245e-06,13821
3.08086e-07,1.46452e-07,13822
5.80737e-06,2.76056e-06,13951
-7.06079e-05,-3.35638e-05,14015
0.000382515,0.00018183,14047
-0.000383395,-0.000182249,14063
8.53942e-05,4.05925e-05,14071
-4.22475e-05,-2.00826e-05,14075
2.12001e-05,1.00776e-05,14077
-1.75163e-06,-8.32647e-07,14078
5.81388e-05,2.76365e-05,14143
-0.000381375,-0.000181289,14175
0.000386995,0.00018396,14191
-8.70335e-05,-4.13718e-05,14199
4.40737e-05,2.09506e-05,14203
-2.23836e-05,-1.06401e-05,14205
1.83489e-06,8.72226e-07,14206
5.80903e-05,2.76135e-05,14239
-7.19386e-05,-3.41964e-05,14255
2.02021e-05,9.60316e-06,14263
-1.36891e-05,-6.5072e-06,14267
7.83783e-06,3.72575e-06,14269
-5.88133e-07,-2.79569e-07,14270
6.41163e-06,3.0478e-06,14287
-1.21064e-05,-5.75485e-06,14295
1.54946e-05,7.36544e-06,14299
-1.10648e-05,-5.25971e-06,14301
8.05633e-07,3.82962e-07,14302
6.59743e-06,3.13612e-06,14311
-1.19879e-05,-5.69852e-06,14315
9.2205e-06,4.38301e-06,14317
-6.68747e-07,-3.17893e-07,14318
1.69307e-06,8.0481e-07,14323
-1.58974e-06,-7.55691e-07,14325
1.21421e-07,5.77185e-08,14326
9.20592e-08,4.37617e-08,14329
-6.75774e-08,-3.21206e-08,14330
3.99163e-08,1.89746e-08,14332
-3.29719e-06,-1.56733e-06,14591
6.1949e-06,2.94478e-06,14719
-1.24514e-05,-5.91882e-06,14783
5.80433e-05,2.75912e-05,14815
-5.81079e-05,-2.76219e-05,14831
1.31977e-05,6.27359e-06,14839
-6.65569e-06,-3.16382e-06,14843
3.37553e-06,1.60457e-06,14845
-2.77502e-07,-1.3191e-07,14846
-5.98193e-06,-2.84354e-06,14975
7.47599e-05,3.55375e-05,15039
-0.00040828,-0.000194078,15071
0.000409844,0.000194821,15087
-9.18405e-05,-4.36568e-05,15095
4.58344e-05,2.17876e-05,15099
-2.30873e-05,-1.09747e-05,15101
1.92339e-06,9.14295e-07,15102
-6.25675e-05,-2.97418e-05,15167
0.000413714,0.000196661,15199
-0.000420678,-0.000199971,15215
9.55308e-05,4.5411e-05,15223
-4.92772e-05,-2.34242e-05,15227
2.52779e-05,1.2016e-05,15229
-2.08588e-06,-9.91529e-07,15230
-6.44914e-05,-3.06563e-05,15263
8.04895e-05,3.82611e-05,15279
-2.3632e-05,-1.12336e-05,15287
1.77242e-05,8.4253e-06,15291
-1.06356e-05,-5.05568e-06,15293
8.00418e-07,3.80483e-07,15294
-7.60948e-06,-3.6172e-06,15311
1.66242e-05,7.90239e-06,15319
-2.67231e-05,-1.27029e-05,15323
1.9952e-05,9.48428e-06,15325
-1.44746e-06,-6.88054e-07,15326
-9.60267e-06,-4.56467e-06,15335
2.22449e-05,1.05742e-05,15339
-1.76143e-05,-8.37304e-06,15341
1.26931e-06,6.03372e-07,15342
-3.07304e-06,-1.46078e-06,15347
2.97491e-06,1.41414e-06,15349
-2.33774e-07,-1.11124e-07,15350
-1.78337e-07,-8.47712e-08,15353
1.29493e-07,6.15551e-08,15354
-7.67792e-08,-3.64968e-08,15356
7.93163e-07,3.77034e-07,15487
-1.24338e-05,-5.91049e-06,15551
7.6398e-05,3.63162e-05,15583
-7.77479e-05,-3.69578e-05,15599
1.8444e-05,8.76744e-06,15607
-1.07023e-05,-5.08741e-06,15611
5.89079e-06,2.80021e-06,15613
-4.8968e-07,-2.32772e-07,15614
1.30181e-05,6.1882e-06,15679
-9.72401e-05,-4.62235e-05,15711
0.000100745,4.78894e-05,15727
-2.49311e-05,-1.18511e-05,15735
1.58784e-05,7.54788e-06,15739
-9.14013e-06,-4.3448e-06,15741
7.46868e-07,3.55026e-07,15742
2.08882e-05,9.92932e-06,15775
-2.76687e-05,-1.31524e-05,15791
1.1105e-05,5.27883e-06,15799
-1.37233e-05,-6.52344e-06,15803
9.69402e-06,4.6081e-06,15805
-7.29005e-07,-3.46535e-07,15806
4.14934e-06,1.97241e-06,15823
-1.68574e-05,-8.01322e-06,15831
4.40194e-05,2.09248e-05,15835
-3.51394e-05,-1.67037e-05,15837
2.55214e-06,1.21317e-06,15838
1.14878e-05,5.46079e-06,15847
-4.08027e-05,-1.93957e-05,15851
3.35867e-05,1.59656e-05,15853
-2.42081e-06,-1.15074e-06,15854
5.46883e-06,2.59963e-06,15859
-5.52361e-06,-2.62567e-06,15861
4.53227e-07,2.15443e-07,15862
3.47249e-07,1.65068e-07,15865
-2.49351e-07,-1.18529e-07,15866
1.48329e-07,7.05093e-08,15868
-1.13976e-06,-5.4179e-07,15935
1.08341e-05,5.15005e-06,15967
-1.20579e-05,-5.73176e-06,15983
4.06338e-06,1.93155e-06,15991
-4.36574e-06,-2.07527e-06,15995
3.02424e-06,1.43759e-06,15997
-2.35889e-07,-1.12129e-07,15998
-1.91218e-05,-9.08963e-06,16031
2.8516e-05,1.35552e-05,16047
-1.94947e-05,-9.26691e-06,16055
3.76744e-05,1.79087e-05,16059
-2.91004e-05,-1.3833e-05,16061
2.194e-06,1.04293e-06,16062
-8.91132e-06,-4.23604e-06,16079
5.80054e-05,2.75732e-05,16087
-0.000181151,-8.61112e-05,16091
0.000147778,7.02467e-05,16093
-1.08538e-05,-5.15942e-06,16094
-4.27152e-05,-2.03049e-05,16103
0.000173062,8.2266e-05,16107
-0.000144352,-6.86182e-05,16109
1.05298e-05,5.0054e-06,16110
-2.28493e-05,-1.08615e-05,16115
2.33795e-05,1.11136e-05,16117
-1.95926e-06,-9.31338e-07,16118
-1.48918e-06,-7.07882e-07,16121
1.06952e-06,5.08405e-07,16122
-6.35814e-07,-3.02236e-07,16124
1.16459e-05,5.53594e-06,16159
-1.77555e-05,-8.44017e-06,16175
1.39233e-05,6.6185e-06,16183
-2.93424e-05,-1.3948e-05,16187
2.29863e-05,1.09266e-05,16189
-1.73334e-06,-8.23953e-07,16190
7.58849e-06,3.60723e-06,16207
-5.47808e-05,-2.60403e-05,16215
0.00017636,8.38338e-05,16219
-0.000144378,-6.86308e-05,16221
1.06162e-05,5.04644e-06,16222
4.12644e-05,1.96152e-05,16231
-0.000170985,-8.12786e-05,16235
0.000142953,6.79534e-05,16237
-1.0444e-05,-4.9646e-06,16238
2.2599e-05,1.07426e-05,16243
-2.31979e-05,-1.10272e-05,16245
1.95314e-06,9.28438e-07,16246
1.49015e-06,7.08351e-07,16249
-1.07014e-06,-5.08691e-07,16250
6.35811e-07,3.02235e-07,16252
-7.63629e-07,-3.62994e-07,16271
7.11199e-06,3.38072e-06,16279
-2.62142e-05,-1.2461e-05,16283
2.16858e-05,1.03084e-05,16285
-1.58597e-06,-7.539e-07,16286
-6.51486e-06,-3.09687e-06,16295
3.07578e-05,1.46209e-05,16299
-2.59626e-05,-1.23415e-05,16301
1.89403e-06,9.00337e-07,16302
-4.7152e-06,-2.24139e-06,16307
4.90665e-06,2.3324e-06,16309
-4.21321e-07,-2.00276e-07,16310
-3.48015e-07,-1.65428e-07,16313
2.51306e-07,1.19462e-07,16314
-1.48332e-07,-7.05087e-08,16316
3.91368e-07,1.8604e-07,16327
-2.37134e-06,-1.12723e-06,16331
2.0626e-06,9.80467e-07,16333
-1.52826e-07,-7.26421e-08,16334
2.31395e-06,1.09994e-06,16339
-2.37871e-06,-1.13073e-06,16341
2.04369e-07,9.71513e-08,16342
1.73033e-07,8.22532e-08,16345
-1.30347e-07,-6.19596e-08,16346
7.67797e-08,3.6497e-08,16348
-1.25025e-06,-5.94314e-07,16355
1.24394e-06,5.91312e-07,16357
-1.03009e-07,-4.8964e-08,16358
-8.52031e-08,-4.05006e-08,16361
6.73909e-08,3.20365e-08,16362
-3.99151e-08,-1.89736e-08,16364
8.08098e-09,3.8422e-09,16369
-7.00487e-09,-3.32811e-09,16370
4.30792e-09,2.04934e-09,16372
1.99683e-09,9.49183e-10,17407
-4.42551e-08,-2.10394e-08,17919
3.39893e-07,1.61568e-07,18175
-5.75849e-07,-2.73734e-07,18303
9.25567e-07,4.39971e-07,18367
-3.71086e-06,-1.76398e-06,18399
3.67341e-06,1.74617e-06,18415
-8.32063e-07,-3.95526e-07,18423
4.10637e-07,1.95198e-07,18427
-2.05609e-07,-9.77398e-08,18429
1.69467e-08,8.05469e-09,18430
6.77942e-08,3.22245e-08,18943
-5.81594e-07,-2.76464e-07,19199
1.00835e-06,4.79321e-07,19327
-1.65142e-06,-7.85012e-07,19391
6.61245e-06,3.14326e-06,19423
-6.54281e-06,-3.11015e-06,19439
1.48023e-06,7.0363e-07,19447
-7.31289e-07,-3.47622e-07,19451
3.66751e-07,1.74337e-07,19453
-3.0112e-08,-1.43138e-08,19454
7.43163e-07,3.53265e-07,19711
-1.46129e-06,-6.94633e-07,19839
2.87973e-06,1.36889e-06,19903
-1.30015e-05,-6.18032e-06,19935
1.29551e-05,6.15825e-06,19951
-2.91747e-06,-1.38683e-06,19959
1.4444e-06,6.86604e-07,19963
-7.25387e-07,-3.44819e-07,19965
5.91641e-08,2.8125e-08,19966
1.00675e-06,4.78561e-07,20095
-1.20325e-05,-5.7197e-06,20159
6.52543e-05,3.10189e-05,20191
-6.53988e-05,-3.10876e-05,20207
1.45521e-05,6.91739e-06,20215
-7.19007e-06,-3.41783e-06,20219
3.60689e-06,1.71455e-06,20221
-2.96601e-07,-1.4099e-07,20222
9.89898e-06,4.70552e-06,20287
-6.51959e-05,-3.09912e-05,20319
6.61705e-05,3.14545e-05,20335
-1.48704e-05,-7.06874e-06,20343
7.51753e-06,3.57349e-06,20347
-3.81374e-06,-1.81288e-06,20349
3.10786e-07,1.47733e-07,20350
1.01198e-05,4.8105e-06,20383
-1.25388e-05,-5.9604e-06,20399
3.528e-06,1.67705e-06,20407
-2.38292e-06,-1.13273e-06,20411
1.35697e-06,6.45042e-07,20413
-9.97759e-08,-4.74294e-08,20414
1.1344e-06,5.39243e-07,20431
-2.202e-06,-1.04673e-06,20439
2.86717e-06,1.36292e-06,20443
-2.03004e-06,-9.64991e-07,20445
1.40098e-07,6.6595e-08,20446
1.2162e-06,5.78126e-07,20455
-2.25042e-06,-1.06975e-06,20459
1.70943e-06,8.12586e-07,20461
-1.16395e-07,-5.5329e-08,20462
3.11562e-07,1.48103e-07,20467
-2.89343e-07,-1.37541e-07,20469
2.06898e-08,9.83502e-09,20470
1.6428e-08,7.81048e-09,20473
-1.17544e-08,-5.58425e-09,20474
7.00285e-09,3.33135e-09,20476
-4.86887e-08,-2.31453e-08,20991
4.9884e-07,2.37126e-07,21247
-9.72174e-07,-4.62128e-07,21375
1.82958e-06,8.69698e-07,21439
-7.59889e-06,-3.61217e-06,21471
7.54042e-06,3.58437e-06,21487
-1.70688e-06,-8.11373e-07,21495
8.40408e-07,3.99492e-07,21499
-4.19863e-07,-1.99587e-07,21501
3.47974e-08,1.65423e-08,21502
-5.74921e-06,-2.73291e-06,21759
1.11102e-05,5.28127e-06,21887
-2.25937e-05,-1.074e-05,21951
0.000104621,4.97322e-05,21983
-0.000104688,-4.97638e-05,21999
2.38034e-05,1.1315e-05,22007
-1.18567e-05,-5.63616e-06,22011
5.94951e-06,2.82812e-06,22013
-4.95735e-07,-2.3565e-07,22014
-9.15257e-06,-4.35072e-06,22143
0.000112132,5.33023e-05,22207
-0.000609974,-0.000289954,22239
0.00061234,0.000291079,22255
-0.000137271,-6.52524e-05,22263
6.76958e-05,3.21795e-05,22267
-3.37516e-05,-1.6044e-05,22269
2.84381e-06,1.35182e-06,22270
-9.2539e-05,-4.39888e-05,22335
0.000609181,0.000289577,22367
-0.000619144,-0.000294313,22383
0.000140216,6.66525e-05,22391
-7.08735e-05,-3.36901e-05,22395
3.57987e-05,1.70171e-05,22397
-2.98815e-06,-1.42043e-06,22398
-9.31674e-05,-4.42876e-05,22431
0.000115652,5.49757e-05,22447
-3.28504e-05,-1.56156e-05,22455
2.24513e-05,1.06723e-05,22459
-1.28615e-05,-6.11376e-06,22461
9.72533e-07,4.62298e-07,22462
-1.03998e-05,-4.94358e-06,22479
2.00121e-05,9.51285e-06,22487
-2.61618e-05,-1.24361e-05,22491
1.87021e-05,8.89013e-06,22493
-1.35172e-06,-6.42549e-07,22494
-1.09593e-05,-5.20958e-06,22503
2.03908e-05,9.69286e-06,22507
-1.5676e-05,-7.45165e-06,22509
1.12432e-06,5.34452e-07,22510
-2.8711e-06,-1.36479e-06,22515
2.69569e-06,1.28141e-06,22517
-2.03964e-07,-9.69541e-08,22518
-1.55857e-07,-7.40861e-08,22521
1.13891e-07,5.41376e-08,22522
-6.73923e-08,-3.20348e-08,22524
5.23707e-06,2.48946e-06,22783
-9.82732e-06,-4.67146e-06,22911
1.98958e-05,9.45754e-06,22975
-9.33817e-05,-4.43894e-05,23007
9.36686e-05,4.45258e-05,23023
-2.14192e-05,-1.01817e-05,23031
1.07827e-05,5.12562e-06,23035
-5.43942e-06,-2.58566e-06,23037
4.55157e-07,2.16363e-07,23038
9.62201e-06,4.57386e-06,23167
-0.000121142,-5.75854e-05,23231
0.000664349,0.000315802,23263
-0.000667936,-0.000317507,23279
0.000150632,7.16038e-05,23287
-7.49785e-05,-3.56414e-05,23291
3.75476e-05,1.78484e-05,23293
-3.18293e-06,-1.51302e-06,23294
0.000101654,4.83215e-05,23359
-0.000674686,-0.000320715,23391
0.000687164,0.000326647,23407
-0.000157146,-7.47001e-05,23415
8.09764e-05,3.84925e-05,23419
-4.13447e-05,-1.96534e-05,23421
3.46399e-06,1.64662e-06,23422
0.000105813,5.02989e-05,23455
-0.000132417,-6.29452e-05,23471
3.93631e-05,1.87114e-05,23479
-2.97747e-05,-1.41536e-05,23483
1.78656e-05,8.49251e-06,23485
-1.3475e-06,-6.40539e-07,23486
1.26618e-05,6.01885e-06,23503
-2.82037e-05,-1.34068e-05,23511
4.58465e-05,2.17933e-05,23515
-3.41601e-05,-1.62381e-05,23517
2.45032e-06,1.16477e-06,23518
1.63598e-05,7.77671e-06,23527
-3.82856e-05,-1.81993e-05,23531
3.0224e-05,1.43671e-05,23533
-2.14779e-06,-1.02096e-06,23534
5.27181e-06,2.50598e-06,23539
-5.09023e-06,-2.41967e-06,23541
3.94434e-07,1.87498e-07,23542
3.03741e-07,1.44384e-07,23545
-2.19422e-07,-1.04302e-07,23546
1.30348e-07,6.19604e-08,23548
-1.31403e-06,-6.24632e-07,23679
2.08061e-05,9.89025e-06,23743
-0.00012856,-6.11118e-05,23775
0.000131078,6.23083e-05,23791
-3.13229e-05,-1.48895e-05,23799
1.81755e-05,8.63983e-06,23803
-9.96753e-06,-4.73811e-06,23805
8.33005e-07,3.95972e-07,23806
-2.19088e-05,-1.04145e-05,23871
0.000164537,7.82136e-05,23903
-0.000170823,-8.12013e-05,23919
4.26171e-05,2.02582e-05,23927
-2.71552e-05,-1.29084e-05,23931
1.55773e-05,7.40475e-06,23933
-1.27478e-06,-6.05976e-07,23934
-3.58906e-05,-1.70607e-05,23967
4.7712e-05,2.26801e-05,23983
-1.93502e-05,-9.19819e-06,23991
2.37856e-05,1.13066e-05,23995
-1.67142e-05,-7.94518e-06,23997
1.24304e-06,5.90886e-07,23998
-7.24984e-06,-3.44624e-06,24015
2.95342e-05,1.40392e-05,24023
-7.61609e-05,-3.62034e-05,24027
6.04587e-05,2.87393e-05,24029
-4.32063e-06,-2.05383e-06,24030
-2.01012e-05,-9.55519e-06,24039
7.05043e-05,3.35146e-05,24043
-5.77267e-05,-2.74407e-05,24045
4.09039e-06,1.94439e-06,24046
-9.41488e-06,-4.47541e-06,24051
9.46251e-06,4.49805e-06,24053
-7.62452e-07,-3.62434e-07,24054
-5.90741e-07,-2.80812e-07,24057
4.21556e-07,2.00389e-07,24058
-2.51306e-07,-1.19459e-07,24060
1.96436e-06,9.33768e-07,24127
-1.87926e-05,-8.93315e-06,24159
2.0974e-05,9.9701e-06,24175
-7.11217e-06,-3.3808e-06,24183
7.5652e-06,3.59615e-06,24187
-5.20594e-06,-2.47467e-06,24189
4.01563e-07,1.90886e-07,24190
3.36639e-05,1.60023e-05,24223
-5.03447e-05,-2.39316e-05,24239
3.43237e-05,1.63159e-05,24247
-6.51242e-05,-3.09571e-05,24251
4.99551e-05,2.37464e-05,24253
-3.7059e-06,-1.76162e-06,24254
1.57577e-05,7.49048e-06,24271
-0.000101499,-4.82481e-05,24279
0.000311698,0.000148167,24283
-0.000252784,-0.000120162,24285
1.82416e-05,8.67124e-06,24286
7.45484e-05,3.54369e-05,24295
-0.000297384,-0.000141363,24299
0.000246678,0.00011726,24301
-1.76708e-05,-8.3999e-06,24302
3.91081e-05,1.85902e-05,24307
-3.98131e-05,-1.89254e-05,24309
3.27386e-06,1.55625e-06,24310
2.51822e-06,1.19705e-06,24313
-1.79605e-06,-8.53757e-07,24314
1.07013e-06,5.08694e-07,24316
-2.05255e-05,-9.7569e-06,24351
3.13861e-05,1.49195e-05,24367
-2.44978e-05,-1.16451e-05,24375
5.06558e-05,2.40795e-05,24379
-3.94131e-05,-1.87352e-05,24381
2.92307e-06,1.3895e-06,24382
-1.34161e-05,-6.37742e-06,24399
9.57787e-05,4.55289e-05,24407
-0.000303258,-0.000144155,24411
0.000246825,0.00011733,24413
-1.78306e-05,-8.47584e-06,24414
-7.19635e-05,-3.42082e-05,24423
0.000293654,0.00013959,24427
-0.000244166,-0.000116065,24429
1.75176e-05,8.32707e-06,24430
-3.86562e-05,-1.83754e-05,24435
3.94819e-05,1.87679e-05,24437
-3.26211e-06,-1.55066e-06,24438
-2.51868e-06,-1.19727e-06,24441
1.79605e-06,8.53759e-07,24442
-1.06952e-06,-5.08405e-07,24444
1.34523e-06,6.39459e-07,24463
-1.24121e-05,-5.90017e-06,24471
4.50502e-05,2.14148e-05,24475
-3.7062e-05,-1.76176e-05,24477
2.66275e-06,1.26576e-06,24478
1.13437e-05,5.39227e-06,24487
-5.28012e-05,-2.50993e-05,24491
4.43348e-05,2.10748e-05,24493
-3.17626e-06,-1.50985e-06,24494
8.06158e-06,3.83211e-06,24499
-8.34858e-06,-3.96854e-06,24501
7.03838e-07,3.34574e-07,24502
5.88173e-07,2.79593e-07,24505
-4.21557e-07,-2.00387e-07,24506
2.49351e-07,1.18531e-07,24508
-6.7936e-07,-3.22936e-07,24519
4.06464e-06,1.93215e-06,24523
-3.51806e-06,-1.67232e-06,24525
2.56001e-07,1.21694e-07,24526
-3.96058e-06,-1.88268e-06,24531
4.05187e-06,1.92607e-06,24533
-3.42065e-07,-1.62598e-07,24534
-2.9301e-07,-1.39284e-07,24537
2.1942e-07,1.04305e-07,24538
-1.29492e-07,-6.15541e-08,24540
2.14234e-06,1.01837e-06,24547
-2.12139e-06,-1.00841e-06,24549
1.72657e-07,8.20753e-08,24550
1.44585e-07,6.87308e-08,24553
-1.13891e-07,-5.41356e-08,24554
6.75738e-08,3.21229e-08,24556
-1.3663e-08,-6.49353e-09,24561
1.17504e-08,5.58988e-09,24562
-7.23683e-09,-3.43753e-09,24564
1.09936e-08,5.22808e-09,25087
-1.26124e-07,-5.99517e-08,25343
2.52319e-07,1.19942e-07,25471
-5.02425e-07,-2.38827e-07,25535
2.16479e-06,1.02905e-06,25567
-2.1648e-06,-1.02904e-06,25583
5.02423e-07,2.38829e-07,25591
-2.52318e-07,-1.19942e-07,25595
1.26123e-07,5.99537e-08,25597
-1.09936e-08,-5.22828e-09,25598
2.14511e-06,1.01969e-06,25855
-4.03595e-06,-1.9185e-06,25983
8.25141e-06,3.92235e-06,26047
-3.91969e-05,-1.86324e-05,26079
3.95121e-05,1.87822e-05,26095
-9.24095e-06,-4.39273e-06,26103
4.73764e-06,2.25206e-06,26107
-2.39261e-06,-1.13734e-06,26109
2.08759e-07,9.92369e-08,26110
3.78809e-06,1.80069e-06,26239
-4.82523e-05,-2.29369e-05,26303
0.000266859,0.000126852,26335
-0.000269522,-0.000128119,26351
6.22095e-05,2.95716e-05,26359
-3.15078e-05,-1.49774e-05,26363
1.5786e-05,7.50395e-06,26365
-1.39666e-06,-6.63909e-07,26366
4.06654e-05,1.93305e-05,26431
-0.000272278,-0.000129429,26463
0.000278882,0.000132568,26479
-6.57591e-05,-3.12589e-05,26487
3.5206e-05,1.67353e-05,26491
-1.82291e-05,-8.66528e-06,26493
1.57877e-06,7.50478e-07,26494
4.44207e-05,2.11156e-05,26527
-5.64878e-05,-2.68518e-05,26543
1.84769e-05,8.78307e-06,26551
-1.64772e-05,-7.83249e-06,26555
1.04866e-05,4.98488e-06,26557
-7.93366e-07,-3.7713e-07,26558
6.00401e-06,2.85404e-06,26575
-1.67198e-05,-7.94782e-06,26583
3.38965e-05,1.61129e-05,26587
-2.60288e-05,-1.23729e-05,26589
1.84403e-06,8.76565e-07,26590
1.03741e-05,4.93137e-06,26599
-2.98293e-05,-1.41795e-05,26603
2.39384e-05,1.13792e-05,26605
-1.67571e-06,-7.96555e-07,26606
4.04789e-06,1.92418e-06,26611
-3.97701e-06,-1.89049e-06,26613
3.10079e-07,1.47399e-07,26614
2.41313e-07,1.14708e-07,26617
-1.72659e-07,-8.20735e-08,26618
1.03008e-07,4.8967e-08,26620
-2.57686e-06,-1.22492e-06,26879
4.69576e-06,2.23215e-06,27007
-9.48189e-06,-4.50726e-06,27071
4.57039e-05,2.17255e-05,27103
-4.62186e-05,-2.19702e-05,27119
1.09138e-05,5.18791e-06,27127
-5.71832e-06,-2.71823e-06,27131
2.92392e-06,1.3899e-06,27133
-2.54755e-07,-1.21099e-07,27134
-5.18445e-06,-2.46445e-06,27263
6.80524e-05,3.2349e-05,27327
-0.00038022,-0.000180739,27359
0.000384812,0.000182922,27375
-8.95898e-05,-4.25869e-05,27383
4.61243e-05,2.19254e-05,27387
-2.33204e-05,-1.10855e-05,27389
2.06486e-06,9.81539e-07,27390
-5.85154e-05,-2.78156e-05,27455
0.000396149,0.000188311,27487
-0.000406987,-0.000193463,27503
9.73185e-05,4.62608e-05,27511
-5.36366e-05,-2.54964e-05,27515
2.82205e-05,1.34147e-05,27517
-2.43526e-06,-1.15761e-06,27518
-6.73373e-05,-3.20091e-05,27551
8.65588e-05,4.11461e-05,27567
-2.98613e-05,-1.41947e-05,27575
2.88754e-05,1.37261e-05,27579
-1.88566e-05,-8.96359e-06,27581
1.41478e-06,6.72522e-07,27582
-9.88488e-06,-4.69883e-06,27599
3.04909e-05,1.4494e-05,27607
-6.63425e-05,-3.15362e-05,27611
5.13272e-05,2.43986e-05,27613
-3.61115e-06,-1.71658e-06,27614
-1.94159e-05,-9.22944e-06,27623
5.92521e-05,2.81658e-05,27627
-4.77023e-05,-2.26755e-05,27629
3.31616e-06,1.57635e-06,27630
-7.9865e-06,-3.79642e-06,27635
7.87822e-06,3.74495e-06,27637
-6.13598e-07,-2.91678e-07,27638
-4.79664e-07,-2.28011e-07,27641
3.42063e-07,1.62601e-07,27642
-2.04371e-07,-9.71474e-08,27644
1.02383e-06,4.86684e-07,27775
-1.73089e-05,-8.22786e-06,27839
0.000110935,5.27335e-05,27871
-0.000114724,-5.45348e-05,27887
2.94928e-05,1.40195e-05,27895
-1.9448e-05,-9.24471e-06,27899
1.12653e-05,5.355e-06,27901
-9.38093e-07,-4.45927e-07,27902
1.91593e-05,9.10746e-06,27967
-0.000149512,-7.10711e-05,27999
0.00015802,7.51154e-05,28015
-4.31781e-05,-2.05249e-05,28023
3.18723e-05,1.51506e-05,28027
-1.93327e-05,-9.1899e-06,28029
1.56441e-06,7.4365e-07,28030
3.87299e-05,1.84104e-05,28063
-5.36524e-05,-2.55039e-05,28079
2.58749e-05,1.22997e-05,28087
-3.66523e-05,-1.74229e-05,28091
2.63943e-05,1.25466e-05,28093
-1.92719e-06,-9.16098e-07,28094
9.98789e-06,4.74779e-06,28111
-4.77258e-05,-2.26867e-05,28119
0.000129393,6.15076e-05,28123
-0.000102588,-4.87656e-05,28125
7.16382e-06,3.40535e-06,28126
3.32899e-05,1.58245e-05,28135
-0.000120831,-5.74375e-05,28139
9.8521e-05,4.68324e-05,28141
-6.81159e-06,-3.23792e-06,28142
1.60277e-05,7.61883e-06,28147
-1.60446e-05,-7.62689e-06,28149
1.2629e-06,6.00325e-07,28150
9.93482e-07,4.72255e-07,28153
-7.03838e-07,-3.34572e-07,28154
4.2132e-07,2.00277e-07,28156
-2.27952e-06,-1.08358e-06,28223
2.32293e-05,1.10421e-05,28255
-2.69569e-05,-1.28141e-05,28271
1.0643e-05,5.0592e-06,28279
-1.28132e-05,-6.09082e-06,28283
9.00441e-06,4.28029e-06,28285
-6.76749e-07,-3.21695e-07,28286
-5.25612e-05,-2.49852e-05,28319
8.23476e-05,3.91443e-05,28335
-6.27039e-05,-2.98066e-05,28343
0.000121589,5.77979e-05,28347
-9.27976e-05,-4.41118e-05,28349
6.69733e-06,3.18361e-06,28350
-2.94557e-05,-1.40019e-05,28367
0.000195019,9.2703e-05,28375
-0.000589577,-0.000280258,28379
0.000473522,0.000225091,28381
-3.31463e-05,-1.57563e-05,28382
-0.000143362,-6.8148e-05,28391
0.000562106,0.0002672,28395
-0.000461759,-0.000219499,28397
3.20448e-05,1.52327e-05,28398
-7.33838e-05,-3.48833e-05,28403
7.40141e-05,3.5183e-05,28405
-5.88265e-06,-2.79634e-06,28406
-4.61465e-06,-2.1936e-06,28409
3.26211e-06,1.55066e-06,28410
-1.95314e-06,-9.28434e-07,28412
3.35363e-05,1.59416e-05,28447
-5.38131e-05,-2.55803e-05,28463
4.6096e-05,2.1912e-05,28471
-9.57935e-05,-4.55359e-05,28475
7.39503e-05,3.51526e-05,28477
-5.32866e-06,-2.533e-06,28478
2.58666e-05,1.22958e-05,28495
-0.000186193,-8.85075e-05,28503
0.000576996,0.000274278,28507
-0.000464775,-0.000220933,28509
3.25436e-05,1.54697e-05,28510
0.000139701,6.64073e-05,28519
-0.000557948,-0.000265223,28523
0.000459231,0.000218298,28525
-3.18952e-05,-1.51615e-05,28526
7.28971e-05,3.4652e-05,28531
-7.37329e-05,-3.50493e-05,28533
5.88265e-06,2.79635e-06,28534
4.63393e-06,2.20276e-06,28537
-3.27386e-06,-1.55624e-06,28538
1.95925e-06,9.31341e-07,28540
-2.56302e-06,-1.21834e-06,28559
2.39521e-05,1.13857e-05,28567
-8.52862e-05,-4.05412e-05,28571
6.94721e-05,3.30239e-05,28573
-4.83535e-06,-2.29851e-06,28574
-2.18802e-05,-1.04009e-05,28583
9.98622e-05,4.747e-05,28587
-8.30314e-05,-3.94693e-05,28589
5.75597e-06,2.73613e-06,28590
-1.51331e-05,-7.19357e-06,28595
1.55198e-05,7.37741e-06,28597
-1.2629e-06,-6.00324e-07,28598
-1.07629e-06,-5.11617e-07,28601
7.6245e-07,3.62437e-07,28602
-4.53231e-07,-2.15442e-07,28604
1.30895e-06,6.22216e-07,28615
-7.6792e-06,-3.65034e-06,28619
6.58189e-06,3.12873e-06,28621
-4.62711e-07,-2.19949e-07,28622
7.45084e-06,3.54179e-06,28627
-7.54477e-06,-3.58644e-06,28629
6.13596e-07,2.91679e-07,28630
5.35431e-07,2.54521e-07,28633
-3.94435e-07,-1.87497e-07,28634
2.33775e-07,1.11127e-07,28636
-4.03845e-06,-1.91969e-06,28643
3.95807e-06,1.88149e-06,28645
-3.10081e-07,-1.47397e-07,28646
-2.64063e-07,-1.25522e-07,28649
2.03961e-07,9.69567e-08,28650
-1.21422e-07,-5.77174e-08,28652
2.47881e-08,1.17849e-08,28657
-2.0692e-08,-9.83294e-09,28658
1.27011e-08,6.04107e-09,28660
-6.58973e-06,-3.13246e-06,29151
6.76495e-06,3.21575e-06,29167
-1.70524e-06,-8.10593e-07,29175
1.04855e-06,4.98432e-07,29179
-5.86272e-07,-2.78688e-07,29181
4.97883e-08,2.36654e-08,29182
8.69945e-07,4.1353e-07,29311
-1.25623e-05,-5.97154e-06,29375
7.32231e-05,3.48069e-05,29407
-7.50521e-05,-3.56764e-05,29423
1.8615e-05,8.84874e-06,29431
-1.10034e-05,-5.23051e-06,29435
6.02254e-06,2.86284e-06,29437
-5.23603e-07,-2.48898e-07,29438
1.16054e-05,5.51668e-06,29503
-8.25857e-05,-3.92575e-05,29535
8.64658e-05,4.11019e-05,29551
-2.27887e-05,-1.08327e-05,29559
1.54346e-05,7.3369e-06,29563
-9.02655e-06,-4.29081e-06,29565
7.54438e-07,3.58626e-07,29566
1.77376e-05,8.43167e-06,29599
-2.41549e-05,-1.14821e-05,29615
1.09445e-05,5.2025e-06,29623
-1.47678e-05,-7.01994e-06,29627
1.05596e-05,5.01957e-06,29629
-7.85053e-07,-3.73177e-07,29630
3.87682e-06,1.84286e-06,29647
-1.72992e-05,-8.22328e-06,29655
4.63471e-05,2.20313e-05,29659
-3.68698e-05,-1.75262e-05,29661
2.62032e-06,1.24558e-06,29662
1.18945e-05,5.6541e-06,29671
-4.29523e-05,-2.04176e-05,29675
3.51818e-05,1.67238e-05,29677
-2.47691e-06,-1.17741e-06,29678
5.74879e-06,2.73271e-06,29683
-5.77481e-06,-2.74508e-06,29685
4.62709e-07,2.19949e-07,29686
3.59318e-07,1.70805e-07,29689
-2.56004e-07,-1.21691e-07,29690
1.52824e-07,7.26445e-08,29692
-1.31403e-06,-6.24633e-07,29823
2.46691e-05,1.17266e-05,29887
-0.000169594,-8.06175e-05,29919
0.00018133,8.61961e-05,29935
-5.55379e-05,-2.64002e-05,29943
5.03704e-05,2.39438e-05,29947
-3.30703e-05,-1.57201e-05,29949
2.64759e-06,1.25854e-06,29950
-3.00025e-05,-1.42618e-05,30015
0.000251327,0.000119469,30047
-0.000276072,-0.000131232,30063
9.14261e-05,4.34598e-05,30071
-9.12537e-05,-4.33779e-05,30075
6.15086e-05,2.92384e-05,30077
-4.84331e-06,-2.30229e-06,30078
-8.9481e-05,-4.25352e-05,30111
0.000132328,6.29027e-05,30127
-8.1685e-05,-3.88293e-05,30135
0.000140713,6.68888e-05,30139
-0.000105769,-5.02778e-05,30141
7.82797e-06,3.72106e-06,30142
-3.26347e-05,-1.55131e-05,30159
0.00018739,8.90769e-05,30167
-0.000553658,-0.000263184,30171
0.00044608,0.000212046,30173
-3.19257e-05,-1.5176e-05,30174
-0.000134666,-6.40143e-05,30183
0.00052354,0.000248867,30187
-0.000432358,-0.000205523,30189
3.06963e-05,1.45916e-05,30190
-6.98296e-05,-3.31938e-05,30195
7.0762e-05,3.3637e-05,30197
-5.75597e-06,-2.73613e-06,30198
-4.45853e-06,-2.11938e-06,30201
3.17626e-06,1.50985e-06,30202
-1.89403e-06,-9.00337e-07,30204
5.79273e-06,2.7536e-06,30271
-6.50868e-05,-3.09393e-05,30303
8.05211e-05,3.82761e-05,30319
-3.98243e-05,-1.89307e-05,30327
5.7955e-05,2.75492e-05,30331
-4.25775e-05,-2.02394e-05,30333
3.22106e-06,1.53115e-06,30334
0.000204207,9.70705e-05,30367
-0.000336212,-0.00015982,30383
0.000292627,0.000139102,30391
-0.000612586,-0.000291196,30395
0.000475898,0.000226221,30397
-3.5105e-05,-1.66873e-05,30398
0.000138678,6.59211e-05,30415
-0.000971035,-0.000461586,30423
0.00304213,0.00144609,30427
-0.00246929,-0.00117379,30429
0.00017737,8.43138e-05,30430
0.000719771,0.000342147,30439
-0.00291037,-0.00138346,30443
0.00241404,0.00114753,30445
-0.000172127,-8.18216e-05,30446
0.000382478,0.000181813,30451
-0.000389322,-0.000185066,30453
3.18952e-05,1.51615e-05,30454
2.46124e-05,1.16996e-05,30457
-1.75176e-05,-8.32707e-06,30458
1.0444e-05,4.9646e-06,30460
-0.000138123,-6.56574e-05,30495
0.000232137,0.000110348,30511
-0.000222142,-0.000105596,30519
0.000490379,0.000233104,30523
-0.000384235,-0.000182648,30525
2.83231e-05,1.34635e-05,30526
-0.000125471,-5.96433e-05,30543
0.000938003,0.000445884,30551
-0.00299534,-0.00142385,30555
0.00243685,0.00115837,30557
-0.000175104,-8.32366e-05,30558
-0.000707863,-0.000336486,30567
0.00290353,0.00138021,30571
-0.00241211,-0.00114661,30573
0.000172127,8.18216e-05,30574
-0.000381954,-0.000181564,30579
0.000389764,0.000185276,30581
-3.20448e-05,-1.52327e-05,30582
-2.48308e-05,-1.18034e-05,30585
1.76708e-05,8.3999e-06,30586
-1.05298e-05,-5.0054e-06,30588
1.23018e-05,5.84773e-06,30607
-0.000119207,-5.66655e-05,30615
0.000436947,0.000207705,30619
-0.000359428,-0.000170856,30621
2.57023e-05,1.22177e-05,30622
0.000109552,5.20761e-05,30631
-0.000512957,-0.000243837,30635
0.000430476,0.000204629,30637
-3.06963e-05,-1.45916e-05,30638
7.83663e-05,3.72518e-05,30643
-8.10964e-05,-3.85495e-05,30645
6.81159e-06,3.23792e-06,30646
5.71102e-06,2.71476e-06,30649
-4.09039e-06,-1.94439e-06,30650
2.42081e-06,1.15074e-06,30652
3.95333e-05,1.87923e-05,30667
-3.41868e-05,-1.62508e-05,30669
2.4769e-06,1.17741e-06,30670
-3.84824e-05,-1.82928e-05,30675
3.93503e-05,1.87053e-05,30677
-3.31616e-06,-1.57635e-06,30678
-2.85073e-06,-1.35511e-06,30681
2.14779e-06,1.02096e-06,30682
-1.26931e-06,-6.03371e-07,30684
2.08198e-05,9.8968e-06,30691
-2.06064e-05,-9.79535e-06,30693
1.67571e-06,7.96558e-07,30694
1.40975e-06,6.70131e-07,30697
-1.12432e-06,-5.3445e-07,30698
6.68747e-07,3.17894e-07,30700
-1.33349e-07,-6.33851e-08,30705
1.16394e-07,5.53313e-08,30706
-7.21471e-08,-3.42944e-08,30708
7.93162e-07,3.77033e-07,30847
-1.49422e-05,-7.10282e-06,30911
0.000105177,4.99966e-05,30943
-0.000114163,-5.42679e-05,30959
3.77194e-05,1.79301e-05,30967
-3.8404e-05,-1.82555e-05,30971
2.61326e-05,1.24222e-05,30973
-2.06793e-06,-9.83001e-07,30974
1.86223e-05,8.85219e-06,31039
-0.000159662,-7.5896e-05,31071
0.000178101,8.46611e-05,31087
-6.33971e-05,-3.01361e-05,31095
6.95757e-05,3.30732e-05,31099
-4.81863e-05,-2.29056e-05,31101
3.76906e-06,1.79164e-06,31102
6.31322e-05,3.00102e-05,31135
-9.517e-05,-4.52395e-05,31151
6.27392e-05,2.98234e-05,31159
-0.000113067,-5.37471e-05,31163
8.57894e-05,4.07804e-05,31165
-6.37501e-06,-3.03039e-06,31166
2.53446e-05,1.20477e-05,31183
-0.000151851,-7.2183e-05,31191
0.000457335,0.000217396,31195
-0.000369897,-0.000175832,31197
2.66449e-05,1.26658e-05,31198
0.000109922,5.2252e-05,31207
-0.000433943,-0.000206277,31211
0.000359504,0.000170892,31213
-2.57023e-05,-1.22177e-05,31214
5.79783e-05,2.75602e-05,31219
-5.89337e-05,-2.80144e-05,31221
4.83535e-06,2.29851e-06,31222
3.73156e-06,1.77382e-06,31225
-2.66276e-06,-1.26575e-06,31226
1.58597e-06,7.53902e-07,31228
-4.69482e-06,-2.2317e-06,31295
5.46134e-05,2.59607e-05,31327
-6.90092e-05,-3.28038e-05,31343
3.64086e-05,1.7307e-05,31351
-5.55206e-05,-2.6392e-05,31355
4.12092e-05,1.9589e-05,31357
-3.12524e-06,-1.4856e-06,31358
-0.00019097,-9.07785e-05,31391
0.000318091,0.000151206,31407
-0.000285766,-0.00013584,31415
0.000609752,0.000289848,31419
-0.000475899,-0.000226221,31421
3.53213e-05,1.67902e-05,31422
-0.000136102,-6.46969e-05,31439
0.000966909,0.000459625,31447
-0.00305873,-0.00145398,31451
0.00249022,0.00118374,31453
-0.000180185,-8.56518e-05,31454
-0.000718512,-0.000341548,31463
0.00292985,0.00139272,31467
-0.00243693,-0.0011584,31469
0.000175104,8.32366e-05,31470
-0.000385753,-0.00018337,31475
0.000393721,0.000187157,31477
-3.25436e-05,-1.54697e-05,31478
-2.50003e-05,-1.1884e-05,31481
1.78306e-05,8.47584e-06,31482
-1.06162e-05,-5.04644e-06,31484
0.00013239,6.2932e-05,31519
-0.000224804,-0.000106862,31535
0.000220805,0.000104961,31543
-0.000495248,-0.000235418,31547
0.000389668,0.000185231,31549
-2.89144e-05,-1.37446e-05,31550
0.000125262,5.95439e-05,31567
-0.000946501,-0.000449924,31575
0.00304945,0.00144957,31579
-0.00248833,-0.00118284,31581
0.000180185,8.56518e-05,31582
0.000715735,0.000340228,31591
-0.0029593,-0.00140672,31595
0.00246542,0.00117195,31597
-0.00017737,-8.43138e-05,31598
0.000390217,0.000185492,31603
-0.000399328,-0.000189823,31605
3.31463e-05,1.57563e-05,31606
2.55664e-05,1.21531e-05,31609
-1.82416e-05,-8.67124e-06,31610
1.08538e-05,5.15942e-06,31612
-1.23018e-05,-5.84773e-06,31631
0.000120703,5.73768e-05,31639
-0.000447149,-0.000212554,31643
0.000369119,0.000175462,31645
-2.66449e-05,-1.26658e-05,31646
-0.000111294,-5.29042e-05,31655
0.000526219,0.000250141,31659
-0.000443141,-0.000210649,31661
3.19257e-05,1.5176e-05,31662
-8.09025e-05,-3.84574e-05,31667
8.40647e-05,3.99605e-05,31669
-7.16382e-06,-3.40535e-06,31670
-5.98191e-06,-2.84353e-06,31673
4.32063e-06,2.05383e-06,31674
-2.55214e-06,-1.21317e-06,31676
-4.10246e-05,-1.95013e-05,31691
3.56334e-05,1.69385e-05,31693
-2.62032e-06,-1.24558e-06,31694
4.03146e-05,1.91637e-05,31699
-4.15631e-05,-1.97572e-05,31701
3.61115e-06,1.71658e-06,31702
3.12545e-06,1.4857e-06,31705
-2.45031e-06,-1.16477e-06,31706
1.44746e-06,6.88056e-07,31708
-2.1823e-05,-1.03737e-05,31715
2.18153e-05,1.037e-05,31717
-1.84402e-06,-8.76564e-07,31718
-1.58959e-06,-7.55619e-07,31721
1.35172e-06,6.42549e-07,31722
-8.05634e-07,-3.82959e-07,31724
1.47672e-07,7.01986e-08,31729
-1.401e-07,-6.65941e-08,31730
8.89018e-08,4.22609e-08,31732
3.62159e-07,1.72154e-07,31807
-4.7494e-06,-2.25765e-06,31839
6.27609e-06,2.98337e-06,31855
-3.7598e-06,-1.78724e-06,31863
6.2761e-06,2.98337e-06,31867
-4.74941e-06,-2.25765e-06,31869
3.6216e-07,1.72154e-07,31870
2.30985e-05,1.098e-05,31903
-3.92848e-05,-1.86742e-05,31919
3.80639e-05,1.80939e-05,31927
-8.5404e-05,-4.05972e-05,31931
6.74514e-05,3.20633e-05,31933
-5.07734e-06,-2.41354e-06,31934
1.9785e-05,9.40491e-06,31951
-0.000147321,-7.00299e-05,31959
0.000478393,0.000227406,31963
-0.000392476,-0.000186565,31965
2.89144e-05,1.37446e-05,31966
0.000110663,5.2604e-05,31975
-0.000461409,-0.000219333,31979
0.000386521,0.000183735,31981
-2.83231e-05,-1.34635e-05,31982
6.1019e-05,2.90057e-05,31987
-6.27884e-05,-2.98468e-05,31989
5.32866e-06,2.533e-06,31990
4.05687e-06,1.92845e-06,31993
-2.92307e-06,-1.3895e-06,31994
1.73334e-06,8.23954e-07,31996
-1.96792e-05,-9.35459e-06,32031
3.40178e-05,1.61705e-05,32047
-3.58583e-05,-1.70454e-05,32055
8.44592e-05,4.01481e-05,32059
-6.72673e-05,-3.19758e-05,32061
5.07734e-06,2.41354e-06,32062
-2.22231e-05,-1.05639e-05,32079
0.00017515,8.32581e-05,32087
-0.000580171,-0.000275787,32091
0.000477544,0.000227003,32093
-3.53213e-05,-1.67902e-05,32094
-0.000133901,-6.36506e-05,32103
0.000567476,0.000269753,32107
-0.000476722,-0.000226612,32109
3.5105e-05,1.66873e-05,32110
-7.55478e-05,-3.5912e-05,32115
7.80782e-05,3.71148e-05,32117
-6.69733e-06,-3.1836e-06,32118
-5.11631e-06,-2.43206e-06,32121
3.7059e-06,1.76162e-06,32122
-2.194e-06,-1.04293e-06,32124
2.56302e-06,1.21834e-06,32143
-2.63549e-05,-1.25279e-05,32151
0.000101823,4.8402e-05,32155
-8.5204e-05,-4.05021e-05,32157
6.37501e-06,3.03039e-06,32158
2.47609e-05,1.17702e-05,32167
-0.000121967,-5.79774e-05,32171
0.000104189,4.95267e-05,32173
-7.82797e-06,-3.72106e-06,32174
1.96726e-05,9.35148e-06,32179
-2.08955e-05,-9.93277e-06,32181
1.92719e-06,9.16099e-07,32182
1.603e-06,7.61994e-07,32185
-1.24304e-06,-5.90884e-07,32186
7.29004e-07,3.46536e-07,32188
1.09969e-05,5.22745e-06,32203
-9.79892e-06,-4.65796e-06,32205
7.85051e-07,3.73178e-07,32206
-1.19914e-05,-5.70016e-06,32211
1.31476e-05,6.24978e-06,32213
-1.41478e-06,-6.72519e-07,32214
-1.32651e-06,-6.30565e-07,32217
1.3475e-06,6.4054e-07,32218
-8.00418e-07,-3.80483e-07,32220
6.58461e-06,3.13003e-06,32227
-7.12736e-06,-3.38803e-06,32229
7.93366e-07,3.77129e-07,32230
8.23444e-07,3.91427e-07,32233
-9.72534e-07,-4.62299e-07,32234
5.88132e-07,2.79571e-07,32236
-6.7115e-08,-3.19038e-08,32241
9.9775e-08,4.74299e-08,32242
-6.99463e-08,-3.32489e-08,32244
1.64797e-06,7.83365e-07,32335
-1.41559e-05,-6.72906e-06,32343
4.92826e-05,2.34267e-05,32347
-4.10876e-05,-1.95312e-05,32349
3.12524e-06,1.4856e-06,32350
1.11715e-05,5.31041e-06,32359
-4.96431e-05,-2.35981e-05,32363
4.22618e-05,2.00893e-05,32365
-3.22106e-06,-1.53115e-06,32366
6.93868e-06,3.29833e-06,32371
-7.32925e-06,-3.48399e-06,32373
6.76748e-07,3.21695e-07,32374
5.19387e-07,2.46894e-07,32377
-4.01563e-07,-1.90885e-07,32378
2.35888e-07,1.1213e-07,32380
-1.34523e-06,-6.3946e-07,32399
1.37512e-05,6.53671e-06,32407
-5.53331e-05,-2.63028e-05,32411
4.72405e-05,2.2456e-05,32413
-3.76906e-06,-1.79164e-06,32414
-1.30363e-05,-6.19686e-06,32423
6.7681e-05,3.21725e-05,32427
-5.92911e-05,-2.81843e-05,32429
4.84331e-06,2.30229e-06,32430
-1.24029e-05,-5.89579e-06,32435
1.39229e-05,6.61831e-06,32437
-1.56441e-06,-7.4365e-07,32438
-1.3282e-06,-6.31366e-07,32441
1.27478e-06,6.05974e-07,32442
-7.46867e-07,-3.55027e-07,32444
-7.85821e-06,-3.73544e-06,32459
7.5102e-06,3.57001e-06,32461
-7.54437e-07,-3.58627e-07,32462
1.20893e-05,5.74669e-06,32467
-1.52454e-05,-7.24696e-06,32469
2.43526e-06,1.15761e-06,32470
2.5265e-06,1.20098e-06,32473
-3.46399e-06,-1.64662e-06,32474
2.08587e-06,9.91531e-07,32476
-7.08107e-06,-3.36602e-06,32483
9.08353e-06,4.3179e-06,32485
-1.57877e-06,-7.50476e-07,32486
-1.9366e-06,-9.20573e-07,32489
2.98815e-06,1.42043e-06,32490
-1.83489e-06,-8.72223e-07,32492
1.47671e-07,7.01987e-08,32497
-3.10785e-07,-1.47733e-07,32498
2.29727e-07,1.09205e-07,32500
7.63628e-07,3.62994e-07,32527
-7.49041e-06,-3.5606e-06,32535
2.97361e-05,1.41352e-05,32539
-2.54612e-05,-1.21031e-05,32541
2.06793e-06,9.83002e-07,32542
6.93552e-06,3.29683e-06,32551
-3.58238e-05,-1.7029e-05,32555
3.15683e-05,1.50061e-05,32557
-2.64759e-06,-1.25855e-06,32558
6.79776e-06,3.23135e-06,32563
-7.78694e-06,-3.70156e-06,32565
9.38093e-07,4.45927e-07,32566
8.05668e-07,3.82979e-07,32569
-8.33006e-07,-3.95971e-07,32570
4.89679e-07,2.32771e-07,32572
4.76024e-06,2.2628e-06,32587
-4.71574e-06,-2.24165e-06,32589
5.23603e-07,2.48899e-07,32590
-8.806e-06,-4.18597e-06,32595
1.16464e-05,5.53616e-06,32597
-2.06486e-06,-9.81538e-07,32598
-2.19646e-06,-1.0441e-06,32601
3.18292e-06,1.51302e-06,32602
-1.92339e-06,-9.14297e-07,32604
5.35105e-06,2.54365e-06,32611
-7.24044e-06,-3.44178e-06,32613
1.39666e-06,6.63909e-07,32614
1.76836e-06,8.40597e-07,32617
-2.84381e-06,-1.35182e-06,32618
1.75163e-06,8.32646e-07,32620
-1.33347e-07,-6.33889e-08,32625
2.96598e-07,1.40991e-07,32626
-2.2109e-07,-1.05095e-07,32628
-4.39714e-07,-2.09019e-07,32651
4.39712e-07,2.09019e-07,32653
-4.97889e-08,-2.36663e-08,32654
1.02064e-06,4.85169e-07,32659
-1.37943e-06,-6.5572e-07,32661
2.54753e-07,1.21099e-07,32662
3.00565e-07,1.42875e-07,32665
-4.5516e-07,-2.16362e-07,32666
2.77501e-07,1.31912e-07,32668
-7.30867e-07,-3.47423e-07,32675
1.02315e-06,4.86361e-07,32677
-2.08759e-07,-9.92354e-08,32678
-2.9621e-07,-1.40806e-07,32681
4.95736e-07,2.3565e-07,32682
-3.08087e-07,-1.46452e-07,32684
2.47873e-08,1.17843e-08,32689
-5.91641e-08,-2.81234e-08,32690
4.49041e-08,2.13463e-08,32692
1.81075e-08,8.60642e-09,32713
-3.47977e-08,-1.65415e-08,32714
2.23153e-08,1.06091e-08,32716
-1.36622e-08,-6.49769e-09,32721
3.01114e-08,1.43132e-08,32722
-2.2385e-08,-1.06422e-08,32724
8.0806e-09,3.8396e-09,32737
-1.69466e-08,-8.05534e-09,32738
1.22039e-08,5.79938e-09,32740
-1.90036e-07,-9.03322e-08,37631
3.87645e-07,1.8427e-07,37759
-7.84524e-07,-3.72926e-07,37823
3.36653e-06,1.60029e-06,37855
-3.36653e-06,-1.60029e-06,37871
7.84525e-07,3.72926e-07,37879
-3.87644e-07,-1.8427e-07,37883
1.90037e-07,9.03318e-08,37885
-1.8106e-08,-8.60804e-09,37886
2.78545e-06,1.32408e-06,38143
-5.33055e-06,-2.5339e-06,38271
1.10231e-05,5.23987e-06,38335
-5.2193e-05,-2.48102e-05,38367
5.26109e-05,2.50088e-05,38383
-1.23568e-05,-5.87385e-06,38391
6.25574e-06,2.9737e-06,38395
-3.11084e-06,-1.47875e-06,38397
2.96211e-07,1.40804e-07,38398
4.62543e-06,2.19872e-06,38527
-5.82534e-05,-2.7691e-05,38591
0.000321136,0.000152654,38623
-0.000324289,-0.000154153,38639
7.49719e-05,3.56382e-05,38647
-3.72788e-05,-1.77206e-05,38651
1.83043e-05,8.70104e-06,38653
-1.76836e-06,-8.40599e-07,38654
4.86379e-05,2.31203e-05,38719
-0.000324172,-0.000154097,38751
0.000331674,0.000157663,38767
-7.79176e-05,-3.70385e-05,38775
4.0458e-05,1.92319e-05,38779
-2.04172e-05,-9.70541e-06,38781
1.9366e-06,9.20571e-07,38782
5.1276e-05,2.43743e-05,38815
-6.46078e-05,-3.07116e-05,38831
2.00682e-05,9.53952e-06,38839
-1.61433e-05,-7.67379e-06,38843
9.90517e-06,4.70847e-06,38845
-8.23444e-07,-3.91428e-07,38846
6.3208e-06,3.00462e-06,38863
-1.50362e-05,-7.14751e-06,38871
2.6792e-05,1.27357e-05,38875
-2.04172e-05,-9.70541e-06,38877
1.58959e-06,7.55619e-07,38878
8.85459e-06,4.20907e-06,38887
-2.27474e-05,-1.08131e-05,38891
1.83043e-05,8.70104e-06,38893
-1.40975e-06,-6.7013e-07,38894
3.16284e-06,1.50347e-06,38899
-3.11084e-06,-1.47875e-06,38901
2.64065e-07,1.25524e-07,38902
-1.44587e-07,-6.87292e-08,38906
8.52036e-08,4.04998e-08,38908
-2.79325e-06,-1.32778e-06,39167
5.17234e-06,2.4587e-06,39295
-1.05604e-05,-5.01991e-06,39359
5.06777e-05,2.40899e-05,39391
-5.12281e-05,-2.43515e-05,39407
1.21332e-05,5.76756e-06,39415
-6.27464e-06,-2.98268e-06,39419
3.16284e-06,1.50347e-06,39421
-3.00567e-07,-1.42877e-07,39422
-5.30195e-06,-2.5203e-06,39551
6.87794e-05,3.26946e-05,39615
-0.000382811,-0.000181971,39647
0.000387322,0.000184115,39663
-9.03075e-05,-4.29281e-05,39671
4.57627e-05,2.17535e-05,39675
-2.27474e-05,-1.08131e-05,39677
2.19646e-06,1.0441e-06,39678
-5.85819e-05,-2.78472e-05,39743
0.000394561,0.000187556,39775
-0.000404883,-0.000192463,39791
9.65031e-05,4.58732e-05,39799
-5.19069e-05,-2.46742e-05,39803
2.6792e-05,1.27357e-05,39805
-2.5265e-06,-1.20098e-06,39806
-6.50089e-05,-3.09023e-05,39839
8.28826e-05,3.93986e-05,39855
-2.74713e-05,-1.30586e-05,39863
2.50589e-05,1.19119e-05,39867
-1.61433e-05,-7.67379e-06,39869
1.32651e-06,6.30563e-07,39870
-8.85873e-06,-4.21104e-06,39887
2.48691e-05,1.18217e-05,39895
-5.19069e-05,-2.46742e-05,39899
4.0458e-05,1.92319e-05,39901
-3.12545e-06,-1.4857e-06,39902
-1.5433e-05,-7.33617e-06,39911
4.57627e-05,2.17535e-05,39915
-3.72788e-05,-1.77206e-05,39917
2.85073e-06,1.35511e-06,39918
-6.27464e-06,-2.98268e-06,39923
6.25574e-06,2.9737e-06,39925
-5.35433e-07,-2.54522e-07,39926
2.93011e-07,1.39285e-07,39930
-1.73031e-07,-8.22533e-08,39932
8.69942e-07,4.13532e-07,40063
-1.44539e-05,-6.87075e-06,40127
9.16433e-05,4.35631e-05,40159
-9.44778e-05,-4.49105e-05,40175
2.401e-05,1.14133e-05,40183
-1.5433e-05,-7.33617e-06,40187
8.85459e-06,4.20907e-06,40189
-8.05669e-07,-3.82978e-07,40190
1.57365e-05,7.48042e-06,40255
-0.000121372,-5.76948e-05,40287
0.000127749,6.07262e-05,40303
-3.43884e-05,-1.63467e-05,40311
2.48691e-05,1.18217e-05,40315
-1.50362e-05,-7.14751e-06,40317
1.3282e-06,6.31364e-07,40318
2.97695e-05,1.41511e-05,40351
-4.08307e-05,-1.94091e-05,40367
1.91801e-05,9.11738e-06,40375
-2.74713e-05,-1.30586e-05,40379
2.00682e-05,9.53952e-06,40381
-1.603e-06,-7.61992e-07,40382
7.26699e-06,3.4544e-06,40399
-3.43884e-05,-1.63467e-05,40407
9.65031e-05,4.58732e-05,40411
-7.79176e-05,-3.70385e-05,40413
5.98192e-06,2.84353e-06,40414
2.401e-05,1.14133e-05,40423
-9.03075e-05,-4.29281e-05,40427
7.49719e-05,3.56382e-05,40429
-5.71102e-06,-2.71476e-06,40430
1.21332e-05,5.76757e-06,40435
-1.23568e-05,-5.87385e-06,40437
1.07629e-06,5.11617e-07,40438
-5.88176e-07,-2.79592e-07,40442
3.48015e-07,1.65428e-07,40444
1.64206e-05,7.8056e-06,40543
-1.88598e-05,-8.9651e-06,40559
7.26699e-06,3.4544e-06,40567
-8.85873e-06,-4.21104e-06,40571
6.3208e-06,3.00462e-06,40573
-5.1939e-07,-2.46892e-07,40574
-3.45368e-05,-1.64172e-05,40607
5.35893e-05,2.54739e-05,40623
-4.08307e-05,-1.94091e-05,40631
8.28826e-05,3.93986e-05,40635
-6.46078e-05,-3.07116e-05,40637
5.11631e-06,2.43206e-06,40638
-1.88598e-05,-8.9651e-06,40655
0.000127749,6.07262e-05,40663
-0.000404883,-0.000192463,40667
0.000331674,0.000157663,40669
-2.55664e-05,-1.21531e-05,40670
-9.44778e-05,-4.49105e-05,40679
0.000387322,0.000184115,40683
-0.000324289,-0.000154153,40685
2.48308e-05,1.18034e-05,40686
-5.12281e-05,-2.43515e-05,40691
5.26109e-05,2.50088e-05,40693
-4.63393e-06,-2.20276e-06,40694
2.51868e-06,1.19727e-06,40698
-1.49015e-06,-7.08353e-07,40700
2.17417e-05,1.0335e-05,40735
-3.45368e-05,-1.64172e-05,40751
2.97695e-05,1.41511e-05,40759
-6.50089e-05,-3.09023e-05,40763
5.1276e-05,2.43743e-05,40765
-4.05687e-06,-1.92845e-06,40766
1.64206e-05,7.8056e-06,40783
-0.000121372,-5.76948e-05,40791
0.000394561,0.000187556,40795
-0.000324172,-0.000154097,40797
2.50003e-05,1.1884e-05,40798
9.16433e-05,4.35631e-05,40807
-0.000382811,-0.000181971,40811
0.000321136,0.000152654,40813
-2.46124e-05,-1.16996e-05,40814
5.06777e-05,2.40899e-05,40819
-5.2193e-05,-2.48102e-05,40821
4.61465e-06,2.1936e-06,40822
-2.51823e-06,-1.19705e-06,40826
1.48917e-06,7.07883e-07,40828
-1.64796e-06,-7.83366e-07,40847
1.57365e-05,7.48042e-06,40855
-5.85819e-05,-2.78472e-05,40859
4.86379e-05,2.31203e-05,40861
-3.73156e-06,-1.77381e-06,40862
-1.44539e-05,-6.87075e-06,40871
6.87794e-05,3.26946e-05,40875
-5.82534e-05,-2.7691e-05,40877
4.45853e-06,2.11939e-06,40878
-1.05603e-05,-5.01991e-06,40883
1.10231e-05,5.23987e-06,40885
-9.93482e-07,-4.72253e-07,40886
5.9074e-07,2.80814e-07,40890
-3.47251e-07,-1.65066e-07,40892
-5.30195e-06,-2.5203e-06,40907
4.62543e-06,2.19872e-06,40909
-3.5932e-07,-1.70804e-07,40910
5.17234e-06,2.4587e-06,40915
-5.33055e-06,-2.5339e-06,40917
4.79664e-07,2.28011e-07,40918
-3.0374e-07,-1.44383e-07,40922
1.78338e-07,8.47726e-08,40924
-2.79325e-06,-1.32778e-06,40931
2.78545e-06,1.32408e-06,40933
-2.41314e-07,-1.14707e-07,40934
1.55856e-07,7.40895e-08,40938
-9.20594e-08,-4.37624e-08,40940
-1.64307e-08,-7.80858e-09,40946
1.01148e-08,4.80701e-09,40948
4.19864e-07,1.99584e-07,41727
-8.4041e-07,-3.99491e-07,41855
1.70688e-06,8.11374e-07,41919
-7.54042e-06,-3.58437e-06,41951
7.59889e-06,3.61217e-06,41967
-1.82958e-06,-8.69698e-07,41975
9.72174e-07,4.62128e-07,41979
-4.9884e-07,-2.37125e-07,41981
4.86891e-08,2.31444e-08,41982
-8.16897e-06,-3.88316e-06,42239
1.51463e-05,7.19988e-06,42367
-3.08837e-05,-1.46807e-05,42431
0.000149291,7.09661e-05,42463
-0.000151568,-7.20486e-05,42479
3.68165e-05,1.75009e-05,42487
-2.01927e-05,-9.5987e-06,42491
1.05629e-05,5.02115e-06,42493
-1.02316e-06,-4.86361e-07,42494
-1.47554e-05,-7.01406e-06,42623
0.000193456,9.196e-05,42687
-0.00108413,-0.000515348,42719
0.00110177,0.000523731,42735
-0.000264081,-0.000125532,42743
0.000142316,6.76504e-05,42747
-7.36477e-05,-3.50088e-05,42749
7.24044e-06,3.44178e-06,42750
-0.000166056,-7.89353e-05,42815
0.00112847,0.000536422,42847
-0.00116561,-0.000554078,42863
0.000289705,0.000137713,42871
-0.000173099,-8.22835e-05,42875
9.54422e-05,4.53689e-05,42877
-9.08353e-06,-4.3179e-06,42878
-0.000198735,-9.44696e-05,42911
0.000259533,0.00012337,42927
-9.98431e-05,-4.74609e-05,42935
0.000119217,5.66702e-05,42939
-8.44611e-05,-4.0149e-05,42941
7.12737e-06,3.38803e-06,42942
-3.29233e-05,-1.56502e-05,42959
0.000123664,5.8784e-05,42967
-0.0003292,-0.000156487,42971
0.000268692,0.000127724,42973
-2.18153e-05,-1.037e-05,42974
-8.27348e-05,-3.93284e-05,42983
0.000302816,0.000143945,42987
-0.000255292,-0.000121354,42989
2.06064e-05,9.79536e-06,42990
-4.16905e-05,-1.98178e-05,42995
4.29954e-05,2.04381e-05,42997
-3.95807e-06,-1.88149e-06,42998
2.12139e-06,1.00841e-06,43002
-1.24394e-06,-5.91312e-07,43004
1.06563e-05,5.06553e-06,43263
-1.91473e-05,-9.10178e-06,43391
3.8391e-05,1.82493e-05,43455
-0.000188316,-8.95168e-05,43487
0.000191878,9.12101e-05,43503
-4.72046e-05,-2.24389e-05,43511
2.68375e-05,1.27573e-05,43515
-1.43575e-05,-6.82488e-06,43517
1.37943e-06,6.5572e-07,43518
2.17582e-05,1.03428e-05,43647
-0.000294161,-0.000139831,43711
0.00166602,0.000791952,43743
-0.00169691,-0.000806632,43759
0.000410764,0.000195259,43767
-0.000226645,-0.000107737,43771
0.000119036,5.65843e-05,43773
-1.16464e-05,-5.53616e-06,43774
0.000257884,0.000122586,43839
-0.00177301,-0.000842807,43871
0.00183742,0.000873427,43887
-0.000463908,-0.000220521,43895
0.000287221,0.000136532,43899
-0.000161439,-7.67405e-05,43901
1.52454e-05,7.24696e-06,43902
0.000326635,0.000155267,43935
-0.00043111,-0.00020493,43951
0.000173827,8.26296e-05,43959
-0.00021875,-0.000103984,43963
0.000156829,7.45494e-05,43965
-1.31476e-05,-6.24978e-06,43966
5.81901e-05,2.76609e-05,43983
-0.000231815,-0.000110194,43991
0.000631152,0.000300021,43995
-0.000515315,-0.000244957,43997
4.15631e-05,1.97572e-05,43998
0.000156781,7.45264e-05,44007
-0.000582877,-0.000277073,44011
0.000490878,0.000233341,44013
-3.93503e-05,-1.87053e-05,44014
7.99649e-05,3.80117e-05,44019
-8.24188e-05,-3.91782e-05,44021
7.54477e-06,3.58644e-06,44022
-4.05187e-06,-1.92607e-06,44026
2.37871e-06,1.13073e-06,44028
-5.18445e-06,-2.46445e-06,44159
9.14061e-05,4.34503e-05,44223
-0.000598738,-0.000284613,44255
0.000626674,0.000297892,44271
-0.000173895,-8.2662e-05,44279
0.000136156,6.47226e-05,44283
-8.58425e-05,-4.08056e-05,44285
7.78694e-06,3.70156e-06,44286
-0.000104366,-4.96107e-05,44351
0.000832768,0.00039586,44383
-0.000893263,-0.000424617,44399
0.000267337,0.00012708,44407
-0.000238163,-0.000113212,44411
0.000157131,7.4693e-05,44413
-1.39229e-05,-6.61831e-06,44414
-0.000241625,-0.000114858,44447
0.000344868,0.000163935,44463
-0.000193045,-9.17646e-05,44471
0.000330409,0.000157061,44475
-0.000252791,-0.000120165,44477
2.08955e-05,9.93277e-06,44478
-7.43309e-05,-3.53336e-05,44495
0.000410638,0.000195199,44503
-0.00126776,-0.000602636,44507
0.00104741,0.000497893,44509
-8.40647e-05,-3.99605e-05,44510
-0.000294573,-0.000140026,44519
0.00120002,0.000570435,44523
-0.00101612,-0.000483017,44525
8.10964e-05,3.85495e-05,44526
-0.000162982,-7.74742e-05,44531
0.000169105,8.0385e-05,44533
-1.55198e-05,-7.37742e-06,44534
8.34858e-06,3.96854e-06,44538
-4.90665e-06,-2.3324e-06,44540
-0.000148576,-7.06264e-05,44639
0.000177308,8.4284e-05,44655
-8.00917e-05,-3.80719e-05,44663
0.000116024,5.51524e-05,44667
-8.68232e-05,-4.12718e-05,44669
7.32925e-06,3.48399e-06,44670
0.000384405,0.000182729,44703
-0.000619629,-0.000294543,44719
0.000531985,0.000252882,44727
-0.00118433,-0.000562979,44731
0.000947086,0.000450202,44733
-7.80782e-05,-3.71148e-05,44734
0.00024646,0.000117156,44751
-0.00177513,-0.000843817,44759
0.00593978,0.0028235,44763
-0.00495495,-0.00235536,44765
0.000399328,0.000189823,44766
0.00132661,0.000630612,44775
-0.00570805,-0.00271335,44779
0.00486083,0.00231062,44781
-0.000389764,-0.000185276,44782
0.000763734,0.000363044,44787
-0.000796911,-0.000378815,44789
7.37329e-05,3.50493e-05,44790
-3.94819e-05,-1.87679e-05,44794
2.31979e-05,1.10272e-05,44796
-0.00025264,-0.000120094,44831
0.000416505,0.000197988,44847
-0.000398805,-0.000189574,44855
0.00094345,0.000448473,44859
-0.000761609,-0.000362035,44861
6.27884e-05,2.98468e-05,44862
-0.000220493,-0.000104812,44879
0.00170843,0.000812109,44887
-0.00583758,-0.00277492,44891
0.00488173,0.00232055,44893
-0.000393721,-0.000187157,44894
-0.001301,-0.000618437,44903
0.00568547,0.00270261,44907
-0.00484982,-0.00230539,44909
0.000389322,0.000185066,44910
-0.000761738,-0.000362096,44915
0.000796911,0.000378815,44917
-7.40141e-05,-3.5183e-05,44918
3.98131e-05,1.89254e-05,44922
-2.33795e-05,-1.11136e-05,44924
2.22231e-05,1.05639e-05,44943
-0.000222144,-0.000105597,44951
0.000867993,0.000412604,44955
-0.000733341,-0.000348597,44957
5.89337e-05,2.80144e-05,44958
0.000205862,9.78575e-05,44967
-0.00102335,-0.000486454,44971
0.0008813,0.00041893,44973
-7.0762e-05,-3.3637e-05,44974
0.000159432,7.57869e-05,44979
-0.000169105,-8.0385e-05,44981
1.60446e-05,7.6269e-06,44982
-9.46251e-06,-4.49805e-06,44986
5.52361e-06,2.62567e-06,44988
7.96631e-05,3.78682e-05,45003
-7.06439e-05,-3.35809e-05,45005
5.77481e-06,2.74509e-06,45006
-7.84956e-05,-3.73133e-05,45011
8.24188e-05,3.91782e-05,45013
-7.87822e-06,-3.74495e-06,45014
5.09023e-06,2.41967e-06,45018
-2.97491e-06,-1.41414e-06,45020
4.22797e-05,2.00978e-05,45027
-4.29954e-05,-2.04381e-05,45029
3.97701e-06,1.89049e-06,45030
-2.69569e-06,-1.28141e-06,45034
1.58974e-06,7.55691e-07,45036
2.89342e-07,1.37542e-07,45042
-1.80933e-07,-8.60045e-08,45044
-0.000472296,-0.000224508,45791
0.000488115,0.000232028,45807
-0.000127603,-6.06568e-05,45815
8.50165e-05,4.0413e-05,45819
-4.98147e-05,-2.36796e-05,45821
4.71574e-06,2.24165e-06,45822
-7.56267e-05,-3.59495e-05,45887
0.000548434,0.000260701,45919
-0.000580693,-0.000276035,45935
0.000164218,7.80617e-05,45943
-0.000130116,-6.18513e-05,45947
8.23143e-05,3.91285e-05,45949
-7.5102e-06,-3.57001e-06,45950
-0.000129684,-6.16458e-05,45983
0.000181278,8.61712e-05,45999
-9.41354e-05,-4.47477e-05,46007
0.000153412,7.29252e-05,46011
-0.000116736,-5.5491e-05,46013
9.79892e-06,4.65796e-06,46014
-3.32898e-05,-1.58245e-05,46031
0.00017216,8.18368e-05,46039
-0.000527223,-0.000250618,46043
0.000437199,0.000207825,46045
-3.56334e-05,-1.69385e-05,46046
-0.000121917,-5.79538e-05,46055
0.000495681,0.000235624,46059
-0.000421645,-0.000200431,46061
3.41868e-05,1.62508e-05,46062
-6.78425e-05,-3.22493e-05,46067
7.06439e-05,3.35809e-05,46069
-6.58189e-06,-3.12873e-06,46070
3.51806e-06,1.67232e-06,46074
-2.06259e-06,-9.80467e-07,46076
9.622e-06,4.57386e-06,46207
-0.000187629,-8.91903e-05,46271
0.00131387,0.000624555,46303
-0.0014231,-0.000676476,46319
0.000473303,0.000224987,46327
-0.000506686,-0.000240856,46331
0.000356227,0.000169334,46333
-3.15683e-05,-1.50061e-05,46334
0.000234369,0.000111408,46399
-0.00199473,-0.000948203,46431
0.00222217,0.00105632,46447
-0.000802323,-0.000381388,46455
0.000941826,0.000447701,46459
-0.000676937,-0.000321785,46461
5.92911e-05,2.81843e-05,46462
0.000767677,0.000364919,46495
-0.00115776,-0.000550346,46511
0.000791918,0.000376442,46519
-0.00157099,-0.000746779,46523
0.00123971,0.000589303,46525
-0.000104189,-4.95267e-05,46526
0.000311969,0.000148296,46543
-0.00196569,-0.000934402,46551
0.00645477,0.0030683,46555
-0.0054013,-0.00256753,46557
0.000443141,0.000210649,46558
0.00143953,0.000684289,46567
-0.00615954,-0.00292797,46571
0.00527094,0.00250556,46573
-0.000430476,-0.000204629,46574
0.000841036,0.00039979,46579
-0.0008813,-0.00041893,46581
8.30314e-05,3.94693e-05,46582
-4.43348e-05,-2.10748e-05,46586
2.59626e-05,1.23415e-05,46588
0.000559105,0.000265773,46687
-0.000704519,-0.000334897,46703
0.000382591,0.000181866,46711
-0.000640617,-0.00030452,46715
0.000494987,0.000235295,46717
-4.22618e-05,-2.00893e-05,46718
-0.0018753,-0.000891434,46751
0.00313295,0.00148926,46767
-0.00296522,-0.00140953,46775
0.00699641,0.00332578,46779
-0.00567291,-0.00269664,46781
0.000476722,0.000226612,46782
-0.00137723,-0.000654674,46799
0.0103328,0.00491174,46807
-0.0355902,-0.016918,46811
0.0299551,0.0142393,46813
-0.00246542,-0.00117195,46814
-0.00777008,-0.00369354,46823
0.0342829,0.0162965,46827
-0.0294352,-0.0139922,46829
0.00241211,0.00114661,46830
-0.00461266,-0.00219265,46835
0.00484982,0.00230539,46837
-0.000459231,-0.000218298,46838
0.000244166,0.000116065,46842
-0.000142953,-6.79535e-05,46844
0.00128845,0.000612472,46879
-0.00219303,-0.00104247,46895
0.00227188,0.00107995,46903
-0.00562991,-0.00267621,46907
0.00459895,0.00218613,46909
-0.000386521,-0.000183735,46910
0.00125661,0.000597338,46927
-0.0100166,-0.00476144,46935
0.0350939,0.016682,46939
-0.029595,-0.0140681,46941
0.00243693,0.0011584,46942
0.00766194,0.00364214,46951
-0.0342367,-0.0162746,46955
0.0294352,0.0139922,46957
-0.00241404,-0.00114753,46958
0.00461262,0.00219263,46963
-0.00486083,-0.00231062,46965
0.000461759,0.000219499,46966
-0.000246678,-0.00011726,46970
0.000144352,6.86182e-05,46972
-0.000125262,-5.95439e-05,46991
0.0012859,0.00061126,46999
-0.00514399,-0.00244522,47003
0.00438108,0.00208257,47005
-0.000359504,-0.000170892,47006
-0.00119695,-0.000568974,47015
0.00607436,0.00288748,47019
-0.00527094,-0.00250556,47021
0.000432358,0.000205523,47022
-0.000951434,-0.000452268,47027
0.00101612,0.000483017,47029
-9.8521e-05,-4.68324e-05,47030
5.77267e-05,2.74407e-05,47034
-3.35867e-05,-1.59656e-05,47036
0.000421645,0.000200431,47053
-3.51818e-05,-1.67238e-05,47054
0.000464888,0.000220987,47059
-0.000490878,-0.000233341,47061
4.77023e-05,2.26755e-05,47062
-3.0224e-05,-1.43671e-05,47066
1.76143e-05,8.37304e-06,47068
-0.000249826,-0.000118756,47075
0.000255292,0.000121354,47077
-2.39384e-05,-1.13792e-05,47078
1.5676e-05,7.45165e-06,47082
-9.2205e-06,-4.38301e-06,47084
-1.70943e-06,-8.12586e-07,47090
1.06219e-06,5.04917e-07,47092
-5.98193e-06,-2.84354e-06,47231
0.000117192,5.57076e-05,47295
-0.00084152,-0.000400021,47327
0.000926316,0.000440329,47343
-0.000333667,-0.00015861,47351
0.000399421,0.000189866,47355
-0.000289415,-0.000137575,47357
2.54612e-05,1.21031e-05,47358
-0.00015029,-7.14413e-05,47423
0.00130901,0.000622243,47455
-0.00148133,-0.000704159,47471
0.000574923,0.000273292,47479
-0.000736689,-0.000350188,47483
0.000541322,0.00025732,47485
-4.72405e-05,-2.2456e-05,47486
-0.00055611,-0.000264349,47519
0.000853239,0.000405591,47535
-0.000618185,-0.000293857,47543
0.00127188,0.000604593,47547
-0.00101063,-0.000480406,47549
8.5204e-05,4.05021e-05,47550
-0.000245856,-0.000116869,47567
0.00160301,0.000761998,47575
-0.00533919,-0.00253801,47579
0.00447984,0.00212951,47581
-0.000369119,-0.000175462,47582
-0.00118071,-0.000561254,47591
0.00510847,0.00242834,47595
-0.00438108,-0.00208257,47597
0.000359428,0.000170856,47598
-0.000698367,-0.000331972,47603
0.000733341,0.000348597,47605
-6.94721e-05,-3.30239e-05,47606
3.7062e-05,1.76176e-05,47610
-2.16858e-05,-1.03084e-05,47612
-0.000480311,-0.000228318,47711
0.000616968,0.000293279,47727
-0.00035468,-0.000168599,47735
0.000616968,0.000293279,47739
-0.000480311,-0.000228318,47741
4.10876e-05,1.95312e-05,47742
0.0017738,0.000843183,47775
-0.00299174,-0.00142214,47791
0.00290619,0.00138147,47799
-0.00695802,-0.00330753,47803
0.00566,0.00269051,47805
-0.000477544,-0.000227003,47806
0.00135583,0.000644502,47823
-0.0102889,-0.00489088,47831
0.0356856,0.0169633,47835
-0.0300955,-0.014306,47837
0.00248833,0.00118284,47838
0.0077522,0.00368505,47847
-0.0344061,-0.0163551,47851
0.029595,0.0140681,47853
-0.00243685,-0.00115837,47854
0.0046348,0.00220317,47859
-0.00488173,-0.00232055,47861
0.000464775,0.000220933,47862
-0.000246825,-0.00011733,47866
0.000144378,6.86308e-05,47868
-0.00124643,-0.000592495,47903
0.00213902,0.00101679,47919
-0.00226304,-0.00107575,47927
0.00567585,0.00269804,47931
-0.00464979,-0.0022103,47933
0.000392476,0.000186565,47934
-0.00125661,-0.000597338,47951
0.0101012,0.00480163,47959
-0.0356158,-0.0169301,47963
0.0300955,0.014306,47965
-0.00249022,-0.00118374,47966
-0.00773904,-0.00367879,47975
0.0347757,0.0165308,47979
-0.0299551,-0.0142393,47981
0.00246929,0.00117379,47982
-0.00469309,-0.00223088,47987
0.00495495,0.00235536,47989
-0.000473522,-0.000225091,47990
0.000252784,0.000120162,47994
-0.000147778,-7.02467e-05,47996
0.000125471,5.96433e-05,48015
-0.00130125,-0.000618556,48023
0.00524701,0.00249419,48027
-0.00447984,-0.00212951,48029
0.000369897,0.000175832,48030
0.0012147,0.000577412,48039
-0.00620945,-0.00295169,48043
0.0054013,0.00256753,48045
-0.00044608,-0.000212046,48046
0.000977827,0.000464815,48051
-0.00104741,-0.000497893,48053
0.000102588,4.87656e-05,48054
-6.04587e-05,-2.87393e-05,48058
3.51394e-05,1.67037e-05,48060
-0.000437199,-0.000207825,48077
3.68698e-05,1.75262e-05,48078
-0.00048478,-0.000230443,48083
0.000515315,0.000244957,48085
-5.13272e-05,-2.43986e-05,48086
3.41601e-05,1.62381e-05,48090
-1.9952e-05,-9.48429e-06,48092
0.000260737,0.000123942,48099
-0.000268692,-0.000127724,48101
2.60288e-05,1.23729e-05,48102
-1.87021e-05,-8.89013e-06,48106
1.10648e-05,5.25971e-06,48108
2.03004e-06,9.6499e-07,48114
-1.29412e-06,-6.15167e-07,48116
4.12092e-05,1.9589e-05,48223
-5.55206e-05,-2.6392e-05,48239
3.64086e-05,1.7307e-05,48247
-6.90092e-05,-3.28038e-05,48251
5.46134e-05,2.59607e-05,48253
-4.69482e-06,-2.2317e-06,48254
-0.000213126,-0.000101311,48287
0.000366602,0.000174266,48303
-0.000383176,-0.000182145,48311
0.000959993,0.000456337,48315
-0.000788516,-0.000374825,48317
6.72673e-05,3.19758e-05,48318
-0.000195012,-9.26999e-05,48335
0.00154584,0.000734821,48343
-0.00548068,-0.00260527,48347
0.00464979,0.0022103,48349
-0.000389668,-0.000185231,48350
-0.00117638,-0.000559196,48359
0.00531735,0.00252763,48363
-0.00459895,-0.00218613,48365
0.000384235,0.000182648,48366
-0.000718546,-0.000341564,48371
0.000761609,0.000362035,48373
-7.39503e-05,-3.51526e-05,48374
3.94131e-05,1.87352e-05,48378
-2.29863e-05,-1.09266e-05,48380
0.000184357,8.76348e-05,48415
-0.000321441,-0.000152799,48431
0.000363702,0.000172887,48439
-0.000953024,-0.000453024,48443
0.000788516,0.000374825,48445
-6.74514e-05,-3.20633e-05,48446
0.000220493,0.000104812,48463
-0.00184318,-0.000876164,48471
0.00665279,0.00316243,48475
-0.00566,-0.00269051,48477
0.000475899,0.000226221,48478
0.00142663,0.000678155,48487
-0.00654324,-0.00311036,48491
0.00567291,0.00269664,48493
-0.000475898,-0.000226221,48494
0.00089011,0.000423118,48499
-0.000947086,-0.000450202,48501
9.27976e-05,4.41118e-05,48502
-4.99551e-05,-2.37464e-05,48506
2.91003e-05,1.3833e-05,48508
-2.58666e-05,-1.22958e-05,48527
0.000280155,0.000133173,48535
-0.00117096,-0.000556619,48539
0.00101063,0.000480406,48541
-8.57894e-05,-4.07804e-05,48542
-0.000266245,-0.000126561,48551
0.00140905,0.000669796,48555
-0.00123971,-0.000589303,48557
0.000105769,5.02778e-05,48558
-0.000231804,-0.000110189,48563
0.000252791,0.000120165,48565
-2.63943e-05,-1.25466e-05,48566
1.67142e-05,7.94518e-06,48570
-9.69402e-06,-4.6081e-06,48572
0.000116736,5.5491e-05,48589
-1.05596e-05,-5.01957e-06,48590
0.000139836,6.64718e-05,48595
-0.000156829,-7.45494e-05,48597
1.88566e-05,8.96359e-06,48598
-1.78656e-05,-8.49251e-06,48602
1.06356e-05,5.05568e-06,48604
-7.63514e-05,-3.6294e-05,48611
8.44611e-05,4.0149e-05,48613
-1.04866e-05,-4.98488e-06,48614
1.28615e-05,6.11376e-06,48618
-7.83783e-06,-3.72575e-06,48620
-1.35697e-06,-6.4504e-07,48626
9.64973e-07,4.58704e-07,48628
-0.000118498,-5.63286e-05,48743
0.000565218,0.000268679,48747
-0.000494987,-0.000235295,48749
4.25775e-05,2.02394e-05,48750
-8.02261e-05,-3.81358e-05,48755
8.68232e-05,4.12718e-05,48757
-9.00441e-06,-4.28029e-06,48758
5.20594e-06,2.47467e-06,48762
-3.02424e-06,-1.43758e-06,48764
1.34161e-05,6.37742e-06,48783
-0.000143859,-6.83839e-05,48791
0.000618298,0.000293911,48795
-0.000541322,-0.00025732,48797
4.81863e-05,2.29056e-05,48798
0.000137476,6.53498e-05,48807
-0.000755401,-0.000359084,48811
0.000676937,0.000321785,48813
-6.15086e-05,-2.92384e-05,48814
0.000137954,6.5577e-05,48819
-0.000157131,-7.4693e-05,48821
1.93327e-05,9.1899e-06,48822
-1.55773e-05,-7.40475e-06,48826
9.14013e-06,4.3448e-06,48828
-8.23143e-05,-3.91285e-05,48845
9.02655e-06,4.29081e-06,48846
-0.000127273,-6.04998e-05,48851
0.000161438,7.67405e-05,48853
-2.82205e-05,-1.34147e-05,48854
4.13447e-05,1.96534e-05,48858
-2.52779e-05,-1.2016e-05,48860
7.40704e-05,3.52097e-05,48867
-9.54422e-05,-4.53689e-05,48869
1.82291e-05,8.66528e-06,48870
-3.57987e-05,-1.70171e-05,48874
2.23836e-05,1.06401e-05,48876
3.81374e-06,1.81288e-06,48882
-2.88387e-06,-1.37086e-06,48884
-7.58849e-06,-3.60723e-06,48911
7.80017e-05,3.70785e-05,48919
-0.000329991,-0.000156863,48923
0.000289415,0.000137575,48925
-2.61326e-05,-1.24222e-05,48926
-7.26841e-05,-3.45507e-05,48935
0.000395874,0.000188181,48939
-0.000356227,-0.000169334,48941
3.30703e-05,1.57201e-05,48942
-7.40987e-05,-3.52231e-05,48947
8.58425e-05,4.08056e-05,48949
-1.12653e-05,-5.355e-06,48950
9.96753e-06,4.73811e-06,48954
-5.89079e-06,-2.80021e-06,48956
4.98147e-05,2.36796e-05,48973
-6.02254e-06,-2.86284e-06,48974
8.94772e-05,4.25334e-05,48979
-0.000119036,-5.65843e-05,48981
2.33204e-05,1.10855e-05,48982
-3.75476e-05,-1.78484e-05,48986
2.30873e-05,1.09747e-05,48988
-5.41341e-05,-2.57329e-05,48995
7.36477e-05,3.50088e-05,48997
-1.5786e-05,-7.50395e-06,48998
3.37516e-05,1.6044e-05,49002
-2.12001e-05,-1.00776e-05,49004
-3.60689e-06,-1.71455e-06,49010
2.7542e-06,1.30922e-06,49012
-4.76024e-06,-2.2628e-06,49037
5.86273e-07,2.78686e-07,49038
-1.05632e-05,-5.02126e-06,49043
1.43575e-05,6.82488e-06,49045
-2.92392e-06,-1.3899e-06,49046
5.43942e-06,2.58565e-06,49050
-3.37553e-06,-1.60457e-06,49052
7.50117e-06,3.56572e-06,49059
-1.05629e-05,-5.02114e-06,49061
2.39262e-06,1.13734e-06,49062
-5.94951e-06,-2.82813e-06,49066
3.77077e-06,1.79245e-06,49068
7.25389e-07,3.44818e-07,49074
-5.63954e-07,-2.68078e-07,49076
-2.75083e-07,-1.30762e-07,49100
-3.66751e-07,-1.74336e-07,49106
2.79371e-07,1.328e-07,49108
2.0561e-07,9.77386e-08,49122
-1.5162e-07,-7.20723e-08,49124
5.46903e-07,2.59975e-07,50047
-1.10701e-06,-5.2622e-07,50111
4.92324e-06,2.34029e-06,50143
-4.97367e-06,-2.36426e-06,50159
1.21324e-06,5.76719e-07,50167
-6.7004e-07,-3.18506e-07,50171
3.53252e-07,1.67919e-07,50173
-3.46806e-08,-1.64864e-08,50174
5.37786e-06,2.55639e-06,50431
-9.92654e-06,-4.71863e-06,50559
2.0156e-05,9.58126e-06,50623
-9.78739e-05,-4.65248e-05,50655
9.95789e-05,4.73353e-05,50671
-2.44934e-05,-1.1643e-05,50679
1.39632e-05,6.63749e-06,50683
-7.50118e-06,-3.56572e-06,50685
7.30869e-07,3.47421e-07,50686
9.7698e-06,4.64412e-06,50815
-0.000129466,-6.15423e-05,50879
0.000729192,0.000346625,50911
-0.000742729,-0.00035306,50927
0.000180642,8.58688e-05,50935
-0.000101541,-4.82681e-05,50939
5.41341e-05,2.57329e-05,50941
-5.35105e-06,-2.54365e-06,50942
0.000112101,5.32879e-05,51007
-0.000766733,-0.00036447,51039
0.000794765,0.000377795,51055
-0.00020212,-9.60786e-05,51063
0.000128983,6.13128e-05,51067
-7.40704e-05,-3.52097e-05,51069
7.08107e-06,3.36602e-06,51070
0.00014058,6.68253e-05,51103
-0.000185925,-8.83801e-05,51119
7.70716e-05,3.66364e-05,51127
-0.000103756,-4.9321e-05,51131
7.63514e-05,3.6294e-05,51133
-6.58461e-06,-3.13003e-06,51134
2.57105e-05,1.22216e-05,51151
-0.000108338,-5.14989e-05,51159
0.000313675,0.000149107,51163
-0.000260737,-0.000123942,51165
2.1823e-05,1.03737e-05,51166
7.43383e-05,3.53371e-05,51175
-0.000291954,-0.000138782,51179
0.000249826,0.000118756,51181
-2.08198e-05,-9.8968e-06,51182
4.04116e-05,1.92098e-05,51187
-4.22797e-05,-2.00978e-05,51189
4.03844e-06,1.91969e-06,51190
-2.14234e-06,-1.01837e-06,51194
1.25025e-06,5.94315e-07,51196
-7.19936e-06,-3.42225e-06,51455
1.28803e-05,6.12271e-06,51583
-2.56974e-05,-1.22154e-05,51647
0.000126686,6.02208e-05,51679
-0.000129395,-6.15086e-05,51695
3.22901e-05,1.53492e-05,51703
-1.91807e-05,-9.11765e-06,51707
1.05632e-05,5.02126e-06,51709
-1.02065e-06,-4.85169e-07,51710
-1.47554e-05,-7.01406e-06,51839
0.000201633,9.58471e-05,51903
-0.0011476,-0.000545516,51935
0.00117152,0.000556889,51951
-0.000287771,-0.000136793,51959
0.000165539,7.86899e-05,51963
-8.94772e-05,-4.25334e-05,51965
8.806e-06,4.18597e-06,51966
-0.000178247,-8.47305e-05,52031
0.001233,0.00058611,52063
-0.0012822,-0.000609502,52079
0.000331049,0.000157366,52087
-0.000218154,-0.0001037,52091
0.000127273,6.04998e-05,52093
-1.20893e-05,-5.74669e-06,52094
-0.000235828,-0.000112102,52127
0.000314839,0.00014966,52143
-0.000135568,-6.44431e-05,52151
0.000188882,8.9786e-05,52155
-0.000139836,-6.64718e-05,52157
1.19914e-05,5.70016e-06,52158
-4.5732e-05,-2.17389e-05,52175
0.000199934,9.50394e-05,52183
-0.000583941,-0.000277579,52187
0.00048478,0.000230443,52189
-4.03146e-05,-1.91637e-05,52190
-0.000137943,-6.55716e-05,52199
0.000544315,0.000258743,52203
-0.000464888,-0.000220987,52205
3.84824e-05,1.82928e-05,52206
-7.51414e-05,-3.57188e-05,52211
7.84956e-05,3.73133e-05,52213
-7.45084e-06,-3.54179e-06,52214
3.96057e-06,1.88268e-06,52218
-2.31394e-06,-1.09994e-06,52220
3.78809e-06,1.80068e-06,52351
-6.77981e-05,-3.22281e-05,52415
0.00044764,0.000212788,52447
-0.000470757,-0.000223776,52463
0.000134708,6.40342e-05,52471
-0.000113563,-5.39825e-05,52475
7.40987e-05,3.52231e-05,52477
-6.79776e-06,-3.23135e-06,52478
7.83226e-05,3.7231e-05,52543
-0.000630029,-0.000299487,52575
0.000679734,0.000323115,52591
-0.000210858,-0.000100232,52599
0.000202622,9.63172e-05,52603
-0.000137954,-6.5577e-05,52605
1.24029e-05,5.89579e-06,52606
0.000190921,9.07553e-05,52639
-0.000275515,-0.000130967,52655
0.000162685,7.73329e-05,52663
-0.000297092,-0.000141224,52667
0.000231805,0.000110189,52669
-1.96726e-05,-9.35148e-06,52670
6.25909e-05,2.97529e-05,52687
-0.000362775,-0.000172447,52695
0.00116815,0.000555286,52699
-0.000977827,-0.000464815,52701
8.09025e-05,3.84574e-05,52702
0.000262634,0.000124844,52711
-0.00111026,-0.000527767,52715
0.000951434,0.000452268,52717
-7.83663e-05,-3.72518e-05,52718
0.00015195,7.22301e-05,52723
-0.000159432,-7.57869e-05,52725
1.51331e-05,7.19357e-06,52726
-8.06158e-06,-3.83211e-06,52730
4.7152e-06,2.24139e-06,52732
-0.000142943,-6.79487e-05,52847
6.78681e-05,3.22614e-05,52855
-0.000104989,-4.99069e-05,52859
8.02261e-05,3.81358e-05,52861
-6.93868e-06,-3.29834e-06,52862
-0.00032241,-0.000153259,52895
0.000524756,0.000249445,52911
-0.000469582,-0.000223218,52919
0.00109618,0.000521072,52923
-0.00089011,-0.000423118,52925
7.55478e-05,3.5912e-05,52926
-0.000216484,-0.000102907,52943
0.00160472,0.000762812,52951
-0.00555707,-0.00264158,52955
0.00469309,0.00223088,52957
-0.000390217,-0.000185492,52958
-0.00120611,-0.000573329,52967
0.00535397,0.00254504,52971
-0.00461262,-0.00219263,52973
0.000381954,0.000181564,52974
-0.000722161,-0.000343283,52979
0.000761738,0.000362096,52981
-7.28971e-05,-3.4652e-05,52982
3.86562e-05,1.83754e-05,52986
-2.2599e-05,-1.07426e-05,52988
0.000214341,0.000101888,53023
-0.000356517,-0.000169472,53039
0.000354605,0.000168563,53047
-0.000877129,-0.000416947,53051
0.000718546,0.000341564,53053
-6.1019e-05,-2.90057e-05,53054
0.000195012,9.26999e-05,53071
-0.00154989,-0.000736747,53079
0.00547505,0.00260259,53083
-0.0046348,-0.00220317,53085
0.000385753,0.00018337,53086
0.00118642,0.000563972,53095
-0.00534506,-0.0025408,53099
0.00461266,0.00219265,53101
-0.000382478,-0.000181813,53102
0.000722161,0.000343283,53107
-0.000763734,-0.000363044,53109
7.33838e-05,3.48833e-05,53110
-3.91081e-05,-1.85902e-05,53114
2.28493e-05,1.08615e-05,53116
-1.9785e-05,-9.40491e-06,53135
0.000202452,9.62363e-05,53143
-0.000816722,-0.000388233,53147
0.000698367,0.000331972,53149
-5.79783e-05,-2.75602e-05,53150
-0.000188591,-8.96476e-05,53159
0.000965367,0.000458891,53163
-0.000841036,-0.00039979,53165
6.98296e-05,3.31938e-05,53166
-0.00015195,-7.22301e-05,53171
0.000162982,7.74742e-05,53173
-1.60277e-05,-7.61883e-06,53174
9.41488e-06,4.47541e-06,53178
-5.46883e-06,-2.59963e-06,53180
6.78425e-05,3.22493e-05,53197
-5.74879e-06,-2.73271e-06,53198
7.51414e-05,3.57188e-05,53203
-7.99649e-05,-3.80117e-05,53205
7.9865e-06,3.79642e-06,53206
-5.27181e-06,-2.50598e-06,53210
3.07304e-06,1.46078e-06,53212
-4.04116e-05,-1.92098e-05,53219
4.16905e-05,1.98178e-05,53221
-4.04789e-06,-1.92418e-06,53222
2.87109e-06,1.36479e-06,53226
-1.69307e-06,-8.04809e-07,53228
-3.11561e-07,-1.48101e-07,53234
1.97389e-07,9.38322e-08,53236
-0.000495681,-0.000235624,54111
0.000527223,0.000250618,54127
-0.000153412,-7.29252e-05,54135
0.000130116,6.18513e-05,54139
-8.50165e-05,-4.0413e-05,54141
7.85821e-06,3.73543e-06,54142
0.000121917,5.79538e-05,54175
-0.00017216,-8.18368e-05,54191
9.41354e-05,4.47477e-05,54199
-0.000164218,-7.80617e-05,54203
0.000127603,6.06568e-05,54205
-1.09969e-05,-5.22745e-06,54206
3.32898e-05,1.58245e-05,54223
-0.000181278,-8.61712e-05,54231
0.000580693,0.000276035,54235
-0.000488115,-0.000232028,54237
4.10246e-05,1.95013e-05,54238
0.000129684,6.16458e-05,54247
-0.000548434,-0.000260701,54251
0.000472296,0.000224508,54253
-3.95333e-05,-1.87923e-05,54254
7.56267e-05,3.59495e-05,54259
-7.96631e-05,-3.78682e-05,54261
7.6792e-06,3.65034e-06,54262
-4.06464e-06,-1.93215e-06,54266
2.37134e-06,1.12722e-06,54268
-9.15257e-06,-4.35072e-06,54399
0.00018076,8.59252e-05,54463
-0.00127422,-0.000605709,54495
0.0013875,0.000659555,54511
-0.000477503,-0.000226983,54519
0.000548193,0.000260586,54523
-0.000395874,-0.000188181,54525
3.58238e-05,1.7029e-05,54526
-0.000227984,-0.000108373,54591
0.00195135,0.000927585,54623
-0.00218626,-0.00103925,54639
0.000817594,0.000388647,54647
-0.0010256,-0.000487525,54651
0.000755401,0.000359084,54653
-6.7681e-05,-3.21725e-05,54654
-0.000774237,-0.000368037,54687
0.00117667,0.000559333,54703
-0.000837917,-0.000398308,54711
0.00175462,0.000834068,54715
-0.00140905,-0.000669796,54717
0.000121967,5.79774e-05,54718
-0.000328466,-0.000156138,54735
0.00214449,0.00101939,54743
-0.00732251,-0.00348079,54747
0.00620945,0.00295169,54749
-0.000526219,-0.000250141,54750
-0.00158194,-0.000751982,54759
0.00701077,0.0033326,54763
-0.00607436,-0.00288748,54765
0.000512957,0.000243837,54766
-0.000965367,-0.000458891,54771
0.00102335,0.000486454,54773
-9.98622e-05,-4.747e-05,54774
5.28012e-05,2.50993e-05,54778
-3.07578e-05,-1.46209e-05,54780
0.000717797,0.000341208,54895
-0.000405161,-0.000192595,54903
0.000717797,0.000341208,54907
-0.000565218,-0.000268679,54909
4.96431e-05,2.35981e-05,54910
0.00195194,0.000927865,54943
-0.00328009,-0.00155921,54959
0.00321128,0.0015265,54967
-0.00794306,-0.00377577,54971
0.00654324,0.00311036,54973
-0.000567476,-0.000269753,54974
0.00148016,0.0007036,54991
-0.0114139,-0.00542567,54999
0.0407757,0.0193829,55003
-0.0347757,-0.0165308,55005
0.0029593,0.00140672,55006
0.00863271,0.0041036,55015
-0.0393794,-0.0187192,55019
0.0342367,0.0162746,55021
-0.00290353,-0.00138021,55022
0.00534506,0.0025408,55027
-0.00568547,-0.00270261,55029
0.000557948,0.000265223,55030
-0.000293654,-0.00013959,55034
0.000170985,8.12786e-05,55036
-0.00135079,-0.000642106,55071
0.00231056,0.00109834,55087
-0.00247116,-0.00117468,55095
0.00640964,0.00304685,55099
-0.00531735,-0.00252763,55101
0.000461409,0.000219333,55102
-0.00135583,-0.000644502,55119
0.0110876,0.00527056,55127
-0.040266,-0.0191406,55131
0.0344061,0.0163551,55133
-0.00292985,-0.00139272,55134
-0.00852764,-0.00405365,55143
0.0393794,0.0187192,55147
-0.0342829,-0.0162965,55149
0.00291037,0.00138346,55150
-0.00535397,-0.00254504,55155
0.00570805,0.00271335,55157
-0.000562106,-0.0002672,55158
0.000297384,0.000141363,55162
-0.000173062,-8.2266e-05,55164
0.000136102,6.46969e-05,55183
-0.00143027,-0.000679885,55191
0.00592118,0.00281466,55195
-0.00510847,-0.00242834,55197
0.000433943,0.000206277,55198
0.00133857,0.000636297,55207
-0.00701077,-0.0033326,55211
0.00615954,0.00292797,55213
-0.00052354,-0.000248867,55214
0.00111026,0.000527767,55219
-0.00120002,-0.000570435,55221
0.000120831,5.74375e-05,55222
-7.05043e-05,-3.35146e-05,55226
4.08027e-05,1.93957e-05,55228
4.29523e-05,2.04176e-05,55246
-0.000544315,-0.000258743,55251
0.000582877,0.000277073,55253
-5.92521e-05,-2.81658e-05,55254
3.82856e-05,1.81993e-05,55258
-2.22449e-05,-1.05742e-05,55260
0.000291954,0.000138782,55267
-0.000302816,-0.000143945,55269
2.98293e-05,1.41795e-05,55270
-2.03908e-05,-9.69285e-06,55274
1.19879e-05,5.69852e-06,55276
2.25042e-06,1.06975e-06,55282
-1.41608e-06,-6.7314e-07,55284
5.80737e-06,2.76056e-06,55423
-0.000115251,-5.47851e-05,55487
0.000833699,0.000396302,55519
-0.000923239,-0.000438866,55535
0.000345282,0.000164131,55543
-0.00044386,-0.000210991,55547
0.000329991,0.000156863,55549
-2.97361e-05,-1.41352e-05,55550
0.000149349,7.09938e-05,55615
-0.00130821,-0.000621862,55647
0.00148947,0.000708027,55663
-0.000599856,-0.000285144,55671
0.000821692,0.000390595,55675
-0.000618298,-0.000293911,55677
5.53331e-05,2.63028e-05,55678
0.000572293,0.000272042,55711
-0.000884515,-0.000420458,55727
0.000666605,0.000316874,55735
-0.00144783,-0.000688234,55739
0.00117096,0.000556619,55741
-0.000101823,-4.8402e-05,55742
0.000263593,0.0001253,55759
-0.0017794,-0.000845847,55767
0.00616809,0.00293203,55771
-0.00524701,-0.00249419,55773
0.000447149,0.000212554,55774
0.00132015,0.000627539,55783
-0.00592118,-0.00281466,55787
0.00514399,0.00244522,55789
-0.000436947,-0.000207705,55790
0.000816722,0.000388233,55795
-0.000867993,-0.000412604,55797
8.52862e-05,4.05412e-05,55798
-4.50502e-05,-2.14148e-05,55802
2.62142e-05,1.2461e-05,55804
-0.000640617,-0.00030452,55919
0.000382591,0.000181867,55927
-0.000704519,-0.000334897,55931
0.000559105,0.000265773,55933
-4.92826e-05,-2.34267e-05,55934
-0.00187691,-0.0008922,55967
0.00318286,0.00151299,55983
-0.00319907,-0.00152069,55991
0.00804463,0.00382405,55995
-0.00665279,-0.00316243,55997
0.000580171,0.000275787,55998
-0.00148016,-0.0007036,56015
0.0115564,0.00549337,56023
-0.0416499,-0.0197985,56027
0.0356158,0.0169301,56029
-0.00304945,-0.00144957,56030
-0.00876,-0.00416411,56039
0.040266,0.0191406,56043
-0.0350939,-0.016682,56045
0.00299534,0.00142385,56046
-0.00547505,-0.00260259,56051
0.00583758,0.00277492,56053
-0.000576996,-0.000274278,56054
0.000303258,0.000144155,56058
-0.00017636,-8.38338e-05,56060
0.00132816,0.000631347,56095
-0.00228953,-0.00108834,56111
0.002502,0.00118934,56119
-0.00658267,-0.0031291,56123
0.00548068,0.00260527,56125
-0.000478393,-0.000227406,56126
0.00137723,0.000654674,56143
-0.0113724,-0.00540591,56151
0.0416499,0.0197985,56155
-0.0356856,-0.0169633,56157
0.00305873,0.00145398,56158
0.00876378,0.0041659,56167
-0.0407757,-0.0193829,56171
0.0355902,0.016918,56173
-0.00304213,-0.00144609,56174
0.00555707,0.00264158,56179
-0.00593978,-0.0028235,56181
0.000589577,0.000280258,56182
-0.000311698,-0.000148167,56186
0.000181151,8.61112e-05,56188
-0.000138678,-6.59211e-05,56207
0.00147448,0.000700901,56215
-0.00616809,-0.00293203,56219
0.00533919,0.00253801,56221
-0.000457335,-0.000217396,56222
-0.00138469,-0.000658218,56231
0.00732251,0.00348079,56235
-0.00645477,-0.0030683,56237
0.000553658,0.000263184,56238
-0.00116815,-0.000555286,56243
0.00126776,0.000602636,56245
-0.000129393,-6.15075e-05,56246
7.61609e-05,3.62034e-05,56250
-4.40194e-05,-2.09248e-05,56252
-4.63471e-05,-2.20313e-05,56270
0.000583941,0.000277579,56275
-0.000631152,-0.000300021,56277
6.63425e-05,3.15362e-05,56278
-4.58465e-05,-2.17933e-05,56282
2.67231e-05,1.27029e-05,56284
-0.000313675,-0.000149107,56291
0.0003292,0.000156487,56293
-3.38965e-05,-1.61129e-05,56294
2.61618e-05,1.24361e-05,56298
-1.54946e-05,-7.36544e-06,56300
-2.86717e-06,-1.36292e-06,56306
1.85962e-06,8.83978e-07,56308
5.7955e-05,2.75492e-05,56431
-3.98243e-05,-1.89307e-05,56439
8.05211e-05,3.82761e-05,56443
-6.50868e-05,-3.09393e-05,56445
5.79273e-06,2.7536e-06,56446
0.000228232,0.000108491,56479
-0.000394775,-0.000187658,56495
0.000429243,0.000204043,56503
-0.00113855,-0.000541215,56507
0.000953024,0.000453024,56509
-8.44592e-05,-4.01481e-05,56510
0.000216484,0.000102907,56527
-0.0017744,-0.000843469,56535
0.00658267,0.0031291,56539
-0.00567585,-0.00269804,56541
0.000495248,0.000235418,56542
0.00136033,0.000646641,56551
-0.00640964,-0.00304685,56555
0.00562991,0.00267621,56557
-0.000490379,-0.000233104,56558
0.000877129,0.000416947,56563
-0.00094345,-0.000448473,56565
9.57935e-05,4.55359e-05,56566
-5.06558e-05,-2.40794e-05,56570
2.93424e-05,1.3948e-05,56572
-0.000199598,-9.488e-05,56607
0.00034943,0.000166103,56623
-0.000410528,-0.000195147,56631
0.00113855,0.000541215,56635
-0.000959993,-0.000456337,56637
8.5404e-05,4.05972e-05,56638
-0.00024646,-0.000117156,56655
0.00212871,0.00101189,56663
-0.00804463,-0.00382405,56667
0.00695802,0.00330753,56669
-0.000609752,-0.000289848,56670
-0.00166003,-0.000789104,56679
0.00794306,0.00377577,56683
-0.00699641,-0.00332578,56685
0.000612586,0.000291196,56686
-0.00109618,-0.000521072,56691
0.00118433,0.000562979,56693
-0.000121589,-5.77979e-05,56694
6.51242e-05,3.09571e-05,56698
-3.76744e-05,-1.79087e-05,56700
2.94557e-05,1.40019e-05,56719
-0.000329969,-0.000156852,56727
0.00144783,0.000688234,56731
-0.00127188,-0.000604593,56733
0.000113067,5.37471e-05,56734
0.000316716,0.000150552,56743
-0.00175462,-0.000834068,56747
0.00157099,0.000746779,56749
-0.000140713,-6.68888e-05,56750
0.000297092,0.000141224,56755
-0.000330409,-0.000157061,56757
3.66523e-05,1.74229e-05,56758
-2.37856e-05,-1.13066e-05,56762
1.37233e-05,6.52343e-06,56764
1.47678e-05,7.01994e-06,56782
-0.000188882,-8.9786e-05,56787
0.00021875,0.000103984,56789
-2.88754e-05,-1.37261e-05,56790
2.97747e-05,1.41536e-05,56794
-1.77242e-05,-8.4253e-06,56796
0.000103756,4.9321e-05,56803
-0.000119217,-5.66702e-05,56805
1.64772e-05,7.83249e-06,56806
-2.24513e-05,-1.06723e-05,56810
1.36891e-05,6.5072e-06,56812
2.38292e-06,1.13273e-06,56818
-1.71235e-06,-8.13976e-07,56820
0.000104989,4.99069e-05,56947
-0.000116024,-5.51524e-05,56949
1.28132e-05,6.09082e-06,56950
-7.5652e-06,-3.59615e-06,56954
4.36574e-06,2.07527e-06,56956
-1.57577e-05,-7.49049e-06,56975
0.000178302,8.47568e-05,56983
-0.000821692,-0.000390595,56987
0.000736689,0.000350188,56989
-6.95757e-05,-3.30732e-05,56990
-0.000174294,-8.28513e-05,56999
0.0010256,0.000487525,57003
-0.000941826,-0.000447701,57005
9.12537e-05,4.33779e-05,57006
-0.000202622,-9.63172e-05,57011
0.000238163,0.000113212,57013
-3.18723e-05,-1.51506e-05,57014
2.71552e-05,1.29084e-05,57018
-1.58784e-05,-7.54788e-06,57020
-1.54346e-05,-7.3369e-06,57038
0.000218154,0.0001037,57043
-0.000287221,-0.000136532,57045
5.36366e-05,2.54964e-05,57046
-8.09764e-05,-3.84925e-05,57050
4.92772e-05,2.34242e-05,57052
-0.000128983,-6.13128e-05,57059
0.000173099,8.22835e-05,57061
-3.5206e-05,-1.67353e-05,57062
7.08735e-05,3.36901e-05,57066
-4.40737e-05,-2.09506e-05,57068
-7.51754e-06,-3.57349e-06,57074
5.65809e-06,2.6896e-06,57076
8.91132e-06,4.23604e-06,57103
-9.71381e-05,-4.6175e-05,57111
0.00044386,0.000210991,57115
-0.000399421,-0.000189866,57117
3.8404e-05,1.82555e-05,57118
9.31468e-05,4.42778e-05,57127
-0.000548193,-0.000260586,57131
0.000506686,0.000240856,57133
-5.03704e-05,-2.39438e-05,57134
0.000113563,5.39825e-05,57139
-0.000136156,-6.47226e-05,57141
1.9448e-05,9.24471e-06,57142
-1.81755e-05,-8.63983e-06,57146
1.07023e-05,5.08741e-06,57148
1.10034e-05,5.23051e-06,57166
-0.000165539,-7.86899e-05,57171
0.000226645,0.000107737,57173
-4.61243e-05,-2.19254e-05,57174
7.49785e-05,3.56414e-05,57178
-4.58344e-05,-2.17876e-05,57180
0.000101541,4.82681e-05,57187
-0.000142316,-6.76504e-05,57189
3.15078e-05,1.49774e-05,57190
-6.76958e-05,-3.21795e-05,57194
4.22475e-05,2.00826e-05,57196
7.19007e-06,3.41783e-06,57202
-5.45347e-06,-2.59233e-06,57204
-1.04855e-06,-4.98432e-07,57230
1.91807e-05,9.11765e-06,57235
-2.68375e-05,-1.27573e-05,57237
5.71832e-06,2.71823e-06,57238
-1.07827e-05,-5.12562e-06,57242
6.65569e-06,3.16381e-06,57244
-1.39632e-05,-6.63749e-06,57251
2.01927e-05,9.5987e-06,57253
-4.73764e-06,-2.25206e-06,57254
1.18567e-05,5.63616e-06,57258
-7.47019e-06,-3.55099e-06,57260
-1.44441e-06,-6.86604e-07,57266
1.11511e-06,5.30071e-07,57268
7.31289e-07,3.47622e-07,57298
-5.53268e-07,-2.62999e-07,57300
-4.10637e-07,-1.95197e-07,57314
3.00787e-07,1.42979e-07,57316
-1.18945e-05,-5.6541e-06,58271
1.72992e-05,8.22328e-06,58287
-1.09445e-05,-5.2025e-06,58295
2.27887e-05,1.08327e-05,58299
-1.8615e-05,-8.84874e-06,58301
1.70524e-06,8.10592e-07,58302
-3.87682e-06,-1.84286e-06,58319
2.41549e-05,1.14821e-05,58327
-8.64658e-05,-4.11019e-05,58331
7.50521e-05,3.56764e-05,58333
-6.76495e-06,-3.21575e-06,58334
-1.77376e-05,-8.43167e-06,58343
8.25857e-05,3.92575e-05,58347
-7.32231e-05,-3.48069e-05,58349
6.58973e-06,3.13246e-06,58350
-1.16054e-05,-5.51668e-06,58355
1.25623e-05,5.97154e-06,58357
-1.30895e-06,-6.22215e-07,58358
6.79361e-07,3.22937e-07,58362
-3.91367e-07,-1.8604e-07,58364
1.00675e-06,4.78563e-07,58495
-2.03781e-05,-9.6868e-06,58559
0.000146917,6.98379e-05,58591
-0.000163328,-7.76386e-05,58607
6.39789e-05,3.04127e-05,58615
-9.31468e-05,-4.42778e-05,58619
7.26841e-05,3.45507e-05,58621
-6.93552e-06,-3.29683e-06,58622
2.64604e-05,1.25781e-05,58687
-0.000230748,-0.000109687,58719
0.000264071,0.000125528,58735
-0.000112084,-5.32797e-05,58743
0.000174294,8.28513e-05,58747
-0.000137476,-6.53498e-05,58749
1.30363e-05,6.19686e-06,58750
0.000102048,4.8509e-05,58783
-0.000159217,-7.56844e-05,58799
0.000129257,6.14431e-05,58807
-0.000316716,-0.000150552,58811
0.000266245,0.000126561,58813
-2.47609e-05,-1.17702e-05,58814
5.00906e-05,2.38108e-05,58831
-0.000364288,-0.000173166,58839
0.00138469,0.000658218,58843
-0.0012147,-0.000577412,58845
0.000111294,5.29042e-05,58846
0.00027466,0.000130561,58855
-0.00133857,-0.000636297,58859
0.00119695,0.000568974,58861
-0.000109552,-5.20761e-05,58862
0.000188591,8.96476e-05,58867
-0.000205862,-9.78575e-05,58869
2.18802e-05,1.04009e-05,58870
-1.13437e-05,-5.39227e-06,58874
6.51486e-06,3.09687e-06,58876
6.78681e-05,3.22614e-05,58999
-0.000142943,-6.79487e-05,59003
0.000118498,5.63286e-05,59005
-1.11715e-05,-5.31041e-06,59006
-0.000312039,-0.000148329,59039
0.000534825,0.000254232,59055
-0.000584285,-0.000277743,59063
0.00166003,0.000789104,59067
-0.00142663,-0.000678155,59069
0.000133901,6.36506e-05,59070
-0.000263593,-0.0001253,59087
0.00221222,0.00105159,59095
-0.00876378,-0.0041659,59099
0.00773904,0.00367879,59101
-0.000715735,-0.000340228,59102
-0.00170287,-0.000809467,59111
0.00852764,0.00405365,59115
-0.00766194,-0.00364214,59117
0.000707863,0.000336486,59118
-0.00118642,-0.000563972,59123
0.001301,0.000618437,59125
-0.000139701,-6.64073e-05,59126
7.19635e-05,3.42082e-05,59130
-4.12644e-05,-1.96152e-05,59132
0.000222644,0.000105835,59167
-0.000387096,-0.000184008,59183
0.00045859,0.000217993,59191
-0.00136033,-0.000646641,59195
0.00117638,0.000559196,59197
-0.000110663,-5.2604e-05,59198
0.000245856,0.000116869,59215
-0.0021767,-0.0010347,59223
0.00876,0.00416411,59227
-0.0077522,-0.00368505,59229
0.000718512,0.000341548,59230
0.00170287,0.000809467,59239
-0.00863271,-0.0041036,59243
0.00777008,0.00369354,59245
-0.000719771,-0.000342147,59246
0.00120611,0.000573329,59251
-0.00132661,-0.000630612,59253
0.000143362,6.8148e-05,59254
-7.45484e-05,-3.54369e-05,59258
4.27152e-05,2.03049e-05,59260
-2.53446e-05,-1.20477e-05,59279
0.000287688,0.000136754,59287
-0.00132015,-0.000627539,59291
0.00118071,0.000561254,59293
-0.000109922,-5.2252e-05,59294
-0.00027466,-0.000130561,59303
0.00158194,0.000751982,59307
-0.00143953,-0.000684289,59309
0.000134666,6.40143e-05,59310
-0.000262634,-0.000124844,59315
0.000294573,0.000140026,59317
-3.32899e-05,-1.58245e-05,59318
2.01012e-05,9.55519e-06,59322
-1.14878e-05,-5.46079e-06,59324
0.000137942,6.55716e-05,59347
-0.000156781,-7.45264e-05,59349
1.94159e-05,9.22944e-06,59350
-1.63598e-05,-7.77671e-06,59354
9.60267e-06,4.56467e-06,59356
-7.43383e-05,-3.53371e-05,59363
8.27348e-05,3.93284e-05,59365
-1.03741e-05,-4.93137e-06,59366
1.09593e-05,5.20958e-06,59370
-6.59743e-06,-3.13612e-06,59372
-1.2162e-06,-5.78125e-07,59378
8.40712e-07,3.99638e-07,59380
-7.84505e-07,-3.7292e-07,59519
1.58839e-05,7.55049e-06,59583
-0.000118021,-5.61019e-05,59615
0.000134149,6.37682e-05,59631
-5.85809e-05,-2.78467e-05,59639
9.71381e-05,4.6175e-05,59643
-7.80017e-05,-3.70785e-05,59645
7.49041e-06,3.5606e-06,59646
-2.12512e-05,-1.01019e-05,59711
0.000190002,9.03183e-05,59743
-0.000221888,-0.000105476,59759
0.000103432,4.9167e-05,59767
-0.000178302,-8.47568e-05,59771
0.000143859,6.83839e-05,59773
-1.37512e-05,-6.53671e-06,59774
-9.33365e-05,-4.4368e-05,59807
0.000148302,7.04959e-05,59823
-0.000128516,-6.10907e-05,59831
0.000329969,0.000156852,59835
-0.000280155,-0.000133173,59837
2.63549e-05,1.25279e-05,59838
-5.00906e-05,-2.38108e-05,59855
0.000378828,0.000180078,59863
-0.00147448,-0.000700901,59867
0.00130125,0.000618556,59869
-0.000120703,-5.73768e-05,59870
-0.000287688,-0.000136754,59879
0.00143027,0.000679885,59883
-0.0012859,-0.00061126,59885
0.000119207,5.66655e-05,59886
-0.000202452,-9.62363e-05,59891
0.000222144,0.000105597,59893
-2.39521e-05,-1.13857e-05,59894
1.24121e-05,5.90017e-06,59898
-7.11199e-06,-3.38072e-06,59900
-8.00917e-05,-3.80719e-05,60023
0.000177308,8.4284e-05,60027
-0.000148576,-7.06264e-05,60029
1.41559e-05,6.72906e-06,60030
0.000371467,0.000176579,60063
-0.000642607,-0.000305466,60079
0.000727303,0.000345727,60087
-0.00212871,-0.00101189,60091
0.00184318,0.000876164,60093
-0.00017515,-8.32581e-05,60094
0.000328466,0.000156138,60111
-0.00281582,-0.00133852,60119
0.0113724,0.00540591,60123
-0.0101012,-0.00480163,60125
0.000946501,0.000449924,60126
0.0021767,0.0010347,60135
-0.0110876,-0.00527056,60139
0.0100166,0.00476144,60141
-0.000938003,-0.000445884,60142
0.00154989,0.000736747,60147
-0.00170843,-0.000812109,60149
0.000186193,8.85075e-05,60150
-9.57787e-05,-4.55289e-05,60154
5.47808e-05,2.60403e-05,60156
-0.000271755,-0.00012918,60191
0.000475982,0.00022626,60207
-0.000581563,-0.000276448,60215
0.0017744,0.000843469,60219
-0.00154584,-0.000734821,60221
0.000147321,7.00299e-05,60222
-0.000311969,-0.000148296,60239
0.00281582,0.00133852,60247
-0.0115564,-0.00549337,60251
0.0102889,0.00489088,60253
-0.000966909,-0.000459625,60254
-0.00221222,-0.00105159,60263
0.0114139,0.00542567,60267
-0.0103328,-0.00491174,60269
0.000971035,0.000461586,60270
-0.00160472,-0.000762812,60275
0.00177513,0.000843817,60277
-0.000195019,-9.2703e-05,60278
0.000101499,4.82481e-05,60282
-5.80054e-05,-2.75732e-05,60284
3.26347e-05,1.55131e-05,60303
-0.000378828,-0.000180078,60311
0.0017794,0.000845847,60315
-0.00160301,-0.000761998,60317
0.000151851,7.2183e-05,60318
0.000364288,0.000173166,60327
-0.00214449,-0.00101939,60331
0.00196569,0.000934402,60333
-0.00018739,-8.90769e-05,60334
0.000362775,0.000172447,60339
-0.000410638,-0.000195199,60341
4.77258e-05,2.26867e-05,60342
-2.95342e-05,-1.40392e-05,60346
1.68573e-05,8.01322e-06,60348
-0.000199934,-9.50394e-05,60371
0.000231815,0.000110194,60373
-3.04909e-05,-1.4494e-05,60374
2.82037e-05,1.34068e-05,60378
-1.66242e-05,-7.90239e-06,60380
0.000108338,5.14989e-05,60387
-0.000123664,-5.8784e-05,60389
1.67198e-05,7.94782e-06,60390
-2.00121e-05,-9.51285e-06,60394
1.21064e-05,5.75485e-06,60396
2.202e-06,1.04673e-06,60402
-1.5499e-06,-7.36749e-07,60404
1.0643e-05,5.0592e-06,60535
-2.69569e-05,-1.28141e-05,60539
2.32293e-05,1.10421e-05,60541
-2.27952e-06,-1.08358e-06,60542
-5.69463e-05,-2.70697e-05,60575
0.000100557,4.78003e-05,60591
-0.000127424,-6.05717e-05,60599
0.000410528,0.000195147,60603
-0.000363702,-0.000172887,60605
3.58583e-05,1.70454e-05,60606
-6.25909e-05,-2.97529e-05,60623
0.000581563,0.000276448,60631
-0.002502,-0.00118934,60635
0.00226304,0.00107575,60637
-0.000220805,-0.000104961,60638
-0.00045859,-0.000217993,60647
0.00247116,0.00117468,60651
-0.00227188,-0.00107995,60653
0.000222142,0.000105596,60654
-0.000354605,-0.000168563,60659
0.000398805,0.000189574,60661
-4.6096e-05,-2.1912e-05,60662
2.44978e-05,1.16451e-05,60666
-1.39233e-05,-6.6185e-06,60668
5.28395e-05,2.51175e-05,60703
-9.37819e-05,-4.45797e-05,60719
0.000127424,6.05717e-05,60727
-0.000429243,-0.000204043,60731
0.000383176,0.000182145,60733
-3.80639e-05,-1.80939e-05,60734
7.43309e-05,3.53336e-05,60751
-0.000727303,-0.000345727,60759
0.00319907,0.00152069,60763
-0.00290619,-0.00138147,60765
0.000285766,0.00013584,60766
0.000584285,0.000277743,60775
-0.00321128,-0.0015265,60779
0.00296522,0.00140953,60781
-0.000292627,-0.000139102,60782
0.000469582,0.000223218,60787
-0.000531985,-0.000252882,60789
6.27039e-05,2.98066e-05,60790
-3.43237e-05,-1.63159e-05,60794
1.94947e-05,9.2669e-06,60796
-9.98789e-06,-4.74779e-06,60815
0.000128516,6.10907e-05,60823
-0.000666605,-0.000316874,60827
0.000618185,0.000293857,60829
-6.27392e-05,-2.98234e-05,60830
-0.000129257,-6.14431e-05,60839
0.000837917,0.000398308,60843
-0.000791918,-0.000376442,60845
8.1685e-05,3.88293e-05,60846
-0.000162685,-7.73329e-05,60851
0.000193045,9.17646e-05,60853
-2.58749e-05,-1.22997e-05,60854
1.93502e-05,9.19819e-06,60858
-1.1105e-05,-5.27883e-06,60860
0.000135568,6.44431e-05,60883
-0.000173827,-8.26296e-05,60885
2.98613e-05,1.41947e-05,60886
-3.93631e-05,-1.87114e-05,60890
2.36319e-05,1.12336e-05,60892
-7.70716e-05,-3.66364e-05,60899
9.98431e-05,4.74609e-05,60901
-1.84769e-05,-8.78307e-06,60902
3.28504e-05,1.56156e-05,60906
-2.02021e-05,-9.60316e-06,60908
-3.528e-06,-1.67705e-06,60914
2.60633e-06,1.23893e-06,60916
7.11217e-06,3.3808e-06,61050
-4.06338e-06,-1.93155e-06,61052
7.24984e-06,3.44624e-06,61071
-0.000103432,-4.9167e-05,61079
0.000599856,0.000285144,61083
-0.000574923,-0.000273292,61085
6.33971e-05,3.01361e-05,61086
0.000112084,5.32797e-05,61095
-0.000817594,-0.000388647,61099
0.000802323,0.000381388,61101
-9.14261e-05,-4.34598e-05,61102
0.000210858,0.000100232,61107
-0.000267337,-0.00012708,61109
4.31781e-05,2.05249e-05,61110
-4.26171e-05,-2.02582e-05,61114
2.49311e-05,1.18511e-05,61116
-0.000331049,-0.000157366,61139
0.000463908,0.000220521,61141
-9.73185e-05,-4.62608e-05,61142
0.000157146,7.47001e-05,61146
-9.55308e-05,-4.5411e-05,61148
0.00020212,9.60786e-05,61155
-0.000289705,-0.000137713,61157
6.57591e-05,3.12589e-05,61158
-0.000140216,-6.66525e-05,61162
8.70335e-05,4.13718e-05,61164
1.48704e-05,7.06874e-06,61170
-1.11952e-05,-5.32169e-06,61172
-4.14934e-06,-1.97241e-06,61199
5.85809e-05,2.78467e-05,61207
-0.000345282,-0.000164131,61211
0.000333667,0.00015861,61213
-3.77194e-05,-1.79301e-05,61214
-6.39789e-05,-3.04127e-05,61223
0.000477503,0.000226983,61227
-0.000473303,-0.000224987,61229
5.55379e-05,2.64002e-05,61230
-0.000134708,-6.40342e-05,61235
0.000173895,8.2662e-05,61237
-2.94928e-05,-1.40195e-05,61238
3.13229e-05,1.48895e-05,61242
-1.8444e-05,-8.76744e-06,61244
0.000287771,0.000136793,61267
-0.000410764,-0.000195259,61269
8.95898e-05,4.25869e-05,61270
-0.000150632,-7.16038e-05,61274
9.18405e-05,4.36568e-05,61276
-0.000180642,-8.58688e-05,61283
0.000264081,0.000125532,61285
-6.22095e-05,-2.95716e-05,61286
0.000137271,6.52524e-05,61290
-8.53942e-05,-4.05925e-05,61292
-1.45521e-05,-6.91739e-06,61298
1.10075e-05,5.23248e-06,61300
-3.22901e-05,-1.53492e-05,61331
4.72046e-05,2.24389e-05,61333
-1.09138e-05,-5.18791e-06,61334
2.14192e-05,1.01817e-05,61338
-1.31977e-05,-6.27359e-06,61340
2.44934e-05,1.1643e-05,61347
-3.68165e-05,-1.75009e-05,61349
9.24095e-06,4.39273e-06,61350
-2.38034e-05,-1.1315e-05,61354
1.49608e-05,7.11169e-06,61356
2.91747e-06,1.38684e-06,61362
-2.24508e-06,-1.06721e-06,61364
-1.48023e-06,-7.03632e-07,61394
1.11706e-06,5.31001e-07,61396
8.32063e-07,3.95527e-07,61410
-6.08023e-07,-2.89025e-07,61412
4.5732e-05,2.17389e-05,62419
-5.81901e-05,-2.76609e-05,62421
9.88488e-06,4.69882e-06,62422
-1.26618e-05,-6.01884e-06,62426
7.60948e-06,3.6172e-06,62428
-2.57105e-05,-1.22216e-05,62435
3.29233e-05,1.56502e-05,62437
-6.00401e-06,-2.85403e-06,62438
1.03998e-05,4.94358e-06,62442
-6.41163e-06,-3.0478e-06,62444
-1.1344e-06,-5.39243e-07,62450
8.3825e-07,3.98465e-07,62452
2.0974e-05,9.9701e-06,62587
-1.87926e-05,-8.93316e-06,62589
1.96436e-06,9.33767e-07,62590
3.67617e-05,1.74749e-05,62623
-6.55228e-05,-3.11466e-05,62639
9.37819e-05,4.45797e-05,62647
-0.00034943,-0.000166103,62651
0.000321441,0.000152799,62653
-3.40178e-05,-1.61705e-05,62654
-0.000475982,-0.00022626,62679
0.00228953,0.00108834,62683
-0.00213902,-0.00101679,62685
0.000224804,0.000106862,62686
0.000387096,0.000184008,62695
-0.00231056,-0.00109834,62699
0.00219303,0.00104247,62701
-0.000232137,-0.000110348,62702
0.000356517,0.000169472,62707
-0.000416505,-0.000197988,62709
5.38131e-05,2.55803e-05,62710
-3.13861e-05,-1.49195e-05,62714
1.77555e-05,8.44017e-06,62716
-3.68019e-05,-1.7494e-05,62751
6.55228e-05,3.11466e-05,62767
-0.000100557,-4.78003e-05,62775
0.000394775,0.000187658,62779
-0.000366602,-0.000174266,62781
3.92848e-05,1.86742e-05,62782
0.000642607,0.000305466,62807
-0.00318286,-0.00151299,62811
0.00299174,0.00142214,62813
-0.000318091,-0.000151206,62814
-0.000534825,-0.000254232,62823
0.00328009,0.00155921,62827
-0.00313295,-0.00148926,62829
0.000336212,0.00015982,62830
-0.000524756,-0.000249445,62835
0.000619629,0.000294543,62837
-8.23476e-05,-3.91443e-05,62838
5.03447e-05,2.39316e-05,62842
-2.8516e-05,-1.35552e-05,62844
-0.000148302,-7.04959e-05,62871
0.000884515,0.000420458,62875
-0.000853239,-0.000405591,62877
9.517e-05,4.52395e-05,62878
0.000159217,7.56844e-05,62887
-0.00117667,-0.000559333,62891
0.00115776,0.000550346,62893
-0.000132328,-6.29027e-05,62894
0.000275515,0.000130967,62899
-0.000344868,-0.000163935,62901
5.36524e-05,2.55039e-05,62902
-4.7712e-05,-2.26801e-05,62906
2.76687e-05,1.31524e-05,62908
-0.000314839,-0.00014966,62931
0.00043111,0.00020493,62933
-8.65588e-05,-4.11461e-05,62934
0.000132417,6.29452e-05,62938
-8.04895e-05,-3.82611e-05,62940
0.000185925,8.83801e-05,62947
-0.000259533,-0.00012337,62949
5.64878e-05,2.68518e-05,62950
-0.000115652,-5.49757e-05,62954
7.19386e-05,3.41964e-05,62956
1.25388e-05,5.9604e-06,62962
-9.44219e-06,-4.48839e-06,62964
1.20579e-05,5.73176e-06,63100
0.000221888,0.000105476,63127
-0.00148947,-0.000708027,63131
0.00148133,0.000704159,63133
-0.000178101,-8.46611e-05,63134
-0.000264071,-0.000125528,63143
0.00218626,0.00103925,63147
-0.00222217,-0.00105632,63149
0.000276072,0.000131232,63150
-0.000679734,-0.000323115,63155
0.000893263,0.000424617,63157
-0.00015802,-7.51154e-05,63158
0.000170823,8.12013e-05,63162
-0.000100745,-4.78894e-05,63164
0.0012822,0.000609502,63187
-0.00183742,-0.000873427,63189
0.000406987,0.000193463,63190
-0.000687164,-0.000326647,63194
0.000420678,0.000199971,63196
-0.000794765,-0.000377795,63203
0.00116561,0.000554078,63205
-0.000278882,-0.000132568,63206
0.000619144,0.000294313,63210
-0.000386995,-0.00018396,63212
-6.61705e-05,-3.14545e-05,63218
5.02709e-05,2.38965e-05,63220
-0.000134149,-6.37682e-05,63255
0.000923239,0.000438866,63259
-0.000926316,-0.000440329,63261
0.000114163,5.42679e-05,63262
0.000163328,7.76386e-05,63271
-0.0013875,-0.000659555,63275
0.0014231,0.000676476,63277
-0.00018133,-8.61961e-05,63278
0.000470757,0.000223776,63283
-0.000626674,-0.000297892,63285
0.000114724,5.45348e-05,63286
-0.000131078,-6.23083e-05,63290
7.77479e-05,3.69578e-05,63292
-0.00117152,-0.000556889,63315
0.00169691,0.000806632,63317
-0.000384812,-0.000182922,63318
0.000667936,0.000317507,63322
-0.000409844,-0.000194821,63324
0.000742729,0.00035306,63331
-0.00110177,-0.000523731,63333
0.000269522,0.000128119,63334
-0.00061234,-0.000291079,63338
0.000383395,0.000182249,63340
6.53988e-05,3.10876e-05,63346
-4.98689e-05,-2.37054e-05,63348
0.000129395,6.15086e-05,63379
-0.000191878,-9.12101e-05,63381
4.62186e-05,2.19702e-05,63382
-9.36686e-05,-4.45258e-05,63386
5.81079e-05,2.76219e-05,63388
-9.95789e-05,-4.73353e-05,63395
0.000151568,7.20486e-05,63397
-3.95121e-05,-1.87823e-05,63398
0.000104688,4.97638e-05,63402
-6.62475e-05,-3.1491e-05,63404
-1.29551e-05,-6.15825e-06,63410
1.0048e-05,4.77635e-06,63412
6.54281e-06,3.11015e-06,63442
-4.97694e-06,-2.36581e-06,63444
-3.6734e-06,-1.74617e-06,63458
2.70449e-06,1.28559e-06,63460
1.08341e-05,5.15005e-06,63613
-1.13976e-06,-5.41791e-07,63614
-2.06916e-05,-9.83585e-06,63647
3.68019e-05,1.7494e-05,63663
-5.28395e-05,-2.51175e-05,63671
0.000199598,9.488e-05,63675
-0.000184357,-8.76348e-05,63677
1.96792e-05,9.35458e-06,63678
0.000271755,0.00012918,63703
-0.00132816,-0.000631347,63707
0.00124643,0.000592495,63709
-0.00013239,-6.2932e-05,63710
-0.000222644,-0.000105835,63719
0.00135079,0.000642106,63723
-0.00128845,-0.000612472,63725
0.000138123,6.56574e-05,63726
-0.000214341,-0.000101888,63731
0.00025264,0.000120094,63733
-3.35363e-05,-1.59416e-05,63734
2.05255e-05,9.7569e-06,63738
-1.16459e-05,-5.53594e-06,63740
2.06916e-05,9.83585e-06,63775
-3.67617e-05,-1.74749e-05,63791
5.69463e-05,2.70697e-05,63799
-0.000228232,-0.000108491,63803
0.000213126,0.000101311,63805
-2.30985e-05,-1.098e-05,63806
-0.000371467,-0.000176579,63831
0.00187691,0.0008922,63835
-0.0017738,-0.000843183,63837
0.00019097,9.07785e-05,63838
0.000312039,0.000148329,63847
-0.00195194,-0.000927865,63851
0.0018753,0.000891434,63853
-0.000204207,-9.70705e-05,63854
0.00032241,0.000153259,63859
-0.000384405,-0.000182729,63861
5.25612e-05,2.49852e-05,63862
-3.36639e-05,-1.60023e-05,63866
1.91218e-05,9.08963e-06,63868
9.33365e-05,4.4368e-05,63895
-0.000572293,-0.000272042,63899
0.00055611,0.000264349,63901
-6.31322e-05,-3.00102e-05,63902
-0.000102048,-4.8509e-05,63911
0.000774237,0.000368037,63915
-0.000767677,-0.000364919,63917
8.9481e-05,4.25352e-05,63918
-0.000190921,-9.07553e-05,63923
0.000241625,0.000114858,63925
-3.87299e-05,-1.84104e-05,63926
3.58906e-05,1.70607e-05,63930
-2.08882e-05,-9.92932e-06,63932
0.000235828,0.000112102,63955
-0.000326635,-0.000155267,63957
6.73373e-05,3.20091e-05,63958
-0.000105813,-5.02989e-05,63962
6.44914e-05,3.06563e-05,63964
-0.00014058,-6.68253e-05,63971
0.000198735,9.44696e-05,63973
-4.44207e-05,-2.11156e-05,63974
9.31674e-05,4.42876e-05,63978
-5.80903e-05,-2.76135e-05,63980
-1.01198e-05,-4.8105e-06,63986
7.64763e-06,3.63534e-06,63988
-0.000190002,-9.03183e-05,64151
0.00130821,0.000621862,64155
-0.00130901,-0.000622243,64157
0.000159662,7.5896e-05,64158
0.000230748,0.000109687,64167
-0.00195135,-0.000927585,64171
0.00199473,0.000948203,64173
-0.000251327,-0.000119469,64174
0.000630029,0.000299487,64179
-0.000832768,-0.00039586,64181
0.000149512,7.10711e-05,64182
-0.000164537,-7.82136e-05,64186
9.72401e-05,4.62235e-05,64188
-0.001233,-0.00058611,64211
0.00177301,0.000842807,64213
-0.000396149,-0.000188311,64214
0.000674686,0.000320715,64218
-0.000413714,-0.000196661,64220
0.000766733,0.00036447,64227
-0.00112847,-0.000536422,64229
0.000272278,0.000129429,64230
-0.000609181,-0.000289577,64234
0.000381375,0.000181289,64236
6.51959e-05,3.09912e-05,64242
-4.96322e-05,-2.35929e-05,64244
0.000118021,5.61019e-05,64279
-0.000833699,-0.000396302,64283
0.00084152,0.000400021,64285
-0.000105177,-4.99966e-05,64286
-0.000146917,-6.98379e-05,64295
0.00127422,0.000605709,64299
-0.00131387,-0.000624555,64301
0.000169594,8.06175e-05,64302
-0.00044764,-0.000212788,64307
0.000598738,0.000284613,64309
-0.000110935,-5.27335e-05,64310
0.00012856,6.11118e-05,64314
-7.6398e-05,-3.63162e-05,64316
0.0011476,0.000545516,64339
-0.00166602,-0.000791952,64341
0.00038022,0.000180739,64342
-0.000664349,-0.000315802,64346
0.00040828,0.000194078,64348
-0.000729192,-0.000346625,64355
0.00108413,0.000515348,64357
-0.000266859,-0.000126852,64358
0.000609974,0.000289954,64362
-0.000382515,-0.00018183,64364
-6.52543e-05,-3.10189e-05,64370
4.98576e-05,2.37e-05,64372
-0.000126686,-6.02208e-05,64403
0.000188316,8.95168e-05,64405
-4.57039e-05,-2.17255e-05,64406
9.33817e-05,4.43894e-05,64410
-5.80433e-05,-2.75912e-05,64412
9.78739e-05,4.65248e-05,64419
-0.000149291,-7.09661e-05,64421
3.91969e-05,1.86324e-05,64422
-0.000104621,-4.97322e-05,64426
6.63382e-05,3.15342e-05,64428
1.30015e-05,6.18032e-06,64434
-1.01105e-05,-4.80606e-06,64436
-6.61245e-06,-3.14325e-06,64466
5.05252e-06,2.40174e-06,64468
3.71086e-06,1.76398e-06,64482
-2.74567e-06,-1.30517e-06,64484
2.12512e-05,1.01019e-05,64663
-0.000149349,-7.09938e-05,64667
0.00015029,7.14413e-05,64669
-1.86223e-05,-8.85219e-06,64670
-2.64604e-05,-1.25781e-05,64679
0.000227984,0.000108373,64683
-0.000234369,-0.000111408,64685
3.00025e-05,1.42618e-05,64686
-7.83226e-05,-3.7231e-05,64691
0.000104366,4.96107e-05,64693
-1.91593e-05,-9.10746e-06,64694
2.19088e-05,1.04145e-05,64698
-1.30181e-05,-6.1882e-06,64700
0.000178247,8.47305e-05,64723
-0.000257884,-0.000122586,64725
5.85154e-05,2.78156e-05,64726
-0.000101654,-4.83215e-05,64730
6.25675e-05,2.97418e-05,64732
-0.000112101,-5.32879e-05,64739
0.000166056,7.89353e-05,64741
-4.06654e-05,-1.93305e-05,64742
9.2539e-05,4.39888e-05,64746
-5.81388e-05,-2.76365e-05,64748
-9.89898e-06,-4.70552e-06,64754
7.57619e-06,3.60138e-06,64756
-1.58839e-05,-7.55049e-06,64791
0.000115251,5.47851e-05,64795
-0.000117192,-5.57076e-05,64797
1.49422e-05,7.10282e-06,64798
2.03781e-05,9.6868e-06,64807
-0.00018076,-8.59252e-05,64811
0.000187629,8.91903e-05,64813
-2.46691e-05,-1.17266e-05,64814
6.77981e-05,3.22281e-05,64819
-9.14061e-05,-4.34503e-05,64821
1.73089e-05,8.22786e-06,64822
-2.08061e-05,-9.89025e-06,64826
1.24338e-05,5.91049e-06,64828
-0.000201633,-9.58471e-05,64851
0.000294161,0.000139831,64853
-6.80524e-05,-3.2349e-05,64854
0.000121142,5.75854e-05,64858
-7.47599e-05,-3.55374e-05,64860
0.000129466,6.15423e-05,64867
-0.000193456,-9.196e-05,64869
4.82523e-05,2.29369e-05,64870
-0.000112132,-5.33023e-05,64874
7.06079e-05,3.35638e-05,64876
1.20325e-05,5.7197e-06,64882
-9.24962e-06,-4.39685e-06,64884
2.56975e-05,1.22154e-05,64915
-3.8391e-05,-1.82493e-05,64917
9.48189e-06,4.50726e-06,64918
-1.98958e-05,-9.45754e-06,64922
1.24514e-05,5.91883e-06,64924
-2.0156e-05,-9.58126e-06,64931
3.08837e-05,1.46807e-05,64933
-8.25141e-06,-3.92235e-06,64934
2.25937e-05,1.074e-05,64938
-1.44323e-05,-6.86047e-06,64940
-2.87973e-06,-1.36889e-06,64946
2.26676e-06,1.07752e-06,64948
1.65142e-06,7.85013e-07,64978
-1.30492e-06,-6.203e-07,64980
-9.25566e-07,-4.39973e-07,64994
7.13538e-07,3.39184e-07,64996
-1.28803e-05,-6.12271e-06,65171
1.91473e-05,9.10178e-06,65173
-4.69576e-06,-2.23215e-06,65174
9.82732e-06,4.67146e-06,65178
-6.1949e-06,-2.94478e-06,65180
9.92654e-06,4.71863e-06,65187
-1.51463e-05,-7.19988e-06,65189
4.03595e-06,1.9185e-06,65190
-1.11102e-05,-5.28127e-06,65194
7.17128e-06,3.4089e-06,65196
1.46129e-06,6.9463e-07,65202
-1.1845e-06,-5.63058e-07,65204
-1.00835e-06,-4.79322e-07,65234
8.85688e-07,4.21018e-07,65236
5.7585e-07,2.73733e-07,65250
-5.05057e-07,-2.4008e-07,65252
7.19936e-06,3.42225e-06,65299
-1.06563e-05,-5.06553e-06,65301
2.57686e-06,1.22492e-06,65302
-5.23706e-06,-2.48946e-06,65306
3.29719e-06,1.56733e-06,65308
-5.37786e-06,-2.55639e-06,65315
8.16897e-06,3.88316e-06,65317
-2.14511e-06,-1.01969e-06,65318
5.74921e-06,2.73291e-06,65322
-3.71201e-06,-1.76452e-06,65324
-7.4316e-07,-3.53267e-07,65330
6.08816e-07,2.89403e-07,65332
5.81595e-07,2.76464e-07,65362
-5.45163e-07,-2.59147e-07,65364
-3.39892e-07,-1.61567e-07,65378
3.2223e-07,1.53173e-07,65380
-6.77923e-08,-3.22267e-08,65426
6.57013e-08,3.12308e-08,65428
4.42579e-08,2.10373e-08,65442
-4.46708e-08,-2.12362e-08,65444
7.12391e-06,3.38639e-06,75007
-1.31885e-05,-6.2692e-06,75135
2.68315e-05,1.27545e-05,75199
-0.000129722,-6.16638e-05,75231
0.000132106,6.27971e-05,75247
-3.34104e-05,-1.58818e-05,75255
2.14688e-05,1.02053e-05,75259
-1.27599e-05,-6.06548e-06,75261
1.48297e-06,7.04938e-07,75262
-0.000169593,-8.0617e-05,75455
0.000950164,0.000451665,75487
-0.000968993,-0.000460615,75503
0.000242733,0.000115384,75511
-0.000153455,-7.29457e-05,75515
9.04486e-05,4.29951e-05,75517
-1.06869e-05,-5.08005e-06,75518
0.000146183,6.94888e-05,75583
-0.00099358,-0.000472303,75615
0.00103182,0.000490482,75631
-0.000273505,-0.000130012,75639
0.000207941,9.88459e-05,75643
-0.000135366,-6.4347e-05,75645
1.57061e-05,7.46595e-06,75646
0.000181545,8.62985e-05,75679
-0.000242234,-0.000115147,75695
0.000114142,5.42578e-05,75703
-0.000210098,-9.98711e-05,75707
0.000174588,8.29911e-05,75709
-1.94192e-05,-9.23098e-06,75710
-0.000192996,-9.17414e-05,75735
0.0007222,0.000343301,75739
-0.000654503,-0.000311121,75741
7.19091e-05,3.41823e-05,75742
0.000139371,6.62506e-05,75751
-0.000687539,-0.000326825,75755
0.000636927,0.000302766,75757
-6.99749e-05,-3.32629e-05,75758
9.96156e-05,4.73527e-05,75763
-0.000112153,-5.33124e-05,75765
1.41955e-05,6.74791e-06,75766
3.98412e-06,1.89387e-06,75772
-9.37359e-06,-4.45578e-06,76031
1.68202e-05,7.99555e-06,76159
-3.36489e-05,-1.59951e-05,76223
0.000165134,7.84973e-05,76255
-0.000168888,-8.02816e-05,76271
4.35669e-05,2.07097e-05,76279
-2.98451e-05,-1.4187e-05,76283
1.83921e-05,8.74275e-06,76285
-2.13426e-06,-1.01453e-06,76286
0.000260046,0.000123614,76479
-0.00147219,-0.000699811,76511
0.00150535,0.000715573,76527
-0.000382538,-0.000181841,76535
0.000251292,0.000119453,76539
-0.000151381,-7.19594e-05,76541
1.78784e-05,8.49856e-06,76542
-0.000228945,-0.00010883,76607
0.00157388,0.000748152,76639
-0.00164079,-0.000779959,76655
0.000444353,0.000211225,76663
-0.000354852,-0.000168681,76667
0.000235927,0.000112149,76669
-2.73088e-05,-1.29813e-05,76670
-0.000301272,-0.000143211,76703
0.000406639,0.000193298,76719
-0.000201311,-9.5694e-05,76727
0.00038479,0.000182912,76731
-0.000321305,-0.000152734,76733
3.56037e-05,1.69244e-05,76734
0.000357557,0.000169966,76759
-0.00134533,-0.00063951,76763
0.00121754,0.000578762,76765
-0.000133082,-6.32609e-05,76766
-0.000259376,-0.000123296,76775
0.00128192,0.000609366,76779
-0.00118543,-0.000563501,76781
0.00012954,6.15773e-05,76782
-0.000185337,-8.8101e-05,76787
0.000208375,9.90521e-05,76789
-2.62451e-05,-1.24757e-05,76790
-7.38348e-06,-3.50977e-06,76796
-8.35039e-05,-3.9694e-05,76991
0.000547226,0.000260127,77023
-0.00057937,-0.000275406,77039
0.00018163,8.63387e-05,77047
-0.000204224,-9.70786e-05,77051
0.000153832,7.31246e-05,77053
-1.76009e-05,-8.36668e-06,77054
9.61343e-05,4.56979e-05,77119
-0.000766843,-0.000364522,77151
0.000834947,0.000396896,77167
-0.00028966,-0.000137691,77175
0.000379468,0.000180382,77179
-0.000296857,-0.000141113,77181
3.36419e-05,1.59918e-05,77182
0.000239379,0.00011379,77215
-0.000353926,-0.00016824,77231
0.000255254,0.000121336,77239
-0.000637269,-0.000302929,77243
0.000553541,0.000263128,77245
-6.12289e-05,-2.91054e-05,77246
-0.00066952,-0.000318259,77271
0.00270813,0.00128732,77275
-0.00246258,-0.0011706,77277
0.000268167,0.000127474,77278
0.000505098,0.000240101,77287
-0.00261691,-0.00124396,77291
0.00242371,0.00115212,77293
-0.000263768,-0.000125383,77294
0.000375855,0.000178664,77299
-0.000423555,-0.000201339,77301
5.32593e-05,2.53171e-05,77302
1.5037e-05,7.14793e-06,77308
-0.000432126,-0.000205413,77471
0.000725444,0.000344843,77487
-0.000802562,-0.000381502,77495
0.00247016,0.0011742,77499
-0.0022052,-0.00104825,77501
0.000245009,0.000116466,77502
0.00306861,0.00145868,77527
-0.0130747,-0.0062151,77531
0.0119596,0.00568504,77533
-0.0013087,-0.000622096,77534
-0.00238237,-0.00113247,77543
0.0127555,0.00606338,77547
-0.0118566,-0.0056361,77549
0.00129662,0.000616353,77550
-0.00180646,-0.000858709,77555
0.0020429,0.000971104,77557
-0.00025846,-0.00012286,77558
-7.26332e-05,-3.45265e-05,77564
0.000298039,0.000141674,77599
-0.000509199,-0.00024205,77615
0.000619823,0.000294636,77623
-0.00199892,-0.000950198,77627
0.00179526,0.000853384,77629
-0.000199704,-9.49303e-05,77630
-0.00299095,-0.00142176,77655
0.0129375,0.00614991,77659
-0.0118537,-0.00563469,77661
0.0012985,0.000617249,77662
0.00236046,0.00112206,77671
-0.0127803,-0.00607515,77675
0.0118945,0.00565408,77677
-0.00130255,-0.000619174,77678
0.00181474,0.000862645,77683
-0.00205679,-0.000977706,77685
0.000261223,0.000124173,77686
7.39395e-05,3.51475e-05,77692
0.000400712,0.00019048,77719
-0.00195446,-0.000929062,77723
0.00180455,0.000857801,77725
-0.000197624,-9.39414e-05,77726
-0.000384354,-0.000182705,77735
0.00233773,0.00111125,77739
-0.00219272,-0.00104232,77741
0.00024091,0.000114518,77742
-0.000388885,-0.000184858,77747
0.000446786,0.000212382,77749
-5.82412e-05,-2.76852e-05,77750
-1.86861e-05,-8.88253e-06,77756
0.000193909,9.21757e-05,77779
-0.000222448,-0.000105742,77781
3.01757e-05,1.43442e-05,77782
1.22762e-05,5.83557e-06,77788
-0.000103235,-4.9073e-05,77795
0.000115196,5.47591e-05,77797
-1.54485e-05,-7.3435e-06,77798
-7.4799e-06,-3.55561e-06,77804
9.77845e-07,4.64823e-07,77812
-0.00135625,-0.000644701,79071
0.00150527,0.000715537,79087
-0.00061978,-0.000294615,79095
0.00103179,0.000490465,79099
-0.000854904,-0.000406383,79101
9.87692e-05,4.69504e-05,79102
-0.000245125,-0.000116521,79167
0.00207782,0.000987704,79199
-0.00238192,-0.00113226,79215
0.00108446,0.000515502,79223
-0.00196885,-0.000935901,79227
0.00165379,0.000786138,79229
-0.000190084,-9.03574e-05,79230
-0.000889732,-0.000422938,79263
0.00140539,0.000668056,79279
-0.00128414,-0.000610424,79287
0.00369396,0.00175594,79291
-0.00328642,-0.00156221,79293
0.000371798,0.000176736,79294
0.0038463,0.00182835,79319
-0.0164311,-0.00781062,79323
0.0151072,0.00718126,79325
-0.00168311,-0.000800076,79326
-0.00295294,-0.0014037,79335
0.0159694,0.00759111,79339
-0.014931,-0.00709754,79341
0.00166302,0.000790525,79342
-0.00230719,-0.00109673,79347
0.00262211,0.00124643,79349
-0.000337904,-0.000160624,79350
-9.4603e-05,-4.497e-05,79356
0.00246256,0.00117059,79519
-0.00429021,-0.00203937,79535
0.00529449,0.00251676,79543
-0.0173385,-0.00824191,79547
0.0156779,0.00745256,79549
-0.00178116,-0.000846682,79550
-0.0210475,-0.010005,79575
0.0926338,0.0440339,79579
-0.0854838,-0.0406351,79581
0.00956651,0.00454749,79582
0.016453,0.007821,79591
-0.0905569,-0.0430466,79595
0.0848621,0.0403396,79597
-0.009494,-0.00451302,79598
0.012899,0.0061316,79603
-0.0146921,-0.00698397,79605
0.00190255,0.000904384,79606
0.000529441,0.000251672,79612
-0.00177882,-0.000845568,79647
0.00313251,0.00148905,79663
-0.00415988,-0.00197742,79671
0.014127,0.00671534,79675
-0.0128328,-0.00610013,79677
0.00145937,0.000693718,79678
0.0206149,0.00979937,79703
-0.0918334,-0.0436534,79707
0.0848533,0.0403354,79709
-0.00950402,-0.00451778,79710
-0.016359,-0.0077763,79719
0.0908593,0.0431904,79723
-0.0852298,-0.0405144,79725
0.00954624,0.00453785,79726
-0.0129768,-0.00616858,79731
0.0148099,0.00703995,79733
-0.00192476,-0.000914945,79734
-0.000539783,-0.000256588,79740
-0.00273112,-0.00129825,79767
0.0136834,0.00650446,79771
-0.0127356,-0.00605395,79773
0.00142639,0.000678042,79774
0.00263354,0.00125186,79783
-0.0163939,-0.00779293,79787
0.0154936,0.00736495,79789
-0.00174153,-0.000827844,79790
0.00274363,0.0013042,79795
-0.00317327,-0.00150843,79797
0.000423555,0.000201339,79798
0.000135249,6.42913e-05,79804
0.00156446,0.000743671,79829
-0.000216768,-0.000103041,79830
-8.76742e-05,-4.16763e-05,79836
0.000720029,0.000342269,79843
-0.000807319,-0.000383763,79845
0.000110423,5.24902e-05,79846
5.30959e-05,2.52394e-05,79852
-7.066e-06,-3.35885e-06,79860
-0.000122873,-5.84084e-05,80063
0.000882089,0.000419305,80095
-0.00100106,-0.000475857,80111
0.000461096,0.000219184,80119
-0.000866492,-0.000411891,80123
0.00073427,0.000349039,80125
-8.50136e-05,-4.04116e-05,80126
0.000159746,7.59362e-05,80191
-0.00138497,-0.000658353,80223
0.00162191,0.000770981,80239
-0.000814653,-0.000387249,80247
0.00162191,0.000770981,80251
-0.00138497,-0.000658353,80253
0.000159746,7.59362e-05,80254
0.000661772,0.000314577,80287
-0.00106591,-0.000506686,80303
0.00103734,0.000493106,80311
-0.00308526,-0.00146659,80315
0.00275984,0.0013119,80317
-0.000314076,-0.000149297,80318
-0.00322506,-0.00153305,80343
0.0139557,0.00663389,80347
-0.0128651,-0.00611547,80349
0.00144242,0.00068566,80350
0.00248845,0.0011829,80359
-0.0135944,-0.00646215,80363
0.0127398,0.0060559,80365
-0.00142829,-0.000678943,80366
0.00196781,0.000935408,80371
-0.0022414,-0.00106546,80373
0.00029105,0.000138352,80374
8.14235e-05,3.87051e-05,80380
-0.00238792,-0.00113511,80543
0.00419849,0.00199577,80559
-0.00532902,-0.00253318,80567
0.0177391,0.00843238,80571
-0.0160952,-0.00765091,80573
0.00184109,0.000875168,80574
0.0215167,0.0102281,80599
-0.0955352,-0.0454131,80603
0.0883776,0.0420107,80605
-0.00996212,-0.00473554,80606
-0.0168592,-0.00801412,80615
0.0934902,0.044441,80619
-0.0878119,-0.0417418,80621
0.00989768,0.00470491,80622
-0.013343,-0.00634266,80627
0.0152319,0.00724054,80629
-0.00198927,-0.000945609,80630
-0.000552639,-0.0002627,80636
0.00176622,0.000839579,80671
-0.00313251,-0.00148905,80687
0.00425562,0.00202293,80695
-0.0146638,-0.00697051,80699
0.0133642,0.00635273,80701
-0.00153088,-0.000727713,80702
-0.0213661,-0.0101565,80727
0.0960141,0.0456408,80731
-0.0889433,-0.0422796,80733
0.0100397,0.0047724,80734
0.0169933,0.00807785,80743
-0.0951074,-0.0452097,80747
0.0894325,0.0425121,80749
-0.0100983,-0.00480028,80750
0.0136229,0.0064757,80755
-0.0155863,-0.00740901,80757
0.00204547,0.000972322,80758
0.000573763,0.000272741,80764
0.00285732,0.00135824,80791
-0.014473,-0.00687983,80795
0.0135141,0.006424,80797
-0.00152919,-0.000726905,80798
-0.00276719,-0.0013154,80807
0.0174015,0.00827187,80811
-0.0165002,-0.00784345,80813
0.00187591,0.000891724,80814
-0.00294399,-0.00139944,80819
0.00342111,0.00162624,80821
-0.00046561,-0.00022133,80822
-0.00015248,-7.24819e-05,80828
-0.00175941,-0.000836345,80853
0.000257749,0.000122522,80854
0.000120353,5.72103e-05,80860
-0.000802945,-0.000381684,80867
0.000916388,0.000435609,80869
-0.000135126,-6.42326e-05,80870
-8.08507e-05,-3.84328e-05,80876
1.0785e-05,5.1267e-06,80884
0.000308139,0.000146476,81055
-0.00055023,-0.000261555,81071
0.000754499,0.000358655,81079
-0.00264374,-0.00125671,81083
0.00242437,0.00115243,81085
-0.000283243,-0.000134641,81086
-0.00348491,-0.00165657,81111
0.0159251,0.00757009,81115
-0.0148481,-0.00705813,81117
0.00171393,0.000814725,81118
0.00276388,0.00131382,81127
-0.0157103,-0.00746796,81131
0.0148681,0.00706762,81133
-0.00171919,-0.000817224,81134
0.00226687,0.00107757,81139
-0.00261216,-0.0012417,81141
0.00035392,0.000168238,81142
0.000100622,4.78311e-05,81148
-0.000284535,-0.000135255,81183
0.000509199,0.00024205,81199
-0.000741381,-0.000352419,81207
0.00269078,0.00127907,81211
-0.00248045,-0.00117909,81213
0.000291257,0.00013845,81214
0.00425501,0.00202264,81239
-0.0197461,-0.00938642,81243
0.0184578,0.00877402,81245
-0.00214204,-0.00101823,81246
-0.00343074,-0.00163082,81255
0.0197612,0.00939358,81259
-0.018749,-0.00891242,81261
0.00218208,0.00103726,81262
-0.00288685,-0.00137228,81267
0.00334229,0.00158877,81269
-0.000459675,-0.000218509,81270
-0.00013433,-6.38543e-05,81276
-0.000704573,-0.000334922,81303
0.00375705,0.00178593,81307
-0.00356048,-0.00169249,81309
0.00042278,0.000200971,81310
0.0007027,0.000334032,81319
-0.00464789,-0.00220939,81323
0.00447937,0.00212929,81325
-0.000539169,-0.000256296,81326
0.000861026,0.000409293,81331
-0.00103108,-0.000490128,81333
0.0001586,7.53911e-05,81334
6.46246e-05,3.07196e-05,81340
0.000789561,0.000375321,81365
-0.000157249,-7.47492e-05,81366
-0.000126656,-6.02063e-05,81372
0.000345914,0.000164432,81379
-0.000442475,-0.000210333,81381
9.54902e-05,4.53917e-05,81382
0.000108297,5.14795e-05,81388
-1.44457e-05,-6.86683e-06,81396
-0.000450808,-0.000214294,81575
0.0032176,0.0015295,81579
-0.00319004,-0.0015164,81581
0.000426645,0.000202808,81582
-0.000752526,-0.000357717,81587
0.000959575,0.000456138,81589
-0.000186549,-8.86767e-05,81590
-0.000113201,-5.38108e-05,81596
-0.00147039,-0.000698955,81621
0.000400418,0.000190341,81622
0.000445004,0.000211535,81628
-0.000628434,-0.000298729,81635
0.000916388,0.000435609,81637
-0.000273535,-0.000130026,81638
-0.000412475,-0.000196072,81644
5.48978e-05,2.60959e-05,81652
-0.000238608,-0.000113423,81687
0.00136491,0.000648817,81691
-0.00133173,-0.000633043,81693
0.00017652,8.39096e-05,81694
0.000247509,0.000117655,81703
-0.00178741,-0.000849652,81707
0.00178741,0.000849652,81709
-0.000247509,-0.000117655,81710
0.000451812,0.000214771,81715
-0.000587958,-0.000279488,81717
0.000122464,5.8214e-05,81718
8.25693e-05,3.92497e-05,81724
0.00125051,0.000594437,81749
-0.000362092,-0.000172122,81750
-0.000425318,-0.000202177,81756
0.000538495,0.000255976,81763
-0.000807319,-0.000383763,81765
0.000255187,0.000121304,81766
0.000402521,0.00019134,81772
-5.36839e-05,-2.55189e-05,81780
-0.00014769,-7.02049e-05,81813
4.52075e-05,2.14896e-05,81814
6.22872e-05,2.96085e-05,81820
-7.47835e-05,-3.55487e-05,81827
0.000115196,5.47591e-05,81829
-3.87481e-05,-1.84191e-05,81830
-7.15914e-05,-3.40313e-05,81836
1.10591e-05,5.25699e-06,81844
-5.45278e-06,-2.592e-06,81876
2.95639e-06,1.40533e-06,81892
1.00461e-05,4.77545e-06,83327
-2.03507e-05,-9.67382e-06,83391
9.89049e-05,4.70149e-05,83423
-0.000101126,-4.80709e-05,83439
2.64228e-05,1.25602e-05,83447
-1.88445e-05,-8.95783e-06,83451
1.19008e-05,5.65709e-06,83453
-1.42622e-06,-6.77963e-07,83454
0.000132423,6.29481e-05,83647
-0.000745792,-0.000354516,83679
0.000763951,0.000363147,83695
-0.00019873,-9.44673e-05,83703
0.000140976,6.70135e-05,83707
-8.89637e-05,-4.22893e-05,83709
1.08281e-05,5.14719e-06,83710
-0.000115387,-5.48499e-05,83775
0.000789562,0.000375322,83807
-0.00082552,-0.000392415,83823
0.000231424,0.000110008,83831
-0.00020537,-9.76235e-05,83835
0.000143528,6.82265e-05,83837
-1.70972e-05,-8.12725e-06,83838
-0.000153161,-7.28056e-05,83871
0.000209128,9.94102e-05,83887
-0.000113782,-5.40866e-05,83895
0.000246958,0.000117393,83899
-0.000212405,-0.000100968,83901
2.42836e-05,1.15433e-05,83902
0.00022469,0.000106807,83927
-0.000908421,-0.000431822,83931
0.000834873,0.000396861,83933
-9.40967e-05,-4.47293e-05,83934
-0.000166323,-7.90623e-05,83943
0.000871524,0.000414283,83947
-0.000816666,-0.000388206,83949
9.20377e-05,4.37506e-05,83950
-0.000126966,-6.03538e-05,83955
0.000144426,6.86536e-05,83957
-1.87738e-05,-8.92422e-06,83958
-5.21862e-06,-2.48069e-06,83964
7.38347e-06,3.50977e-06,84223
-1.31885e-05,-6.2692e-06,84351
2.62451e-05,1.24757e-05,84415
-0.00012954,-6.15773e-05,84447
0.000133082,6.32609e-05,84463
-3.56037e-05,-1.69244e-05,84471
2.73088e-05,1.29813e-05,84475
-1.78784e-05,-8.49856e-06,84477
2.13426e-06,1.01453e-06,84478
-0.000208375,-9.90521e-05,84671
0.00118543,0.000563501,84703
-0.00121754,-0.000578762,84719
0.000321305,0.000152734,84727
-0.000235927,-0.000112149,84731
0.000151381,7.19594e-05,84733
-1.83921e-05,-8.74275e-06,84734
0.000185337,8.8101e-05,84799
-0.00128192,-0.000609366,84831
0.00134533,0.00063951,84847
-0.00038479,-0.000182912,84855
0.000354852,0.000168681,84859
-0.000251292,-0.000119453,84861
2.98451e-05,1.4187e-05,84862
0.000259376,0.000123296,84895
-0.000357557,-0.000169966,84911
0.000201311,9.5694e-05,84919
-0.000444353,-0.000211225,84923
0.000382538,0.000181841,84925
-4.35669e-05,-2.07097e-05,84926
-0.000406639,-0.000193298,84951
0.00164079,0.000779959,84955
-0.00150535,-0.000715573,84957
0.000168888,8.02816e-05,84958
0.000301272,0.000143211,84967
-0.00157388,-0.000748152,84971
0.00147219,0.000699811,84973
-0.000165134,-7.84973e-05,84974
0.000228945,0.00010883,84979
-0.000260046,-0.000123614,84981
3.36489e-05,1.59952e-05,84982
9.37359e-06,4.45578e-06,84988
7.305e-05,3.47246e-05,85183
-0.000482423,-0.000229322,85215
0.000515711,0.000245145,85231
-0.000174009,-8.27158e-05,85239
0.000225295,0.000107095,85243
-0.000177188,-8.42272e-05,85245
2.07535e-05,9.86527e-06,85246
-8.53059e-05,-4.05506e-05,85311
0.000685506,0.000325858,85343
-0.000755265,-0.000359019,85359
0.000284709,0.000135338,85367
-0.000426622,-0.000202797,85371
0.00034614,0.000164539,85373
-4.01793e-05,-1.90994e-05,85374
-0.00022885,-0.000108785,85407
0.000345573,0.00016427,85423
-0.000276164,-0.000131276,85431
0.000752768,0.000357832,85435
-0.00066616,-0.000316662,85437
7.56116e-05,3.59423e-05,85438
0.000770466,0.000366244,85463
-0.00326469,-0.00155188,85467
0.00300285,0.00142742,85469
-0.000335408,-0.000159438,85470
-0.000587729,-0.00027938,85479
0.00316546,0.00150472,85483
-0.00296208,-0.00140804,85485
0.000330702,0.000157201,85486
-0.000457777,-0.000217606,85491
0.000520507,0.000247425,85493
-6.71425e-05,-3.19165e-05,85494
-1.87738e-05,-8.92423e-06,85500
-0.00076985,-0.000365952,85679
0.000917459,0.000436118,85687
-0.00299812,-0.00142517,85691
0.00271411,0.00129017,85693
-0.000309334,-0.000147043,85694
-0.00362051,-0.00172103,85719
0.0160209,0.00761562,85723
-0.0148109,-0.00704044,85725
0.00166241,0.000790236,85726
0.00283134,0.00134589,85735
-0.0156652,-0.00744653,85739
0.0147055,0.00699033,85741
-0.00164992,-0.000784298,85742
0.00223415,0.00106201,85747
-0.00254827,-0.00121133,85749
0.000330702,0.000157201,85750
9.20377e-05,4.37506e-05,85756
-0.000317529,-0.000150939,85791
0.00055023,0.000261555,85807
-0.000715284,-0.000340013,85815
0.00243735,0.00115861,85819
-0.00221812,-0.00105439,85821
0.000253105,0.000120315,85822
0.00354457,0.00168493,85847
-0.0159012,-0.00755871,85851
0.0147225,0.0069984,85853
-0.00165438,-0.000786418,85854
-0.00281616,-0.00133867,85863
0.0157417,0.0074829,85867
-0.0147949,-0.00703281,85869
0.00166241,0.000790236,85870
-0.0022518,-0.0010704,85875
0.00257401,0.00122357,85877
-0.000335408,-0.000159438,85878
-9.40967e-05,-4.47293e-05,85884
-0.000478433,-0.000227426,85911
0.002414,0.00114751,85915
-0.00225165,-0.00107033,85917
0.000253105,0.000120315,85918
0.000461966,0.000219598,85927
-0.00289504,-0.00137617,85931
0.00274185,0.00130335,85933
-0.000309334,-0.000147043,85934
0.000486527,0.000231273,85939
-0.000563982,-0.000268092,85941
7.56116e-05,3.59423e-05,85942
2.42836e-05,1.15433e-05,85948
0.000284638,0.000135304,85973
-4.01793e-05,-1.90994e-05,85974
-1.70972e-05,-8.12725e-06,85980
0.000130518,6.20425e-05,85987
-0.00014769,-7.02049e-05,85989
2.07535e-05,9.86527e-06,85990
1.08281e-05,5.14719e-06,85996
-1.42622e-06,-6.77962e-07,86004
-0.00242154,-0.00115109,87391
0.00281651,0.00133884,87407
-0.00139959,-0.000665301,87415
0.00281651,0.00133884,87419
-0.00242154,-0.00115109,87421
0.000284638,0.000135304,87422
0.00109904,0.000522432,87455
-0.00176726,-0.000840075,87471
0.00175325,0.000833414,87479
-0.00539327,-0.00256372,87483
0.00486888,0.00231444,87485
-0.000563982,-0.000268092,87486
-0.00547185,-0.00260107,87511
0.0242992,0.0115507,87515
-0.0225683,-0.0107279,87517
0.00257401,0.00122357,87518
0.0042369,0.00201403,87527
-0.0236784,-0.0112556,87531
0.0223445,0.0106216,87533
-0.00254827,-0.00121133,87534
0.00344328,0.00163678,87539
-0.00394489,-0.00187522,87541
0.000520507,0.000247425,87542
0.000144426,6.86536e-05,87548
0.0056766,0.0026984,87727
-0.00745582,-0.00354416,87735
0.0257479,0.0122394,87739
-0.0235741,-0.011206,87741
0.00274185,0.00130335,87742
0.0304078,0.0144545,87767
-0.138585,-0.0658773,87771
0.129144,0.0613892,87773
-0.0147949,-0.00703281,87774
-0.0239276,-0.0113741,87783
0.135751,0.06453,87787
-0.128376,-0.0610242,87789
0.0147055,0.00699033,87790
-0.0194634,-0.00925204,87795
0.0223445,0.0106216,87797
-0.00296208,-0.00140804,87798
-0.000816666,-0.000388206,87804
0.00236131,0.00112246,87839
-0.00419849,-0.00199577,87855
0.005894,0.00280174,87863
-0.0210384,-0.0100007,87867
0.0193412,0.00919394,87869
-0.00225165,-0.00107033,87870
-0.0298636,-0.0141958,87895
0.137629,0.0654225,87899
-0.128403,-0.061037,87901
0.0147225,0.0069984,87902
0.0238461,0.0113354,87911
-0.136435,-0.0648549,87915
0.129144,0.0613892,87917
-0.0148109,-0.00704044,87918
0.01962,0.00932646,87923
-0.0225683,-0.0107279,87925
0.00300285,0.00142742,87926
0.000834873,0.000396861,87932
0.00398248,0.00189309,87959
-0.0205877,-0.00978647,87963
0.0193412,0.00919394,87965
-0.00221812,-0.00105439,87966
-0.00386368,-0.00183662,87975
0.0247243,0.0117528,87979
-0.0235741,-0.011206,87981
0.00271411,0.00129017,87982
-0.00417576,-0.00198497,87987
0.00486888,0.00231444,87989
-0.00066616,-0.000316662,87990
-0.000212405,-0.000100968,87996
0.00034614,0.000164539,88022
0.000143528,6.82265e-05,88028
-0.00110252,-0.000524088,88035
0.00125051,0.000594437,88037
-0.000177188,-8.42272e-05,88038
-8.89637e-05,-4.22893e-05,88044
1.19008e-05,5.65709e-06,88052
0.000144309,6.85981e-05,88255
-0.00104266,-0.000495634,88287
0.001202,0.000571374,88303
-0.000608039,-0.000289034,88311
0.00127119,0.000604264,88315
-0.00110252,-0.000524088,88317
0.000130518,6.20425e-05,88318
-0.000190084,-9.03574e-05,88383
0.00165379,0.000786138,88415
-0.00196885,-0.000935901,88431
0.00108446,0.000515502,88439
-0.00238192,-0.00113226,88443
0.00207782,0.000987704,88445
-0.000245125,-0.000116521,88446
-0.00083866,-0.000398661,88479
0.0013749,0.000653566,88495
-0.00145003,-0.000689281,88503
0.00460215,0.00218765,88507
-0.00417576,-0.00198497,88509
0.000486527,0.000231273,88510
0.00468593,0.00222748,88535
-0.0210696,-0.0100155,88539
0.01962,0.00932646,88541
-0.0022518,-0.0010704,88542
-0.00364587,-0.00173308,88551
0.0205776,0.00978168,88555
-0.0194634,-0.00925204,88557
0.00223415,0.00106201,88558
-0.00299866,-0.00142543,88563
0.00344328,0.00163678,88565
-0.000457777,-0.000217606,88566
-0.000126966,-6.03538e-05,88572
-0.0056766,-0.0026984,88751
0.00766518,0.00364368,88759
-0.0269116,-0.0127926,88763
0.0247243,0.0117528,88765
-0.00289504,-0.00137617,88766
-0.0317511,-0.015093,88791
0.146041,0.0694213,88795
-0.136435,-0.0648549,88797
0.0157417,0.0074829,88798
0.025046,0.0119057,88807
-0.143212,-0.0680764,88811
0.135751,0.06453,88813
-0.0156652,-0.00744653,88814
0.0205776,0.00978168,88819
-0.0236784,-0.0112556,88821
0.00316546,0.00150472,88822
0.000871524,0.000414283,88828
-0.00239746,-0.00113964,88863
0.00429021,0.00203937,88879
-0.00616001,-0.00292819,88887
0.0223197,0.0106098,88891
-0.0205877,-0.00978647,88893
0.002414,0.00114751,88894
0.031632,0.0150364,88919
-0.147129,-0.0699385,88923
0.137629,0.0654225,88925
-0.0159012,-0.00755871,88926
-0.0253197,-0.0120358,88935
0.146041,0.0694213,88939
-0.138585,-0.0658773,88941
0.0160209,0.00761562,88942
-0.0210696,-0.0100155,88947
0.0242992,0.0115507,88949
-0.00326469,-0.00155188,88950
-0.000908421,-0.000431822,88956
-0.00426784,-0.00202874,88983
0.0223197,0.0106098,88987
-0.0210384,-0.0100007,88989
0.00243735,0.00115861,88990
0.00416042,0.00197768,88999
-0.0269116,-0.0127926,89003
0.0257479,0.0122394,89005
-0.00299812,-0.00142517,89006
0.00460215,0.00218765,89011
-0.00539327,-0.00256372,89013
0.000752768,0.000357832,89014
0.000246958,0.000117393,89020
-0.000426622,-0.000202797,89046
-0.00020537,-9.76235e-05,89052
0.00127119,0.000604264,89059
-0.00147039,-0.000698955,89061
0.000225295,0.000107095,89062
0.000140976,6.70135e-05,89068
-1.88445e-05,-8.95783e-06,89076
0.00076985,0.000365952,89263
-0.00112413,-0.000534359,89271
0.00416042,0.00197768,89275
-0.00386368,-0.00183662,89277
0.000461966,0.000219598,89278
0.00534077,0.00253876,89303
-0.0253197,-0.0120358,89307
0.0238461,0.0113354,89309
-0.00281616,-0.00133867,89310
-0.00426746,-0.00202856,89319
0.025046,0.0119057,89323
-0.0239276,-0.0113741,89325
0.00283134,0.00134589,89326
-0.00364587,-0.00173308,89331
0.0042369,0.00201403,89333
-0.000587729,-0.00027938,89334
-0.000166323,-7.90623e-05,89340
0.000402721,0.000191435,89375
-0.000725444,-0.000344843,89391
0.00111643,0.0005307,89399
-0.00426784,-0.00202874,89403
0.00398248,0.00189309,89405
-0.000478433,-0.000227426,89406
-0.00657491,-0.00312541,89431
0.031632,0.0150364,89435
-0.0298636,-0.0141958,89437
0.00354457,0.00168493,89438
0.00534077,0.00253876,89447
-0.0317511,-0.015093,89451
0.0304078,0.0144545,89453
-0.00362051,-0.00172103,89454
0.00468593,0.00222748,89459
-0.00547185,-0.00260107,89461
0.000770466,0.000366244,89462
0.00022469,0.000106807,89468
0.00111643,0.0005307,89495
-0.00616001,-0.00292819,89499
0.005894,0.00280174,89501
-0.000715284,-0.000340013,89502
-0.00112413,-0.000534359,89511
0.00766518,0.00364368,89515
-0.00745582,-0.00354416,89517
0.000917459,0.000436118,89518
-0.00145003,-0.000689281,89523
0.00175325,0.000833414,89525
-0.000276164,-0.000131276,89526
-0.000113782,-5.40866e-05,89532
0.000284709,0.000135338,89558
0.000231424,0.000110008,89564
-0.000608039,-0.000289034,89571
0.000789561,0.000375321,89573
-0.000174009,-8.27158e-05,89574
-0.00019873,-9.44673e-05,89580
2.64228e-05,1.25602e-05,89588
0.0013749,0.000653566,89779
-0.00176726,-0.000840075,89781
0.000345573,0.00016427,89782
0.000209128,9.94102e-05,89788
-0.000755265,-0.000359019,89814
-0.00082552,-0.000392415,89820
0.001202,0.000571374,89827
-0.00175941,-0.000836345,89829
0.000515711,0.000245145,89830
0.000763951,0.000363147,89836
-0.000101126,-4.80709e-05,89844
0.000402721,0.000191435,89879
-0.00239746,-0.00113964,89883
0.00236131,0.00112246,89885
-0.000317529,-0.000150939,89886
-0.000426645,-0.000202808,89895
0.00319004,0.0015164,89899
-0.0032176,-0.0015295,89901
0.000450808,0.000214294,89902
-0.00083866,-0.000398661,89907
0.00109904,0.000522432,89909
-0.00022885,-0.000108785,89910
-0.000153161,-7.28056e-05,89916
0.000685506,0.000325858,89942
0.000789562,0.000375322,89948
-0.00104266,-0.000495634,89955
0.00156446,0.000743671,89957
-0.000482423,-0.000229322,89958
-0.000745792,-0.000354516,89964
9.89049e-05,4.70149e-05,89972
-8.53059e-05,-4.05506e-05,90006
-0.000115387,-5.48499e-05,90012
0.000144309,6.85981e-05,90019
-0.000222448,-0.000105742,90021
7.305e-05,3.47246e-05,90022
0.000132423,6.29481e-05,90028
-2.03507e-05,-9.67382e-06,90036
-5.45278e-06,-2.592e-06,90084
-0.00019469,-9.25467e-05,91551
0.000331211,0.000157443,91567
-0.000413125,-0.000196381,91575
0.00149471,0.000710517,91579
-0.00139547,-0.000663343,91581
0.000172021,8.1771e-05,91582
0.00143816,0.000683638,91607
-0.00698931,-0.0033224,91611
0.00664593,0.00315917,91613
-0.000807834,-0.000384008,91614
-0.00113834,-0.000541117,91623
0.00686356,0.00326263,91627
-0.00661883,-0.00314629,91629
0.000805474,0.000382886,91630
-0.00101601,-0.000482965,91635
0.00118738,0.000564428,91637
-0.000167885,-7.98051e-05,91638
-4.57012e-05,-2.17243e-05,91644
0.00212919,0.00101212,91831
-0.00837225,-0.00397979,91835
0.00789635,0.00375357,91837
-0.000980192,-0.000465939,91838
-0.00930914,-0.00442514,91863
0.0461237,0.0219251,91867
-0.0440016,-0.0209164,91869
0.00538574,0.00256014,91870
0.00745357,0.00354309,91879
-0.0454493,-0.0216045,91883
0.0439356,0.020885,91885
-0.00538399,-0.0025593,91886
0.00663839,0.00315559,91891
-0.00777646,-0.00369657,91893
0.00110747,0.000526441,91894
0.000298842,0.000142056,91900
-0.000584796,-0.000277985,91935
0.00106591,0.000506686,91951
-0.00172787,-0.000821352,91959
0.0069704,0.00331341,91963
-0.00659556,-0.00313523,91965
0.000820249,0.000389909,91966
0.00931364,0.00442728,91991
-0.0466071,-0.0221549,91995
0.0445181,0.0211619,91997
-0.00545925,-0.00259508,91998
-0.00756498,-0.00359605,92007
0.0465058,0.0221068,92011
-0.0450105,-0.021396,92013
0.00552947,0.00262846,92014
-0.00683769,-0.00325033,92019
0.00803193,0.00381802,92021
-0.00115217,-0.000547688,92022
-0.000316589,-0.000150492,92028
-0.00129622,-0.000616163,92055
0.00727204,0.0034568,92059
-0.0070004,-0.00332767,92061
0.000864143,0.000410774,92062
0.00128619,0.000611397,92071
-0.00885901,-0.00421117,92075
0.00865201,0.00411277,92077
-0.0010765,-0.000511721,92078
0.00157878,0.000750482,92083
-0.00189375,-0.000900201,92085
0.000288097,0.000136948,92086
0.000100658,4.78483e-05,92092
-0.000120255,-5.71639e-05,92124
0.000481229,0.000228755,92131
-0.000587958,-0.000279488,92133
0.000109009,5.18178e-05,92134
9.36402e-05,4.45123e-05,92140
-1.26488e-05,-6.01268e-06,92148
-2.4436e-05,-1.16158e-05,92351
0.000181545,8.62984e-05,92383
-0.000224801,-0.00010686,92399
0.000160969,7.65174e-05,92407
-0.000455496,-0.000216522,92411
0.000417918,0.000198659,92413
-5.25225e-05,-2.49668e-05,92414
3.36419e-05,1.59918e-05,92479
-0.000296857,-0.000141113,92511
0.000379468,0.000180382,92527
-0.00028966,-0.000137691,92535
0.000834947,0.000396896,92539
-0.000766843,-0.000364522,92541
9.61343e-05,4.56979e-05,92542
0.000190534,9.05712e-05,92575
-0.000331211,-0.000157443,92591
0.000441261,0.000209756,92599
-0.00164864,-0.000783689,92603
0.00154753,0.000735628,92605
-0.000192413,-9.14642e-05,92606
-0.0015898,-0.000755717,92631
0.00784089,0.0037272,92635
-0.007481,-0.00355613,92637
0.00091749,0.000436133,92638
0.00126528,0.000601457,92647
-0.00772186,-0.00367062,92651
0.00746981,0.00355081,92653
-0.00091749,-0.000436133,92654
0.00114775,0.000545588,92659
-0.00134568,-0.000639674,92661
0.000192413,9.14642e-05,92662
5.25225e-05,2.49668e-05,92668
-0.00282636,-0.00134352,92855
0.0113438,0.00539232,92859
-0.0107443,-0.00510734,92861
0.00134568,0.000639674,92862
0.0125972,0.00598816,92887
-0.0631787,-0.0300323,92891
0.0604681,0.0287438,92893
-0.00746981,-0.00355081,92894
-0.0101211,-0.00481109,92903
0.0623592,0.0296428,92907
-0.0604681,-0.0287438,92909
0.007481,0.00355613,92910
-0.00914291,-0.00434612,92915
0.0107443,0.00510734,92917
-0.00154753,-0.000735628,92918
-0.000417918,-0.000198659,92924
0.000767234,0.000364708,92959
-0.00140539,-0.000668056,92975
0.0023395,0.00111209,92983
-0.00962209,-0.00457391,92987
0.00914291,0.00434612,92989
-0.00114775,-0.000545588,92990
-0.0128415,-0.00610424,93015
0.0650647,0.0309288,93019
-0.0623592,-0.0296428,93021
0.00772186,0.00367062,93022
0.0104693,0.00497664,93031
-0.0650647,-0.0309288,93035
0.0631787,0.0300323,93037
-0.00784089,-0.0037272,93038
0.00962209,0.00457391,93043
-0.0113438,-0.00539232,93045
0.00164864,0.000783689,93046
0.000455496,0.000216522,93052
0.0018375,0.000873462,93079
-0.0104693,-0.00497664,93083
0.0101211,0.00481109,93085
-0.00126528,-0.000601457,93086
-0.0018375,-0.000873462,93095
0.0128415,0.00610424,93099
-0.0125972,-0.00598816,93101
0.0015898,0.000755717,93102
-0.0023395,-0.00111209,93107
0.00282636,0.00134352,93109
-0.000441261,-0.000209756,93110
-0.000160969,-7.65174e-05,93116
0.000224801,0.00010686,93148
-0.000767234,-0.000364708,93155
0.000959575,0.000456138,93157
-0.000190534,-9.05712e-05,93158
-0.000181545,-8.62984e-05,93164
2.4436e-05,1.16158e-05,93172
0.000600521,0.00028546,93367
-0.00256355,-0.0012186,93371
0.00245871,0.00116876,93373
-0.000316197,-0.000150306,93374
-0.00313791,-0.00149162,93399
0.016345,0.00776966,93403
-0.015798,-0.00750963,93405
0.00200765,0.000954346,93406
0.00256791,0.00122067,93415
-0.0163623,-0.00777788,93419
0.0160232,0.0076167,93421
-0.00204523,-0.00097221,93422
0.00247403,0.00117604,93427
-0.00295055,-0.00140256,93429
0.000448346,0.000213123,93430
0.000130752,6.21536e-05,93436
-0.000194048,-9.22415e-05,93471
0.000353926,0.00016824,93487
-0.000631874,-0.000300364,93495
0.00276726,0.00131543,93499
-0.00266485,-0.00126675,93501
0.000344573,0.000163794,93502
0.00407546,0.00193729,93527
-0.0215266,-0.0102327,93531
0.0208558,0.00991389,93533
-0.00266485,-0.00126675,93534
-0.00339545,-0.00161404,93543
0.0219233,0.0104213,93547
-0.0215266,-0.0102327,93549
0.00276726,0.00131543,93550
-0.00339545,-0.00161404,93555
0.00407546,0.00193729,93557
-0.000631874,-0.000300364,93558
-0.000194048,-9.22415e-05,93564
-0.000813424,-0.000386665,93591
0.00494253,0.00234946,93595
-0.00485996,-0.0023102,93597
0.000639597,0.000304035,93598
0.000854329,0.000406109,93607
-0.00636496,-0.00302562,93611
0.00636496,0.00302562,93613
-0.000854329,-0.000406109,93614
0.00135602,0.00064459,93619
-0.00170298,-0.000809521,93621
0.000304312,0.000144656,93622
0.000145234,6.90377e-05,93628
-0.000385375,-0.00018319,93660
0.00074337,0.000353365,93667
-0.00103108,-0.000490128,93669
0.000265009,0.000125973,93670
0.000343467,0.000163269,93676
-4.58034e-05,-2.17729e-05,93684
-0.000392225,-0.000186446,93884
0.0016573,0.000787806,93916
-0.00228878,-0.00108798,93923
0.00342111,0.00162624,93925
-0.00103121,-0.000490191,93926
-0.00154006,-0.000732073,93932
0.000203125,9.65565e-05,93940
-0.000464312,-0.000220713,93975
0.00312025,0.00148322,93979
-0.00316629,-0.00150511,93981
0.000460757,0.000219023,93982
0.000539169,0.000256296,93991
-0.00447937,-0.00212929,93995
0.00464789,0.00220939,93997
-0.0007027,-0.000334032,93998
0.00140407,0.000667431,94003
-0.00189375,-0.000900201,94005
0.000421725,0.000200469,94006
0.000298235,0.000141767,94012
-0.00160604,-0.000763437,94044
0.0020906,0.000993778,94051
-0.00317327,-0.00150843,94053
0.000986798,0.000469079,94054
0.0015188,0.000721967,94060
-0.000200543,-9.53293e-05,94068
0.000233231,0.000110867,94108
-0.000286742,-0.000136304,94115
0.000446786,0.000212382,94117
-0.000148338,-7.05132e-05,94118
-0.000268179,-0.00012748,94124
4.1117e-05,1.95451e-05,94132
1.10591e-05,5.25699e-06,94180
0.00150922,0.000717414,95708
-0.00230024,-0.00109343,95715
0.00334229,0.00158877,95717
-0.000959605,-0.000456153,95718
-0.00137992,-0.000655949,95724
0.000185409,8.81352e-05,95732
0.00181238,0.000861523,95932
-0.00804333,-0.00382343,95964
0.0102922,0.00489244,95971
-0.0155863,-0.00740901,95973
0.00486911,0.00231456,95974
0.00751618,0.00357285,95980
-0.000996946,-0.000473903,95988
-0.0108489,-0.0051571,96027
0.0111988,0.0053234,96029
-0.00171684,-0.000816106,96030
-0.00187591,-0.000891724,96039
0.0165002,0.00784345,96043
-0.0174015,-0.00827187,96045
0.00276719,0.0013154,96046
-0.0058532,-0.00278235,96051
0.00803193,0.00381802,96053
-0.00188224,-0.000894733,96054
-0.0014162,-0.000673197,96060
0.00786477,0.00373855,96092
-0.00967702,-0.00460001,96099
0.0148099,0.00703995,96101
-0.00472773,-0.00224735,96102
-0.0074635,-0.00354781,96108
0.00099085,0.000471005,96116
-0.00112642,-0.000535447,96156
0.00131067,0.000623033,96163
-0.00205679,-0.000977706,96165
0.00070121,0.000333324,96166
0.00129958,0.000617762,96172
-0.000200543,-9.53293e-05,96180
-5.36839e-05,-2.55189e-05,96228
0.00177036,0.00084155,96445
-0.000238637,-0.000113437,96446
0.0126939,0.00603413,96475
-0.0124601,-0.00592299,96477
0.00166241,0.000790236,96478
0.00194377,0.000923982,96487
-0.0130905,-0.00622261,96491
0.0130349,0.00619618,96493
-0.00175944,-0.00083636,96494
0.00218475,0.00103853,96499
-0.00268731,-0.00127743,96501
0.000456848,0.000217165,96502
0.000165815,7.88211e-05,96508
-0.00013433,-6.38543e-05,96543
0.000242234,0.000115147,96559
-0.000459675,-0.000218509,96567
0.00218208,0.00103726,96571
-0.00214204,-0.00101823,96573
0.000291257,0.00013845,96574
-0.018749,-0.00891242,96603
0.0184578,0.00877402,96605
-0.00248045,-0.00117909,96606
-0.00288685,-0.00137228,96615
0.0197612,0.00939358,96619
-0.0197461,-0.00938642,96621
0.00269078,0.00127907,96622
-0.00343074,-0.00163082,96627
0.00425501,0.00202264,96629
-0.000741381,-0.000352419,96630
-0.000284535,-0.000135255,96636
0.00629968,0.00299458,96667
-0.006327,-0.00300757,96669
0.000891503,0.00042378,96670
0.0010765,0.000511721,96679
-0.00865201,-0.00411277,96683
0.00885901,0.00421117,96685
-0.00128619,-0.000611397,96686
0.00225345,0.00107119,96691
-0.00295055,-0.00140256,96693
0.000604075,0.00028715,96694
0.000360201,0.000171223,96700
-0.00122425,-0.000581955,96732
0.00178102,0.000846614,96739
-0.00261216,-0.0012417,96741
0.000766444,0.000364333,96742
0.00112563,0.000535076,96748
-0.000151513,-7.20225e-05,96756
0.00797044,0.00378879,96988
-0.0100314,-0.00476848,96995
0.0152319,0.00724054,96997
-0.00479391,-0.00227881,96998
-0.00745972,-0.00354601,97004
0.000990751,0.000470958,97012
0.0100563,0.00478029,97051
-0.0104173,-0.00495192,97053
0.00161422,0.000767329,97054
0.00174153,0.000827844,97063
-0.0154936,-0.00736495,97067
0.0163939,0.00779293,97069
-0.00263354,-0.00125186,97070
0.00564735,0.0026845,97075
-0.00777646,-0.00369657,97077
0.00184122,0.000875234,97078
0.00140584,0.000668271,97084
-0.00789091,-0.00375098,97116
0.00958335,0.00455549,97123
-0.0146921,-0.00698397,97125
0.00471708,0.00224229,97126
0.00749737,0.00356391,97132
-0.000996946,-0.000473903,97140
0.00113353,0.000538827,97180
-0.00129958,-0.000617762,97187
0.0020429,0.000971104,97189
-0.00070121,-0.000333324,97190
-0.00131067,-0.000623033,97196
0.000203125,9.65565e-05,97204
5.48978e-05,2.60959e-05,97252
-0.00120865,-0.000574537,97500
0.00146631,0.000697018,97507
-0.0022414,-0.00106546,97509
0.00071742,0.000341029,97510
0.00113956,0.000541697,97516
-0.000151513,-7.20225e-05,97524
-0.00138767,-0.000659637,97563
0.00144942,0.000688987,97565
-0.000230335,-0.000109491,97566
-0.00024091,-0.000114518,97575
0.00219272,0.00104232,97579
-0.00233773,-0.00111125,97581
0.000384354,0.000182705,97582
-0.00085488,-0.000406371,97587
0.00118738,0.000564428,97589
-0.000288414,-0.000137099,97590
-0.000230335,-0.000109491,97596
0.00144942,0.000688987,97628
-0.0017013,-0.000808719,97635
0.00262211,0.00124643,97637
-0.00085488,-0.000406371,97638
-0.00138767,-0.000659637,97644
0.000185409,8.81352e-05,97652
-0.000244541,-0.000116244,97692
0.000268179,0.00012748,97699
-0.000423555,-0.000201339,97701
0.000148338,7.05132e-05,97702
0.000286742,0.000136304,97708
-4.58034e-05,-2.17729e-05,97716
-1.44457e-05,-6.86683e-06,97764
1.0785e-05,5.1267e-06,98020
-6.53527e-05,-3.10657e-05,98076
7.15914e-05,3.40313e-05,98083
-0.000112153,-5.33124e-05,98085
3.87481e-05,1.84191e-05,98086
7.47835e-05,3.55487e-05,98092
-1.26488e-05,-6.01268e-06,98100
-7.06599e-06,-3.35886e-06,98148
9.77843e-07,4.64824e-07,98212
0.0583642,0.0277437,112348
0.0894325,0.0425121,112357
-0.0324488,-0.0154247,112358
-0.0550645,-0.0261752,112364
0.00749737,0.00356391,112372
-0.060746,-0.0288759,112413
0.0104413,0.00496331,112414
0.0100983,0.00480028,112423
0.0951074,0.0452097,112429
-0.0169933,-0.00807785,112430
-0.0450105,-0.021396,112437
0.0120883,0.00574624,112438
0.00999441,0.00475089,112444
-0.0571909,-0.027186,112476
-0.0852298,-0.0405144,112485
0.0315898,0.0150163,112486
0.0547553,0.0260282,112492
-0.0074635,-0.00354781,112500
0.00824242,0.00391807,112540
0.0118945,0.00565408,112549
-0.00471708,-0.00224229,112550
-0.00958335,-0.00455549,112556
0.0015188,0.000721967,112564
0.000402521,0.00019134,112612
0.0579403,0.0275422,112861
-0.00867039,-0.00412151,112862
-0.00881065,-0.00418819,112871
-0.0611748,-0.0290797,112877
0.00928311,0.00441277,112878
0.0130349,0.00619618,112885
-0.00254158,-0.00120815,112886
-0.000996811,-0.000473839,112892
0.000573763,0.000272741,112927
-0.00103182,-0.000490482,112943
0.00204547,0.000972322,112951
0.0100397,0.0047724,112957
-0.00153088,-0.000727713,112958
-0.0889433,-0.0422796,112989
0.0133642,0.00635273,112990
0.0136229,0.0064757,112999
0.0960141,0.0456408,113005
-0.0146638,-0.00697051,113006
-0.0213661,-0.0101565,113013
0.00425562,0.00202293,113014
0.00176622,0.000839579,113020
0.0328775,0.0156285,113053
-0.00517551,-0.0024602,113054
-0.00552947,-0.00262846,113063
-0.0465058,-0.0221068,113069
0.00756498,0.00359605,113070
0.0160232,0.0076167,113077
-0.00375556,-0.00178522,113078
-0.00246322,-0.0011709,113084
0.00885978,0.00421154,113116
0.0148681,0.00706762,113125
-0.00508107,-0.00241531,113126
-0.00824676,-0.00392014,113132
0.00113956,0.000541697,113140
-0.0878119,-0.0417418,113381
0.0320416,0.0152311,113382
0.0547294,0.0260159,113388
-0.00745972,-0.00354601,113396
0.0574593,0.0273135,113437
-0.00995607,-0.00473267,113438
-0.00954624,-0.00453785,113447
-0.0908593,-0.0431904,113453
0.016359,0.0077763,113454
0.0439356,0.020885,113461
-0.0118942,-0.00565394,113462
-0.00995607,-0.00473267,113468
0.0574593,0.0273135,113500
0.0848621,0.0403396,113509
-0.0315898,-0.0150163,113510
-0.0550645,-0.0261752,113516
0.00751618,0.00357285,113524
-0.00830651,-0.00394854,113564
-0.0118566,-0.0056361,113573
0.00472773,0.00224735,113574
0.00967702,0.00460001,113580
-0.00154006,-0.000732073,113588
-0.000412475,-0.000196072,113636
0.0127398,0.0060559,113893
-0.00473007,-0.00224846,113894
-0.00824676,-0.00392014,113900
0.00112563,0.000535076,113908
-0.00789091,-0.00375098,113949
0.00140584,0.000668271,113950
0.00130255,0.000619174,113959
0.0127803,0.00607515,113965
-0.00236046,-0.00112206,113966
-0.00661883,-0.00314629,113973
0.00184122,0.000875234,113974
0.00161422,0.000767329,113980
-0.0104173,-0.00495192,114012
-0.014931,-0.00709754,114021
0.00564735,0.0026845,114022
0.0100563,0.00478029,114028
-0.00137992,-0.000655949,114036
0.00176987,0.000841314,114076
0.00242371,0.00115212,114085
-0.000986798,-0.000469079,114086
-0.0020906,-0.000993778,114092
0.000343467,0.000163269,114100
0.000108297,5.14795e-05,114148
-8.08507e-05,-3.84328e-05,114404
0.00046783,0.000222385,114460
0.000636927,0.000302766,114469
-0.000255187,-0.000121304,114470
-0.000538495,-0.000255976,114476
9.36402e-05,4.45123e-05,114484
5.30959e-05,2.52394e-05,114532
-7.4799e-06,-3.55561e-06,114596
-0.000534469,-0.000254062,116511
0.00100106,0.000475857,116527
-0.00192728,-0.000916141,116535
-0.00860721,-0.00409148,116541
0.00126083,0.000599339,116542
0.059591,0.0283268,116573
-0.00860721,-0.00409148,116574
-0.00928311,-0.00441277,116583
-0.060746,-0.0288759,116589
0.00881065,0.00418819,116590
0.0111988,0.0053234,116597
-0.00192728,-0.000916141,116598
-0.000534469,-0.000254062,116604
-0.0103327,-0.00491169,116637
0.00151265,0.000719047,116638
0.00175944,0.00083636,116647
0.0130905,0.00622261,116653
-0.00194377,-0.000923982,116654
-0.00316629,-0.00150511,116661
0.000605332,0.000287747,116662
0.000260108,0.000123644,116668
-0.00133173,-0.000633043,116709
0.000359327,0.000170808,116710
0.00046783,0.000222385,116716
-6.53527e-05,-3.10657e-05,116724
-0.000120353,-5.72103e-05,116975
0.00015248,7.24818e-05,116983
0.000552639,0.0002627,116989
-8.14235e-05,-3.87051e-05,116990
1.57061e-05,7.46595e-06,117055
-0.000135366,-6.4347e-05,117087
0.000207941,9.88459e-05,117103
-0.000273505,-0.000130012,117111
-0.00099358,-0.000472303,117117
0.000146183,6.94888e-05,117118
0.000135126,6.42326e-05,117151
-0.000257749,-0.000122522,117167
0.00046561,0.00022133,117175
0.00198927,0.000945609,117181
-0.00029105,-0.000138352,117182
-0.00989768,-0.00470491,117213
0.00142829,0.000678943,117214
0.00152919,0.000726905,117223
0.00996212,0.00473554,117229
-0.00144242,-0.00068566,117230
-0.00184109,-0.000875168,117237
0.000314076,0.000149297,117238
8.50136e-05,4.04116e-05,117244
-0.0135141,-0.006424,117479
-0.0883776,-0.0420107,117485
0.0128651,0.00611547,117486
0.0160952,0.00765091,117493
-0.00275984,-0.0013119,117494
-0.00073427,-0.000349039,117500
0.000802945,0.000381684,117535
-0.00150527,-0.000715537,117551
0.00294399,0.00139944,117559
0.013343,0.00634266,117565
-0.00196781,-0.000935408,117566
-0.0934902,-0.044441,117597
0.0135944,0.00646215,117598
0.014473,0.00687983,117607
0.0955352,0.0454131,117613
-0.0139557,-0.00663389,117614
-0.0177391,-0.00843238,117621
0.00308526,0.00146659,117622
0.000866492,0.000411891,117628
0.0168592,0.00801412,117661
-0.00248845,-0.0011829,117662
-0.00285732,-0.00135824,117671
-0.0215167,-0.0102281,117677
0.00322506,0.00153305,117678
0.00532902,0.00253318,117685
-0.00103734,-0.000493106,117686
-0.000461096,-0.000219184,117692
0.00238792,0.00113511,117733
-0.000661772,-0.000314577,117734
-0.000882089,-0.000419305,117740
0.000122873,5.84084e-05,117748
0.00488894,0.00232398,117991
0.0328775,0.0156285,117997
-0.00488894,-0.00232398,117998
-0.006327,-0.00300757,118005
0.0011473,0.000545373,118006
0.000359327,0.000170808,118012
-0.000316589,-0.000150492,118047
0.00057937,0.000275406,118063
-0.00115217,-0.000547688,118071
-0.00545925,-0.00259508,118077
0.000820249,0.000389909,118078
0.0445181,0.0211619,118109
-0.00659556,-0.00313523,118110
-0.00683769,-0.00325033,118119
-0.0466071,-0.0221549,118125
0.0069704,0.00331341,118126
0.00931364,0.00442728,118133
-0.00172787,-0.000821352,118134
-0.000584796,-0.000277985,118140
-0.0121302,-0.00576614,118173
0.00185605,0.00088228,118174
0.00204523,0.00097221,118183
0.0163623,0.00777788,118189
-0.00256791,-0.00122067,118190
-0.00485996,-0.0023102,118197
0.00105896,0.00050338,118198
0.000605332,0.000287747,118204
-0.00356048,-0.00169249,118245
0.0011473,0.000545373,118246
0.00176987,0.000841314,118252
-0.000244541,-0.000116244,118260
-0.00830651,-0.00394854,118508
0.00113353,0.000538827,118516
-0.0103327,-0.00491169,118557
0.00174692,0.000830407,118558
0.00171919,0.000817224,118567
0.0157103,0.00746796,118573
-0.00276388,-0.00131382,118574
-0.0070004,-0.00332767,118581
0.00185605,0.00088228,118582
0.00151265,0.000719047,118588
-0.0127356,-0.00605395,118629
0.00473007,0.00224846,118630
0.00824242,0.00391807,118636
-0.00112642,-0.000535447,118644
0.00180455,0.000857801,118693
-0.00071742,-0.000341029,118694
-0.00146631,-0.000697018,118700
0.000233231,0.000110867,118708
6.22872e-05,2.96085e-05,118756
0.0848533,0.0403354,120677
-0.0320416,-0.0152311,120678
-0.0571909,-0.027186,120684
0.00786477,0.00373855,120692
-0.0118537,-0.00563469,120741
0.00479391,0.00227881,120742
0.0100314,0.00476848,120748
-0.00160604,-0.000763437,120756
-0.000425318,-0.000202177,120804
0.0579403,0.0275422,121069
-0.00885978,-0.00421154,121070
-0.0124601,-0.00592299,121077
0.00246322,0.0011709,121078
0.000996811,0.000473839,121084
-0.000539783,-0.000256588,121119
0.000968993,0.000460615,121135
-0.00192476,-0.000914945,121143
-0.00950402,-0.00451778,121149
0.00145937,0.000693718,121150
-0.0128328,-0.00610013,121182
-0.0129768,-0.00616858,121191
-0.0918334,-0.0436534,121197
0.014127,0.00671534,121198
0.0206149,0.00979937,121205
-0.00415988,-0.00197742,121206
-0.00177882,-0.000845568,121212
0.00508107,0.00241531,121246
0.00538399,0.0025593,121255
0.0454493,0.0216045,121261
-0.00745357,-0.00354309,121262
-0.015798,-0.00750963,121269
0.00375556,0.00178522,121270
0.00254158,0.00120815,121276
-0.0148481,-0.00705813,121317
0.00517551,0.0024602,121318
0.00867039,0.00412151,121324
-0.00120865,-0.000574537,121332
0.00797044,0.00378879,121588
0.00999441,0.00475089,121630
0.009494,0.00451302,121639
0.0905569,0.0430466,121645
-0.016453,-0.007821,121646
-0.0440016,-0.0209164,121653
0.0120883,0.00574624,121654
0.0104413,0.00496331,121660
-0.0854838,-0.0406351,121701
0.0324488,0.0154247,121702
0.0583642,0.0277437,121708
-0.00804333,-0.00382343,121716
0.0119596,0.00568504,121765
-0.00486911,-0.00231456,121766
-0.0102922,-0.00489244,121772
0.0016573,0.000787806,121780
0.000445004,0.000211535,121828
-0.00122425,-0.000581955,122100
-0.0014162,-0.000673197,122142
-0.00129662,-0.000616353,122151
-0.0127555,-0.00606338,122157
0.00238237,0.00113247,122158
0.00664593,0.00315917,122165
-0.00188224,-0.000894733,122166
-0.00171684,-0.000816106,122172
0.0151072,0.00718126,122213
-0.0058532,-0.00278235,122214
-0.0108489,-0.0051571,122220
0.00150922,0.000717414,122228
-0.00246258,-0.0011706,122277
0.00103121,0.000490191,122278
0.00228878,0.00108798,122284
-0.000385375,-0.00018319,122292
-0.000126656,-6.02063e-05,122340
-0.000654503,-0.000311121,122661
0.000273535,0.000130026,122662
0.000628434,0.000298729,122668
-0.000120255,-5.71639e-05,122676
-8.76742e-05,-4.16763e-05,122724
1.22762e-05,5.83557e-06,122788
0.00179526,0.000853384,124837
-0.000766444,-0.000364333,124838
-0.00178102,-0.000846614,124844
0.000298235,0.000141767,124852
8.25693e-05,3.92497e-05,124900
0.00177036,0.00084155,125173
-0.000360201,-0.000171223,125174
-0.000165815,-7.88211e-05,125180
7.39395e-05,3.51475e-05,125215
-0.000132106,-6.27971e-05,125231
0.000261223,0.000124173,125239
0.0012985,0.000617249,125245
-0.000199704,-9.49303e-05,125246
0.00181474,0.000862645,125287
0.0129375,0.00614991,125293
-0.00199892,-0.000950198,125294
-0.00299095,-0.00142176,125301
0.000619823,0.000294636,125302
0.000298039,0.000141674,125308
-0.000805474,-0.000382886,125351
-0.00686356,-0.00326263,125357
0.00113834,0.000541117,125358
0.00245871,0.00116876,125365
-0.000604075,-0.00028715,125366
-0.000456848,-0.000217165,125372
0.00242437,0.00115243,125413
-0.000891503,-0.00042378,125414
-0.00166241,-0.000790236,125420
0.000238637,0.000113437,125428
-0.00166302,-0.000790525,125735
-0.0159694,-0.00759111,125741
0.00295294,0.0014037,125742
0.00789635,0.00375357,125749
-0.00225345,-0.00107119,125750
-0.00218475,-0.00103853,125756
0.0156779,0.00745256,125797
-0.00629968,-0.00299458,125798
-0.0126939,-0.00603413,125804
0.00181238,0.000861523,125812
-0.0022052,-0.00104825,125861
0.000959605,0.000456153,125862
0.00230024,0.00109343,125868
-0.000392225,-0.000186446,125876
-0.000113201,-5.38108e-05,125924
0.000263768,0.000125383,126247
0.00261691,0.00124396,126253
-0.000505098,-0.000240101,126254
-0.00139547,-0.000663343,126261
0.000421725,0.000200469,126262
0.000460757,0.000219023,126268
-0.00328642,-0.00156221,126309
0.00140407,0.000667431,126310
0.00312025,0.00148322,126316
-0.000464312,-0.000220713,126324
0.000553541,0.000263128,126373
-0.000265009,-0.000125973,126374
-0.00074337,-0.000353365,126380
0.000145234,6.90377e-05,126388
6.46246e-05,3.07196e-05,126436
0.000174588,8.29911e-05,126757
-9.54902e-05,-4.53917e-05,126758
-0.000345914,-0.000164432,126764
0.000100658,4.78483e-05,126772
0.000135249,6.42913e-05,126820
-1.86861e-05,-8.88253e-06,126884
6.99749e-05,3.32629e-05,129319
0.000687539,0.000326825,129325
-0.000139371,-6.62506e-05,129326
-0.000362092,-0.000172122,129333
0.000122464,5.8214e-05,129334
0.00017652,8.39096e-05,129340
-0.000854904,-0.000406383,129381
0.000451812,0.000214771,129382
0.00136491,0.000648817,129388
-0.000238608,-0.000113423,129396
0.000153832,7.31246e-05,129445
-0.000109009,-5.18178e-05,129446
-0.000481229,-0.000228755,129452
0.000130752,6.21536e-05,129460
0.000100622,4.78311e-05,129508
9.04486e-05,4.29951e-05,129829
-0.000110423,-5.24902e-05,129830
-0.000720029,-0.000342269,129836
0.000298842,0.000142056,129844
0.000529441,0.000251672,129892
-7.26332e-05,-3.45265e-05,129956
-1.27599e-05,-6.06548e-06,130341
1.54485e-05,7.3435e-06,130342
0.000103235,4.9073e-05,130348
-4.57012e-05,-2.17243e-05,130356
-9.4603e-05,-4.497e-05,130404
1.5037e-05,7.14793e-06,130468
3.98412e-06,1.89387e-06,130852
7.12391e-06,3.38639e-06,149887
-1.41955e-05,-6.74791e-06,149951
-7.19091e-05,-3.41823e-05,149999
1.94192e-05,9.23098e-06,150007
1.06869e-05,5.08005e-06,150013
-1.48297e-06,-7.04939e-07,150014
-9.96156e-05,-4.73527e-05,150335
-0.0007222,-0.000343301,150383
0.000210098,9.98711e-05,150391
0.000153455,7.29457e-05,150397
-2.14688e-05,-1.02053e-05,150398
0.000192996,9.17414e-05,150447
-0.000114142,-5.42578e-05,150455
-0.000242733,-0.000115384,150461
3.34104e-05,1.58818e-05,150462
-0.000181545,-8.62985e-05,150503
-0.000950164,-0.000451665,150509
0.000129722,6.16638e-05,150510
0.000169593,8.0617e-05,150517
-2.68315e-05,-1.27545e-05,150518
4.52075e-05,2.14896e-05,150847
0.000400418,0.000190341,150895
-0.000157249,-7.47492e-05,150903
-0.000216768,-0.000103041,150909
3.01757e-05,1.43442e-05,150910
-0.000186549,-8.86767e-05,150959
0.0001586,7.53911e-05,150967
0.000423555,0.000201339,150973
-5.82412e-05,-2.76852e-05,150974
0.00035392,0.000168238,151015
0.00190255,0.000904384,151021
-0.00025846,-0.00012286,151022
-0.000337904,-0.000160624,151029
5.32593e-05,2.53171e-05,151030
-0.000308139,-0.000146476,151343
0.00042278,0.000200971,151351
0.00142639,0.000678042,151357
-0.000197624,-9.39414e-05,151358
0.00171393,0.000814725,151399
0.00956651,0.00454749,151405
-0.0013087,-0.000622096,151406
-0.00168311,-0.000800076,151413
0.000268167,0.000127474,151414
-0.000283243,-0.000134641,151463
-0.00178116,-0.000846682,151469
0.000245009,0.000116466,151470
0.000371798,0.000176736,151477
-6.12289e-05,-2.91054e-05,151478
9.87692e-05,4.69504e-05,151525
-1.76009e-05,-8.36668e-06,151526
0.00103179,0.000490465,153967
-0.00061978,-0.000294615,153975
-0.00135625,-0.000644701,153981
0.000193909,9.21757e-05,153982
-0.000752526,-0.000357717,154031
0.000861026,0.000409293,154039
0.00274363,0.0013042,154045
-0.000388885,-0.000184858,154046
0.00226687,0.00107757,154087
0.012899,0.0061316,154093
-0.00180646,-0.000858709,154094
-0.00230719,-0.00109673,154101
0.000375855,0.000178664,154102
-0.00246256,-0.00117059,154415
0.00375705,0.00178593,154423
0.0136834,0.00650446,154429
-0.00195446,-0.000929062,154430
0.0159251,0.00757009,154471
0.0926338,0.0440339,154477
-0.0130747,-0.0062151,154478
-0.0164311,-0.00781062,154485
0.00270813,0.00128732,154486
-0.00264374,-0.00125671,154535
-0.0173385,-0.00824191,154541
0.00247016,0.0011742,154542
0.00369396,0.00175594,154549
-0.000637269,-0.000302929,154550
-0.000204224,-9.70786e-05,154598
0.000432126,0.000205413,154927
-0.000704573,-0.000334922,154935
-0.00273112,-0.00129825,154941
0.000400712,0.00019048,154942
-0.00348491,-0.00165657,154983
-0.0210475,-0.010005,154989
0.00306861,0.00145868,154990
0.0038463,0.00182835,154997
-0.00066952,-0.000318259,154998
0.000754499,0.000358655,155047
0.00529449,0.00251676,155053
-0.000802562,-0.000381502,155054
-0.00128414,-0.000610424,155061
0.000255254,0.000121336,155062
0.00018163,8.63387e-05,155110
-0.000889732,-0.000422938,155445
0.000239379,0.00011379,155446
0.000547226,0.000260127,155494
-8.35039e-05,-3.9694e-05,155558
0.00019469,9.25467e-05,158127
-0.000288097,-0.000136948,158135
-0.00110747,-0.000526441,158141
0.000167885,7.98051e-05,158142
-0.000864143,-0.000410774,158183
-0.00538574,-0.00256014,158189
0.000807834,0.000384008,158190
0.000980192,0.000465939,158197
-0.000172021,-8.1771e-05,158198
-0.00157878,-0.000750482,158519
-0.00663839,-0.00315559,158525
0.00101601,0.000482965,158526
-0.00727204,-0.0034568,158567
-0.0461237,-0.0219251,158573
0.00698931,0.0033224,158574
0.00837225,0.00397979,158581
-0.00149471,-0.000710517,158582
0.00129622,0.000616163,158631
0.00930914,0.00442514,158637
-0.00143816,-0.000683638,158638
-0.00212919,-0.00101212,158645
0.000413125,0.000196381,158646
0.000448346,0.000213123,159031
0.00200765,0.000954346,159037
-0.000316197,-0.000150306,159038
0.00247403,0.00117604,159079
0.016345,0.00776966,159085
-0.00256355,-0.0012186,159086
-0.00313791,-0.00149162,159093
0.000600521,0.00028546,159094
-0.000639597,-0.000304035,159143
-0.00494253,-0.00234946,159149
0.000813424,0.000386665,159150
0.00135602,0.00064459,159157
-0.000304312,-0.000144656,159158
! m= 3 ; q= ( 0 0 0  ) 
[ 
energy=  -4.42005 
energy=  -3.83602 
energy=  -3.66885 
energy=  -3.45697 
energy=  -3.38044 
energy=  -3.22687 
energy=  -3.10809 
energy=  -2.94444 
energy=  -2.75916 
energy=  -2.56237 
energy=  -2.37791 
energy=  -2.14422 
energy=  -1.89645 
energy=  -1.66202 
energy=  -1.39286 
energy=  -1.13821 
energy= -0.875644 
energy= -0.598825 
energy= -0.329838 
energy= -0.0560172 
energy=  0.216824 
energy=  0.492071 
energy=  0.768794 
energy=   1.02874 
energy=   1.28385 
energy=   1.53253 
energy=   1.78242 
energy=   2.02127 
energy=   2.23777 
energy=   2.44896 
energy=   2.65369 
energy=   2.83899 
energy=   3.01031 
energy=   3.14426 
energy=   3.26297 
energy=   3.35688 
energy=   3.40651 
energy=   3.57291 
energy=    3.7455 
] 
! m= 3 ; q= ( 0 0 1  ) 
[ 
energy=  -3.81776 
energy=  -3.65934 
energy=  -3.45089 
energy=  -3.37373 
energy=  -3.23988 
energy=  -3.16172 
energy=  -3.06562 
energy=   -3.0217 
energy=  -2.93435 
energy=  -2.80299 
energy=   -2.7024 
energy=  -2.56167 
energy=  -2.43593 
energy=  -2.30463 
energy=   -2.1321 
energy=  -1.97172 
energy=  -1.82179 
energy=  -1.64554 
energy=  -1.47417 
energy=   -1.2798 
energy=  -1.08797 
energy= -0.906575 
energy= -0.706481 
energy= -0.513885 
energy= -0.320356 
energy= -0.119634 
energy= 0.0763689 
energy=  0.278693 
energy=  0.470278 
energy=  0.674632 
energy=  0.870026 
energy=    1.0467 
energy=   1.25888 
energy=   1.42446 
energy=   1.61351 
energy=   1.78808 
energy=   1.95995 
energy=   2.13289 
energy=   2.28242 
energy=   2.39407 
energy=   2.58669 
energy=   2.72974 
energy=   2.78988 
energy=   2.91702 
energy=    3.0261 
energy=   3.16324 
energy=   3.18984 
energy=   3.29305 
energy=    3.3546 
energy=   3.40233 
energy=   3.43191 
energy=   3.48755 
energy=   3.66677 
] 
! m= 3 ; q= ( 0 0 2  ) 
[ 
energy=  -3.78228 
energy=  -3.64147 
energy=  -3.42594 
energy=  -3.36106 
energy=  -3.24525 
energy=   -3.2052 
energy=   -3.1293 
energy=  -3.04228 
energy=   -2.9834 
energy=  -2.87319 
energy=  -2.74121 
energy=  -2.61955 
energy=  -2.49396 
energy=  -2.34228 
energy=  -2.20355 
energy=   -2.0263 
energy=  -1.87357 
energy=  -1.70917 
energy=  -1.53701 
energy=  -1.34699 
energy=  -1.17531 
energy= -0.988915 
energy= -0.802487 
energy= -0.609817 
energy=  -0.41124 
energy=  -0.22628 
energy= -0.0227743 
energy=  0.167537 
energy=  0.364715 
energy=  0.552992 
energy=  0.754856 
energy=  0.943912 
energy=   1.11885 
energy=   1.31585 
energy=   1.48956 
energy=    1.6741 
energy=   1.82508 
energy=    2.0082 
energy=   2.17177 
energy=   2.33345 
energy=    2.4264 
energy=   2.58975 
energy=   2.74484 
energy=    2.8396 
energy=   2.94989 
energy=   3.02741 
energy=   3.12835 
energy=   3.23777 
energy=   3.27172 
energy=   3.33072 
energy=   3.40453 
energy=   3.48637 
energy=   3.49927 
energy=   3.59703 
] 
! m= 3 ; q= ( 0 0 3  ) 
[ 
energy=  -3.76567 
energy=  -3.63154 
energy=  -3.40778 
energy=  -3.35709 
energy=  -3.24259 
energy=  -3.17326 
energy=  -3.12516 
energy=  -3.08013 
energy=  -2.98088 
energy=  -2.88194 
energy=  -2.77235 
energy=  -2.65652 
energy=  -2.51649 
energy=  -2.39918 
energy=  -2.27988 
energy=  -2.11346 
energy=  -1.95947 
energy=  -1.79914 
energy=  -1.64966 
energy=    -1.462 
energy=  -1.29396 
energy=  -1.11494 
energy= -0.948189 
energy= -0.753083 
energy= -0.577363 
energy=  -0.37947 
energy= -0.201755 
energy= -0.0014669 
energy=  0.179837 
energy=  0.367111 
energy=  0.557009 
energy=  0.746947 
energy=  0.934831 
energy=   1.09946 
energy=   1.28938 
energy=   1.47055 
energy=   1.63427 
energy=   1.79491 
energy=   1.95415 
energy=   2.11262 
energy=   2.29276 
energy=   2.35983 
energy=   2.49274 
energy=   2.69121 
energy=   2.79476 
energy=   2.84833 
energy=   3.00095 
energy=   3.10374 
energy=   3.17502 
energy=   3.24286 
energy=   3.33071 
energy=   3.40595 
energy=    3.4325 
energy=   3.45353 
energy=    3.5346 
energy=   3.53712 
] 
! m= 3 ; q= ( 0 0 4  ) 
[ 
energy=  -3.78228 
energy=  -3.64147 
energy=  -3.42594 
energy=  -3.36106 
energy=  -3.24499 
energy=  -3.20137 
energy=  -3.13187 
energy=  -3.06278 
energy=  -2.98424 
energy=  -2.84423 
energy=  -2.73963 
energy=  -2.59585 
energy=   -2.4904 
energy=  -2.34561 
energy=   -2.1969 
energy=  -2.03047 
energy=  -1.87625 
energy=   -1.7179 
energy=  -1.54046 
energy=  -1.34229 
energy=  -1.17144 
energy=  -0.98565 
energy= -0.798607 
energy= -0.604063 
energy= -0.404716 
energy= -0.220954 
energy= -0.0182745 
energy=  0.172642 
energy=  0.371253 
energy=  0.566135 
energy=    0.7554 
energy=   0.95756 
energy=   1.12601 
energy=   1.32466 
energy=   1.49324 
energy=   1.68388 
energy=   1.82654 
energy=   2.01194 
energy=   2.18572 
energy=   2.33468 
energy=   2.43567 
energy=   2.60727 
energy=   2.74878 
energy=   2.84102 
energy=   2.97217 
energy=   3.03395 
energy=   3.13731 
energy=   3.25945 
energy=   3.29068 
energy=   3.33098 
energy=   3.40757 
energy=   3.48553 
energy=   3.49927 
energy=   3.59703 
] 
! m= 3 ; q= ( 0 0 5  ) 
[ 
energy=  -3.81776 
energy=  -3.65934 
energy=  -3.45089 
energy=  -3.37373 
energy=  -3.23853 
energy=  -3.19213 
energy=  -3.07925 
energy=  -3.03825 
energy=   -2.8974 
energy=  -2.78748 
energy=  -2.64971 
energy=  -2.51653 
energy=  -2.37884 
energy=   -2.2222 
energy=  -2.07032 
energy=  -1.88843 
energy=   -1.7139 
energy=  -1.53661 
energy=  -1.34946 
energy=  -1.15184 
energy= -0.953393 
energy= -0.745696 
energy= -0.539069 
energy= -0.347074 
energy= -0.130451 
energy= 0.0666762 
energy=  0.278283 
energy=  0.491353 
energy=  0.691397 
energy=  0.903675 
energy=   1.07584 
energy=   1.30116 
energy=   1.46568 
energy=   1.67032 
energy=   1.81551 
energy=   2.02959 
energy=   2.18998 
energy=   2.37582 
energy=   2.48573 
energy=   2.62386 
energy=   2.75437 
energy=   2.88413 
energy=   3.00806 
energy=   3.11096 
energy=   3.16787 
energy=   3.28963 
energy=   3.35054 
energy=    3.4023 
energy=    3.4447 
energy=   3.48755 
energy=   3.66677 
] 
q-vector: ( 0, 0, 0, 0)
Groundstate 
1.64437e-11,-4.40206e-11,4095
-2.32443e-10,3.88758e-10,6143
4.81844e-10,-8.27792e-10,7167
-1.02283e-09,1.73754e-09,7679
4.37817e-09,-7.46384e-09,7935
-4.68517e-09,7.98953e-09,8063
2.10501e-09,-3.58867e-09,8127
-4.68327e-09,7.98756e-09,8159
4.37541e-09,-7.46306e-09,8175
-1.02277e-09,1.73584e-09,8183
4.82315e-10,-8.29853e-10,8187
-2.31408e-10,3.90345e-10,8189
1.95299e-11,-4.30137e-11,8190
3.39432e-09,-5.78812e-09,10239
-6.59173e-09,1.12328e-08,11263
1.38116e-08,-2.35483e-08,11775
-6.58081e-08,1.12195e-07,12031
7.28104e-08,-1.24124e-07,12159
-3.90268e-08,6.65359e-08,12223
1.03097e-07,-1.75764e-07,12255
-9.84056e-08,1.67767e-07,12271
2.29192e-08,-3.90783e-08,12279
-1.09238e-08,1.86161e-08,12283
5.19422e-09,-8.86004e-09,12285
-4.91295e-10,8.30982e-10,12286
5.83699e-09,-9.95241e-09,13311
-7.8643e-08,1.34074e-07,13823
4.14642e-07,-7.069e-07,14079
-4.74025e-07,8.0814e-07,14207
2.88258e-07,-4.91433e-07,14271
-7.65864e-07,1.30568e-06,14303
7.31631e-07,-1.24731e-06,14319
-1.71896e-07,2.93053e-07,14327
8.16858e-08,-1.39263e-07,14331
-3.85879e-08,6.57889e-08,14333
3.80274e-09,-6.48118e-09,14334
7.13292e-08,-1.21604e-07,14847
-4.53993e-07,7.73987e-07,15103
5.67058e-07,-9.66745e-07,15231
-4.78159e-07,8.15193e-07,15295
1.54399e-06,-2.63226e-06,15327
-1.50662e-06,2.56856e-06,15343
3.53354e-07,-6.02414e-07,15351
-1.68415e-07,2.87122e-07,15355
7.95774e-08,-1.35668e-07,15357
-7.84325e-09,1.3376e-08,15358
2.00303e-07,-3.41484e-07,15615
-3.75823e-07,6.40721e-07,15743
6.84013e-07,-1.16613e-06,15807
-3.0547e-06,5.20779e-06,15839
3.05885e-06,-5.21487e-06,15855
-7.14874e-07,1.21875e-06,15863
3.42863e-07,-5.84529e-07,15867
-1.62143e-07,2.7643e-07,15869
1.60242e-08,-2.73212e-08,15870
2.04456e-07,-3.48568e-07,15999
-2.36965e-06,4.03989e-06,16063
1.28937e-05,-2.19818e-05,16095
-1.30009e-05,2.21645e-05,16111
2.99669e-06,-5.1089e-06,16119
-1.43147e-06,2.44043e-06,16123
6.74967e-07,-1.15072e-06,16125
-6.73729e-08,1.1486e-07,16126
1.91211e-06,-3.25985e-06,16191
-1.26179e-05,2.15115e-05,16223
1.28725e-05,-2.19455e-05,16239
-2.98241e-06,5.08454e-06,16247
1.44227e-06,-2.45884e-06,16251
-6.8409e-07,1.16627e-06,16253
6.77553e-08,-1.15518e-07,16254
1.91018e-06,-3.25656e-06,16287
-2.35955e-06,4.02267e-06,16303
6.51672e-07,-1.111e-06,16311
-3.75208e-07,6.39671e-07,16315
1.90344e-07,-3.24504e-07,16317
-1.70796e-08,2.91159e-08,16318
1.9844e-07,-3.38304e-07,16335
-3.0855e-07,5.26034e-07,16343
2.17783e-07,-3.71285e-07,16347
-1.26772e-07,2.16128e-07,16349
1.12483e-08,-1.91724e-08,16350
1.49088e-07,-2.54172e-07,16359
-1.19085e-07,2.03021e-07,16363
7.66905e-08,-1.30747e-07,16365
-6.99398e-09,1.19287e-08,16366
1.99017e-08,-3.39298e-08,16371
-1.61096e-08,2.74645e-08,16373
1.22682e-09,-2.0903e-09,16374
7.82521e-10,-1.33683e-09,16377
-6.76261e-10,1.15006e-09,16378
3.79637e-10,-6.44292e-10,16380
-3.6694e-09,6.25275e-09,18431
6.89258e-09,-1.17564e-08,19455
-1.41578e-08,2.41384e-08,19967
6.89058e-08,-1.17472e-07,20223
-8.01489e-08,1.36643e-07,20351
5.49522e-08,-9.36813e-08,20415
-1.68575e-07,2.87391e-07,20447
1.63567e-07,-2.7886e-07,20463
-3.81531e-08,6.50421e-08,20471
1.81906e-08,-3.10208e-08,20475
-8.64492e-09,1.47371e-08,20477
8.16866e-10,-1.40341e-09,20478
-7.09807e-09,1.21015e-08,21503
1.01146e-07,-1.72435e-07,22015
-5.26498e-07,8.97598e-07,22271
6.30662e-07,-1.07518e-06,22399
-4.64977e-07,7.92714e-07,22463
1.35335e-06,-2.30726e-06,22495
-1.30583e-06,2.22624e-06,22511
3.06723e-07,-5.2292e-07,22519
-1.45801e-07,2.48565e-07,22523
6.89523e-08,-1.17558e-07,22525
-6.73415e-09,1.14864e-08,22526
-9.61497e-08,1.6392e-07,23039
6.05202e-07,-1.03177e-06,23295
-8.0507e-07,1.37252e-06,23423
8.12897e-07,-1.38586e-06,23487
-2.77496e-06,4.73088e-06,23519
2.72132e-06,-4.63943e-06,23535
-6.37679e-07,1.08714e-06,23543
3.03972e-07,-5.18233e-07,23547
-1.43851e-07,2.45244e-07,23549
1.40382e-08,-2.39319e-08,23550
-3.31607e-07,5.65341e-07,23807
6.43012e-07,-1.09623e-06,23935
-1.23178e-06,2.1e-06,23999
5.5462e-06,-9.45543e-06,24031
-5.55633e-06,9.47268e-06,24047
1.29661e-06,-2.21053e-06,24055
-6.21864e-07,1.06018e-06,24059
2.9468e-07,-5.02386e-07,24061
-2.87512e-08,4.901e-08,24062
-3.67533e-07,6.26583e-07,24191
4.29123e-06,-7.31589e-06,24255
-2.33744e-05,3.98498e-05,24287
2.35664e-05,-4.0177e-05,24303
-5.4224e-06,9.24435e-06,24311
2.59039e-06,-4.41621e-06,24315
-1.22439e-06,2.08741e-06,24317
1.20403e-07,-2.05274e-07,24318
-3.46363e-06,5.90496e-06,24383
2.28713e-05,-3.8992e-05,24415
-2.33295e-05,3.97733e-05,24431
5.39536e-06,-9.19825e-06,24439
-2.6091e-06,4.44811e-06,24443
1.2404e-06,-2.1147e-06,24445
-1.21042e-07,2.06356e-07,24446
-3.46245e-06,5.90294e-06,24479
4.27626e-06,-7.29037e-06,24495
-1.17872e-06,2.00954e-06,24503
6.77995e-07,-1.15588e-06,24507
-3.44346e-07,5.8706e-07,24509
3.04687e-08,-5.19517e-08,24510
-3.59495e-07,6.12893e-07,24527
5.58142e-07,-9.51547e-07,24535
-3.93474e-07,6.7081e-07,24539
2.29171e-07,-3.90703e-07,24541
-2.01063e-08,3.42782e-08,24542
-2.69822e-07,4.6001e-07,24551
2.15274e-07,-3.67008e-07,24555
-1.38685e-07,2.36433e-07,24557
1.25322e-08,-2.13641e-08,24558
-3.58777e-08,6.11698e-08,24563
2.90264e-08,-4.94829e-08,24565
-2.18592e-09,3.73174e-09,24566
-1.41128e-09,2.40112e-09,24569
1.20533e-09,-2.0608e-09,24570
-6.7657e-10,1.15173e-09,24572
1.69494e-09,-2.88586e-09,25599
-3.68675e-08,6.28496e-08,26111
2.17211e-07,-3.70314e-07,26367
-3.72371e-07,6.34829e-07,26495
6.05773e-07,-1.03275e-06,26559
-2.34811e-06,4.00317e-06,26591
2.32918e-06,-3.97088e-06,26607
-5.45395e-07,9.29814e-07,26615
2.60297e-07,-4.43772e-07,26619
-1.23151e-07,2.09953e-07,26621
1.20183e-08,-2.04849e-08,26622
5.30088e-08,-9.03727e-08,27135
-3.69847e-07,6.30531e-07,27391
6.81613e-07,-1.16205e-06,27519
-1.20687e-06,2.05753e-06,27583
4.80253e-06,-8.18757e-06,27615
-4.77382e-06,8.13862e-06,27631
1.11688e-06,-1.9041e-06,27639
-5.33338e-07,9.09262e-07,27643
2.52431e-07,-4.30356e-07,27645
-2.45856e-08,4.1916e-08,27646
5.1362e-07,-8.75639e-07,27903
-1.04997e-06,1.79003e-06,28031
2.21291e-06,-3.77268e-06,28095
-1.01845e-05,1.73629e-05,28127
1.02219e-05,-1.74268e-05,28143
-2.38365e-06,4.06375e-06,28151
1.14287e-06,-1.94842e-06,28155
-5.4162e-07,9.23381e-07,28157
5.25855e-08,-8.96516e-08,28158
7.27789e-07,-1.24077e-06,28287
-8.72832e-06,1.48804e-05,28351
4.77375e-05,-8.13851e-05,28383
-4.81355e-05,8.20635e-05,28399
1.10614e-05,-1.88579e-05,28407
-5.28172e-06,9.00451e-06,28411
2.49841e-06,-4.2594e-06,28413
-2.43624e-07,4.15335e-07,28414
7.10141e-06,-1.21068e-05,28479
-4.70061e-05,8.01382e-05,28511
4.79468e-05,-8.17419e-05,28527
-1.10738e-05,1.88791e-05,28535
5.35032e-06,-9.12148e-06,28539
-2.54453e-06,4.33803e-06,28541
2.46113e-07,-4.19593e-07,28542
7.09298e-06,-1.20924e-05,28575
-8.76237e-06,1.49385e-05,28591
2.41173e-06,-4.11163e-06,28599
-1.38007e-06,2.35279e-06,28603
6.98003e-07,-1.18999e-06,28605
-6.11075e-08,1.04172e-07,28606
7.37765e-07,-1.25777e-06,28623
-1.14107e-06,1.94535e-06,28631
7.81658e-07,-1.33261e-06,28635
-4.45434e-07,7.59397e-07,28637
3.82321e-08,-6.51833e-08,28638
5.50529e-07,-9.38569e-07,28647
-4.1738e-07,7.11568e-07,28651
2.60576e-07,-4.44243e-07,28653
-2.2908e-08,3.90542e-08,28654
6.97172e-08,-1.18859e-07,28659
-5.50061e-08,9.37755e-08,28661
3.8946e-09,-6.6379e-09,28662
2.54621e-09,-4.34056e-09,28665
-2.19212e-09,3.73431e-09,28666
1.22581e-09,-2.0902e-09,28668
-2.10453e-08,3.5879e-08,29183
1.92861e-07,-3.288e-07,29439
-4.02262e-07,6.85796e-07,29567
8.22349e-07,-1.40198e-06,29631
-3.47029e-06,5.91631e-06,29663
3.46612e-06,-5.9092e-06,29679
-8.1024e-07,1.38133e-06,29687
3.87473e-07,-6.60582e-07,29691
-1.83342e-07,3.12571e-07,29693
1.79327e-08,-3.05675e-08,29694
-2.12587e-06,3.62428e-06,29951
4.20684e-06,-7.17201e-06,30079
-8.91956e-06,1.52065e-05,30143
4.17581e-05,-7.11911e-05,30175
-4.1991e-05,7.15882e-05,30191
9.8005e-06,-1.67083e-05,30199
-4.70786e-06,8.02618e-06,30203
2.23239e-06,-3.80588e-06,30205
-2.18089e-07,3.71806e-07,30206
-3.4592e-06,5.89741e-06,30335
4.23699e-05,-7.22342e-05,30399
-0.000231915,0.00039538,30431
0.000233885,-0.000398739,30447
-5.37928e-05,9.17084e-05,30455
2.57002e-05,-4.38149e-05,30459
-1.21531e-05,2.07192e-05,30461
1.1926e-06,-2.0332e-06,30462
-3.47072e-05,5.91705e-05,30527
0.00022935,-0.000391007,30559
-0.000233927,0.000398809,30575
5.40779e-05,-9.21944e-05,30583
-2.61558e-05,4.45916e-05,30587
1.24435e-05,-2.12142e-05,30589
-1.21147e-06,2.06536e-06,30590
-3.4102e-05,5.81386e-05,30623
4.21358e-05,-7.1835e-05,30639
-1.16172e-05,1.98055e-05,30647
6.70182e-06,-1.14256e-05,30651
-3.41505e-06,5.82213e-06,30653
3.02056e-07,-5.14957e-07,30654
-3.54335e-06,6.04087e-06,30671
5.50333e-06,-9.38233e-06,30679
-3.92561e-06,6.69255e-06,30683
2.3099e-06,-3.93802e-06,30685
-2.04284e-07,3.48275e-07,30686
-2.66231e-06,4.53883e-06,30695
2.16686e-06,-3.69417e-06,30699
-1.4153e-06,2.41287e-06,30701
1.29539e-07,-2.20846e-07,30702
-3.61152e-07,6.15711e-07,30707
2.95458e-07,-5.03709e-07,30709
-2.2905e-08,3.90488e-08,30710
-1.46443e-08,2.49674e-08,30713
1.25324e-08,-2.13638e-08,30714
-6.99444e-09,1.19295e-08,30716
1.79366e-06,-3.05792e-06,30975
-3.43534e-06,5.85673e-06,31103
7.21469e-06,-1.22999e-05,31167
-3.40914e-05,5.81206e-05,31199
3.43201e-05,-5.85104e-05,31215
-8.01286e-06,1.36607e-05,31223
3.85719e-06,-6.57592e-06,31227
-1.83222e-06,3.12366e-06,31229
1.79094e-07,-3.05329e-07,31230
3.33868e-06,-5.69194e-06,31359
-4.17199e-05,7.11261e-05,31423
0.000229313,-0.000390943,31455
-0.000231324,0.000394373,31471
5.32124e-05,-9.07189e-05,31479
-2.5461e-05,4.34071e-05,31483
1.2058e-05,-2.05571e-05,31485
-1.18438e-06,2.0192e-06,31486
3.45844e-05,-5.89611e-05,31551
-0.000229336,0.000390982,31583
0.00023398,-0.000398899,31599
-5.41212e-05,9.22683e-05,31607
2.62608e-05,-4.47706e-05,31611
-1.25344e-05,2.13692e-05,31613
1.22166e-06,-2.08274e-06,31614
3.41812e-05,-5.82736e-05,31647
-4.22889e-05,7.20961e-05,31663
1.17169e-05,-1.99755e-05,31671
-6.92809e-06,1.18113e-05,31675
3.61162e-06,-6.15725e-06,31677
-3.22053e-07,5.49045e-07,31678
3.59093e-06,-6.12198e-06,31695
-5.72199e-06,9.75511e-06,31703
4.75338e-06,-8.10378e-06,31707
-3.07154e-06,5.2365e-06,31709
2.81056e-07,-4.79159e-07,31710
2.81722e-06,-4.80294e-06,31719
-2.95233e-06,5.03326e-06,31723
2.15501e-06,-3.67396e-06,31725
-2.04288e-07,3.48277e-07,31726
4.7604e-07,-8.11575e-07,31731
-4.27015e-07,7.27994e-07,31733
3.8235e-08,-6.51877e-08,31734
2.44757e-08,-4.17266e-08,31737
-2.0107e-08,3.42767e-08,31738
1.12457e-08,-1.91738e-08,31740
-3.82242e-07,6.51665e-07,31871
5.73084e-06,-9.7702e-06,31935
-3.45119e-05,5.88374e-05,31967
3.49453e-05,-5.95764e-05,31983
-8.05446e-06,1.37316e-05,31991
3.97175e-06,-6.77121e-06,31995
-1.94067e-06,3.30856e-06,31997
1.91214e-07,-3.25994e-07,31998
-5.73434e-06,9.77618e-06,32063
4.16612e-05,-7.10259e-05,32095
-4.27014e-05,7.27993e-05,32111
9.94417e-06,-1.69533e-05,32119
-5.07072e-06,8.64481e-06,32123
2.54383e-06,-4.33683e-06,32125
-2.49195e-07,4.24839e-07,32126
-7.25263e-06,1.23646e-05,32159
9.08016e-06,-1.54803e-05,32175
-2.66225e-06,4.53872e-06,32183
2.06986e-06,-3.5288e-06,32187
-1.31673e-06,2.24483e-06,32189
1.2481e-07,-2.12778e-07,32190
-8.90651e-07,1.51842e-06,32207
1.89869e-06,-3.23698e-06,32215
-3.79392e-06,6.46805e-06,32219
3.23754e-06,-5.5195e-06,32221
-3.22051e-07,5.49047e-07,32222
-1.09973e-06,1.87487e-06,32231
3.31109e-06,-5.6449e-06,32235
-3.00033e-06,5.11509e-06,32237
3.02055e-07,-5.1496e-07,32238
-4.92583e-07,8.39781e-07,32243
5.41522e-07,-9.2321e-07,32245
-6.1104e-08,1.04171e-07,32246
-3.91473e-08,6.67415e-08,32249
3.04683e-08,-5.19492e-08,32250
-1.70787e-08,2.91145e-08,32252
2.7212e-07,-4.63917e-07,32319
-3.35377e-06,5.71766e-06,32351
3.51724e-06,-5.99634e-06,32367
-8.7099e-07,1.4849e-06,32375
5.96431e-07,-1.01682e-06,32379
-3.73001e-07,6.35913e-07,32381
3.73211e-08,-6.36272e-08,32382
3.56376e-06,-6.07566e-06,32415
-4.49175e-06,7.65774e-06,32431
1.66412e-06,-2.83706e-06,32439
-2.87746e-06,4.90563e-06,32443
2.43162e-06,-4.14555e-06,32445
-2.49194e-07,4.24839e-07,32446
5.98441e-07,-1.02025e-06,32463
-2.94916e-06,5.02787e-06,32471
1.266e-05,-2.15833e-05,32475
-1.18832e-05,2.0259e-05,32477
1.22165e-06,-2.08274e-06,32478
2.18776e-06,-3.72979e-06,32487
-1.22977e-05,2.09656e-05,32491
1.1761e-05,-2.00507e-05,32493
-1.21147e-06,2.06536e-06,32494
1.79522e-06,-3.06058e-06,32499
-2.07383e-06,3.53557e-06,32501
2.46111e-07,-4.19587e-07,32502
1.56417e-07,-2.66668e-07,32505
-1.21038e-07,2.06358e-07,32506
6.77592e-08,-1.15511e-07,32508
-1.89506e-06,3.23079e-06,32543
2.33581e-06,-3.9822e-06,32559
-9.54583e-07,1.62741e-06,32567
2.09002e-06,-3.56316e-06,32571
-1.84497e-06,3.14539e-06,32573
1.91217e-07,-3.25993e-07,32574
-3.73319e-07,6.3645e-07,32591
2.5295e-06,-4.31241e-06,32599
-1.21343e-05,2.0687e-05,32603
1.14882e-05,-1.95856e-05,32605
-1.18439e-06,2.01919e-06,32606
-1.98352e-06,3.3816e-06,32615
1.20238e-05,-2.04988e-05,32619
-1.15539e-05,1.96976e-05,32621
1.1926e-06,-2.0332e-06,32622
-1.75869e-06,2.99829e-06,32627
2.04187e-06,-3.48107e-06,32629
-2.43623e-07,4.15338e-07,32630
-1.5548e-07,2.65068e-07,32633
1.20409e-07,-2.05271e-07,32634
-6.73683e-08,1.14862e-07,32636
4.18246e-08,-7.13056e-08,32655
-3.51469e-07,5.99201e-07,32663
1.84071e-06,-3.13813e-06,32667
-1.74613e-06,2.97688e-06,32669
1.79096e-07,-3.05329e-07,32670
3.31173e-07,-5.64603e-07,32679
-2.19909e-06,3.74911e-06,32683
2.11875e-06,-3.61214e-06,32685
-2.18086e-07,3.71806e-07,32686
3.71719e-07,-6.33722e-07,32691
-4.35677e-07,7.42767e-07,32693
5.25875e-08,-8.96494e-08,32694
3.65347e-08,-6.22856e-08,32697
-2.87488e-08,4.9011e-08,32698
1.60242e-08,-2.73208e-08,32700
1.74216e-07,-2.9701e-07,32715
-1.71674e-07,2.92679e-07,32717
1.79341e-08,-3.0566e-08,32718
-1.77062e-07,3.0186e-07,32723
2.0527e-07,-3.49959e-07,32725
-2.45842e-08,4.19147e-08,32726
-1.74553e-08,2.9759e-08,32729
1.40348e-08,-2.39326e-08,32730
-7.84999e-09,1.3374e-08,32732
9.2798e-08,-1.58201e-07,32739
-1.0416e-07,1.77575e-07,32741
1.20176e-08,-2.04875e-08,32742
8.2119e-09,-1.40068e-08,32745
-6.73576e-09,1.14849e-08,32746
3.8021e-09,-6.48645e-09,32748
-8.54017e-10,1.44992e-09,32753
8.20952e-10,-1.40404e-09,32754
-4.90966e-10,8.30031e-10,32756
1.53858e-09,-2.62411e-09,37887
-3.30923e-08,5.64178e-08,38399
1.54296e-07,-2.6305e-07,38655
-2.64717e-07,4.51302e-07,38783
4.16157e-07,-7.09489e-07,38847
-1.50403e-06,2.56414e-06,38879
1.48269e-06,-2.52776e-06,38895
-3.49998e-07,5.96689e-07,38903
1.66625e-07,-2.84077e-07,38907
-7.82399e-08,1.33385e-07,38909
8.21456e-09,-1.40049e-08,38910
4.17979e-08,-7.12597e-08,39423
-2.47157e-07,4.21361e-07,39679
4.65018e-07,-7.92779e-07,39807
-8.24926e-07,1.40637e-06,39871
3.18229e-06,-5.42532e-06,39903
-3.15549e-06,5.37962e-06,39919
7.43227e-07,-1.26709e-06,39927
-3.54556e-07,6.04465e-07,39931
1.66625e-07,-2.84074e-07,39933
-1.74542e-08,2.97568e-08,39934
3.26239e-07,-5.56181e-07,40191
-6.77646e-07,1.15528e-06,40319
1.43676e-06,-2.44946e-06,40383
-6.58223e-06,1.12217e-05,40415
6.60637e-06,-1.12628e-05,40431
-1.54948e-06,2.64163e-06,40439
7.43226e-07,-1.26709e-06,40443
-3.49999e-07,5.96691e-07,40445
3.65365e-08,-6.22858e-08,40446
4.36519e-07,-7.44201e-07,40575
-5.18918e-06,8.84676e-06,40639
2.83338e-05,-4.83047e-05,40671
-2.85823e-05,4.87284e-05,40687
6.60637e-06,-1.12628e-05,40695
-3.15548e-06,5.37962e-06,40699
1.48269e-06,-2.52776e-06,40701
-1.55479e-07,2.65067e-07,40702
4.19928e-06,-7.15913e-06,40767
-2.77644e-05,4.73341e-05,40799
2.83338e-05,-4.83047e-05,40815
-6.58224e-06,1.12217e-05,40823
3.18229e-06,-5.42532e-06,40827
-1.50403e-06,2.56414e-06,40829
1.56416e-07,-2.66668e-07,40830
4.19928e-06,-7.15913e-06,40863
-5.18918e-06,8.84676e-06,40879
1.43676e-06,-2.44946e-06,40887
-8.24928e-07,1.40637e-06,40891
4.1616e-07,-7.09488e-07,40893
-3.91506e-08,6.67385e-08,40894
4.36519e-07,-7.44195e-07,40911
-6.77645e-07,1.15528e-06,40919
4.65018e-07,-7.92782e-07,40923
-2.64719e-07,4.51303e-07,40925
2.44753e-08,-4.17267e-08,40926
3.26235e-07,-5.56183e-07,40935
-2.47155e-07,4.2136e-07,40939
1.54295e-07,-2.6305e-07,40941
-1.46484e-08,2.49717e-08,40942
4.17987e-08,-7.12592e-08,40947
-3.30959e-08,5.64202e-08,40949
2.54089e-09,-4.33933e-09,40950
-1.41218e-09,2.40377e-09,40954
7.83162e-10,-1.33313e-09,40956
-7.09556e-09,1.21019e-08,41983
1.83022e-07,-3.12018e-07,42495
-1.14462e-06,1.9514e-06,42751
2.32696e-06,-3.96711e-06,42879
-4.57246e-06,7.79535e-06,42943
1.84948e-05,-3.15308e-05,42975
-1.84245e-05,3.1411e-05,42991
4.34656e-06,-7.41021e-06,42999
-2.08117e-06,3.54809e-06,43003
9.78556e-07,-1.66829e-06,43005
-1.04159e-07,1.77574e-07,43006
-2.99584e-07,5.10746e-07,43519
2.15464e-06,-3.67333e-06,43775
-4.46728e-06,7.61603e-06,43903
8.93613e-06,-1.52347e-05,43967
-3.64918e-05,6.22129e-05,43999
3.63791e-05,-6.20208e-05,44015
-8.57729e-06,1.4623e-05,44023
4.1075e-06,-7.00266e-06,44027
-1.93164e-06,3.29315e-06,44029
2.05273e-07,-3.49956e-07,44030
-3.78127e-06,6.4465e-06,44287
7.78924e-06,-1.32795e-05,44415
-1.66593e-05,2.84016e-05,44479
7.69501e-05,-0.000131188,44511
-7.73151e-05,0.00013181,44527
1.81747e-05,-3.09851e-05,44535
-8.73569e-06,1.4893e-05,44539
4.11322e-06,-7.0124e-06,44541
-4.35676e-07,7.42765e-07,44542
-5.53795e-06,9.44136e-06,44671
6.67364e-05,-0.000113775,44735
-0.000365201,0.000622611,44767
0.000368522,-0.000628273,44783
-8.53666e-05,0.000145537,44791
4.08515e-05,-6.96454e-05,44795
-1.91948e-05,3.27242e-05,44797
2.04187e-06,-3.48107e-06,44798
-5.43873e-05,9.27219e-05,44863
0.000360089,-0.000613896,44895
-0.000367569,0.000626649,44911
8.55992e-05,-0.000145933,44919
-4.15219e-05,7.07885e-05,44923
1.96561e-05,-3.35107e-05,44925
-2.07383e-06,3.53556e-06,44926
-5.43413e-05,9.26435e-05,44959
6.71994e-05,-0.000114565,44975
-1.87032e-05,3.1886e-05,44983
1.0971e-05,-1.87039e-05,44987
-5.64293e-06,9.62031e-06,44989
5.41523e-07,-9.2321e-07,44990
-5.68158e-06,9.68622e-06,45007
9.002e-06,-1.5347e-05,45015
-7.06045e-06,1.2037e-05,45019
4.40764e-06,-7.51434e-06,45021
-4.27015e-07,7.27997e-07,45022
-4.39138e-06,7.48662e-06,45031
4.19213e-06,-7.14694e-06,45035
-2.95232e-06,5.03324e-06,45037
2.95456e-07,-5.0371e-07,45038
-6.90449e-07,1.17711e-06,45043
6.01919e-07,-1.02618e-06,45045
-5.50058e-08,9.37763e-08,45046
2.90242e-08,-4.94829e-08,45050
-1.61047e-08,2.74615e-08,45052
-1.61732e-06,2.75728e-06,45823
3.43886e-06,-5.86272e-06,45951
-7.16228e-06,1.22106e-05,46015
3.03472e-05,-5.17372e-05,46047
-3.03425e-05,5.17293e-05,46063
7.14901e-06,-1.2188e-05,46071
-3.42625e-06,5.84123e-06,46075
1.61052e-06,-2.74568e-06,46077
-1.71674e-07,2.92676e-07,46078
1.87778e-05,-3.20132e-05,46335
-3.72086e-05,6.3435e-05,46463
7.9073e-05,-0.000134807,46527
-0.000370292,0.000631291,46559
0.000372632,-0.000635281,46575
-8.76663e-05,0.000149458,46583
4.22241e-05,-7.19856e-05,46587
-1.99048e-05,3.39347e-05,46589
2.11875e-06,-3.61214e-06,46590
3.06449e-05,-5.22449e-05,46719
-0.000375513,0.000640192,46783
0.00205499,-0.00350344,46815
-0.00207387,0.00353563,46831
0.000480753,-0.000819609,46839
-0.000230103,0.000392291,46843
0.00010807,-0.000184243,46845
-1.15539e-05,1.96976e-05,46846
0.000307615,-0.000524437,46911
-0.00203226,0.00346468,46943
0.00207426,-0.00353629,46959
-0.000483379,0.000824087,46967
0.000234444,-0.000399692,46971
-0.000110906,0.000189078,46973
1.1761e-05,-2.00507e-05,46974
0.000302237,-0.000515267,47007
-0.000373757,0.000637199,47023
0.000104024,-0.000177344,47031
-6.0768e-05,0.0001036,47035
3.11201e-05,-5.30549e-05,47037
-3.00033e-06,5.1151e-06,47038
3.14953e-05,-5.36946e-05,47055
-4.94655e-05,8.43311e-05,47063
3.68128e-05,-6.27602e-05,47067
-2.2246e-05,3.7926e-05,47069
2.15501e-06,-3.67396e-06,47070
2.39569e-05,-4.08428e-05,47079
-2.08624e-05,3.55671e-05,47083
1.41156e-05,-2.4065e-05,47085
-1.4153e-06,2.41287e-06,47086
3.49601e-06,-5.96016e-06,47091
-2.95232e-06,5.03324e-06,47093
2.60576e-07,-4.44245e-07,47094
-1.38684e-07,2.36433e-07,47098
7.66914e-08,-1.30745e-07,47100
-1.59036e-05,2.71133e-05,47359
3.05038e-05,-5.20043e-05,47487
-6.41744e-05,0.000109407,47551
0.000303228,-0.000516956,47583
-0.000305475,0.000520789,47599
7.18906e-05,-0.000122562,47607
-3.47114e-05,5.91775e-05,47611
1.64012e-05,-2.79616e-05,47613
-1.74613e-06,2.97688e-06,47614
-2.96203e-05,5.0498e-05,47743
0.000370111,-0.000630983,47807
-0.00203372,0.00346717,47839
0.00205295,-0.00349996,47855
-0.000475973,0.000811462,47863
0.000228224,-0.000389087,47867
-0.000107397,0.000183096,47869
1.14882e-05,-1.95856e-05,47870
-0.00030676,0.000522979,47935
0.00203354,-0.00346688,47967
-0.00207617,0.00353955,47983
0.000484115,-0.000825342,47991
-0.00023571,0.000401849,47995
0.000111974,-0.000190898,47997
-1.18832e-05,2.0259e-05,47998
-0.000303163,0.000516846,48031
0.000375403,-0.000640004,48047
-0.000105056,0.000179104,48055
6.32039e-05,-0.000107753,48059
-3.32734e-05,5.67261e-05,48061
3.23754e-06,-5.5195e-06,48062
-3.196e-05,5.44869e-05,48079
5.17128e-05,-8.81623e-05,48087
-4.57571e-05,7.80089e-05,48091
3.06005e-05,-5.21691e-05,48093
-3.07154e-06,5.2365e-06,48094
-2.55681e-05,4.35897e-05,48103
2.93795e-05,-5.00874e-05,48107
-2.2246e-05,3.7926e-05,48109
2.3099e-06,-3.93802e-06,48110
-4.75171e-06,8.10093e-06,48115
4.40764e-06,-7.51434e-06,48117
-4.45436e-07,7.59396e-07,48118
2.29173e-07,-3.90704e-07,48122
-1.26774e-07,2.16127e-07,48124
3.33869e-06,-5.69194e-06,48255
-5.00759e-05,8.53716e-05,48319
0.000301475,-0.000513969,48351
-0.000305478,0.000520794,48367
7.09958e-05,-0.000121037,48375
-3.5219e-05,6.0043e-05,48379
1.71892e-05,-2.9305e-05,48381
-1.84497e-06,3.14539e-06,48382
5.01068e-05,-8.54244e-05,48447
-0.00036391,0.00062041,48479
0.000373278,-0.000636382,48495
-8.77091e-05,0.00014953,48503
4.52139e-05,-7.70828e-05,48507
-2.27813e-05,3.88386e-05,48509
2.43162e-06,-4.14554e-06,48510
6.3385e-05,-0.000108062,48543
-7.94593e-05,0.000135466,48559
2.36782e-05,-4.03677e-05,48567
-1.93625e-05,3.30101e-05,48571
1.26844e-05,-2.16249e-05,48573
-1.31673e-06,2.24482e-06,48574
7.86313e-06,-1.34054e-05,48591
-1.7524e-05,2.98758e-05,48599
3.81236e-05,-6.49949e-05,48603
-3.32734e-05,5.67261e-05,48605
3.61162e-06,-6.15725e-06,48606
1.03223e-05,-1.75979e-05,48615
-3.37381e-05,5.75182e-05,48619
3.11201e-05,-5.30549e-05,48621
-3.41505e-06,5.82213e-06,48622
5.04706e-06,-8.60446e-06,48627
-5.64292e-06,9.62031e-06,48629
6.98004e-07,-1.18999e-06,48630
-3.44347e-07,5.87057e-07,48634
1.90341e-07,-3.24507e-07,48636
2.06535e-05,-3.52111e-05,48735
-3.06585e-05,5.2268e-05,48751
7.67683e-06,-1.30878e-05,48759
-5.38683e-06,9.18371e-06,48763
3.42038e-06,-5.83122e-06,48765
-3.73007e-07,6.35912e-07,48766
-3.1038e-05,5.29149e-05,48799
3.91756e-05,-6.67883e-05,48815
-1.48112e-05,2.52509e-05,48823
2.65648e-05,-4.52889e-05,48827
-2.27813e-05,3.88386e-05,48829
2.54382e-06,-4.33683e-06,48830
-5.28993e-06,9.01852e-06,48847
2.68622e-05,-4.57959e-05,48855
-0.000117956,0.000201097,48859
0.000111974,-0.000190898,48861
-1.25344e-05,2.13692e-05,48862
-2.00161e-05,3.41244e-05,48871
0.00011471,-0.000195563,48875
-0.000110906,0.000189078,48877
1.24435e-05,-2.12142e-05,48878
-1.68347e-05,2.87006e-05,48883
1.96561e-05,-3.35107e-05,48885
-2.54453e-06,4.33803e-06,48886
1.2404e-06,-2.11469e-06,48890
-6.84089e-07,1.16627e-06,48892
1.6508e-05,-2.81435e-05,48927
-2.03745e-05,3.47355e-05,48943
8.50402e-06,-1.4498e-05,48951
-1.92185e-05,3.27645e-05,48955
1.71892e-05,-2.9305e-05,48957
-1.94068e-06,3.30856e-06,48958
3.30878e-06,-5.64096e-06,48975
-2.29739e-05,3.91669e-05,48983
0.000112203,-0.000191288,48987
-0.000107397,0.000183096,48989
1.2058e-05,-2.05571e-05,48990
1.80686e-05,-3.08042e-05,48999
-0.000111266,0.000189691,49003
0.00010807,-0.000184243,49005
-1.21531e-05,2.07192e-05,49006
1.63594e-05,-2.78902e-05,49011
-1.91948e-05,3.27242e-05,49013
2.49841e-06,-4.2594e-06,49014
-1.2244e-06,2.08741e-06,49018
6.74969e-07,-1.15072e-06,49020
-3.73318e-07,6.3645e-07,49039
3.20999e-06,-5.47255e-06,49047
-1.71028e-05,2.91577e-05,49051
1.64012e-05,-2.79616e-05,49053
-1.83223e-06,3.12367e-06,49054
-3.03279e-06,5.17043e-06,49063
2.04405e-05,-3.48478e-05,49067
-1.99048e-05,3.39347e-05,49069
2.23239e-06,-3.80588e-06,49070
-3.47295e-06,5.92085e-06,49075
4.11321e-06,-7.0124e-06,49077
-5.41622e-07,9.23382e-07,49078
2.94677e-07,-5.02383e-07,49082
-1.62143e-07,2.76433e-07,49084
1.61051e-06,-2.74568e-06,49101
-1.8334e-07,3.1257e-07,49102
1.64904e-06,-2.81136e-06,49107
-1.93164e-06,3.29315e-06,49109
2.52431e-07,-4.30356e-07,49110
-1.43848e-07,2.45242e-07,49114
7.95764e-08,-1.35662e-07,49116
-8.62928e-07,1.47116e-06,49123
9.78558e-07,-1.66829e-06,49125
-1.2315e-07,2.09952e-07,49126
6.89554e-08,-1.17555e-07,49130
-3.85896e-08,6.57897e-08,49132
-8.6448e-09,1.47379e-08,49138
5.19511e-09,-8.85695e-09,49140
5.84032e-09,-9.95234e-09,50175
-1.44278e-07,2.45975e-07,50687
9.63502e-07,-1.64262e-06,50943
-1.97767e-06,3.37163e-06,51071
3.95089e-06,-6.73566e-06,51135
-1.62046e-05,2.76264e-05,51167
1.61649e-05,-2.75587e-05,51183
-3.81879e-06,6.51044e-06,51191
1.83322e-06,-3.12536e-06,51195
-8.62927e-07,1.47116e-06,51197
9.27963e-08,-1.58202e-07,51198
2.39055e-07,-4.07552e-07,51711
-1.78662e-06,3.04591e-06,51967
3.72229e-06,-6.34592e-06,52095
-7.51982e-06,1.28201e-05,52159
3.09706e-05,-5.28e-05,52191
-3.09033e-05,5.26853e-05,52207
7.29752e-06,-1.24411e-05,52215
-3.50302e-06,5.97211e-06,52219
1.64904e-06,-2.81136e-06,52221
-1.77058e-07,3.01865e-07,52222
3.17924e-06,-5.42011e-06,52479
-6.53738e-06,1.11452e-05,52607
1.39872e-05,-2.38461e-05,52671
-6.46791e-05,0.000110268,52703
6.50038e-05,-0.000110822,52719
-1.5307e-05,2.60961e-05,52727
7.37122e-06,-1.25668e-05,52731
-3.47295e-06,5.92084e-06,52733
3.71719e-07,-6.33725e-07,52734
4.68591e-06,-7.98875e-06,52863
-5.65796e-05,9.64594e-05,52927
0.000309725,-0.000528034,52959
-0.000312597,0.00053293,52975
7.25402e-05,-0.00012367,52983
-3.4786e-05,5.93048e-05,52987
1.63594e-05,-2.78902e-05,52989
-1.75869e-06,2.99829e-06,52990
4.61637e-05,-7.8702e-05,53055
-0.000305715,0.000521197,53087
0.000312123,-0.000532122,53103
-7.28324e-05,0.000124168,53111
3.54627e-05,-6.04584e-05,53115
-1.68347e-05,2.87006e-05,53117
1.79523e-06,-3.06058e-06,53118
4.61462e-05,-7.86722e-05,53151
-5.7088e-05,9.73263e-05,53167
1.59659e-05,-2.72194e-05,53175
-9.59683e-06,1.63611e-05,53179
5.04706e-06,-8.60446e-06,53181
-4.92586e-07,8.3978e-07,53182
4.84424e-06,-8.25867e-06,53199
-7.85176e-06,1.3386e-05,53207
7.05202e-06,-1.20226e-05,53211
-4.75171e-06,8.10093e-06,53213
4.76036e-07,-8.11574e-07,53214
3.88892e-06,-6.63001e-06,53223
-4.57968e-06,7.80765e-06,53227
3.49601e-06,-5.96016e-06,53229
-3.61155e-07,6.15711e-07,53230
7.39732e-07,-1.26112e-06,53235
-6.90448e-07,1.17711e-06,53237
6.97162e-08,-1.18859e-07,53238
-3.58793e-08,6.11685e-08,53242
1.99005e-08,-3.39289e-08,53244
-3.42625e-06,5.84123e-06,54143
7.14901e-06,-1.2188e-05,54207
-3.03425e-05,5.17293e-05,54239
3.03472e-05,-5.17372e-05,54255
-7.16228e-06,1.22106e-05,54263
3.43886e-06,-5.86272e-06,54267
-1.61732e-06,2.75728e-06,54269
1.74219e-07,-2.97012e-07,54270
-1.91608e-05,3.26661e-05,54527
3.79254e-05,-6.46569e-05,54655
-8.05831e-05,0.000137382,54719
0.000377505,-0.000643587,54751
-0.000379972,0.000647794,54767
8.95651e-05,-0.000152695,54775
-4.32726e-05,7.37731e-05,54779
2.04405e-05,-3.48478e-05,54781
-2.19909e-06,3.74911e-06,54782
-3.13518e-05,5.345e-05,54911
0.000384438,-0.000655407,54975
-0.00210386,0.00358676,55007
0.00212355,-0.00362033,55023
-0.000493194,0.00084082,55031
0.000236621,-0.000403403,55035
-0.000111266,0.000189691,55037
1.20238e-05,-2.04988e-05,55038
-0.000315028,0.000537074,55103
0.00208115,-0.00354803,55135
-0.00212454,0.00362202,55151
0.000496152,-0.000845863,55159
-0.000241673,0.000412015,55163
0.00011471,-0.000195563,55165
-1.22977e-05,2.09656e-05,55166
-0.000309542,0.000527721,55199
0.000382946,-0.000652864,55215
-0.000107133,0.000182646,55223
6.42784e-05,-0.000109585,55227
-3.37381e-05,5.75182e-05,55229
3.31109e-06,-5.6449e-06,55230
-3.23763e-05,5.51965e-05,55247
5.19997e-05,-8.86515e-05,55255
-4.45981e-05,7.60328e-05,55259
2.93794e-05,-5.00874e-05,55261
-2.95232e-06,5.03326e-06,55262
-2.556e-05,4.35758e-05,55271
2.79622e-05,-4.76713e-05,55275
-2.08624e-05,3.55671e-05,55277
2.16686e-06,-3.69417e-06,55278
-4.57968e-06,7.80765e-06,55283
4.19213e-06,-7.14694e-06,55285
-4.17383e-07,7.1157e-07,55286
2.15277e-07,-3.67008e-07,55290
-1.19084e-07,2.0302e-07,55292
1.64184e-05,-2.79908e-05,55551
-3.14615e-05,5.3637e-05,55679
6.61762e-05,-0.00011282,55743
-0.000312784,0.000533249,55775
0.000315173,-0.000537321,55791
-7.43312e-05,0.000126723,55799
3.60584e-05,-6.14741e-05,55803
-1.71028e-05,2.91577e-05,55805
1.84071e-06,-3.13812e-06,55806
3.06449e-05,-5.22449e-05,55935
-0.000383144,0.000653202,55999
0.00210538,-0.00358935,56031
-0.00212569,0.00362397,56047
0.000493876,-0.000841983,56055
-0.000237736,0.000405303,56059
0.000112203,-0.000191288,56061
-1.21343e-05,2.0687e-05,56062
0.000317664,-0.000541569,56127
-0.0021058,0.00359007,56159
0.00215041,-0.00366612,56175
-0.000502714,0.00085705,56183
0.000246599,-0.000420414,56187
-0.000117956,0.000201097,56189
1.266e-05,-2.15833e-05,56190
0.000314116,-0.000535519,56223
-0.000389209,0.000663541,56239
0.000109838,-0.000187258,56247
-6.93884e-05,0.000118296,56251
3.81236e-05,-6.49949e-05,56253
-3.79392e-06,6.46805e-06,56254
3.33521e-05,-5.68602e-05,56271
-5.63475e-05,9.60638e-05,56279
6.20559e-05,-0.000105796,56283
-4.57571e-05,7.80089e-05,56285
4.75338e-06,-8.10378e-06,56286
2.86639e-05,-4.88675e-05,56295
-4.45981e-05,7.60328e-05,56299
3.68128e-05,-6.27602e-05,56301
-3.92561e-06,6.69255e-06,56302
7.05202e-06,-1.20226e-05,56307
-7.06046e-06,1.2037e-05,56309
7.8166e-07,-1.33261e-06,56310
-3.93475e-07,6.70811e-07,56314
2.17784e-07,-3.71285e-07,56316
-3.4592e-06,5.89741e-06,56447
5.19705e-05,-8.86018e-05,56511
-0.000313028,0.000533664,56543
0.000317343,-0.000541021,56559
-7.4201e-05,0.000126501,56567
3.80713e-05,-6.49057e-05,56571
-1.92185e-05,3.27645e-05,56573
2.09002e-06,-3.56316e-06,56574
-5.20719e-05,8.87745e-05,56639
0.000378339,-0.00064501,56671
-0.000388357,0.000662088,56687
9.20792e-05,-0.000156981,56695
-5.01096e-05,8.54292e-05,56699
2.65648e-05,-4.52889e-05,56701
-2.87747e-06,4.90564e-06,56702
-6.62914e-05,0.000113017,56735
8.33953e-05,-0.000142176,56751
-2.61089e-05,4.45116e-05,56759
2.66136e-05,-4.53721e-05,56763
-1.93625e-05,3.30101e-05,56765
2.06986e-06,-3.5288e-06,56766
-8.66186e-06,1.47671e-05,56783
2.37492e-05,-4.04887e-05,56791
-6.93884e-05,0.000118296,56795
6.32039e-05,-0.000107753,56797
-6.92809e-06,1.18113e-05,56798
-1.51867e-05,2.58909e-05,56807
6.42784e-05,-0.000109585,56811
-6.0768e-05,0.0001036,56813
6.70182e-06,-1.14256e-05,56814
-9.59682e-06,1.63611e-05,56819
1.0971e-05,-1.87039e-05,56821
-1.38006e-06,2.3528e-06,56822
6.77993e-07,-1.15588e-06,56826
-3.75206e-07,6.39672e-07,56828
2.28427e-05,-3.89433e-05,56943
-8.50329e-06,1.44968e-05,56951
7.54164e-06,-1.28573e-05,56955
-5.38683e-06,9.18371e-06,56957
5.96429e-07,-1.01682e-06,56958
3.37165e-05,-5.74814e-05,56991
-4.34359e-05,7.40515e-05,57007
2.03822e-05,-3.47485e-05,57015
-5.01096e-05,8.54292e-05,57019
4.52139e-05,-7.70828e-05,57021
-5.07072e-06,8.6448e-06,57022
7.45847e-06,-1.27155e-05,57039
-5.08416e-05,8.66771e-05,57047
0.000246599,-0.000420414,57051
-0.00023571,0.000401849,57053
2.62608e-05,-4.47706e-05,57054
3.94664e-05,-6.72841e-05,57063
-0.000241673,0.000412015,57067
0.000234444,-0.000399692,57069
-2.61558e-05,4.45916e-05,57070
3.54627e-05,-6.04584e-05,57075
-4.15219e-05,7.07885e-05,57077
5.35033e-06,-9.12148e-06,57078
-2.6091e-06,4.44811e-06,57082
1.44227e-06,-2.45884e-06,57084
-1.82887e-05,3.11794e-05,57119
2.32653e-05,-3.96638e-05,57135
-1.27815e-05,2.17904e-05,57143
3.80713e-05,-6.49057e-05,57147
-3.5219e-05,6.0043e-05,57149
3.97175e-06,-6.77122e-06,57150
-5.28994e-06,9.01853e-06,57167
4.61386e-05,-7.86591e-05,57175
-0.000237736,0.000405303,57179
0.000228224,-0.000389087,57181
-2.5461e-05,4.34071e-05,57182
-3.71356e-05,6.33105e-05,57191
0.000236621,-0.000403403,57195
-0.000230103,0.000392291,57197
2.57002e-05,-4.38149e-05,57198
-3.4786e-05,5.93048e-05,57203
4.08515e-05,-6.96455e-05,57205
-5.28172e-06,9.00452e-06,57206
2.59039e-06,-4.41621e-06,57210
-1.43146e-06,2.44043e-06,57212
5.98441e-07,-1.02025e-06,57231
-6.39592e-06,1.09041e-05,57239
3.60584e-05,-6.14741e-05,57243
-3.47114e-05,5.91775e-05,57245
3.85719e-06,-6.57593e-06,57246
6.19658e-06,-1.05642e-05,57255
-4.32726e-05,7.37731e-05,57259
4.22241e-05,-7.19856e-05,57261
-4.70786e-06,8.02618e-06,57262
7.37121e-06,-1.25668e-05,57267
-8.73568e-06,1.4893e-05,57269
1.14287e-06,-1.94842e-06,57270
-6.21864e-07,1.06018e-06,57274
3.42866e-07,-5.84529e-07,57276
3.87473e-07,-6.60579e-07,57294
-3.50302e-06,5.97211e-06,57299
4.1075e-06,-7.00266e-06,57301
-5.33339e-07,9.09258e-07,57302
3.03971e-07,-5.18232e-07,57306
-1.68415e-07,2.87121e-07,57308
1.83322e-06,-3.12536e-06,57315
-2.08118e-06,3.54809e-06,57317
2.60299e-07,-4.4377e-07,57318
-1.45797e-07,2.48566e-07,57322
8.1683e-08,-1.39261e-07,57324
1.81929e-08,-3.10134e-08,57330
-1.09212e-08,1.8622e-08,57332
-8.1024e-07,1.38133e-06,58303
3.46612e-06,-5.90921e-06,58335
-3.47029e-06,5.91631e-06,58351
8.22354e-07,-1.40198e-06,58359
-4.02258e-07,6.85797e-07,58363
1.92868e-07,-3.28802e-07,58365
-2.10432e-08,3.58759e-08,58366
2.68005e-06,-4.56907e-06,58623
-5.21513e-06,8.891e-06,58751
1.10287e-05,-1.88022e-05,58815
-5.18879e-05,8.84608e-05,58847
5.22796e-05,-8.91287e-05,58863
-1.24001e-05,2.11402e-05,58871
6.19659e-06,-1.05642e-05,58875
-3.03278e-06,5.17043e-06,58877
3.31176e-07,-5.64602e-07,58878
4.68591e-06,-7.98875e-06,59007
-5.79563e-05,9.88066e-05,59071
0.000317444,-0.000541194,59103
-0.000320606,0.000546584,59119
7.49497e-05,-0.000127778,59127
-3.71356e-05,6.33105e-05,59131
1.80686e-05,-3.08042e-05,59133
-1.98352e-06,3.3816e-06,59134
4.77021e-05,-8.13248e-05,59199
-0.000315223,0.000537407,59231
0.000322072,-0.000549083,59247
-7.60235e-05,0.000129608,59255
3.94664e-05,-6.72841e-05,59259
-2.00161e-05,3.41244e-05,59261
2.18776e-06,-3.72979e-06,59262
4.70183e-05,-8.01589e-05,59295
-5.84399e-05,9.96311e-05,59311
1.74373e-05,-2.97279e-05,59319
-1.51867e-05,2.58909e-05,59323
1.03223e-05,-1.75979e-05,59325
-1.09973e-06,1.87487e-06,59326
5.25218e-06,-8.95416e-06,59343
-1.19247e-05,2.03298e-05,59351
2.86639e-05,-4.88675e-05,59355
-2.55681e-05,4.35897e-05,59357
2.81722e-06,-4.80294e-06,59358
7.10858e-06,-1.2119e-05,59367
-2.556e-05,4.35758e-05,59371
2.39569e-05,-4.08428e-05,59373
-2.66231e-06,4.53883e-06,59374
3.88892e-06,-6.63001e-06,59379
-4.39138e-06,7.48662e-06,59381
5.50528e-07,-9.38571e-07,59382
-2.69825e-07,4.60009e-07,59386
1.49094e-07,-2.54171e-07,59388
-2.7812e-06,4.74151e-06,59647
5.23746e-06,-8.92907e-06,59775
-1.09552e-05,1.86769e-05,59839
5.20153e-05,-8.86781e-05,59871
-5.24777e-05,8.94663e-05,59887
1.24882e-05,-2.12905e-05,59895
-6.39592e-06,1.09041e-05,59899
3.21e-06,-5.47255e-06,59901
-3.51469e-07,5.99202e-07,59902
-5.53795e-06,9.44136e-06,60031
6.98639e-05,-0.000119107,60095
-0.000384368,0.000655288,60127
0.000388401,-0.000662164,60143
-9.10871e-05,0.00015529,60151
4.61386e-05,-7.86592e-05,60155
-2.29739e-05,3.91669e-05,60157
2.5295e-06,-4.31241e-06,60158
-5.82199e-05,9.92559e-05,60223
0.000386247,-0.000658492,60255
-0.00039494,0.000673312,60271
9.38181e-05,-0.000159945,60279
-5.08416e-05,8.66771e-05,60283
2.68622e-05,-4.57959e-05,60285
-2.94916e-06,5.02787e-06,60286
-5.81031e-05,9.90569e-05,60319
7.25222e-05,-0.000123639,60335
-2.26309e-05,3.85823e-05,60343
2.37492e-05,-4.04887e-05,60347
-1.75241e-05,2.98758e-05,60349
1.89869e-06,-3.23698e-06,60350
-6.84992e-06,1.16781e-05,60367
1.86678e-05,-3.18257e-05,60375
-5.63475e-05,9.60638e-05,60379
5.17128e-05,-8.81623e-05,60381
-5.72199e-06,9.75511e-06,60382
-1.19247e-05,2.03298e-05,60391
5.19997e-05,-8.86515e-05,60395
-4.94655e-05,8.43311e-05,60397
5.50333e-06,-9.38233e-06,60398
-7.85176e-06,1.3386e-05,60403
9.00201e-06,-1.5347e-05,60405
-1.14107e-06,1.94535e-06,60406
5.58145e-07,-9.51549e-07,60410
-3.08551e-07,5.26036e-07,60412
7.2779e-07,-1.24077e-06,60543
-1.10792e-05,1.88883e-05,60607
6.70247e-05,-0.000114267,60639
-6.83033e-05,0.000116447,60655
1.70516e-05,-2.90704e-05,60663
-1.27815e-05,2.17904e-05,60667
8.50402e-06,-1.44981e-05,60669
-9.54581e-07,1.62741e-06,60670
1.12391e-05,-1.91609e-05,60735
-8.1987e-05,0.000139775,60767
8.4841e-05,-0.000144641,60783
-2.22802e-05,3.79843e-05,60791
2.03822e-05,-3.47485e-05,60795
-1.48112e-05,2.52509e-05,60797
1.66412e-06,-2.83706e-06,60798
1.54918e-05,-2.64111e-05,60831
-2.03486e-05,3.46912e-05,60847
1.01755e-05,-1.73477e-05,60855
-2.61089e-05,4.45116e-05,60859
2.36782e-05,-4.03677e-05,60861
-2.66225e-06,4.53872e-06,60862
3.38786e-06,-5.77579e-06,60879
-2.26309e-05,3.85822e-05,60887
0.000109838,-0.000187258,60891
-0.000105056,0.000179104,60893
1.17169e-05,-1.99755e-05,60894
1.74373e-05,-2.97279e-05,60903
-0.000107133,0.000182646,60907
0.000104024,-0.000177344,60909
-1.16172e-05,1.98055e-05,60910
1.59659e-05,-2.72194e-05,60915
-1.87032e-05,3.1886e-05,60917
2.41173e-06,-4.11163e-06,60918
-1.17872e-06,2.00954e-06,60922
6.51674e-07,-1.111e-06,60924
2.57628e-06,-4.39216e-06,61047
-8.50329e-06,1.44968e-05,61051
7.67683e-06,-1.30878e-05,61053
-8.70989e-07,1.4849e-06,61054
-1.24769e-05,2.12712e-05,61087
1.90568e-05,-3.24889e-05,61103
-2.22802e-05,3.79843e-05,61111
9.20792e-05,-0.000156981,61115
-8.77091e-05,0.00014953,61117
9.94418e-06,-1.69533e-05,61118
-8.66187e-06,1.47671e-05,61135
9.38181e-05,-0.000159945,61143
-0.000502714,0.00085705,61147
0.000484115,-0.000825342,61149
-5.41212e-05,9.22683e-05,61150
-7.60235e-05,0.000129608,61159
0.000496152,-0.000845863,61163
-0.000483379,0.000824087,61165
5.40779e-05,-9.21944e-05,61166
-7.28324e-05,0.000124168,61171
8.55992e-05,-0.000145933,61173
-1.10738e-05,1.88791e-05,61174
5.39536e-06,-9.19825e-06,61178
-2.98241e-06,5.08455e-06,61180
8.02793e-06,-1.36864e-05,61215
-1.25481e-05,2.13926e-05,61231
1.70516e-05,-2.90704e-05,61239
-7.4201e-05,0.000126501,61243
7.09958e-05,-0.000121037,61245
-8.05446e-06,1.37316e-05,61246
7.86313e-06,-1.34054e-05,61263
-9.10871e-05,0.00015529,61271
0.000493876,-0.000841983,61275
-0.000475973,0.000811462,61277
5.32124e-05,-9.07189e-05,61278
7.49497e-05,-0.000127778,61287
-0.000493194,0.00084082,61291
0.000480753,-0.000819609,61293
-5.37928e-05,9.17084e-05,61294
7.25402e-05,-0.00012367,61299
-8.53666e-05,0.000145537,61301
1.10614e-05,-1.88579e-05,61302
-5.4224e-06,9.24435e-06,61306
2.99669e-06,-5.1089e-06,61308
-8.90653e-07,1.51842e-06,61327
1.24882e-05,-2.12905e-05,61335
-7.43312e-05,0.000126723,61339
7.18906e-05,-0.000122562,61341
-8.01287e-06,1.36607e-05,61342
-1.24001e-05,2.11402e-05,61351
8.95651e-05,-0.000152695,61355
-8.76663e-05,0.000149458,61357
9.8005e-06,-1.67084e-05,61358
-1.5307e-05,2.60961e-05,61363
1.81747e-05,-3.09851e-05,61365
-2.38365e-06,4.06375e-06,61366
1.29661e-06,-2.21053e-06,61370
-7.14873e-07,1.21875e-06,61372
7.29752e-06,-1.24411e-05,61395
-8.57729e-06,1.4623e-05,61397
1.11687e-06,-1.9041e-06,61398
-6.37678e-07,1.08714e-06,61402
3.53352e-07,-6.02416e-07,61404
-3.81878e-06,6.51044e-06,61411
4.34656e-06,-7.41021e-06,61413
-5.45393e-07,9.29812e-07,61414
3.06724e-07,-5.22921e-07,61418
-1.71897e-07,2.93056e-07,61420
-3.81501e-08,6.50439e-08,61426
2.29207e-08,-3.90743e-08,61428
5.99651e-07,-1.02231e-06,62415
-6.84992e-06,1.16781e-05,62423
3.33521e-05,-5.68602e-05,62427
-3.196e-05,5.44869e-05,62429
3.59093e-06,-6.12198e-06,62430
5.25218e-06,-8.95416e-06,62439
-3.23763e-05,5.51966e-05,62443
3.14953e-05,-5.36946e-05,62445
-3.54335e-06,6.04087e-06,62446
4.84423e-06,-8.25867e-06,62451
-5.68158e-06,9.68622e-06,62453
7.3776e-07,-1.25777e-06,62454
-3.59498e-07,6.12889e-07,62458
1.98441e-07,-3.38304e-07,62460
-3.67529e-07,6.26583e-07,62591
5.57736e-06,-9.50853e-06,62655
-3.36635e-05,5.73911e-05,62687
3.54055e-05,-6.0361e-05,62703
-1.25481e-05,2.13926e-05,62711
2.32653e-05,-3.96638e-05,62715
-2.03745e-05,3.47355e-05,62717
2.33581e-06,-3.9822e-06,62718
-5.71689e-06,9.74641e-06,62783
4.15885e-05,-7.09019e-05,62815
-4.51577e-05,7.69869e-05,62831
1.90568e-05,-3.24889e-05,62839
-4.34359e-05,7.40515e-05,62843
3.91756e-05,-6.67883e-05,62845
-4.49175e-06,7.65774e-06,62846
-1.10423e-05,1.88254e-05,62879
1.71775e-05,-2.9285e-05,62895
-2.03486e-05,3.46912e-05,62903
8.33953e-05,-0.000142176,62907
-7.94593e-05,0.000135466,62909
9.08017e-06,-1.54803e-05,62910
7.25222e-05,-0.000123639,62935
-0.000389209,0.000663541,62939
0.000375403,-0.000640004,62941
-4.22889e-05,7.20961e-05,62942
-5.84399e-05,9.9631e-05,62951
0.000382946,-0.000652864,62955
-0.000373757,0.000637199,62957
4.21358e-05,-7.1835e-05,62958
-5.7088e-05,9.73263e-05,62963
6.71994e-05,-0.000114565,62965
-8.76236e-06,1.49385e-05,62966
4.27626e-06,-7.29037e-06,62970
-2.35955e-06,4.02267e-06,62972
2.28427e-05,-3.89433e-05,63099
-3.06585e-05,5.2268e-05,63101
3.51723e-06,-5.99635e-06,63102
2.4266e-05,-4.13699e-05,63135
-4.51577e-05,7.69869e-05,63151
8.4841e-05,-0.000144641,63159
-0.000388357,0.000662088,63163
0.000373278,-0.000636382,63165
-4.27014e-05,7.27993e-05,63166
-0.00039494,0.000673312,63191
0.00215041,-0.00366612,63195
-0.00207617,0.00353955,63197
0.00023398,-0.000398899,63198
0.000322072,-0.000549083,63207
-0.00212454,0.00362202,63211
0.00207426,-0.00353629,63213
-0.000233927,0.000398809,63214
0.000312123,-0.000532122,63219
-0.000367569,0.000626649,63221
4.79468e-05,-8.17419e-05,63222
-2.33295e-05,3.97733e-05,63226
1.28725e-05,-2.19455e-05,63228
-1.92181e-05,3.27639e-05,63263
3.54055e-05,-6.0361e-05,63279
-6.83033e-05,0.000116447,63287
0.000317343,-0.000541021,63291
-0.000305478,0.000520794,63293
3.49453e-05,-5.95764e-05,63294
0.000388401,-0.000662164,63319
-0.00212569,0.00362397,63323
0.00205295,-0.00349996,63325
-0.000231324,0.000394373,63326
-0.000320606,0.000546584,63335
0.00212355,-0.00362033,63339
-0.00207387,0.00353563,63341
0.000233885,-0.000398739,63342
-0.000312597,0.00053293,63347
0.000368522,-0.000628273,63349
-4.81355e-05,8.20635e-05,63350
2.35664e-05,-4.0177e-05,63354
-1.30009e-05,2.21645e-05,63356
-5.24777e-05,8.94663e-05,63383
0.000315173,-0.000537321,63387
-0.000305475,0.000520789,63389
3.43201e-05,-5.85104e-05,63390
5.22796e-05,-8.91287e-05,63399
-0.000379972,0.000647794,63403
0.000372632,-0.000635281,63405
-4.1991e-05,7.15883e-05,63406
6.50038e-05,-0.000110822,63411
-7.73151e-05,0.00013181,63413
1.02219e-05,-1.74268e-05,63414
-5.55633e-06,9.47268e-06,63418
3.05885e-06,-5.21487e-06,63420
-3.09033e-05,5.26853e-05,63443
3.63791e-05,-6.20208e-05,63445
-4.77381e-06,8.13862e-06,63446
2.72132e-06,-4.63943e-06,63450
-1.50662e-06,2.56856e-06,63452
1.61649e-05,-2.75587e-05,63459
-1.84246e-05,3.1411e-05,63461
2.32917e-06,-3.97088e-06,63462
-1.30583e-06,2.22624e-06,63466
7.31627e-07,-1.24731e-06,63468
1.63565e-07,-2.78858e-07,63474
-9.84064e-08,1.67769e-07,63476
2.04457e-07,-3.48562e-07,63615
-3.00557e-06,5.12403e-06,63679
1.79415e-05,-3.05874e-05,63711
-1.92181e-05,3.27639e-05,63727
8.02793e-06,-1.36864e-05,63735
-1.82887e-05,3.11794e-05,63739
1.6508e-05,-2.81435e-05,63741
-1.89507e-06,3.23079e-06,63742
3.02179e-06,-5.15168e-06,63807
-2.17426e-05,3.70678e-05,63839
2.4266e-05,-4.13699e-05,63855
-1.24769e-05,2.12712e-05,63863
3.37165e-05,-5.74814e-05,63867
-3.1038e-05,5.29149e-05,63869
3.56376e-06,-6.07566e-06,63870
6.69417e-06,-1.14125e-05,63903
-1.10423e-05,1.88254e-05,63919
1.54918e-05,-2.64111e-05,63927
-6.62914e-05,0.000113017,63931
6.3385e-05,-0.000108062,63933
-7.25264e-06,1.23646e-05,63934
-5.81031e-05,9.90569e-05,63959
0.000314116,-0.000535519,63963
-0.000303163,0.000516846,63965
3.41812e-05,-5.82736e-05,63966
4.70183e-05,-8.01589e-05,63975
-0.000309542,0.000527721,63979
0.000302237,-0.000515267,63981
-3.4102e-05,5.81386e-05,63982
4.61462e-05,-7.86722e-05,63987
-5.43413e-05,9.26435e-05,63989
7.09298e-06,-1.20924e-05,63990
-3.46245e-06,5.90294e-06,63994
1.91018e-06,-3.25656e-06,63996
2.06535e-05,-3.52111e-05,64125
-3.35377e-06,5.71767e-06,64126
-2.17426e-05,3.70678e-05,64159
4.15885e-05,-7.09019e-05,64175
-8.1987e-05,0.000139775,64183
0.000378339,-0.00064501,64187
-0.00036391,0.00062041,64189
4.16612e-05,-7.10259e-05,64190
0.000386247,-0.000658491,64215
-0.0021058,0.00359007,64219
0.00203354,-0.00346688,64221
-0.000229336,0.000390982,64222
-0.000315223,0.000537407,64231
0.00208115,-0.00354803,64235
-0.00203226,0.00346468,64237
0.00022935,-0.000391007,64238
-0.000305715,0.000521197,64243
0.000360089,-0.000613896,64245
-4.70061e-05,8.01382e-05,64246
2.28713e-05,-3.8992e-05,64250
-1.26179e-05,2.15115e-05,64252
1.79415e-05,-3.05874e-05,64287
-3.36635e-05,5.73911e-05,64303
6.70247e-05,-0.000114267,64311
-0.000313028,0.000533664,64315
0.000301475,-0.000513969,64317
-3.45119e-05,5.88374e-05,64318
-0.000384368,0.000655288,64343
0.00210538,-0.00358935,64347
-0.00203372,0.00346717,64349
0.000229313,-0.000390943,64350
0.000317444,-0.000541194,64359
-0.00210386,0.00358676,64363
0.00205499,-0.00350344,64365
-0.000231915,0.00039538,64366
0.000309725,-0.000528034,64371
-0.000365201,0.000622611,64373
4.77375e-05,-8.13851e-05,64374
-2.33744e-05,3.98498e-05,64378
1.28937e-05,-2.19818e-05,64380
5.20153e-05,-8.86781e-05,64407
-0.000312784,0.000533249,64411
0.000303228,-0.000516956,64413
-3.40914e-05,5.81206e-05,64414
-5.18879e-05,8.84608e-05,64423
0.000377505,-0.000643587,64427
-0.000370292,0.000631291,64429
4.17581e-05,-7.11911e-05,64430
-6.46791e-05,0.000110268,64435
7.69501e-05,-0.000131188,64437
-1.01845e-05,1.73629e-05,64438
5.54621e-06,-9.45543e-06,64442
-3.0547e-06,5.20779e-06,64444
3.09706e-05,-5.28e-05,64467
-3.64918e-05,6.22129e-05,64469
4.80253e-06,-8.18757e-06,64470
-2.77496e-06,4.73088e-06,64474
1.54399e-06,-2.63226e-06,64476
-1.62046e-05,2.76264e-05,64483
1.84948e-05,-3.15308e-05,64485
-2.34811e-06,4.00317e-06,64486
1.35335e-06,-2.30726e-06,64490
-7.65863e-07,1.30568e-06,64492
-1.68575e-07,2.87391e-07,64498
1.03098e-07,-1.75763e-07,64500
2.72119e-07,-4.63913e-07,64638
3.02178e-06,-5.15168e-06,64671
-5.71689e-06,9.74641e-06,64687
1.12391e-05,-1.91609e-05,64695
-5.20719e-05,8.87745e-05,64699
5.01068e-05,-8.54244e-05,64701
-5.73434e-06,9.77618e-06,64702
-5.82199e-05,9.92559e-05,64727
0.000317664,-0.000541569,64731
-0.00030676,0.000522979,64733
3.45844e-05,-5.89611e-05,64734
4.77021e-05,-8.13248e-05,64743
-0.000315028,0.000537074,64747
0.000307615,-0.000524437,64749
-3.47072e-05,5.91705e-05,64750
4.61637e-05,-7.8702e-05,64755
-5.43873e-05,9.27219e-05,64757
7.1014e-06,-1.21068e-05,64758
-3.46363e-06,5.90496e-06,64762
1.91211e-06,-3.25985e-06,64764
-3.00557e-06,5.12403e-06,64799
5.57736e-06,-9.50854e-06,64815
-1.10792e-05,1.88883e-05,64823
5.19705e-05,-8.86017e-05,64827
-5.00759e-05,8.53716e-05,64829
5.73084e-06,-9.7702e-06,64830
6.98639e-05,-0.000119107,64855
-0.000383144,0.000653202,64859
0.000370111,-0.000630983,64861
-4.17199e-05,7.11261e-05,64862
-5.79563e-05,9.88066e-05,64871
0.000384438,-0.000655407,64875
-0.000375513,0.000640192,64877
4.23699e-05,-7.22342e-05,64878
-5.65796e-05,9.64594e-05,64883
6.67364e-05,-0.000113775,64885
-8.72833e-06,1.48804e-05,64886
4.29123e-06,-7.31588e-06,64890
-2.36965e-06,4.03989e-06,64892
-1.09552e-05,1.86769e-05,64919
6.61763e-05,-0.00011282,64923
-6.41744e-05,0.000109407,64925
7.21469e-06,-1.22999e-05,64926
1.10287e-05,-1.88022e-05,64935
-8.05831e-05,0.000137382,64939
7.9073e-05,-0.000134807,64941
-8.91955e-06,1.52065e-05,64942
1.39872e-05,-2.38461e-05,64947
-1.66593e-05,2.84016e-05,64949
2.21291e-06,-3.77268e-06,64950
-1.23178e-06,2.1e-06,64954
6.84013e-07,-1.16614e-06,64956
-7.51982e-06,1.28201e-05,64979
8.93613e-06,-1.52347e-05,64981
-1.20687e-06,2.05753e-06,64982
8.12899e-07,-1.38586e-06,64986
-4.78162e-07,8.15198e-07,64988
3.95089e-06,-6.73566e-06,64995
-4.57246e-06,7.79535e-06,64997
6.05775e-07,-1.03275e-06,64998
-4.64977e-07,7.92714e-07,65002
2.88258e-07,-4.91431e-07,65004
5.495e-08,-9.36788e-08,65010
-3.90282e-08,6.65371e-08,65012
5.23747e-06,-8.92907e-06,65175
-3.14615e-05,5.3637e-05,65179
3.05038e-05,-5.20043e-05,65181
-3.43534e-06,5.85673e-06,65182
-5.21513e-06,8.891e-06,65191
3.79254e-05,-6.46569e-05,65195
-3.72087e-05,6.3435e-05,65197
4.20684e-06,-7.17201e-06,65198
-6.53737e-06,1.11452e-05,65203
7.78924e-06,-1.32795e-05,65205
-1.04996e-06,1.79003e-06,65206
6.43012e-07,-1.09624e-06,65210
-3.75821e-07,6.4072e-07,65212
3.72229e-06,-6.34592e-06,65235
-4.46728e-06,7.61603e-06,65237
6.81615e-07,-1.16205e-06,65238
-8.05072e-07,1.37252e-06,65242
5.67057e-07,-9.66745e-07,65244
-1.97768e-06,3.37163e-06,65251
2.32696e-06,-3.96711e-06,65253
-3.72369e-07,6.34831e-07,65254
6.30664e-07,-1.07519e-06,65258
-4.74024e-07,8.08139e-07,65260
-8.01521e-08,1.36642e-07,65266
7.28101e-08,-1.24126e-07,65268
-2.7812e-06,4.74152e-06,65303
1.64184e-05,-2.79908e-05,65307
-1.59036e-05,2.71133e-05,65309
1.79367e-06,-3.05792e-06,65310
2.68005e-06,-4.56908e-06,65319
-1.91608e-05,3.26661e-05,65323
1.87778e-05,-3.20132e-05,65325
-2.12587e-06,3.62428e-06,65326
3.17924e-06,-5.42012e-06,65331
-3.78127e-06,6.44649e-06,65333
5.13621e-07,-8.75639e-07,65334
-3.31606e-07,5.65339e-07,65338
2.00307e-07,-3.41487e-07,65340
-1.78662e-06,3.04592e-06,65363
2.15464e-06,-3.67333e-06,65365
-3.69846e-07,6.30532e-07,65366
6.052e-07,-1.03177e-06,65370
-4.5399e-07,7.73989e-07,65372
9.63507e-07,-1.64262e-06,65379
-1.14462e-06,1.9514e-06,65381
2.17217e-07,-3.70313e-07,65382
-5.26497e-07,8.976e-07,65386
4.14641e-07,-7.069e-07,65388
6.89023e-08,-1.17473e-07,65394
-6.58119e-08,1.12197e-07,65396
2.39057e-07,-4.07554e-07,65427
-2.99583e-07,5.10744e-07,65429
5.30122e-08,-9.03714e-08,65430
-9.61488e-08,1.6392e-07,65434
7.13307e-08,-1.21604e-07,65436
-1.44279e-07,2.45974e-07,65443
1.83023e-07,-3.12021e-07,65445
-3.68634e-08,6.28484e-08,65446
1.01146e-07,-1.72435e-07,65450
-7.86422e-08,1.34076e-07,65452
-1.41596e-08,2.41431e-08,65458
1.38096e-08,-2.35437e-08,65460
6.8917e-09,-1.17489e-08,65490
-6.58877e-09,1.12385e-08,65492
-3.66995e-09,6.25693e-09,65506
3.39309e-09,-5.78098e-09,65508
-1.72534e-07,2.94143e-07,75263
1.10683e-06,-1.88696e-06,75519
-2.23178e-06,3.80484e-06,75647
4.3701e-06,-7.45036e-06,75711
-1.77368e-05,3.02386e-05,75743
1.77142e-05,-3.02e-05,75759
-4.29889e-06,7.32896e-06,75767
2.12991e-06,-3.63118e-06,75771
-1.02632e-06,1.74973e-06,75773
1.35665e-07,-2.3129e-07,75774
2.81482e-07,-4.79877e-07,76287
-2.0557e-06,3.50465e-06,76543
4.23375e-06,-7.2179e-06,76671
-8.44239e-06,1.4393e-05,76735
3.45278e-05,-5.88646e-05,76767
-3.45001e-05,5.88173e-05,76783
8.36075e-06,-1.42538e-05,76791
-4.13936e-06,7.05697e-06,76795
1.99443e-06,-3.40019e-06,76797
-2.62189e-07,4.46996e-07,76798
3.57311e-06,-6.0916e-06,77055
-7.3505e-06,1.25315e-05,77183
1.57157e-05,-2.67928e-05,77247
-7.25411e-05,0.000123671,77279
7.30346e-05,-0.000124513,77295
-1.76406e-05,3.00745e-05,77303
8.75297e-06,-1.49225e-05,77307
-4.21655e-06,7.18856e-06,77309
5.51806e-07,-9.40742e-07,77310
-6.31873e-05,0.000107725,77503
0.00034542,-0.000588887,77535
-0.000349276,0.000595462,77551
8.31814e-05,-0.000141812,77559
-4.11468e-05,7.0149e-05,77563
1.98081e-05,-3.37698e-05,77565
-2.60768e-06,4.44569e-06,77566
5.15275e-05,-8.78465e-05,77631
-0.000340758,0.000580939,77663
0.000348603,-0.000594314,77679
-8.36333e-05,0.000142582,77687
4.2565e-05,-7.25668e-05,77691
-2.0989e-05,3.57829e-05,77693
2.74268e-06,-4.67585e-06,77694
5.15485e-05,-8.78822e-05,77727
-6.40034e-05,0.000109116,77743
1.88078e-05,-3.20643e-05,77751
-1.36098e-05,2.32027e-05,77755
8.30522e-06,-1.41591e-05,77757
-1.02326e-06,1.74451e-06,77758
-1.06781e-05,1.82045e-05,77783
1.76428e-05,-3.00782e-05,77787
-1.48881e-05,2.53818e-05,77789
1.90353e-06,-3.24523e-06,77790
5.78274e-06,-9.85868e-06,77799
-1.44692e-05,2.46678e-05,77803
1.32316e-05,-2.25578e-05,77805
-1.71683e-06,2.92693e-06,77806
2.26097e-06,-3.85462e-06,77811
-2.49322e-06,4.25055e-06,77813
3.56211e-07,-6.07289e-07,77814
9.22662e-08,-1.57296e-07,77820
-1.92683e-05,3.28495e-05,79103
3.81694e-05,-6.5073e-05,79231
-8.11495e-05,0.000138347,79295
0.00037963,-0.00064721,79327
-0.000382964,0.000652895,79343
9.30339e-05,-0.000158609,79351
-4.68458e-05,7.98649e-05,79355
2.28562e-05,-3.89662e-05,79357
-3.06215e-06,5.22049e-06,79358
0.000385822,-0.000657768,79551
-0.00210862,0.00359487,79583
0.00213308,-0.00363658,79599
-0.000510377,0.000870115,79607
0.000253699,-0.000432517,79611
-0.000122395,0.000208665,79613
1.6484e-05,-2.81027e-05,79614
-0.000316163,0.000539009,79679
0.00208571,-0.00355581,79711
-0.0021343,0.00363866,79727
0.000514621,-0.00087735,79735
-0.000263942,0.000449981,79739
0.000130849,-0.000223078,79741
-1.74983e-05,2.98319e-05,79742
-0.000311057,0.000530304,79775
0.000386507,-0.000658935,79791
-0.00011458,0.000195341,79799
8.53523e-05,-0.000145512,79803
-5.30789e-05,9.04914e-05,79805
6.73435e-06,-1.1481e-05,79806
6.49345e-05,-0.000110703,79831
-0.000109244,0.000186244,79835
9.27201e-05,-0.000158073,79837
-1.2244e-05,2.08742e-05,79838
-3.51386e-05,5.99059e-05,79847
8.92619e-05,-0.000152178,79851
-8.19703e-05,0.000139747,79853
1.09953e-05,-1.87453e-05,79854
-1.40329e-05,2.3924e-05,79859
1.55335e-05,-2.64822e-05,79861
-2.29858e-06,3.91873e-06,79862
-5.87294e-07,1.00125e-06,79868
1.63737e-05,-2.79146e-05,80127
-3.14002e-05,5.35324e-05,80255
6.60897e-05,-0.000112673,80319
-0.000311952,0.000531831,80351
0.000315081,-0.000537165,80367
-7.67244e-05,0.000130803,80375
3.92914e-05,-6.69858e-05,80379
-1.95193e-05,3.32774e-05,80381
2.62057e-06,-4.46766e-06,80382
-0.000381468,0.000650344,80575
0.00209321,-0.0035686,80607
-0.00211841,0.00361157,80623
0.000508029,-0.000866111,80631
-0.000256516,0.00043732,80635
0.000125929,-0.000214689,80637
-1.70014e-05,2.89847e-05,80638
0.000316306,-0.000539253,80703
-0.00209366,0.00356937,80735
0.0021437,-0.00365469,80751
-0.000519289,0.000885308,80759
0.000274971,-0.000468784,80763
-0.000140959,0.000240313,80765
1.89186e-05,-3.22532e-05,80766
0.000313798,-0.000534977,80799
-0.000391194,0.000666926,80815
0.000119949,-0.000204495,80823
-0.00010632,0.00018126,80827
7.33069e-05,-0.000124977,80829
-9.52174e-06,1.62331e-05,80830
-8.10768e-05,0.000138224,80855
0.000194159,-0.000331011,80859
-0.000176004,0.00030006,80861
2.35638e-05,-4.01727e-05,80862
4.78629e-05,-8.15988e-05,80871
-0.000171882,0.000293032,80875
0.000164055,-0.000279688,80877
-2.21728e-05,3.78012e-05,80878
2.64825e-05,-4.51486e-05,80883
-3.04601e-05,5.19298e-05,80885
4.65418e-06,-7.93465e-06,80886
1.18341e-06,-2.01754e-06,80892
5.16489e-05,-8.80534e-05,81087
-0.000310508,0.000529369,81119
0.00031625,-0.000539158,81135
-7.87514e-05,0.000134259,81143
5.19507e-05,-8.85679e-05,81147
-3.21663e-05,5.48385e-05,81149
4.40261e-06,-7.50578e-06,81150
-5.18036e-05,8.83172e-05,81215
0.000375607,-0.000640352,81247
-0.000388017,0.00066151,81263
0.000100263,-0.000170934,81271
-7.82928e-05,0.000133477,81275
5.33785e-05,-9.1002e-05,81277
-7.30051e-06,1.24462e-05,81278
-6.82134e-05,0.000116293,81311
8.82387e-05,-0.000150433,81327
-3.86191e-05,6.58396e-05,81335
8.3681e-05,-0.000142663,81339
-7.54062e-05,0.000128556,81341
1.03127e-05,-1.75815e-05,81342
7.08366e-05,-0.000120765,81367
-0.000330723,0.000563831,81371
0.000321939,-0.000548857,81373
-4.38674e-05,7.47872e-05,81374
-5.32786e-05,9.08319e-05,81383
0.000321001,-0.000547257,81387
-0.00031787,0.000541919,81389
4.34363e-05,-7.40522e-05,81390
-4.83186e-05,8.23758e-05,81395
5.77456e-05,-9.84473e-05,81397
-9.12837e-06,1.55625e-05,81398
-2.3135e-06,3.94416e-06,81404
3.03339e-05,-5.17147e-05,81567
-6.21439e-05,0.000105946,81583
6.14486e-05,-0.00010476,81591
-0.000245203,0.000418033,81595
0.000237835,-0.000405472,81597
-3.31225e-05,5.64688e-05,81598
-0.000244256,0.000416419,81623
0.00132437,-0.00225785,81627
-0.00130353,0.00222232,81629
0.00017922,-0.000305543,81630
0.000197644,-0.000336953,81639
-0.00130718,0.00222854,81643
0.00130181,-0.00221938,81645
-0.000179322,0.000305717,81646
0.000193707,-0.00033024,81651
-0.000232782,0.000396858,81653
3.7194e-05,-6.341e-05,81654
9.37168e-06,-1.59773e-05,81660
-2.61126e-05,4.45179e-05,81695
3.85159e-05,-6.56636e-05,81711
-4.54848e-05,7.75447e-05,81719
0.000195059,-0.000332546,81723
-0.00019042,0.000324636,81725
2.65616e-05,-4.52835e-05,81726
0.000234207,-0.000399287,81751
-0.0012903,0.00219977,81755
0.00127137,-0.0021675,81757
-0.000174904,0.000298184,81758
-0.00019283,0.000328746,81767
0.00128912,-0.00219776,81771
-0.00128473,0.00219026,81773
0.000177095,-0.000301919,81774
-0.000191402,0.000326311,81779
0.000230351,-0.000392713,81781
-3.68901e-05,6.28919e-05,81782
-9.36004e-06,1.59574e-05,81788
-3.2335e-05,5.51262e-05,81815
0.000195125,-0.000332659,81819
-0.000192894,0.000328854,81821
2.64595e-05,-4.51093e-05,81822
3.20959e-05,-5.47185e-05,81831
-0.00023513,0.00040086,81835
0.000235251,-0.000401067,81837
-3.24049e-05,5.52453e-05,81838
4.05594e-05,-6.91476e-05,81843
-4.92497e-05,8.39632e-05,81845
7.98741e-06,-1.36173e-05,81846
2.27792e-06,-3.8835e-06,81852
2.31596e-05,-3.94836e-05,81877
-3.73192e-06,6.36236e-06,81878
-1.14114e-06,1.94546e-06,81884
1.0057e-05,-1.71456e-05,81891
-1.17031e-05,1.99521e-05,81893
1.81639e-06,-3.09666e-06,81894
5.58516e-07,-9.52182e-07,81900
-8.19229e-08,1.39665e-07,81908
1.582e-07,-2.69701e-07,83455
-1.08813e-06,1.8551e-06,83711
2.2246e-06,-3.7926e-06,83839
-4.44707e-06,7.58158e-06,83903
1.831e-05,-3.12157e-05,83935
-1.83239e-05,3.12394e-05,83951
4.48585e-06,-7.6477e-06,83959
-2.2515e-06,3.83847e-06,83963
1.09335e-06,-1.864e-06,83965
-1.50422e-07,2.56448e-07,83966
-2.62191e-07,4.46995e-07,84479
1.99443e-06,-3.40019e-06,84735
-4.13936e-06,7.05697e-06,84863
8.36075e-06,-1.42538e-05,84927
-3.45001e-05,5.88173e-05,84959
3.45278e-05,-5.88646e-05,84975
-8.44239e-06,1.4393e-05,84983
4.23375e-06,-7.2179e-06,84987
-2.0557e-06,3.50465e-06,84989
2.81479e-07,-4.79879e-07,84990
-3.5323e-06,6.02203e-06,85247
7.255e-06,-1.23687e-05,85375
-1.55252e-05,2.6468e-05,85439
7.17331e-05,-0.000122294,85471
-7.22867e-05,0.000123238,85487
1.76151e-05,-3.0031e-05,85495
-8.836e-06,1.5064e-05,85499
4.28106e-06,-7.29855e-06,85501
-5.83713e-07,9.95142e-07,85502
6.30609e-05,-0.000107509,85695
-0.000344767,0.000587775,85727
0.000348903,-0.000594826,85743
-8.38621e-05,0.000142972,85751
4.20153e-05,-7.16296e-05,85755
-2.03862e-05,3.47553e-05,85757
2.7959e-06,-4.76657e-06,85758
-5.14924e-05,8.77867e-05,85823
0.000340519,-0.000580532,85855
-0.000348678,0.000594443,85871
8.4544e-05,-0.000144135,85879
-4.40297e-05,7.50639e-05,85883
2.21186e-05,-3.77088e-05,85885
-3.00555e-06,5.124e-06,85886
-5.16043e-05,8.79775e-05,85919
6.42128e-05,-0.000109473,85935
-1.94024e-05,3.30781e-05,85943
1.57816e-05,-2.69052e-05,85947
-1.0353e-05,1.76503e-05,85949
1.32298e-06,-2.25548e-06,85950
1.22589e-05,-2.08996e-05,85975
-2.60599e-05,4.4428e-05,85979
2.31231e-05,-3.94214e-05,85981
-3.00555e-06,5.124e-06,85982
-7.02045e-06,1.19688e-05,85991
2.26306e-05,-3.85817e-05,85995
-2.13282e-05,3.63612e-05,85997
2.79589e-06,-4.76657e-06,85998
-3.49828e-06,5.96404e-06,86003
3.97234e-06,-6.77223e-06,86005
-5.83713e-07,9.95145e-07,86006
-1.50423e-07,2.56445e-07,86012
-4.58243e-05,7.81234e-05,87423
9.74244e-05,-0.000166094,87487
-0.000455862,0.000777174,87519
0.000460274,-0.000784697,87535
-0.000112888,0.000192457,87543
5.78374e-05,-9.86038e-05,87547
-2.85872e-05,4.87368e-05,87549
3.97234e-06,-6.77223e-06,87550
-0.000465533,0.000793662,87743
0.00254362,-0.00433648,87775
-0.00257525,0.0043904,87791
0.000621915,-0.00106027,87799
-0.000313339,0.000534195,87803
0.000152512,-0.000260009,87805
-2.13282e-05,3.63612e-05,87806
0.000381657,-0.000650667,87871
-0.00251692,0.00429096,87903
0.00257796,-0.00439502,87919
-0.000628312,0.00107118,87927
0.000330137,-0.000562833,87931
-0.000166934,0.000284597,87933
2.31231e-05,-3.94214e-05,87934
0.000375973,-0.000640976,87967
-0.000468217,0.000798238,87983
0.000142765,-0.000243392,87991
-0.000119268,0.000203333,87995
7.93852e-05,-0.00013534,87997
-1.0353e-05,1.76503e-05,87998
-8.89878e-05,0.000151711,88023
0.000188121,-0.000320717,88027
-0.000166934,0.000284597,88029
2.21186e-05,-3.77088e-05,88030
5.06176e-05,-8.62953e-05,88039
-0.000161752,0.000275763,88043
0.000152512,-0.000260009,88045
-2.03862e-05,3.47553e-05,88046
2.51739e-05,-4.29177e-05,88051
-2.85872e-05,4.87368e-05,88053
4.28106e-06,-7.29855e-06,88054
1.09336e-06,-1.864e-06,88060
-1.99244e-05,3.3968e-05,88319
3.81694e-05,-6.5073e-05,88447
-8.03302e-05,0.000136951,88511
0.000379232,-0.000646532,88543
-0.000383408,0.000653651,88559
9.43702e-05,-0.000160887,88567
-4.95958e-05,8.45533e-05,88571
2.51739e-05,-4.29177e-05,88573
-3.49829e-06,5.96404e-06,88574
0.000465753,-0.000794038,88767
-0.00255502,0.00435592,88799
0.00258818,-0.00441245,88815
-0.000627276,0.00106941,88823
0.000323735,-0.000551919,88827
-0.000161752,0.000275763,88829
2.26306e-05,-3.85817e-05,88830
-0.000386403,0.000658758,88895
0.00255678,-0.00435892,88927
-0.00262084,0.00446813,88943
0.000643322,-0.00109676,88951
-0.000354652,0.000604627,88955
0.000188121,-0.000320717,88957
-2.60599e-05,4.4428e-05,88958
-0.000384539,0.00065558,88991
0.000481061,-0.000820136,89007
-0.000154214,0.000262912,89015
0.000160884,-0.000274283,89019
-0.000119268,0.000203333,89021
1.57816e-05,-2.69052e-05,89022
0.000120755,-0.000205868,89047
-0.000354652,0.000604627,89051
0.000330137,-0.000562833,89053
-4.40298e-05,7.50639e-05,89054
-7.55961e-05,0.00012888,89063
0.000323735,-0.000551919,89067
-0.000313339,0.000534195,89069
4.20153e-05,-7.16296e-05,89070
-4.95958e-05,8.45533e-05,89075
5.78373e-05,-9.86038e-05,89077
-8.836e-06,1.5064e-05,89078
-2.2515e-06,3.83847e-06,89084
-6.34186e-05,0.000108119,89279
0.000381316,-0.000650085,89311
-0.000389412,0.000663887,89327
0.000100205,-0.000170834,89335
-7.55961e-05,0.00012888,89339
5.06176e-05,-8.62953e-05,89341
-7.02045e-06,1.19688e-05,89342
6.37685e-05,-0.000108716,89407
-0.000462352,0.000788238,89439
0.000479518,-0.000817504,89455
-0.000129969,0.000221577,89463
0.000120755,-0.000205868,89467
-8.89878e-05,0.000151711,89469
1.22589e-05,-2.08996e-05,89470
8.63499e-05,-0.000147213,89503
-0.000113747,0.00019392,89519
5.87404e-05,-0.000100143,89527
-0.000154214,0.000262912,89531
0.000142765,-0.000243392,89533
-1.94024e-05,3.30781e-05,89534
-0.000129969,0.000221577,89559
0.000643322,-0.00109676,89563
-0.000628312,0.00107118,89565
8.4544e-05,-0.000144135,89566
0.000100205,-0.000170834,89575
-0.000627276,0.00106941,89579
0.000621915,-0.00106027,89581
-8.38621e-05,0.000142972,89582
9.43702e-05,-0.000160887,89587
-0.000112888,0.000192457,89589
1.76151e-05,-3.0031e-05,89590
4.48586e-06,-7.64769e-06,89596
6.71007e-05,-0.000114396,89775
-0.000113747,0.00019392,89783
0.000481061,-0.000820136,89787
-0.000468217,0.000798238,89789
6.42128e-05,-0.000109473,89790
0.000479518,-0.000817504,89815
-0.00262084,0.00446813,89819
0.00257796,-0.00439502,89821
-0.000348678,0.000594443,89822
-0.000389412,0.000663887,89831
0.00258818,-0.00441245,89835
-0.00257525,0.0043904,89837
0.000348903,-0.000594826,89838
-0.000383408,0.000653651,89843
0.000460274,-0.000784697,89845
-7.22867e-05,0.000123238,89846
-1.83239e-05,3.12394e-05,89852
3.98522e-05,-6.79419e-05,89887
-6.21439e-05,0.000105946,89903
8.63499e-05,-0.000147213,89911
-0.000384539,0.00065558,89915
0.000375973,-0.000640976,89917
-5.16043e-05,8.79775e-05,89918
-0.000462352,0.000788238,89943
0.00255678,-0.00435892,89947
-0.00251692,0.00429096,89949
0.000340519,-0.000580532,89950
0.000381316,-0.000650085,89959
-0.00255502,0.00435592,89963
0.00254362,-0.00433648,89965
-0.000344767,0.000587775,89966
0.000379232,-0.000646532,89971
-0.000455862,0.000777174,89973
7.17331e-05,-0.000122294,89974
1.831e-05,-3.12157e-05,89980
6.37685e-05,-0.000108716,90007
-0.000386403,0.000658758,90011
0.000381657,-0.000650667,90013
-5.14924e-05,8.77867e-05,90014
-6.34186e-05,0.000108119,90023
0.000465753,-0.000794038,90027
-0.000465533,0.000793662,90029
6.30609e-05,-0.000107509,90030
-8.03302e-05,0.000136951,90035
9.74243e-05,-0.000166094,90037
-1.55252e-05,2.6468e-05,90038
-4.44707e-06,7.58158e-06,90044
7.255e-06,-1.23687e-05,90070
2.2246e-06,-3.7926e-06,90076
-1.99244e-05,3.3968e-05,90083
2.31596e-05,-3.94836e-05,90085
-3.5323e-06,6.02203e-06,90086
-1.08814e-06,1.8551e-06,90092
1.58202e-07,-2.69704e-07,90100
-1.53489e-05,2.61676e-05,91583
7.21312e-05,-0.000122973,91615
-7.30983e-05,0.000124621,91631
1.86351e-05,-3.177e-05,91639
-1.16832e-05,1.99181e-05,91643
6.89802e-06,-1.17601e-05,91645
-9.8117e-07,1.67274e-06,91646
8.10999e-05,-0.000138263,91839
-0.000443043,0.000755321,91871
0.000450138,-0.000767416,91887
-0.000113316,0.000193187,91895
6.97574e-05,-0.000118926,91899
-4.06867e-05,6.93646e-05,91901
5.83214e-06,-9.9429e-06,91902
-6.69149e-05,0.00011408,91967
0.000440909,-0.000751682,91999
-0.000454157,0.000774268,92015
0.000118667,-0.000202309,92023
-8.86425e-05,0.000151122,92027
5.8594e-05,-9.98938e-05,92029
-8.2601e-06,1.40822e-05,92030
-6.82957e-05,0.000116434,92063
8.76958e-05,-0.000149508,92079
-3.81347e-05,6.50138e-05,92087
8.09246e-05,-0.000137964,92091
-7.25458e-05,0.000123679,92093
9.87402e-06,-1.68337e-05,92094
5.96617e-05,-0.000101714,92119
-0.000276178,0.000470841,92123
0.000268566,-0.000457864,92125
-3.61598e-05,6.16469e-05,92126
-4.42327e-05,7.541e-05,92135
0.00026544,-0.000452534,92139
-0.000262711,0.000447882,92141
3.54462e-05,-6.04303e-05,92142
-4.02303e-05,6.85864e-05,92147
4.79915e-05,-8.18181e-05,92149
-7.47603e-06,1.27455e-05,92150
-1.89863e-06,3.23688e-06,92156
3.90704e-06,-6.6609e-06,92415
-7.3505e-06,1.25315e-05,92543
1.53764e-05,-2.62144e-05,92607
-7.29407e-05,0.000124353,92639
7.41206e-05,-0.000126364,92655
-1.92984e-05,3.29008e-05,92663
1.36564e-05,-2.32822e-05,92667
-8.75622e-06,1.4928e-05,92669
1.23768e-06,-2.11006e-06,92670
-9.86614e-05,0.000168203,92863
0.000541119,-0.000922525,92895
-0.000550894,0.000939189,92911
0.000141657,-0.000241503,92919
-9.7438e-05,0.000166117,92923
6.1456e-05,-0.000104773,92925
-8.75622e-06,1.4928e-05,92926
8.25207e-05,-0.000140685,92991
-0.000545616,0.000930191,93023
0.000563979,-0.000961497,93039
-0.000153231,0.000261235,93047
0.000135447,-0.000230916,93051
-9.7438e-05,0.000166117,93053
1.36565e-05,-2.32821e-05,93054
8.7205e-05,-0.000148671,93087
-0.000114207,0.000194706,93103
5.8811e-05,-0.000100264,93111
-0.000153231,0.000261235,93115
0.000141657,-0.000241503,93117
-1.92984e-05,3.29008e-05,93118
-0.000114207,0.000194706,93143
0.000563979,-0.000961497,93147
-0.000550894,0.000939189,93149
7.41206e-05,-0.000126364,93150
8.7205e-05,-0.000148671,93159
-0.000545616,0.000930191,93163
0.000541119,-0.000922525,93165
-7.29407e-05,0.000124353,93166
8.25207e-05,-0.000140685,93171
-9.86614e-05,0.000168203,93173
1.53764e-05,-2.62144e-05,93174
3.90704e-06,-6.6609e-06,93180
1.62562e-05,-2.77143e-05,93375
-9.80405e-05,0.000167144,93407
0.000103498,-0.000176448,93423
-3.77162e-05,6.43004e-05,93431
6.89527e-05,-0.000117554,93435
-6.10759e-05,0.000104125,93437
8.44609e-06,-1.43993e-05,93438
-1.68468e-05,2.87213e-05,93503
0.000122309,-0.000208519,93535
-0.000133466,0.000227538,93551
5.82974e-05,-9.9388e-05,93559
-0.000133466,0.000227538,93563
0.000122309,-0.000208519,93565
-1.68468e-05,2.87213e-05,93566
-3.26984e-05,5.57458e-05,93599
5.11587e-05,-8.72178e-05,93615
-6.19492e-05,0.000105614,93623
0.000257724,-0.000439379,93627
-0.000250248,0.000426633,93629
3.41727e-05,-5.82591e-05,93630
0.000217272,-0.000370416,93655
-0.00118406,0.00201863,93659
0.00116403,-0.00198449,93661
-0.000156666,0.000267092,93662
-0.000175005,0.000298357,93671
0.0011637,-0.00198393,93675
-0.00115758,0.00197349,93677
0.00015605,-0.000266041,93678
-0.000174943,0.000298251,93683
0.000209911,-0.000357866,93685
-3.27944e-05,5.59094e-05,93686
-8.35384e-06,1.4242e-05,93692
0.00015169,-0.000258609,93879
-0.000998468,0.00170223,93883
0.000978443,-0.00166809,93885
-0.000133703,0.000227943,93886
-0.000998188,0.00170176,93911
0.00552411,-0.00941776,93915
-0.00543654,0.00926846,93917
0.000732157,-0.00124822,93918
0.000815315,-0.00138999,93927
-0.0054605,0.00930931,93931
0.00543389,-0.00926394,93933
-0.000732969,0.0012496,93934
0.000808748,-0.00137879,93939
-0.000970921,0.00165527,93941
0.000151799,-0.000258794,93942
3.85505e-05,-6.57226e-05,93948
-4.8123e-05,8.20424e-05,93983
8.82387e-05,-0.000150433,93999
-0.000171335,0.0002921,94007
0.000810231,-0.00138132,94011
-0.000795244,0.00135577,94013
0.000108674,-0.000185272,94014
0.000977128,-0.00166585,94039
-0.00543628,0.00926803,94043
0.00535186,-0.0091241,94045
-0.000720672,0.00122863,94046
-0.0008081,0.00137769,94055
0.00543485,-0.00926559,94059
-0.00540993,0.0092231,94061
0.000729789,-0.00124418,94062
-0.000806584,0.0013751,94067
0.00096938,-0.00165264,94069
-0.00015178,0.000258761,94070
-3.88168e-05,6.61767e-05,94076
-0.000134113,0.000228641,94103
0.000818124,-0.00139478,94107
-0.000808221,0.00137789,94109
0.000108556,-0.000185071,94110
0.000133834,-0.000228167,94119
-0.000986955,0.00168261,94123
0.000986472,-0.00168178,94125
-0.000133018,0.000226775,94126
0.000170326,-0.000290379,94131
-0.000206531,0.000352104,94133
3.27519e-05,-5.58369e-05,94134
9.39334e-06,-1.60142e-05,94140
-4.70452e-06,8.02049e-06,94172
4.2364e-05,-7.2224e-05,94179
-4.92497e-05,8.39632e-05,94181
7.47573e-06,-1.2745e-05,94182
2.29818e-06,-3.91804e-06,94188
-3.32106e-07,5.66191e-07,94196
-0.000492383,0.000839438,95703
0.00471989,-0.00804669,95707
-0.00464674,0.00792197,95709
0.000628384,-0.0010713,95710
0.000692887,-0.00118127,95719
-0.00465124,0.00792964,95723
0.00463115,-0.0078954,95725
-0.000627289,0.00106943,95726
0.000699071,-0.00119181,95731
-0.00083961,0.00143141,95733
0.000131865,-0.000224809,95734
3.35472e-05,-5.71929e-05,95740
0.00333724,-0.00568948,95931
-0.00463187,0.00789662,95933
0.000635698,-0.00108377,95934
-0.0261777,0.0446289,95963
0.0257765,-0.043945,95965
-0.0034864,0.00594378,95966
-0.00385901,0.00657901,95975
0.0258814,-0.0441239,95979
-0.0257675,0.0439296,95981
0.00349083,-0.00595133,95982
-0.00383361,0.00653572,95987
0.00460455,-0.00785005,95989
-0.000723177,0.00123291,95990
-0.000183356,0.000312594,95996
0.000205182,-0.000349803,96031
-0.000391194,0.000666926,96047
0.000808557,-0.00137847,96055
-0.00386008,0.00658083,96059
0.00379262,-0.00646583,96061
-0.000520489,0.000887353,96062
0.0258828,-0.0441261,96091
-0.0254926,0.043461,96093
0.00344742,-0.00587731,96094
0.00384419,-0.00655375,96103
-0.025874,0.0441112,96107
0.0257665,-0.0439279,96109
-0.00349075,0.0059512,96110
0.00384039,-0.00654727,96115
-0.00461752,0.00787217,96117
0.000726217,-0.00123809,96118
0.000185431,-0.000316131,96124
-0.00383784,0.00654293,96155
0.00379317,-0.00646677,96157
-0.000511658,0.000872299,96158
-0.000627406,0.00106963,96167
0.00463029,-0.00789392,96171
-0.00463006,0.00789354,96173
0.000627018,-0.00106897,96174
-0.000799098,0.00136234,96179
0.00096938,-0.00165264,96181
-0.000154423,0.000263268,96182
-4.42604e-05,7.54571e-05,96188
2.21292e-05,-3.77269e-05,96220
-0.000198141,0.000337799,96227
0.000230351,-0.000392713,96229
-3.51089e-05,5.98553e-05,96230
-1.08192e-05,1.84451e-05,96236
1.57532e-06,-2.68569e-06,96244
6.20893e-06,-1.05853e-05,96447
-3.82408e-05,6.51947e-05,96479
5.12343e-05,-8.73467e-05,96495
-5.49348e-05,9.36553e-05,96503
0.000203568,-0.000347052,96507
-0.000196405,0.00033484,96509
2.71033e-05,-4.6207e-05,96510
-7.30051e-06,1.24462e-05,96575
5.33785e-05,-9.1002e-05,96607
-7.82928e-05,0.000133477,96623
0.000100263,-0.000170934,96631
-0.000388017,0.00066151,96635
0.000375607,-0.000640352,96637
-5.18036e-05,8.83172e-05,96638
-4.47474e-05,7.62874e-05,96671
8.76958e-05,-0.000149508,96687
-0.000173656,0.000296057,96695
0.000803905,-0.00137053,96699
-0.000787454,0.00134249,96701
0.000108139,-0.000184361,96702
-0.00383997,0.00654656,96731
0.00378097,-0.00644597,96733
-0.000511583,0.000872171,96734
-0.000563856,0.000961288,96743
0.00378849,-0.0064588,96747
-0.0037725,0.00643152,96749
0.000511269,-0.000871634,96750
-0.000569378,0.000970702,96755
0.000683927,-0.00116599,96757
-0.000107485,0.000183246,96758
-2.73544e-05,4.6635e-05,96764
0.0032149,-0.00548092,96957
-0.000624302,0.00106434,96958
0.0258033,-0.0439906,96987
-0.0254094,0.0433191,96989
0.00343846,-0.00586205,96990
0.00380428,-0.00648571,96999
-0.0255179,0.0435041,97003
0.0254069,-0.0433149,97005
-0.00344373,0.00587103,97006
0.00377915,-0.00644286,97011
-0.00453944,0.00773904,97013
0.000713353,-0.00121616,97014
0.000180866,-0.000308348,97020
-0.000202331,0.000344943,97055
0.000386507,-0.000658935,97071
-0.000802273,0.00136775,97079
0.00383404,-0.00653644,97083
-0.00376753,0.00642305,97085
0.000517302,-0.000881919,97086
-0.0258009,0.0439865,97115
0.0254135,-0.0433261,97117
-0.00343841,0.00586197,97118
-0.00383249,0.00653381,97127
0.0257987,-0.0439828,97131
-0.0256929,0.0438024,97133
0.00348254,-0.0059372,97134
-0.00382931,0.00652839,97139
0.00460455,-0.00785005,97141
-0.000724607,0.00123534,97142
-0.000185069,0.000315515,97148
0.00383358,-0.00653566,97179
-0.00378931,0.00646018,97181
0.000511404,-0.000871865,97182
0.000627018,-0.00106897,97191
-0.00463006,0.00789354,97195
0.00463029,-0.00789392,97197
-0.000627406,0.00106963,97198
0.000800219,-0.00136425,97203
-0.000970921,0.00165527,97205
0.000154828,-0.000263957,97206
4.45411e-05,-7.59357e-05,97212
-2.30749e-05,3.93392e-05,97244
0.000199958,-0.000340898,97251
-0.000232782,0.000396858,97253
3.56816e-05,-6.08316e-05,97254
1.16424e-05,-1.98485e-05,97260
-1.69231e-06,2.88512e-06,97268
6.06116e-05,-0.000103333,97470
-0.00388216,0.00661849,97499
0.00382313,-0.00651784,97501
-0.000517316,0.000881944,97502
-0.000574077,0.000978713,97511
0.00385257,-0.00656804,97515
-0.00383592,0.00653965,97517
0.00051993,-0.000886401,97518
-0.000569203,0.000970403,97523
0.000683927,-0.00116599,97525
-0.000107543,0.000183344,97526
-2.73905e-05,4.66965e-05,97532
3.40414e-05,-5.80354e-05,97567
-6.40034e-05,0.000109116,97583
0.000132264,-0.000225489,97591
-0.000634959,0.00108251,97595
0.000624278,-0.0010643,97597
-8.57133e-05,0.000146128,97598
0.00468428,-0.00798597,97627
-0.00461434,0.00786675,97629
0.000624278,-0.0010643,97630
0.000697958,-0.00118991,97639
-0.00470319,0.00801822,97643
0.00468428,-0.00798597,97645
-0.000634959,0.00108251,97646
0.000697958,-0.00118991,97651
-0.00083961,0.00143141,97653
0.000132264,-0.000225489,97654
3.40414e-05,-5.80354e-05,97660
-0.000809511,0.00138009,97691
0.000800455,-0.00136465,97693
-0.000108065,0.000184234,97694
-0.000133018,0.000226775,97703
0.000986472,-0.00168178,97707
-0.000986955,0.00168261,97709
0.000133834,-0.000228167,97710
-0.00017278,0.000294564,97715
0.000209911,-0.000357866,97717
-3.36644e-05,5.73925e-05,97718
-1.01518e-05,1.73072e-05,97724
7.98892e-06,-1.36199e-05,97756
-4.88361e-05,8.3258e-05,97763
5.77456e-05,-9.84473e-05,97765
-9.42564e-06,1.60693e-05,97766
-5.18998e-06,8.84812e-06,97772
7.46602e-07,-1.27284e-06,97780
-1.23964e-05,2.1134e-05,98012
2.50509e-05,-4.27079e-05,98019
-3.04601e-05,5.19298e-05,98021
6.70944e-06,-1.14386e-05,98022
1.09973e-05,-1.87488e-05,98028
-1.6923e-06,2.88512e-06,98036
-0.000201362,0.000343291,98075
0.000198921,-0.000339129,98077
-2.69905e-05,4.60147e-05,98078
-3.24049e-05,5.52453e-05,98087
0.000235251,-0.000401067,98091
-0.00023513,0.00040086,98093
3.20959e-05,-5.47185e-05,98094
-3.94915e-05,6.73269e-05,98099
4.79915e-05,-8.18181e-05,98101
-8.03751e-06,1.37027e-05,98102
-3.50293e-06,5.97197e-06,98108
1.06308e-05,-1.81239e-05,98140
-1.25046e-05,2.13185e-05,98147
1.55335e-05,-2.64822e-05,98149
-4.33365e-06,7.3882e-06,98150
-1.00677e-05,1.71639e-05,98156
1.57532e-06,-2.68568e-06,98164
-1.65172e-06,2.81594e-06,98204
1.88579e-06,-3.21498e-06,98211
-2.49322e-06,4.25055e-06,98213
7.31864e-07,-1.24772e-06,98214
1.88579e-06,-3.21498e-06,98220
-3.32107e-07,5.66189e-07,98228
-8.19214e-08,1.39665e-07,98276
0.0592932,-0.101086,112347
-0.143609,0.24483,112349
0.0212938,-0.0363026,112350
0.0214139,-0.0365074,112359
0.143573,-0.244769,112365
-0.0213324,0.0363685,112366
-0.0256929,0.0438024,112373
0.00443916,-0.00756809,112374
0.00110021,-0.00187568,112380
-0.00111842,0.00190674,112415
0.0021437,-0.00365469,112431
-0.00447756,0.00763354,112439
-0.0211302,0.0360238,112445
0.00317892,-0.00541957,112446
0.142032,-0.242143,112477
-0.0210564,0.0358978,112478
-0.0213342,0.0363715,112487
-0.143572,0.244768,112493
0.0213326,-0.0363688,112494
0.0257665,-0.0439279,112501
-0.0044582,0.00760054,112502
-0.00111339,0.00189816,112508
-0.0211332,0.0360289,112541
0.00312555,-0.00532858,112542
0.00348254,-0.0059372,112551
0.0257987,-0.0439828,112557
-0.00383249,0.00653381,112558
-0.00540993,0.0092231,112565
0.000948531,-0.0016171,112566
0.000267776,-0.000456516,112572
-0.000135178,0.000230458,112604
-0.00128473,0.00219026,112613
0.000215417,-0.000367253,112614
6.65026e-05,-0.000113377,112620
-1.00677e-05,1.71639e-05,112628
8.09614e-05,-0.000138027,112863
-0.000150995,0.000257423,112879
0.000273399,-0.000466103,112887
0.00109159,-0.00186099,112893
-0.000164969,0.000281247,112894
1.89186e-05,-3.22532e-05,112959
-0.000140959,0.000240313,112991
0.000274971,-0.000468784,113007
-0.000519289,0.000885308,113015
-0.00209366,0.00356937,113021
0.000316306,-0.000539253,113022
0.000222112,-0.000378667,113055
-0.000454157,0.000774268,113071
0.000957945,-0.00163315,113079
0.00440719,-0.00751357,113085
-0.000663285,0.0011308,113086
-0.0211734,0.0360974,113117
0.00313974,-0.00535278,113118
0.00314339,-0.00535899,113127
0.0211288,-0.0360213,113133
-0.00313961,0.00535255,113134
-0.00383592,0.00653965,113141
0.000663003,-0.00113032,113142
0.000165019,-0.000281333,113148
0.100408,-0.171181,113373
-0.0210564,0.0358979,113374
-0.021178,0.0361052,113383
-0.141998,0.242085,113389
0.0210998,-0.035972,113390
0.0254069,-0.0433149,113397
-0.00439022,0.00748465,113398
-0.00108832,0.00185541,113404
0.00111421,-0.00189955,113439
-0.0021343,0.00363866,113455
0.004459,-0.00760191,113463
0.0210527,-0.0358915,113469
-0.00316744,0.0054,113470
-0.141999,0.242086,113501
0.0210527,-0.0358915,113502
0.0213326,-0.0363688,113511
0.143573,-0.244769,113517
-0.0213342,0.0363715,113518
-0.0257675,0.0439296,113525
0.004459,-0.00760191,113526
0.00111421,-0.00189955,113532
0.0211726,-0.036096,113565
-0.00313164,0.00533896,113566
-0.00349075,0.0059512,113575
-0.025874,0.0441112,113581
0.00384419,-0.00655375,113582
0.00543389,-0.00926394,113589
-0.000953311,0.00162525,113590
-0.000270417,0.00046102,113596
0.000142309,-0.000242614,113628
0.00130181,-0.00221938,113637
-0.000219535,0.000374274,113638
-7.2707e-05,0.000123954,113644
1.09973e-05,-1.87488e-05,113652
0.00220767,-0.00376373,113886
0.00314957,-0.00536953,113895
0.0211288,-0.0360213,113901
-0.00313955,0.00535246,113902
-0.0037725,0.00643152,113909
0.000652292,-0.00111206,113910
0.000162568,-0.000277153,113916
-0.000185069,0.000315515,113951
0.000348603,-0.000594314,113967
-0.000724607,0.00123534,113975
-0.00343841,0.00586197,113981
0.000517302,-0.000881919,113982
0.0254135,-0.0433261,114013
-0.00376753,0.00642305,114014
-0.00382931,0.00652839,114023
-0.0258009,0.0439865,114029
0.00383404,-0.00653644,114030
0.00463115,-0.0078954,114037
-0.000802273,0.00136775,114038
-0.000202331,0.000344943,114044
-0.00440748,0.00751408,114077
0.000652125,-0.00111177,114078
0.000729789,-0.00124418,114087
0.00543485,-0.00926559,114093
-0.0008081,0.00137769,114094
-0.00115758,0.00197349,114101
0.000204322,-0.000348338,114102
6.13894e-05,-0.00010466,114108
-5.12548e-05,8.73816e-05,114140
-0.00031787,0.000541919,114149
5.73504e-05,-9.77736e-05,114150
3.44511e-05,-5.87339e-05,114156
-5.18998e-06,8.84812e-06,114164
0.000164055,-0.000279688,114405
-3.99269e-05,6.80692e-05,114406
-7.2707e-05,0.000123954,114412
1.16424e-05,-1.98485e-05,114420
-0.0010912,0.00186032,114461
0.000162195,-0.000276517,114462
0.000177095,-0.000301919,114471
0.00128912,-0.00219776,114477
-0.00019283,0.000328746,114478
-0.000262711,0.000447882,114485
4.83474e-05,-8.2425e-05,114486
2.17694e-05,-3.71135e-05,114492
-6.96769e-05,0.000118788,114524
-8.19703e-05,0.000139747,114533
2.54587e-05,-4.34032e-05,114534
6.65026e-05,-0.000113377,114540
-1.08192e-05,1.84451e-05,114548
1.08715e-05,-1.85342e-05,114588
1.32316e-05,-2.25578e-05,114597
-4.33365e-06,7.3882e-06,114598
-1.25046e-05,2.13185e-05,114604
2.29818e-06,-3.91804e-06,114612
5.58516e-07,-9.52183e-07,114660
-2.12023e-05,3.61467e-05,116543
0.000137937,-0.000235161,116575
-0.000150995,0.000257423,116591
6.83639e-05,-0.00011655,116599
0.000137937,-0.000235161,116605
-2.12023e-05,3.61467e-05,116606
-3.21062e-05,5.47361e-05,116639
5.12343e-05,-8.73467e-05,116655
-6.54596e-05,0.000111599,116663
-0.0002667,0.000454682,116669
4.02883e-05,-6.86853e-05,116670
0.00110487,-0.00188363,116701
-0.000164357,0.000280203,116702
-0.00016412,0.0002798,116711
-0.0010912,0.00186032,116717
0.000162647,-0.000277287,116718
0.000198921,-0.000339129,116725
-3.4465e-05,5.87576e-05,116726
-8.53766e-06,1.45554e-05,116732
1.18341e-06,-2.01754e-06,116991
-2.23178e-06,3.80484e-06,117119
4.65418e-06,-7.93465e-06,117183
-2.21728e-05,3.78012e-05,117215
2.35638e-05,-4.01727e-05,117231
-9.52174e-06,1.62331e-05,117239
-1.70014e-05,2.89847e-05,117245
2.62056e-06,-4.46766e-06,117246
-0.000176004,0.00030006,117487
7.33069e-05,-0.000124977,117495
0.000125929,-0.000214689,117501
-1.95193e-05,3.32774e-05,117502
2.64825e-05,-4.51486e-05,117567
-0.000171882,0.000293032,117599
0.000194159,-0.000331011,117615
-0.00010632,0.00018126,117623
-0.000256516,0.00043732,117629
3.92914e-05,-6.69858e-05,117630
4.78629e-05,-8.15988e-05,117663
-8.10768e-05,0.000138223,117679
0.000119949,-0.000204495,117687
0.000508029,-0.000866111,117693
-7.67244e-05,0.000130803,117694
-0.00211841,0.00361157,117725
0.000315081,-0.000537165,117726
0.000313798,-0.000534977,117735
0.00209321,-0.0035686,117741
-0.000311952,0.000531831,117742
-0.000381468,0.000650344,117749
6.60897e-05,-0.000112673,117750
1.63737e-05,-2.79146e-05,117756
5.48672e-05,-9.35402e-05,117999
-6.13209e-05,0.000104543,118007
-0.000214647,0.000365941,118013
3.26295e-05,-5.56282e-05,118014
-8.26009e-06,1.40822e-05,118079
5.8594e-05,-9.98938e-05,118111
-8.86425e-05,0.000151122,118127
0.000118667,-0.000202309,118135
0.000440909,-0.000751682,118141
-6.69149e-05,0.00011408,118142
-5.22372e-05,8.90564e-05,118175
0.000103498,-0.000176448,118191
-0.00020723,0.000353295,118199
-0.000942199,0.0016063,118205
0.000142219,-0.000242461,118206
0.00442759,-0.00754835,118237
-0.000658443,0.00112254,118238
-0.000656488,0.00111921,118247
-0.00440748,0.00751408,118253
0.000656809,-0.00111976,118254
0.000800455,-0.00136465,118261
-0.000138751,0.000236549,118262
-3.4465e-05,5.87576e-05,118268
0.00223264,-0.00380631,118503
0.0211726,-0.036096,118509
-0.00315536,0.0053794,118510
-0.00378931,0.00646018,118517
0.000656809,-0.00111976,118518
0.000162647,-0.000277287,118524
-0.000165544,0.000282227,118559
0.00031625,-0.000539158,118575
-0.000657651,0.00112119,118583
-0.00310231,0.00528895,118589
0.000468126,-0.000798082,118590
0.0209028,-0.035636,118621
-0.00310812,0.00529887,118622
-0.00313955,0.00535246,118631
-0.0211332,0.0360289,118637
0.00314957,-0.00536953,118638
0.00379317,-0.00646677,118645
-0.000658443,0.00112254,118646
-0.000164357,0.000280203,118652
-0.00315564,0.00537987,118685
0.000468126,-0.000798082,118686
0.00051993,-0.000886401,118695
0.00385257,-0.00656804,118701
-0.000574077,0.000978713,118702
-0.000808221,0.00137789,118709
0.000142219,-0.000242461,118710
4.02883e-05,-6.86853e-05,118716
-0.000192894,0.000328854,118757
3.26295e-05,-5.56282e-05,118758
1.08715e-05,-1.85342e-05,118764
-1.65173e-06,2.81594e-06,118772
-0.0811222,0.138301,120669
0.0209028,-0.035636,120670
0.0210998,-0.035972,120679
0.142032,-0.242143,120685
-0.021178,0.0361052,120686
-0.0254926,0.043461,120693
0.00442759,-0.00754835,120694
0.00110487,-0.00188363,120700
-0.00310231,0.00528895,120734
-0.00344373,0.00587103,120743
-0.0255179,0.0435041,120749
0.00380428,-0.00648571,120750
0.00535186,-0.0091241,120757
-0.000942199,0.0016063,120758
-0.0002667,0.000454682,120764
0.00127137,-0.0021675,120805
-0.000214647,0.000365941,120806
-6.96769e-05,0.000118788,120812
1.06308e-05,-1.81239e-05,120820
0.000142309,-0.000242614,121071
-0.000270417,0.00046102,121079
-0.00108832,0.00185541,121085
0.000165019,-0.000281333,121086
-1.74983e-05,2.98319e-05,121151
0.00013085,-0.000223078,121183
-0.000263942,0.000449981,121199
0.000514621,-0.00087735,121207
0.00208571,-0.00355581,121213
-0.000316163,0.000539009,121214
-0.000219535,0.000374274,121247
0.000450138,-0.000767416,121263
-0.000953311,0.00162525,121271
-0.00439022,0.00748465,121277
0.000663003,-0.00113032,121278
-0.00313961,0.00535255,121310
-0.00313164,0.00533896,121319
-0.0210564,0.0358979,121325
0.00313974,-0.00535278,121326
0.00382313,-0.00651784,121333
-0.000663285,0.0011308,121334
-0.000164969,0.000281247,121340
0.100408,-0.171181,121581
-0.0211734,0.0360974,121582
-0.0254094,0.0433191,121589
0.00440719,-0.00751357,121590
0.00109159,-0.00186099,121596
-0.00111339,0.00189816,121631
0.00213308,-0.00363658,121647
-0.0044582,0.00760054,121655
-0.0210564,0.0358978,121661
0.00317892,-0.00541957,121662
-0.0211302,0.0360238,121694
-0.0213324,0.0363685,121703
-0.143609,0.24483,121709
0.0214139,-0.0365074,121710
0.0257765,-0.043945,121717
-0.00447756,0.00763354,121718
-0.00111842,0.00190674,121724
0.00314339,-0.00535899,121758
0.00349083,-0.00595133,121767
0.0258814,-0.0441239,121773
-0.00385901,0.00657901,121774
-0.00543654,0.00926846,121781
0.000957945,-0.00163315,121782
0.000273399,-0.000466103,121788
-0.00130353,0.00222232,121829
0.000222112,-0.000378667,121830
8.09614e-05,-0.000138027,121836
-1.23964e-05,2.1134e-05,121844
0.00223264,-0.00380631,122094
0.00378097,-0.00644597,122101
-0.000656488,0.00111921,122102
-0.00016412,0.0002798,122108
0.000185431,-0.000316131,122143
-0.000349276,0.000595462,122159
0.000726217,-0.00123809,122167
0.00344742,-0.00587731,122173
-0.000520489,0.000887353,122174
0.00379262,-0.00646583,122206
0.00384039,-0.00654727,122215
0.0258828,-0.0441261,122221
-0.00386008,0.00658083,122222
-0.00464674,0.00792197,122229
0.000808557,-0.00137847,122230
0.000205182,-0.000349803,122236
-0.000657651,0.00112119,122270
-0.000732969,0.0012496,122279
-0.0054605,0.00930931,122285
0.000815315,-0.00138999,122286
0.00116403,-0.00198449,122293
-0.00020723,0.000353295,122294
-6.54596e-05,0.000111599,122300
0.000321939,-0.000548857,122341
-6.13209e-05,0.000104543,122342
-5.12548e-05,8.73816e-05,122348
7.98892e-06,-1.36199e-05,122356
-2.30749e-05,3.93392e-05,122612
-0.000165544,0.000282227,122654
-0.000179322,0.000305717,122663
-0.00130718,0.00222854,122669
0.000197644,-0.000336953,122670
0.000268566,-0.000457864,122677
-5.22372e-05,8.90564e-05,122678
-3.21062e-05,5.47361e-05,122684
9.27201e-05,-0.000158073,122725
-3.99269e-05,6.80692e-05,122726
-0.000135178,0.000230458,122732
2.21292e-05,-3.77269e-05,122740
-1.48881e-05,2.53818e-05,122789
6.70944e-06,-1.14386e-05,122790
2.50509e-05,-4.27079e-05,122796
-4.70453e-06,8.02048e-06,122804
-1.14114e-06,1.94546e-06,122852
0.000265304,-0.000452303,124830
0.000511269,-0.000871634,124839
0.00378849,-0.0064588,124845
-0.000563856,0.000961288,124846
-0.000795244,0.00135577,124853
0.000140462,-0.000239466,124854
4.24159e-05,-7.23125e-05,124860
-0.00019042,0.000324636,124901
3.41413e-05,-5.82057e-05,124902
2.17694e-05,-3.71135e-05,124908
-3.50293e-06,5.97196e-06,124916
4.45411e-05,-7.59357e-05,125175
0.000180866,-0.000308348,125181
-2.73544e-05,4.6635e-05,125182
2.74268e-06,-4.67585e-06,125247
-2.0989e-05,3.57829e-05,125279
4.2565e-05,-7.25668e-05,125295
-8.36333e-05,0.000142582,125303
-0.000340758,0.000580939,125309
5.15275e-05,-8.78465e-05,125310
3.56816e-05,-6.08316e-05,125343
-7.30983e-05,0.000124621,125359
0.000154828,-0.000263957,125367
0.000713353,-0.00121616,125373
-0.000107485,0.000183246,125374
0.000511404,-0.000871865,125415
0.00343846,-0.00586205,125421
-0.000511583,0.000872171,125422
-0.000624302,0.00106434,125429
0.000108139,-0.000184361,125430
2.71033e-05,-4.6207e-05,125436
0.0032149,-0.00548092,125685
-0.000787454,0.00134249,125686
-0.000196405,0.00033484,125692
0.000199958,-0.000340898,125727
-0.000382964,0.000652895,125743
0.000800219,-0.00136425,125751
0.00377915,-0.00644286,125757
-0.000569378,0.000970702,125758
0.00383358,-0.00653566,125799
0.0258033,-0.0439906,125805
-0.00383997,0.00654656,125806
-0.00463187,0.00789662,125813
0.000803905,-0.00137053,125814
0.000203568,-0.000347052,125820
-0.000627289,0.00106943,125863
-0.00465124,0.00792964,125869
0.000692887,-0.00118127,125870
0.000978443,-0.00166809,125877
-0.000173656,0.000296057,125878
-5.49348e-05,9.36553e-05,125884
0.000237835,-0.000405473,125925
-4.47474e-05,7.62874e-05,125926
-3.82408e-05,6.51947e-05,125932
6.20892e-06,-1.05853e-05,125940
9.70718e-05,-0.000165492,126198
3.65749e-05,-6.23546e-05,126204
-3.88168e-05,6.61767e-05,126239
7.30346e-05,-0.000124513,126255
-0.00015178,0.000258761,126263
-0.000720672,0.00122863,126269
0.000108674,-0.000185272,126270
-0.000806584,0.0013751,126311
-0.00543628,0.00926803,126317
0.000810231,-0.00138132,126318
0.000977128,-0.00166585,126325
-0.000171335,0.0002921,126326
-4.8123e-05,8.20424e-05,126332
0.00015605,-0.000266041,126375
0.0011637,-0.00198393,126381
-0.000175005,0.000298357,126382
-0.000250248,0.000426634,126389
4.73984e-05,-8.0807e-05,126390
2.47765e-05,-4.22402e-05,126396
-7.54062e-05,0.000128556,126437
2.33637e-05,-3.98315e-05,126438
6.13894e-05,-0.00010466,126444
-1.01518e-05,1.73072e-05,126452
4.34363e-05,-7.40522e-05,126759
0.000321001,-0.000547257,126765
-5.32786e-05,9.08319e-05,126766
-7.25458e-05,0.000123679,126773
2.29918e-05,-3.91974e-05,126774
4.24159e-05,-7.23125e-05,126780
-5.30789e-05,9.04914e-05,126821
5.73504e-05,-9.77736e-05,126822
0.000267776,-0.000456516,126828
-4.42604e-05,7.54571e-05,126836
8.30522e-06,-1.41591e-05,126885
-9.42565e-06,1.60693e-05,126886
-4.88361e-05,8.3258e-05,126892
9.39334e-06,-1.60142e-05,126900
2.27792e-06,-3.8835e-06,126948
-9.36004e-06,1.59574e-05,128996
1.18473e-05,-2.01979e-05,129276
1.77142e-05,-3.02001e-05,129327
-3.68901e-05,6.28919e-05,129335
-0.000174904,0.000298184,129341
2.65616e-05,-4.52835e-05,129342
-0.000191402,0.000326311,129383
-0.0012903,0.00219977,129389
0.000195059,-0.000332546,129390
0.000234207,-0.000399287,129397
-4.54848e-05,7.75447e-05,129398
-2.61126e-05,4.45179e-05,129404
3.54462e-05,-6.04303e-05,129447
0.00026544,-0.000452534,129453
-4.42327e-05,7.541e-05,129454
-6.10759e-05,0.000104125,129461
1.96172e-05,-3.34443e-05,129462
3.65749e-05,-6.23546e-05,129468
-3.21663e-05,5.48385e-05,129509
3.41413e-05,-5.82057e-05,129510
0.000162568,-0.000277153,129516
-2.73905e-05,4.66965e-05,129524
1.09953e-05,-1.87453e-05,129831
8.92619e-05,-0.000152178,129837
-3.51386e-05,5.99059e-05,129838
-4.06867e-05,6.93646e-05,129845
4.83475e-05,-8.2425e-05,129846
0.000162195,-0.000276517,129852
-0.000122396,0.000208665,129893
0.000215417,-0.000367253,129894
0.00110021,-0.00187568,129900
-0.000183356,0.000312594,129908
1.98081e-05,-3.37698e-05,129957
-3.51089e-05,5.98553e-05,129958
-0.000198141,0.000337799,129964
3.85505e-05,-6.57226e-05,129972
9.37168e-06,-1.59773e-05,130020
-1.71683e-06,2.92693e-06,130343
-1.44692e-05,2.46678e-05,130349
5.78274e-06,-9.85868e-06,130350
6.89802e-06,-1.17601e-05,130357
-8.03751e-06,1.37027e-05,130358
-2.69905e-05,4.60147e-05,130364
2.28562e-05,-3.89662e-05,130405
-3.94915e-05,6.73269e-05,130406
-0.000201362,0.000343291,130412
3.35472e-05,-5.71929e-05,130420
-4.21655e-06,7.18856e-06,130469
7.47573e-06,-1.2745e-05,130470
4.2364e-05,-7.2224e-05,130476
-8.35385e-06,1.4242e-05,130484
-2.31349e-06,3.94415e-06,130532
-1.02633e-06,1.74973e-06,130853
1.81639e-06,-3.09666e-06,130854
1.0057e-05,-1.71456e-05,130860
-1.89863e-06,3.23688e-06,130868
-5.87294e-07,1.00125e-06,130916
9.22639e-08,-1.57296e-07,130980
1.35666e-07,-2.31287e-07,150015
2.12992e-06,-3.63118e-06,150399
-4.29889e-06,7.32895e-06,150463
-1.77368e-05,3.02386e-05,150511
4.3701e-06,-7.45036e-06,150519
1.10682e-06,-1.88696e-06,150525
-1.72532e-07,2.94142e-07,150526
-3.73192e-06,6.36236e-06,150911
7.98742e-06,-1.36173e-05,150975
3.7194e-05,-6.341e-05,151023
-9.12836e-06,1.55625e-05,151031
-2.29858e-06,3.91873e-06,151037
3.56214e-07,-6.07284e-07,151038
2.64595e-05,-4.51093e-05,151359
0.00017922,-0.000305543,151407
-4.38674e-05,7.47872e-05,151415
-1.2244e-05,2.08742e-05,151421
1.90353e-06,-3.24523e-06,151422
-3.31225e-05,5.64688e-05,151471
1.03127e-05,-1.75815e-05,151479
6.73435e-06,-1.1481e-05,151485
-1.02326e-06,1.7445e-06,151486
4.40262e-06,-7.50578e-06,151527
1.6484e-05,-2.81027e-05,151533
-2.60768e-06,4.44569e-06,151534
-3.06215e-06,5.2205e-06,151541
5.51804e-07,-9.40743e-07,151542
-1.92683e-05,3.28495e-05,153983
4.05594e-05,-6.91476e-05,154047
0.000193707,-0.00033024,154095
-4.83186e-05,8.23758e-05,154103
-1.40329e-05,2.3924e-05,154109
2.26098e-06,-3.85462e-06,154110
0.000195125,-0.000332659,154431
0.00132437,-0.00225785,154479
-0.000330723,0.000563831,154487
-0.000109244,0.000186244,154493
1.76428e-05,-3.00782e-05,154494
-0.000245203,0.000418033,154543
8.3681e-05,-0.000142663,154551
8.53523e-05,-0.000145512,154557
-1.36098e-05,2.32027e-05,154558
5.19507e-05,-8.85679e-05,154599
0.000253699,-0.000432517,154605
-4.11468e-05,7.0149e-05,154606
-4.68458e-05,7.98649e-05,154613
8.75298e-06,-1.49225e-05,154614
-3.2335e-05,5.51262e-05,154943
-0.000244256,0.000416419,154991
7.08366e-05,-0.000120765,154999
6.49345e-05,-0.000110703,155005
-1.06781e-05,1.82045e-05,155006
6.14486e-05,-0.00010476,155055
-3.86191e-05,6.58396e-05,155063
-0.00011458,0.000195341,155069
1.88078e-05,-3.20643e-05,155070
-7.87514e-05,0.000134259,155111
-0.000510377,0.000870115,155117
8.31814e-05,-0.000141812,155118
9.30339e-05,-0.000158609,155125
-1.76406e-05,3.00745e-05,155126
3.03339e-05,-5.17147e-05,155439
-6.82134e-05,0.000116293,155447
-0.000311057,0.000530304,155453
5.15485e-05,-8.78822e-05,155454
-0.000310508,0.000529369,155495
-0.00210862,0.00359487,155501
0.00034542,-0.000588887,155502
0.00037963,-0.00064721,155509
-7.25411e-05,0.000123671,155510
5.16489e-05,-8.80534e-05,155559
0.000385822,-0.000657768,155565
-6.31873e-05,0.000107725,155566
-8.11495e-05,0.000138347,155573
1.57157e-05,-2.67928e-05,155574
3.57311e-06,-6.0916e-06,155622
-7.47603e-06,1.27455e-05,158143
-3.61598e-05,6.16469e-05,158191
9.87402e-06,-1.68337e-05,158199
5.83214e-06,-9.94291e-06,158205
-9.8117e-07,1.67275e-06,158206
-4.02303e-05,6.85864e-05,158527
-0.000276178,0.000470841,158575
8.09246e-05,-0.000137964,158583
6.97574e-05,-0.000118926,158589
-1.16832e-05,1.99181e-05,158590
5.96617e-05,-0.000101714,158639
-3.81347e-05,6.50138e-05,158647
-0.000113316,0.000193187,158653
1.86351e-05,-3.177e-05,158654
-6.82957e-05,0.000116434,158695
-0.000443043,0.000755321,158701
7.21312e-05,-0.000122973,158702
8.10999e-05,-0.000138263,158709
-1.53489e-05,2.61676e-05,158710
8.44609e-06,-1.43993e-05,159039
6.89527e-05,-0.000117554,159087
-3.77162e-05,6.43004e-05,159095
-9.80405e-05,0.000167144,159101
1.62562e-05,-2.77143e-05,159102
-3.26984e-05,5.57458e-05,159151
4.73984e-05,-8.0807e-05,159159
0.000204322,-0.000348338,159165
-3.36644e-05,5.73926e-05,159166
0.000140462,-0.000239466,159207
0.000948531,-0.0016171,159213
-0.000154423,0.000263268,159214
-0.00017278,0.000294564,159221
3.27519e-05,-5.58369e-05,159222
9.70718e-05,-0.000165492,159543
0.000652292,-0.00111206,159549
-0.000107543,0.000183344,159550
0.000652125,-0.00111177,159591
0.00443916,-0.00756809,159597
-0.000723177,0.00123291,159598
-0.000799098,0.00136234,159605
0.000151799,-0.000258794,159606
-0.000108065,0.000184234,159655
-0.000809511,0.00138009,159661
0.000131865,-0.000224809,159662
0.000170326,-0.000290379,159669
-3.27944e-05,5.59094e-05,159670
0.000265304,-0.000452303,162279
0.00312555,-0.00532858,162285
-0.000511658,0.000872299,162286
-0.000569203,0.000970403,162293
0.000108556,-0.000185071,162294
0.00220767,-0.00376373,162621
-0.000517316,0.000881944,162622
0.0212938,-0.0363026,162669
-0.0034864,0.00594378,162670
-0.00383361,0.00653572,162677
0.000732157,-0.00124822,162678
-0.00383784,0.00654293,162733
0.000628384,-0.0010713,162734
0.000808748,-0.00137879,162741
-0.000156666,0.000267092,162742
6.06116e-05,-0.000103333,163134
-0.00388216,0.00661849,163181
0.000635698,-0.00108377,163182
0.000699071,-0.00119181,163189
-0.000133703,0.000227943,163190
0.000818124,-0.00139478,163245
-0.000134113,0.000228641,163246
-0.000174943,0.000298251,163253
3.41727e-05,-5.82591e-05,163254
0.0592932,-0.101086,187245
-0.0261777,0.0446289,187246
0.00552411,-0.00941776,187254
0.00471989,-0.00804669,187310
-0.00118406,0.00201863,187318
0.00333724,-0.00568948,187758
-0.000998468,0.00170223,187766
-0.000998188,0.00170176,187822
0.000257724,-0.000439379,187830
-0.000492383,0.000839438,191406
0.000217272,-0.000370416,191414
0.00015169,-0.000258609,191862
-6.19492e-05,0.000105614,191926
1.15004e-05,-1.96064e-05,224694
